bin,normalized_position,layer,subspace_rank,group,n_examples,mean_proj,std_proj
0,0.05,0,0,complied,30735,0.013986,0.026617
0,0.05,0,0,refused,27821,0.016832,0.027133
0,0.05,0,1,complied,30735,0.035815,0.05189
0,0.05,0,1,refused,27821,0.042941,0.053893
0,0.05,0,2,complied,30735,0.017776,0.033261
0,0.05,0,2,refused,27821,0.021629,0.033622
0,0.05,0,3,complied,30735,-0.027124,0.063294
0,0.05,0,3,refused,27821,-0.033642,0.068238
0,0.05,0,4,complied,30735,0.00219,0.029022
0,0.05,0,4,refused,27821,0.001162,0.029345
0,0.05,1,0,complied,30735,0.63283,0.201023
0,0.05,1,0,refused,27821,0.643744,0.193653
0,0.05,1,1,complied,30735,0.636331,0.292322
0,0.05,1,1,refused,27821,0.668213,0.287492
0,0.05,1,2,complied,30735,0.028615,0.234462
0,0.05,1,2,refused,27821,0.052363,0.231073
0,0.05,1,3,complied,30735,-2.18903,0.446828
0,0.05,1,3,refused,27821,-2.235641,0.421205
0,0.05,1,4,complied,30735,-0.492534,0.151623
0,0.05,1,4,refused,27821,-0.508694,0.141345
0,0.05,2,0,complied,30735,0.982671,0.306224
0,0.05,2,0,refused,27821,0.97035,0.286747
0,0.05,2,1,complied,30735,0.815572,0.395141
0,0.05,2,1,refused,27821,0.844748,0.374593
0,0.05,2,2,complied,30735,-0.02545,0.307369
0,0.05,2,2,refused,27821,-0.008145,0.291216
0,0.05,2,3,complied,30735,-3.223303,0.761973
0,0.05,2,3,refused,27821,-3.291763,0.716117
0,0.05,2,4,complied,30735,-0.799902,0.247695
0,0.05,2,4,refused,27821,-0.817543,0.227009
0,0.05,3,0,complied,30735,1.203022,0.364572
0,0.05,3,0,refused,27821,1.194288,0.345025
0,0.05,3,1,complied,30735,0.919906,0.457787
0,0.05,3,1,refused,27821,0.949543,0.432137
0,0.05,3,2,complied,30735,0.013508,0.354717
0,0.05,3,2,refused,27821,0.034809,0.333949
0,0.05,3,3,complied,30735,-3.802631,0.895834
0,0.05,3,3,refused,27821,-3.877322,0.829768
0,0.05,3,4,complied,30735,-0.965494,0.308305
0,0.05,3,4,refused,27821,-0.98493,0.27534
0,0.05,4,0,complied,30735,1.388617,0.399096
0,0.05,4,0,refused,27821,1.370411,0.371287
0,0.05,4,1,complied,30735,1.057918,0.492034
0,0.05,4,1,refused,27821,1.087875,0.459515
0,0.05,4,2,complied,30735,0.078825,0.393733
0,0.05,4,2,refused,27821,0.096139,0.364054
0,0.05,4,3,complied,30735,-4.294788,0.941448
0,0.05,4,3,refused,27821,-4.37542,0.863742
0,0.05,4,4,complied,30735,-1.143964,0.357692
0,0.05,4,4,refused,27821,-1.164807,0.323173
0,0.05,5,0,complied,30735,1.674609,0.470571
0,0.05,5,0,refused,27821,1.689181,0.444796
0,0.05,5,1,complied,30735,1.429554,0.530012
0,0.05,5,1,refused,27821,1.459106,0.496564
0,0.05,5,2,complied,30735,0.277032,0.420017
0,0.05,5,2,refused,27821,0.292436,0.384114
0,0.05,5,3,complied,30735,-5.591911,0.975894
0,0.05,5,3,refused,27821,-5.674533,0.898683
0,0.05,5,4,complied,30735,-1.533362,0.428307
0,0.05,5,4,refused,27821,-1.551247,0.388186
0,0.05,6,0,complied,30735,1.805252,0.598933
0,0.05,6,0,refused,27821,1.856384,0.572614
0,0.05,6,1,complied,30735,1.651482,0.595236
0,0.05,6,1,refused,27821,1.688084,0.550948
0,0.05,6,2,complied,30735,0.459819,0.476077
0,0.05,6,2,refused,27821,0.444107,0.42459
0,0.05,6,3,complied,30735,-6.412406,1.007951
0,0.05,6,3,refused,27821,-6.473312,0.920577
0,0.05,6,4,complied,30735,-1.792987,0.503022
0,0.05,6,4,refused,27821,-1.805735,0.45508
0,0.05,7,0,complied,30735,2.117591,0.749349
0,0.05,7,0,refused,27821,2.215698,0.69695
0,0.05,7,1,complied,30735,2.152338,0.615139
0,0.05,7,1,refused,27821,2.164415,0.565792
0,0.05,7,2,complied,30735,0.776354,0.511007
0,0.05,7,2,refused,27821,0.718831,0.455885
0,0.05,7,3,complied,30735,-7.355509,0.912249
0,0.05,7,3,refused,27821,-7.384982,0.83728
0,0.05,7,4,complied,30735,-2.062743,0.554271
0,0.05,7,4,refused,27821,-2.066858,0.50918
0,0.05,8,0,complied,30735,2.579282,0.813562
0,0.05,8,0,refused,27821,2.732393,0.75476
0,0.05,8,1,complied,30735,2.80264,0.641929
0,0.05,8,1,refused,27821,2.83447,0.590231
0,0.05,8,2,complied,30735,1.404814,0.561741
0,0.05,8,2,refused,27821,1.345507,0.488013
0,0.05,8,3,complied,30735,-8.662198,0.86984
0,0.05,8,3,refused,27821,-8.697883,0.801193
0,0.05,8,4,complied,30735,-2.217015,0.559165
0,0.05,8,4,refused,27821,-2.241026,0.504353
0,0.05,9,0,complied,30735,2.906719,0.989247
0,0.05,9,0,refused,27821,3.134515,0.907152
0,0.05,9,1,complied,30735,3.43858,0.685456
0,0.05,9,1,refused,27821,3.46178,0.632109
0,0.05,9,2,complied,30735,2.054788,0.618057
0,0.05,9,2,refused,27821,1.907629,0.541652
0,0.05,9,3,complied,30735,-9.846266,0.987848
0,0.05,9,3,refused,27821,-9.86998,0.936446
0,0.05,9,4,complied,30735,-2.320156,0.649388
0,0.05,9,4,refused,27821,-2.345134,0.597572
0,0.05,10,0,complied,30735,3.269361,1.044079
0,0.05,10,0,refused,27821,3.410267,1.005844
0,0.05,10,1,complied,30735,4.104399,0.78532
0,0.05,10,1,refused,27821,4.069753,0.732133
0,0.05,10,2,complied,30735,2.718268,0.70691
0,0.05,10,2,refused,27821,2.625743,0.59825
0,0.05,10,3,complied,30735,-11.118176,1.17744
0,0.05,10,3,refused,27821,-11.070674,1.141233
0,0.05,10,4,complied,30735,-2.598368,0.690403
0,0.05,10,4,refused,27821,-2.582177,0.652111
0,0.05,11,0,complied,30735,3.503845,1.123299
0,0.05,11,0,refused,27821,3.632879,1.086414
0,0.05,11,1,complied,30735,4.45016,0.863795
0,0.05,11,1,refused,27821,4.399523,0.809362
0,0.05,11,2,complied,30735,3.09516,0.771906
0,0.05,11,2,refused,27821,3.026141,0.675642
0,0.05,11,3,complied,30735,-11.891145,1.23488
0,0.05,11,3,refused,27821,-11.808402,1.203976
0,0.05,11,4,complied,30735,-2.771504,0.751464
0,0.05,11,4,refused,27821,-2.750891,0.72507
0,0.05,12,0,complied,30735,3.422936,1.242049
0,0.05,12,0,refused,27821,3.601736,1.189353
0,0.05,12,1,complied,30735,4.360584,0.961295
0,0.05,12,1,refused,27821,4.351815,0.899581
0,0.05,12,2,complied,30735,3.22711,0.84318
0,0.05,12,2,refused,27821,3.166673,0.754262
0,0.05,12,3,complied,30735,-11.732133,1.243539
0,0.05,12,3,refused,27821,-11.722771,1.218893
0,0.05,12,4,complied,30735,-2.681502,0.797483
0,0.05,12,4,refused,27821,-2.662513,0.770295
0,0.05,13,0,complied,30735,3.587004,1.319921
0,0.05,13,0,refused,27821,3.809528,1.306512
0,0.05,13,1,complied,30735,4.571983,1.052212
0,0.05,13,1,refused,27821,4.527375,0.987445
0,0.05,13,2,complied,30735,3.397644,0.917877
0,0.05,13,2,refused,27821,3.33293,0.830829
0,0.05,13,3,complied,30735,-11.776366,1.276312
0,0.05,13,3,refused,27821,-11.704024,1.259728
0,0.05,13,4,complied,30735,-2.691344,0.91615
0,0.05,13,4,refused,27821,-2.723287,0.862011
0,0.05,14,0,complied,30735,3.639153,1.418381
0,0.05,14,0,refused,27821,3.954985,1.397369
0,0.05,14,1,complied,30735,4.585376,1.078366
0,0.05,14,1,refused,27821,4.579875,1.017505
0,0.05,14,2,complied,30735,3.634179,0.908638
0,0.05,14,2,refused,27821,3.515079,0.804949
0,0.05,14,3,complied,30735,-11.951416,1.385843
0,0.05,14,3,refused,27821,-11.835385,1.365985
0,0.05,14,4,complied,30735,-2.895745,0.927601
0,0.05,14,4,refused,27821,-2.910114,0.880347
0,0.05,15,0,complied,30735,3.782488,1.634522
0,0.05,15,0,refused,27821,4.181655,1.577045
0,0.05,15,1,complied,30735,4.699537,1.135337
0,0.05,15,1,refused,27821,4.724907,1.060258
0,0.05,15,2,complied,30735,3.830096,0.888603
0,0.05,15,2,refused,27821,3.763312,0.813264
0,0.05,15,3,complied,30735,-11.838562,1.726489
0,0.05,15,3,refused,27821,-11.882961,1.637407
0,0.05,15,4,complied,30735,-3.028343,1.018236
0,0.05,15,4,refused,27821,-3.084278,0.96394
0,0.05,16,0,complied,30735,3.949332,1.619021
0,0.05,16,0,refused,27821,4.258099,1.610602
0,0.05,16,1,complied,30735,5.065982,1.212747
0,0.05,16,1,refused,27821,5.03485,1.111712
0,0.05,16,2,complied,30735,4.139433,0.933391
0,0.05,16,2,refused,27821,3.998694,0.863714
0,0.05,16,3,complied,30735,-12.377508,1.796801
0,0.05,16,3,refused,27821,-12.318423,1.635457
0,0.05,16,4,complied,30735,-3.124079,1.067517
0,0.05,16,4,refused,27821,-3.18505,1.022332
0,0.05,17,0,complied,30735,4.142868,1.734831
0,0.05,17,0,refused,27821,4.569876,1.714009
0,0.05,17,1,complied,30735,5.343184,1.264804
0,0.05,17,1,refused,27821,5.271814,1.171975
0,0.05,17,2,complied,30735,4.670279,1.132564
0,0.05,17,2,refused,27821,4.541538,1.030026
0,0.05,17,3,complied,30735,-13.363781,1.838634
0,0.05,17,3,refused,27821,-13.370959,1.6943
0,0.05,17,4,complied,30735,-3.159232,1.105843
0,0.05,17,4,refused,27821,-3.270389,1.049993
0,0.05,18,0,complied,30735,4.876549,2.023146
0,0.05,18,0,refused,27821,5.402102,2.017357
0,0.05,18,1,complied,30735,6.014773,1.374919
0,0.05,18,1,refused,27821,5.849166,1.287153
0,0.05,18,2,complied,30735,4.914936,1.262845
0,0.05,18,2,refused,27821,4.73127,1.141197
0,0.05,18,3,complied,30735,-14.438814,2.05982
0,0.05,18,3,refused,27821,-14.476518,1.902353
0,0.05,18,4,complied,30735,-3.316658,1.176018
0,0.05,18,4,refused,27821,-3.40471,1.100494
0,0.05,19,0,complied,30735,5.004507,2.171546
0,0.05,19,0,refused,27821,5.47646,2.19122
0,0.05,19,1,complied,30735,6.44946,1.476995
0,0.05,19,1,refused,27821,6.31362,1.379277
0,0.05,19,2,complied,30735,5.581026,1.458216
0,0.05,19,2,refused,27821,5.419051,1.320518
0,0.05,19,3,complied,30735,-15.10038,2.262321
0,0.05,19,3,refused,27821,-15.049438,2.181641
0,0.05,19,4,complied,30735,-3.447037,1.282811
0,0.05,19,4,refused,27821,-3.572577,1.227259
0,0.05,20,0,complied,30735,5.194425,2.387869
0,0.05,20,0,refused,27821,5.692947,2.434747
0,0.05,20,1,complied,30735,6.882226,1.59881
0,0.05,20,1,refused,27821,6.764329,1.520008
0,0.05,20,2,complied,30735,6.211062,1.59401
0,0.05,20,2,refused,27821,6.020134,1.463902
0,0.05,20,3,complied,30735,-15.7085,2.670513
0,0.05,20,3,refused,27821,-15.646147,2.576644
0,0.05,20,4,complied,30735,-3.554772,1.376538
0,0.05,20,4,refused,27821,-3.611307,1.341691
0,0.05,21,0,complied,30735,4.841168,2.833793
0,0.05,21,0,refused,27821,5.402333,2.805571
0,0.05,21,1,complied,30735,6.741213,1.750012
0,0.05,21,1,refused,27821,6.604792,1.672779
0,0.05,21,2,complied,30735,6.207051,1.824271
0,0.05,21,2,refused,27821,6.036204,1.743405
0,0.05,21,3,complied,30735,-15.305314,3.546288
0,0.05,21,3,refused,27821,-15.236511,3.34045
0,0.05,21,4,complied,30735,-3.520668,1.715819
0,0.05,21,4,refused,27821,-3.59021,1.637481
0,0.05,22,0,complied,30735,5.844903,3.332908
0,0.05,22,0,refused,27821,6.592434,3.291119
0,0.05,22,1,complied,30735,8.239916,2.218195
0,0.05,22,1,refused,27821,7.952117,2.079285
0,0.05,22,2,complied,30735,7.72185,2.282384
0,0.05,22,2,refused,27821,7.535613,2.090337
0,0.05,22,3,complied,30735,-19.080777,3.812982
0,0.05,22,3,refused,27821,-18.70133,3.638427
0,0.05,22,4,complied,30735,-4.529088,2.031774
0,0.05,22,4,refused,27821,-4.554712,1.962591
0,0.05,23,0,complied,30735,6.720441,3.66977
0,0.05,23,0,refused,27821,7.59532,3.684698
0,0.05,23,1,complied,30735,9.470933,2.474468
0,0.05,23,1,refused,27821,9.168849,2.352969
0,0.05,23,2,complied,30735,9.384457,2.719704
0,0.05,23,2,refused,27821,9.122532,2.519792
0,0.05,23,3,complied,30735,-22.152333,4.001064
0,0.05,23,3,refused,27821,-21.772052,4.018163
0,0.05,23,4,complied,30735,-5.62004,2.129907
0,0.05,23,4,refused,27821,-5.652775,2.101206
0,0.05,24,0,complied,30735,6.612279,4.383538
0,0.05,24,0,refused,27821,7.565437,4.365447
0,0.05,24,1,complied,30735,8.627437,2.69397
0,0.05,24,1,refused,27821,8.343425,2.600344
0,0.05,24,2,complied,30735,9.142628,2.775348
0,0.05,24,2,refused,27821,8.923379,2.669852
0,0.05,24,3,complied,30735,-20.071421,6.041181
0,0.05,24,3,refused,27821,-19.655888,5.8784
0,0.05,24,4,complied,30735,-5.506231,2.741747
0,0.05,24,4,refused,27821,-5.581613,2.665114
0,0.05,25,0,complied,30735,8.324871,4.770171
0,0.05,25,0,refused,27821,9.558371,4.818232
0,0.05,25,1,complied,30735,11.723374,3.334297
0,0.05,25,1,refused,27821,11.372107,3.144788
0,0.05,25,2,complied,30735,11.523296,3.388475
0,0.05,25,2,refused,27821,11.380123,3.212568
0,0.05,25,3,complied,30735,-26.117175,5.362792
0,0.05,25,3,refused,27821,-25.692691,5.18175
0,0.05,25,4,complied,30735,-7.304679,2.831369
0,0.05,25,4,refused,27821,-7.308882,2.799235
0,0.05,26,0,complied,30735,9.411024,5.395942
0,0.05,26,0,refused,27821,10.697455,5.44213
0,0.05,26,1,complied,30735,12.762504,3.699468
0,0.05,26,1,refused,27821,12.433532,3.571067
0,0.05,26,2,complied,30735,13.302542,3.656055
0,0.05,26,2,refused,27821,13.00936,3.37632
0,0.05,26,3,complied,30735,-28.822583,6.918892
0,0.05,26,3,refused,27821,-28.365055,6.896172
0,0.05,26,4,complied,30735,-8.640062,3.371529
0,0.05,26,4,refused,27821,-8.484019,3.469367
0,0.05,27,0,complied,30735,10.571305,6.211444
0,0.05,27,0,refused,27821,12.167418,6.175707
0,0.05,27,1,complied,30735,15.060895,4.700024
0,0.05,27,1,refused,27821,14.794265,4.488103
0,0.05,27,2,complied,30735,15.879549,4.446442
0,0.05,27,2,refused,27821,15.386501,4.1237
0,0.05,27,3,complied,30735,-34.637917,8.315515
0,0.05,27,3,refused,27821,-34.254647,8.240835
0,0.05,27,4,complied,30735,-10.359486,4.385442
0,0.05,27,4,refused,27821,-10.180369,4.499066
0,0.05,28,0,complied,30735,12.2065,7.392487
0,0.05,28,0,refused,27821,13.872874,7.419347
0,0.05,28,1,complied,30735,16.977755,5.382737
0,0.05,28,1,refused,27821,16.675719,5.175143
0,0.05,28,2,complied,30735,17.94731,4.590367
0,0.05,28,2,refused,27821,17.447732,4.349089
0,0.05,28,3,complied,30735,-38.404142,10.690399
0,0.05,28,3,refused,27821,-38.070107,10.685881
0,0.05,28,4,complied,30735,-11.488797,5.767715
0,0.05,28,4,refused,27821,-11.284108,5.84541
0,0.05,29,0,complied,30735,13.638821,8.42061
0,0.05,29,0,refused,27821,15.640618,8.481813
0,0.05,29,1,complied,30735,20.095476,6.503928
0,0.05,29,1,refused,27821,19.82449,6.263041
0,0.05,29,2,complied,30735,20.526912,5.46098
0,0.05,29,2,refused,27821,20.073907,5.336667
0,0.05,29,3,complied,30735,-45.282785,12.418351
0,0.05,29,3,refused,27821,-44.467355,12.708766
0,0.05,29,4,complied,30735,-13.678731,6.371691
0,0.05,29,4,refused,27821,-13.702535,6.471097
0,0.05,30,0,complied,30735,16.545242,9.493233
0,0.05,30,0,refused,27821,18.945884,9.428344
0,0.05,30,1,complied,30735,24.287396,8.06511
0,0.05,30,1,refused,27821,24.207009,7.631206
0,0.05,30,2,complied,30735,24.395496,6.603787
0,0.05,30,2,refused,27821,24.169247,6.39695
0,0.05,30,3,complied,30735,-53.725183,13.843866
0,0.05,30,3,refused,27821,-53.467186,13.894749
0,0.05,30,4,complied,30735,-16.683335,7.365357
0,0.05,30,4,refused,27821,-17.049335,7.416685
0,0.05,31,0,complied,30735,19.039204,10.556519
0,0.05,31,0,refused,27821,22.000278,10.458786
0,0.05,31,1,complied,30735,29.860992,9.442171
0,0.05,31,1,refused,27821,29.447457,8.93824
0,0.05,31,2,complied,30735,28.826698,7.789806
0,0.05,31,2,refused,27821,28.512983,7.559141
0,0.05,31,3,complied,30735,-64.52332,16.025947
0,0.05,31,3,refused,27821,-64.146152,16.227571
0,0.05,31,4,complied,30735,-19.124092,8.200702
0,0.05,31,4,refused,27821,-19.691635,8.060023
0,0.05,32,0,complied,30735,24.559262,11.694569
0,0.05,32,0,refused,27821,27.733201,11.755274
0,0.05,32,1,complied,30735,35.620723,10.685936
0,0.05,32,1,refused,27821,34.679062,10.139936
0,0.05,32,2,complied,30735,33.608332,8.596534
0,0.05,32,2,refused,27821,33.042525,8.274331
0,0.05,32,3,complied,30735,-77.062237,18.475535
0,0.05,32,3,refused,27821,-75.818953,19.110517
0,0.05,32,4,complied,30735,-23.640664,9.144932
0,0.05,32,4,refused,27821,-24.255297,8.831792
0,0.05,33,0,complied,30735,28.77264,12.77404
0,0.05,33,0,refused,27821,32.214233,12.900701
0,0.05,33,1,complied,30735,44.128536,11.953281
0,0.05,33,1,refused,27821,42.699414,11.321811
0,0.05,33,2,complied,30735,41.037407,9.528483
0,0.05,33,2,refused,27821,40.176392,9.099215
0,0.05,33,3,complied,30735,-94.120733,20.559873
0,0.05,33,3,refused,27821,-92.088317,21.984589
0,0.05,33,4,complied,30735,-27.54852,9.841443
0,0.05,33,4,refused,27821,-27.939003,10.008705
0,0.05,34,0,complied,30735,32.245415,13.506439
0,0.05,34,0,refused,27821,35.868275,13.631455
0,0.05,34,1,complied,30735,51.494768,12.962413
0,0.05,34,1,refused,27821,49.819697,12.38561
0,0.05,34,2,complied,30735,47.66529,10.251396
0,0.05,34,2,refused,27821,46.227349,9.803383
0,0.05,34,3,complied,30735,-109.443164,23.989144
0,0.05,34,3,refused,27821,-106.679596,26.201796
0,0.05,34,4,complied,30735,-30.58125,10.844129
0,0.05,34,4,refused,27821,-30.687758,11.265444
0,0.05,35,0,complied,30735,35.950831,13.80725
0,0.05,35,0,refused,27821,39.665904,13.89198
0,0.05,35,1,complied,30735,59.707859,13.86145
0,0.05,35,1,refused,27821,57.768332,13.119486
0,0.05,35,2,complied,30735,54.315639,11.173954
0,0.05,35,2,refused,27821,52.812237,10.943819
0,0.05,35,3,complied,30735,-126.214208,26.364748
0,0.05,35,3,refused,27821,-122.985997,28.549404
0,0.05,35,4,complied,30735,-35.56146,10.941583
0,0.05,35,4,refused,27821,-35.838528,11.258096
0,0.05,36,0,complied,30735,40.882857,14.399786
0,0.05,36,0,refused,27821,44.724316,14.800326
0,0.05,36,1,complied,30735,70.640885,15.99293
0,0.05,36,1,refused,27821,67.958216,15.098063
0,0.05,36,2,complied,30735,63.054802,12.377349
0,0.05,36,2,refused,27821,61.322337,12.085068
0,0.05,36,3,complied,30735,-154.630312,31.764222
0,0.05,36,3,refused,27821,-149.602095,34.339778
0,0.05,36,4,complied,30735,-42.438211,12.044983
0,0.05,36,4,refused,27821,-42.616212,12.434602
0,0.05,37,0,complied,30735,45.29155,14.609192
0,0.05,37,0,refused,27821,48.905306,14.993652
0,0.05,37,1,complied,30735,82.900639,18.452108
0,0.05,37,1,refused,27821,79.550653,17.734022
0,0.05,37,2,complied,30735,71.487719,13.628938
0,0.05,37,2,refused,27821,69.448795,13.339059
0,0.05,37,3,complied,30735,-179.247326,36.654332
0,0.05,37,3,refused,27821,-172.21154,40.475717
0,0.05,37,4,complied,30735,-49.580075,13.345768
0,0.05,37,4,refused,27821,-48.758538,14.286959
0,0.05,38,0,complied,30735,58.651345,17.190035
0,0.05,38,0,refused,27821,61.952248,17.815534
0,0.05,38,1,complied,30735,103.921529,21.8839
0,0.05,38,1,refused,27821,99.820719,21.282383
0,0.05,38,2,complied,30735,86.639452,16.119258
0,0.05,38,2,refused,27821,84.198338,15.569786
0,0.05,38,3,complied,30735,-224.730164,46.704823
0,0.05,38,3,refused,27821,-215.658192,50.95168
0,0.05,38,4,complied,30735,-58.472271,14.346023
0,0.05,38,4,refused,27821,-57.295409,15.205226
0,0.05,39,0,complied,30735,78.590883,23.972186
0,0.05,39,0,refused,27821,80.756535,25.466176
0,0.05,39,1,complied,30735,146.813319,30.510007
0,0.05,39,1,refused,27821,140.772085,30.891656
0,0.05,39,2,complied,30735,117.135562,23.370854
0,0.05,39,2,refused,27821,113.837843,23.051882
0,0.05,39,3,complied,30735,-310.954845,65.344143
0,0.05,39,3,refused,27821,-300.032583,69.410816
0,0.05,39,4,complied,30735,-74.648181,18.507371
0,0.05,39,4,refused,27821,-72.706536,20.063014
1,0.15,0,0,complied,30634,0.012672,0.026273
1,0.15,0,0,refused,27730,0.015125,0.026762
1,0.15,0,1,complied,30634,0.033475,0.049037
1,0.15,0,1,refused,27730,0.040566,0.051283
1,0.15,0,2,complied,30634,0.014983,0.032233
1,0.15,0,2,refused,27730,0.019331,0.032459
1,0.15,0,3,complied,30634,-0.023571,0.057519
1,0.15,0,3,refused,27730,-0.030607,0.063311
1,0.15,0,4,complied,30634,0.002204,0.028393
1,0.15,0,4,refused,27730,0.000937,0.029117
1,0.15,1,0,complied,30634,0.629728,0.199426
1,0.15,1,0,refused,27730,0.651306,0.189589
1,0.15,1,1,complied,30634,0.639153,0.274994
1,0.15,1,1,refused,27730,0.675854,0.266637
1,0.15,1,2,complied,30634,0.021649,0.224986
1,0.15,1,2,refused,27730,0.048311,0.21761
1,0.15,1,3,complied,30634,-2.171517,0.433396
1,0.15,1,3,refused,27730,-2.220931,0.397949
1,0.15,1,4,complied,30634,-0.485901,0.151202
1,0.15,1,4,refused,27730,-0.502351,0.141416
1,0.15,2,0,complied,30634,0.993709,0.298472
1,0.15,2,0,refused,27730,0.995288,0.278569
1,0.15,2,1,complied,30634,0.836982,0.371041
1,0.15,2,1,refused,27730,0.874226,0.350083
1,0.15,2,2,complied,30634,-0.02538,0.296235
1,0.15,2,2,refused,27730,-0.003403,0.278565
1,0.15,2,3,complied,30634,-3.185709,0.73621
1,0.15,2,3,refused,27730,-3.262657,0.683134
1,0.15,2,4,complied,30634,-0.78179,0.239395
1,0.15,2,4,refused,27730,-0.80172,0.221726
1,0.15,3,0,complied,30634,1.158429,0.349959
1,0.15,3,0,refused,27730,1.169657,0.328869
1,0.15,3,1,complied,30634,0.943408,0.427457
1,0.15,3,1,refused,27730,0.982634,0.401439
1,0.15,3,2,complied,30634,0.000549,0.343999
1,0.15,3,2,refused,27730,0.034607,0.327338
1,0.15,3,3,complied,30634,-3.756535,0.864957
1,0.15,3,3,refused,27730,-3.845213,0.799181
1,0.15,3,4,complied,30634,-0.934525,0.296234
1,0.15,3,4,refused,27730,-0.952647,0.264973
1,0.15,4,0,complied,30634,1.354237,0.391179
1,0.15,4,0,refused,27730,1.372059,0.368893
1,0.15,4,1,complied,30634,1.095306,0.461821
1,0.15,4,1,refused,27730,1.138446,0.430005
1,0.15,4,2,complied,30634,0.085257,0.381557
1,0.15,4,2,refused,27730,0.1125,0.361341
1,0.15,4,3,complied,30634,-4.25744,0.918304
1,0.15,4,3,refused,27730,-4.351816,0.838857
1,0.15,4,4,complied,30634,-1.092846,0.336358
1,0.15,4,4,refused,27730,-1.105113,0.303174
1,0.15,5,0,complied,30634,1.627953,0.453965
1,0.15,5,0,refused,27730,1.687815,0.442398
1,0.15,5,1,complied,30634,1.466671,0.495596
1,0.15,5,1,refused,27730,1.500647,0.459528
1,0.15,5,2,complied,30634,0.295272,0.408085
1,0.15,5,2,refused,27730,0.309503,0.382639
1,0.15,5,3,complied,30634,-5.546791,0.943983
1,0.15,5,3,refused,27730,-5.639548,0.872462
1,0.15,5,4,complied,30634,-1.469908,0.389485
1,0.15,5,4,refused,27730,-1.480415,0.355403
1,0.15,6,0,complied,30634,1.699941,0.563523
1,0.15,6,0,refused,27730,1.808638,0.554614
1,0.15,6,1,complied,30634,1.681508,0.559532
1,0.15,6,1,refused,27730,1.7169,0.517557
1,0.15,6,2,complied,30634,0.517207,0.479998
1,0.15,6,2,refused,27730,0.484099,0.444204
1,0.15,6,3,complied,30634,-6.288542,0.962046
1,0.15,6,3,refused,27730,-6.359601,0.882808
1,0.15,6,4,complied,30634,-1.710339,0.446679
1,0.15,6,4,refused,27730,-1.708801,0.405916
1,0.15,7,0,complied,30634,2.001355,0.688684
1,0.15,7,0,refused,27730,2.169248,0.66218
1,0.15,7,1,complied,30634,2.205731,0.57647
1,0.15,7,1,refused,27730,2.219642,0.531794
1,0.15,7,2,complied,30634,0.859106,0.529131
1,0.15,7,2,refused,27730,0.774262,0.486305
1,0.15,7,3,complied,30634,-7.221883,0.829656
1,0.15,7,3,refused,27730,-7.265804,0.755091
1,0.15,7,4,complied,30634,-1.988963,0.488923
1,0.15,7,4,refused,27730,-1.980843,0.452627
1,0.15,8,0,complied,30634,2.446869,0.740619
1,0.15,8,0,refused,27730,2.651279,0.715717
1,0.15,8,1,complied,30634,2.868666,0.595722
1,0.15,8,1,refused,27730,2.88103,0.546568
1,0.15,8,2,complied,30634,1.515088,0.573686
1,0.15,8,2,refused,27730,1.420641,0.515534
1,0.15,8,3,complied,30634,-8.533798,0.80411
1,0.15,8,3,refused,27730,-8.545046,0.719051
1,0.15,8,4,complied,30634,-2.180449,0.485517
1,0.15,8,4,refused,27730,-2.176675,0.442184
1,0.15,9,0,complied,30634,2.685318,0.89766
1,0.15,9,0,refused,27730,2.986204,0.867749
1,0.15,9,1,complied,30634,3.440138,0.638477
1,0.15,9,1,refused,27730,3.439431,0.582378
1,0.15,9,2,complied,30634,2.178317,0.621748
1,0.15,9,2,refused,27730,2.011856,0.560871
1,0.15,9,3,complied,30634,-9.647281,0.881231
1,0.15,9,3,refused,27730,-9.630717,0.798359
1,0.15,9,4,complied,30634,-2.249846,0.533883
1,0.15,9,4,refused,27730,-2.239457,0.496913
1,0.15,10,0,complied,30634,3.090828,0.937791
1,0.15,10,0,refused,27730,3.300025,0.920144
1,0.15,10,1,complied,30634,4.145079,0.715615
1,0.15,10,1,refused,27730,4.094193,0.654306
1,0.15,10,2,complied,30634,2.882023,0.676415
1,0.15,10,2,refused,27730,2.776091,0.591154
1,0.15,10,3,complied,30634,-10.859909,1.073256
1,0.15,10,3,refused,27730,-10.768702,0.969604
1,0.15,10,4,complied,30634,-2.477151,0.567759
1,0.15,10,4,refused,27730,-2.43791,0.54007
1,0.15,11,0,complied,30634,3.333559,1.003476
1,0.15,11,0,refused,27730,3.533068,0.986477
1,0.15,11,1,complied,30634,4.516264,0.769202
1,0.15,11,1,refused,27730,4.455844,0.710715
1,0.15,11,2,complied,30634,3.27234,0.728988
1,0.15,11,2,refused,27730,3.180063,0.655464
1,0.15,11,3,complied,30634,-11.615366,1.101684
1,0.15,11,3,refused,27730,-11.503313,1.004015
1,0.15,11,4,complied,30634,-2.626556,0.597852
1,0.15,11,4,refused,27730,-2.588276,0.586153
1,0.15,12,0,complied,30634,3.203205,1.067325
1,0.15,12,0,refused,27730,3.461899,1.060839
1,0.15,12,1,complied,30634,4.4573,0.857826
1,0.15,12,1,refused,27730,4.453878,0.794915
1,0.15,12,2,complied,30634,3.440217,0.785647
1,0.15,12,2,refused,27730,3.373471,0.714996
1,0.15,12,3,complied,30634,-11.442441,1.070122
1,0.15,12,3,refused,27730,-11.409001,0.983428
1,0.15,12,4,complied,30634,-2.53045,0.63869
1,0.15,12,4,refused,27730,-2.479227,0.621582
1,0.15,13,0,complied,30634,3.277263,1.091236
1,0.15,13,0,refused,27730,3.53697,1.127961
1,0.15,13,1,complied,30634,4.633232,0.972508
1,0.15,13,1,refused,27730,4.568318,0.892214
1,0.15,13,2,complied,30634,3.665689,0.842472
1,0.15,13,2,refused,27730,3.616384,0.767571
1,0.15,13,3,complied,30634,-11.430318,1.106583
1,0.15,13,3,refused,27730,-11.311394,1.037884
1,0.15,13,4,complied,30634,-2.571852,0.71519
1,0.15,13,4,refused,27730,-2.523263,0.692977
1,0.15,14,0,complied,30634,3.303447,1.149711
1,0.15,14,0,refused,27730,3.639727,1.180091
1,0.15,14,1,complied,30634,4.612104,0.969293
1,0.15,14,1,refused,27730,4.583919,0.915429
1,0.15,14,2,complied,30634,3.876097,0.83135
1,0.15,14,2,refused,27730,3.811809,0.75743
1,0.15,14,3,complied,30634,-11.546011,1.122392
1,0.15,14,3,refused,27730,-11.390227,1.024808
1,0.15,14,4,complied,30634,-2.742137,0.696901
1,0.15,14,4,refused,27730,-2.726776,0.688819
1,0.15,15,0,complied,30634,3.355849,1.288471
1,0.15,15,0,refused,27730,3.756546,1.285534
1,0.15,15,1,complied,30634,4.756597,1.021716
1,0.15,15,1,refused,27730,4.746054,0.975699
1,0.15,15,2,complied,30634,4.035141,0.799567
1,0.15,15,2,refused,27730,3.990001,0.745159
1,0.15,15,3,complied,30634,-11.307205,1.39758
1,0.15,15,3,refused,27730,-11.291013,1.246537
1,0.15,15,4,complied,30634,-2.826857,0.806568
1,0.15,15,4,refused,27730,-2.873179,0.795505
1,0.15,16,0,complied,30634,3.488724,1.256246
1,0.15,16,0,refused,27730,3.818697,1.299774
1,0.15,16,1,complied,30634,4.998454,1.104263
1,0.15,16,1,refused,27730,4.973035,1.027851
1,0.15,16,2,complied,30634,4.400491,0.845565
1,0.15,16,2,refused,27730,4.313119,0.815918
1,0.15,16,3,complied,30634,-11.93009,1.503089
1,0.15,16,3,refused,27730,-11.874156,1.323427
1,0.15,16,4,complied,30634,-2.936141,0.871364
1,0.15,16,4,refused,27730,-3.007564,0.876808
1,0.15,17,0,complied,30634,3.597878,1.379879
1,0.15,17,0,refused,27730,4.0868,1.431791
1,0.15,17,1,complied,30634,5.358199,1.158767
1,0.15,17,1,refused,27730,5.300948,1.09056
1,0.15,17,2,complied,30634,4.910873,0.993097
1,0.15,17,2,refused,27730,4.837487,0.931791
1,0.15,17,3,complied,30634,-12.847315,1.453342
1,0.15,17,3,refused,27730,-12.834489,1.328885
1,0.15,17,4,complied,30634,-3.096914,0.962006
1,0.15,17,4,refused,27730,-3.19369,0.97336
1,0.15,18,0,complied,30634,4.019441,1.593431
1,0.15,18,0,refused,27730,4.620094,1.683177
1,0.15,18,1,complied,30634,6.11029,1.251812
1,0.15,18,1,refused,27730,5.942143,1.204922
1,0.15,18,2,complied,30634,5.21204,1.09183
1,0.15,18,2,refused,27730,5.060012,1.046118
1,0.15,18,3,complied,30634,-13.98361,1.718832
1,0.15,18,3,refused,27730,-14.097655,1.613393
1,0.15,18,4,complied,30634,-3.2308,1.06255
1,0.15,18,4,refused,27730,-3.344615,1.052678
1,0.15,19,0,complied,30634,3.972572,1.676954
1,0.15,19,0,refused,27730,4.491151,1.747684
1,0.15,19,1,complied,30634,6.526658,1.337261
1,0.15,19,1,refused,27730,6.355874,1.299178
1,0.15,19,2,complied,30634,5.875579,1.177874
1,0.15,19,2,refused,27730,5.783798,1.125157
1,0.15,19,3,complied,30634,-14.637168,1.874206
1,0.15,19,3,refused,27730,-14.651076,1.851023
1,0.15,19,4,complied,30634,-3.394066,1.146226
1,0.15,19,4,refused,27730,-3.525109,1.145397
1,0.15,20,0,complied,30634,3.974631,1.880627
1,0.15,20,0,refused,27730,4.490345,1.954562
1,0.15,20,1,complied,30634,6.904923,1.448818
1,0.15,20,1,refused,27730,6.766441,1.429584
1,0.15,20,2,complied,30634,6.451248,1.312404
1,0.15,20,2,refused,27730,6.333465,1.267899
1,0.15,20,3,complied,30634,-15.123942,2.340518
1,0.15,20,3,refused,27730,-15.168113,2.277469
1,0.15,20,4,complied,30634,-3.521109,1.234322
1,0.15,20,4,refused,27730,-3.604494,1.221179
1,0.15,21,0,complied,30634,3.331739,2.21394
1,0.15,21,0,refused,27730,3.924135,2.306327
1,0.15,21,1,complied,30634,6.681608,1.633872
1,0.15,21,1,refused,27730,6.540691,1.646051
1,0.15,21,2,complied,30634,6.553178,1.521064
1,0.15,21,2,refused,27730,6.503039,1.48845
1,0.15,21,3,complied,30634,-14.351946,3.165816
1,0.15,21,3,refused,27730,-14.495977,3.108889
1,0.15,21,4,complied,30634,-3.351374,1.538213
1,0.15,21,4,refused,27730,-3.51585,1.512381
1,0.15,22,0,complied,30634,4.211426,2.611351
1,0.15,22,0,refused,27730,4.942796,2.719663
1,0.15,22,1,complied,30634,8.493749,1.91476
1,0.15,22,1,refused,27730,8.108994,1.89629
1,0.15,22,2,complied,30634,8.308815,1.786024
1,0.15,22,2,refused,27730,8.140718,1.755721
1,0.15,22,3,complied,30634,-18.619732,3.273466
1,0.15,22,3,refused,27730,-18.16415,3.285676
1,0.15,22,4,complied,30634,-4.407734,1.786407
1,0.15,22,4,refused,27730,-4.438035,1.796388
1,0.15,23,0,complied,30634,4.873688,2.90643
1,0.15,23,0,refused,27730,5.73946,3.102893
1,0.15,23,1,complied,30634,9.838455,2.074337
1,0.15,23,1,refused,27730,9.43161,2.089939
1,0.15,23,2,complied,30634,10.003122,2.177145
1,0.15,23,2,refused,27730,9.801367,2.108243
1,0.15,23,3,complied,30634,-21.641917,3.456476
1,0.15,23,3,refused,27730,-21.283237,3.536231
1,0.15,23,4,complied,30634,-5.481317,1.896628
1,0.15,23,4,refused,27730,-5.478872,1.932657
1,0.15,24,0,complied,30634,4.446362,3.437213
1,0.15,24,0,refused,27730,5.398219,3.645386
1,0.15,24,1,complied,30634,8.573108,2.407977
1,0.15,24,1,refused,27730,8.335611,2.458751
1,0.15,24,2,complied,30634,9.236145,2.342197
1,0.15,24,2,refused,27730,9.110048,2.354142
1,0.15,24,3,complied,30634,-18.454427,5.208317
1,0.15,24,3,refused,27730,-18.45228,5.185101
1,0.15,24,4,complied,30634,-4.945991,2.281351
1,0.15,24,4,refused,27730,-5.02359,2.286671
1,0.15,25,0,complied,30634,6.212182,3.632136
1,0.15,25,0,refused,27730,7.276189,3.841134
1,0.15,25,1,complied,30634,12.295181,2.80553
1,0.15,25,1,refused,27730,11.706315,2.76247
1,0.15,25,2,complied,30634,12.175735,2.911236
1,0.15,25,2,refused,27730,11.943541,2.771144
1,0.15,25,3,complied,30634,-25.655744,4.622776
1,0.15,25,3,refused,27730,-25.119269,4.630272
1,0.15,25,4,complied,30634,-6.951857,2.348414
1,0.15,25,4,refused,27730,-6.914829,2.373843
1,0.15,26,0,complied,30634,7.038725,4.110645
1,0.15,26,0,refused,27730,8.278284,4.31259
1,0.15,26,1,complied,30634,13.460692,3.01169
1,0.15,26,1,refused,27730,12.898568,3.059026
1,0.15,26,2,complied,30634,14.186404,3.239823
1,0.15,26,2,refused,27730,13.848068,3.079249
1,0.15,26,3,complied,30634,-28.486212,6.397387
1,0.15,26,3,refused,27730,-27.983906,6.384923
1,0.15,26,4,complied,30634,-8.209074,2.848076
1,0.15,26,4,refused,27730,-8.083606,2.913483
1,0.15,27,0,complied,30634,7.967147,4.827873
1,0.15,27,0,refused,27730,9.522236,4.961241
1,0.15,27,1,complied,30634,16.270114,3.802812
1,0.15,27,1,refused,27730,15.638378,3.787334
1,0.15,27,2,complied,30634,17.159948,4.024608
1,0.15,27,2,refused,27730,16.615557,3.840023
1,0.15,27,3,complied,30634,-34.821026,7.788897
1,0.15,27,3,refused,27730,-34.242793,7.86489
1,0.15,27,4,complied,30634,-9.854201,3.517822
1,0.15,27,4,refused,27730,-9.699324,3.642739
1,0.15,28,0,complied,30634,9.3877,5.733941
1,0.15,28,0,refused,27730,11.163759,5.882389
1,0.15,28,1,complied,30634,18.449407,4.405098
1,0.15,28,1,refused,27730,17.926163,4.493471
1,0.15,28,2,complied,30634,19.230706,4.292105
1,0.15,28,2,refused,27730,18.680498,4.181441
1,0.15,28,3,complied,30634,-38.435113,10.433059
1,0.15,28,3,refused,27730,-38.171319,10.464303
1,0.15,28,4,complied,30634,-10.966186,4.810911
1,0.15,28,4,refused,27730,-10.822939,4.973135
1,0.15,29,0,complied,30634,10.87,6.589611
1,0.15,29,0,refused,27730,12.98216,6.789682
1,0.15,29,1,complied,30634,21.897689,5.198875
1,0.15,29,1,refused,27730,21.332629,5.253762
1,0.15,29,2,complied,30634,22.329535,5.330234
1,0.15,29,2,refused,27730,21.778415,5.220218
1,0.15,29,3,complied,30634,-46.08098,11.963278
1,0.15,29,3,refused,27730,-45.051465,12.277102
1,0.15,29,4,complied,30634,-13.372761,5.420829
1,0.15,29,4,refused,27730,-13.426401,5.627815
1,0.15,30,0,complied,30634,13.779633,7.69491
1,0.15,30,0,refused,27730,16.390651,7.78315
1,0.15,30,1,complied,30634,26.626341,6.32655
1,0.15,30,1,refused,27730,26.296658,6.277877
1,0.15,30,2,complied,30634,26.770746,6.551097
1,0.15,30,2,refused,27730,26.345838,6.245613
1,0.15,30,3,complied,30634,-55.547938,13.750511
1,0.15,30,3,refused,27730,-54.781192,13.939294
1,0.15,30,4,complied,30634,-16.546769,6.691905
1,0.15,30,4,refused,27730,-16.892889,6.882662
1,0.15,31,0,complied,30634,15.918219,8.80379
1,0.15,31,0,refused,27730,19.224874,8.833799
1,0.15,31,1,complied,30634,32.167426,7.552378
1,0.15,31,1,refused,27730,31.435393,7.513924
1,0.15,31,2,complied,30634,31.302807,7.705383
1,0.15,31,2,refused,27730,31.033353,7.330975
1,0.15,31,3,complied,30634,-66.643629,15.860901
1,0.15,31,3,refused,27730,-65.664951,16.163076
1,0.15,31,4,complied,30634,-19.084797,7.508702
1,0.15,31,4,refused,27730,-19.619095,7.639485
1,0.15,32,0,complied,30634,20.683296,9.685292
1,0.15,32,0,refused,27730,24.260912,9.86234
1,0.15,32,1,complied,30634,38.152944,8.566833
1,0.15,32,1,refused,27730,36.949242,8.556714
1,0.15,32,2,complied,30634,36.732016,8.573586
1,0.15,32,2,refused,27730,36.317071,8.140419
1,0.15,32,3,complied,30634,-80.141429,18.108392
1,0.15,32,3,refused,27730,-78.127153,18.81959
1,0.15,32,4,complied,30634,-23.312664,8.589437
1,0.15,32,4,refused,27730,-24.108804,8.642665
1,0.15,33,0,complied,30634,24.413995,10.669552
1,0.15,33,0,refused,27730,28.32804,10.835347
1,0.15,33,1,complied,30634,46.477487,9.762323
1,0.15,33,1,refused,27730,44.742962,9.762283
1,0.15,33,2,complied,30634,44.034286,9.601667
1,0.15,33,2,refused,27730,43.312442,9.183815
1,0.15,33,3,complied,30634,-96.700942,19.966953
1,0.15,33,3,refused,27730,-93.935088,21.410217
1,0.15,33,4,complied,30634,-27.321591,9.382873
1,0.15,33,4,refused,27730,-27.947973,9.738673
1,0.15,34,0,complied,30634,28.114433,11.410579
1,0.15,34,0,refused,27730,32.262728,11.574092
1,0.15,34,1,complied,30634,53.5412,10.670508
1,0.15,34,1,refused,27730,51.286843,10.783581
1,0.15,34,2,complied,30634,50.700281,10.487675
1,0.15,34,2,refused,27730,49.366532,10.233742
1,0.15,34,3,complied,30634,-112.096269,23.793449
1,0.15,34,3,refused,27730,-108.475609,25.669942
1,0.15,34,4,complied,30634,-30.435153,10.681577
1,0.15,34,4,refused,27730,-30.861604,11.161706
1,0.15,35,0,complied,30634,31.913793,11.67894
1,0.15,35,0,refused,27730,36.259166,11.837909
1,0.15,35,1,complied,30634,61.605378,11.6181
1,0.15,35,1,refused,27730,59.345903,11.395055
1,0.15,35,2,complied,30634,57.279137,11.134779
1,0.15,35,2,refused,27730,55.921561,10.963125
1,0.15,35,3,complied,30634,-129.165402,25.9858
1,0.15,35,3,refused,27730,-125.296606,27.925501
1,0.15,35,4,complied,30634,-35.548838,10.922826
1,0.15,35,4,refused,27730,-36.254482,11.471965
1,0.15,36,0,complied,30634,37.193926,12.48537
1,0.15,36,0,refused,27730,41.652247,12.760002
1,0.15,36,1,complied,30634,73.320327,13.622303
1,0.15,36,1,refused,27730,70.189622,13.500162
1,0.15,36,2,complied,30634,66.711521,12.490512
1,0.15,36,2,refused,27730,64.988714,12.400559
1,0.15,36,3,complied,30634,-159.030818,31.016457
1,0.15,36,3,refused,27730,-152.527688,33.616999
1,0.15,36,4,complied,30634,-42.70871,12.099717
1,0.15,36,4,refused,27730,-43.066654,12.781534
1,0.15,37,0,complied,30634,41.935044,12.862225
1,0.15,37,0,refused,27730,46.218675,13.24215
1,0.15,37,1,complied,30634,85.815295,16.135885
1,0.15,37,1,refused,27730,82.281731,16.264805
1,0.15,37,2,complied,30634,76.021831,13.675871
1,0.15,37,2,refused,27730,73.862973,13.64433
1,0.15,37,3,complied,30634,-185.007887,35.232912
1,0.15,37,3,refused,27730,-176.758132,39.326001
1,0.15,37,4,complied,30634,-50.577647,13.13681
1,0.15,37,4,refused,27730,-50.035219,14.202265
1,0.15,38,0,complied,30634,55.429797,15.094456
1,0.15,38,0,refused,27730,59.882278,15.920886
1,0.15,38,1,complied,30634,106.134329,19.82838
1,0.15,38,1,refused,27730,101.874998,20.073613
1,0.15,38,2,complied,30634,90.499596,15.871067
1,0.15,38,2,refused,27730,88.298032,15.391976
1,0.15,38,3,complied,30634,-228.768721,43.39579
1,0.15,38,3,refused,27730,-219.228838,47.803053
1,0.15,38,4,complied,30634,-60.02215,14.097243
1,0.15,38,4,refused,27730,-59.434477,15.146709
1,0.15,39,0,complied,30634,76.561119,21.156872
1,0.15,39,0,refused,27730,80.714755,22.825398
1,0.15,39,1,complied,30634,150.096248,28.34106
1,0.15,39,1,refused,27730,144.753023,29.490008
1,0.15,39,2,complied,30634,122.618011,22.698165
1,0.15,39,2,refused,27730,120.263916,22.852231
1,0.15,39,3,complied,30634,-318.752889,60.669347
1,0.15,39,3,refused,27730,-309.342953,66.528145
1,0.15,39,4,complied,30634,-77.082538,18.54739
1,0.15,39,4,refused,27730,-76.566245,20.418729
2,0.25,0,0,complied,30638,0.012621,0.026285
2,0.25,0,0,refused,27730,0.015104,0.026529
2,0.25,0,1,complied,30638,0.034176,0.048949
2,0.25,0,1,refused,27730,0.042066,0.052288
2,0.25,0,2,complied,30638,0.015336,0.032102
2,0.25,0,2,refused,27730,0.0198,0.033127
2,0.25,0,3,complied,30638,-0.024481,0.057807
2,0.25,0,3,refused,27730,-0.032063,0.066289
2,0.25,0,4,complied,30638,0.002032,0.028406
2,0.25,0,4,refused,27730,5.2e-05,0.029309
2,0.25,1,0,complied,30638,0.629099,0.199745
2,0.25,1,0,refused,27730,0.648504,0.185099
2,0.25,1,1,complied,30638,0.642358,0.272425
2,0.25,1,1,refused,27730,0.680429,0.265907
2,0.25,1,2,complied,30638,0.024493,0.221747
2,0.25,1,2,refused,27730,0.051337,0.217544
2,0.25,1,3,complied,30638,-2.169116,0.427168
2,0.25,1,3,refused,27730,-2.221214,0.397549
2,0.25,1,4,complied,30638,-0.485844,0.14956
2,0.25,1,4,refused,27730,-0.50534,0.139
2,0.25,2,0,complied,30638,1.004045,0.295877
2,0.25,2,0,refused,27730,1.003874,0.268792
2,0.25,2,1,complied,30638,0.848858,0.365765
2,0.25,2,1,refused,27730,0.887147,0.345659
2,0.25,2,2,complied,30638,-0.018444,0.290381
2,0.25,2,2,refused,27730,0.001784,0.272007
2,0.25,2,3,complied,30638,-3.175045,0.721861
2,0.25,2,3,refused,27730,-3.253891,0.680194
2,0.25,2,4,complied,30638,-0.778421,0.234519
2,0.25,2,4,refused,27730,-0.79948,0.215042
2,0.25,3,0,complied,30638,1.169611,0.346734
2,0.25,3,0,refused,27730,1.170348,0.315222
2,0.25,3,1,complied,30638,0.965393,0.41695
2,0.25,3,1,refused,27730,1.002629,0.395404
2,0.25,3,2,complied,30638,0.014056,0.336107
2,0.25,3,2,refused,27730,0.041628,0.317652
2,0.25,3,3,complied,30638,-3.75582,0.841235
2,0.25,3,3,refused,27730,-3.837234,0.787815
2,0.25,3,4,complied,30638,-0.927873,0.287978
2,0.25,3,4,refused,27730,-0.947074,0.259027
2,0.25,4,0,complied,30638,1.37187,0.386611
2,0.25,4,0,refused,27730,1.382142,0.353947
2,0.25,4,1,complied,30638,1.117293,0.448219
2,0.25,4,1,refused,27730,1.154453,0.419464
2,0.25,4,2,complied,30638,0.104544,0.372027
2,0.25,4,2,refused,27730,0.121544,0.348933
2,0.25,4,3,complied,30638,-4.257409,0.892966
2,0.25,4,3,refused,27730,-4.334604,0.821233
2,0.25,4,4,complied,30638,-1.080647,0.328614
2,0.25,4,4,refused,27730,-1.087916,0.291507
2,0.25,5,0,complied,30638,1.643545,0.441757
2,0.25,5,0,refused,27730,1.682577,0.414987
2,0.25,5,1,complied,30638,1.483971,0.476717
2,0.25,5,1,refused,27730,1.504423,0.443286
2,0.25,5,2,complied,30638,0.316727,0.397636
2,0.25,5,2,refused,27730,0.31223,0.367738
2,0.25,5,3,complied,30638,-5.545482,0.909882
2,0.25,5,3,refused,27730,-5.60445,0.843597
2,0.25,5,4,complied,30638,-1.45333,0.380502
2,0.25,5,4,refused,27730,-1.448728,0.339849
2,0.25,6,0,complied,30638,1.721091,0.538931
2,0.25,6,0,refused,27730,1.793501,0.50853
2,0.25,6,1,complied,30638,1.716298,0.537782
2,0.25,6,1,refused,27730,1.729609,0.496421
2,0.25,6,2,complied,30638,0.550285,0.465192
2,0.25,6,2,refused,27730,0.504143,0.422184
2,0.25,6,3,complied,30638,-6.285541,0.916774
2,0.25,6,3,refused,27730,-6.299218,0.842523
2,0.25,6,4,complied,30638,-1.688079,0.435263
2,0.25,6,4,refused,27730,-1.667216,0.38969
2,0.25,7,0,complied,30638,2.031767,0.652453
2,0.25,7,0,refused,27730,2.152673,0.605645
2,0.25,7,1,complied,30638,2.238702,0.557263
2,0.25,7,1,refused,27730,2.231667,0.504417
2,0.25,7,2,complied,30638,0.885158,0.510203
2,0.25,7,2,refused,27730,0.794067,0.460378
2,0.25,7,3,complied,30638,-7.230405,0.786366
2,0.25,7,3,refused,27730,-7.222389,0.702044
2,0.25,7,4,complied,30638,-1.981665,0.477857
2,0.25,7,4,refused,27730,-1.964029,0.435048
2,0.25,8,0,complied,30638,2.474946,0.698273
2,0.25,8,0,refused,27730,2.637095,0.658293
2,0.25,8,1,complied,30638,2.89275,0.583426
2,0.25,8,1,refused,27730,2.88515,0.522541
2,0.25,8,2,complied,30638,1.54048,0.555571
2,0.25,8,2,refused,27730,1.448323,0.494406
2,0.25,8,3,complied,30638,-8.526112,0.76881
2,0.25,8,3,refused,27730,-8.491923,0.676907
2,0.25,8,4,complied,30638,-2.172456,0.479083
2,0.25,8,4,refused,27730,-2.156844,0.424852
2,0.25,9,0,complied,30638,2.697396,0.833401
2,0.25,9,0,refused,27730,2.952829,0.779638
2,0.25,9,1,complied,30638,3.452656,0.623176
2,0.25,9,1,refused,27730,3.419301,0.554617
2,0.25,9,2,complied,30638,2.197835,0.595697
2,0.25,9,2,refused,27730,2.049031,0.530384
2,0.25,9,3,complied,30638,-9.610697,0.847621
2,0.25,9,3,refused,27730,-9.537668,0.753595
2,0.25,9,4,complied,30638,-2.239264,0.525071
2,0.25,9,4,refused,27730,-2.219139,0.473404
2,0.25,10,0,complied,30638,3.105417,0.884723
2,0.25,10,0,refused,27730,3.27787,0.843117
2,0.25,10,1,complied,30638,4.170355,0.695001
2,0.25,10,1,refused,27730,4.09306,0.625027
2,0.25,10,2,complied,30638,2.901938,0.648911
2,0.25,10,2,refused,27730,2.811932,0.558626
2,0.25,10,3,complied,30638,-10.807312,1.038964
2,0.25,10,3,refused,27730,-10.657017,0.920333
2,0.25,10,4,complied,30638,-2.445617,0.547884
2,0.25,10,4,refused,27730,-2.405526,0.512761
2,0.25,11,0,complied,30638,3.349227,0.95148
2,0.25,11,0,refused,27730,3.496287,0.906542
2,0.25,11,1,complied,30638,4.532017,0.745274
2,0.25,11,1,refused,27730,4.453876,0.684464
2,0.25,11,2,complied,30638,3.279549,0.701921
2,0.25,11,2,refused,27730,3.19205,0.616398
2,0.25,11,3,complied,30638,-11.553671,1.077838
2,0.25,11,3,refused,27730,-11.389685,0.959061
2,0.25,11,4,complied,30638,-2.59243,0.573926
2,0.25,11,4,refused,27730,-2.554042,0.545566
2,0.25,12,0,complied,30638,3.235729,1.015895
2,0.25,12,0,refused,27730,3.425592,0.963999
2,0.25,12,1,complied,30638,4.491306,0.830059
2,0.25,12,1,refused,27730,4.455733,0.76797
2,0.25,12,2,complied,30638,3.45497,0.763824
2,0.25,12,2,refused,27730,3.401278,0.672844
2,0.25,12,3,complied,30638,-11.420223,1.027897
2,0.25,12,3,refused,27730,-11.346981,0.92691
2,0.25,12,4,complied,30638,-2.505394,0.610854
2,0.25,12,4,refused,27730,-2.473465,0.573934
2,0.25,13,0,complied,30638,3.325086,1.027536
2,0.25,13,0,refused,27730,3.502253,0.992439
2,0.25,13,1,complied,30638,4.656245,0.945583
2,0.25,13,1,refused,27730,4.560714,0.871983
2,0.25,13,2,complied,30638,3.680146,0.817298
2,0.25,13,2,refused,27730,3.656519,0.720509
2,0.25,13,3,complied,30638,-11.437267,1.049131
2,0.25,13,3,refused,27730,-11.307948,0.966452
2,0.25,13,4,complied,30638,-2.560306,0.695283
2,0.25,13,4,refused,27730,-2.519804,0.64692
2,0.25,14,0,complied,30638,3.345668,1.079195
2,0.25,14,0,refused,27730,3.591189,1.039899
2,0.25,14,1,complied,30638,4.598965,0.950112
2,0.25,14,1,refused,27730,4.548573,0.883275
2,0.25,14,2,complied,30638,3.875676,0.805229
2,0.25,14,2,refused,27730,3.838373,0.709393
2,0.25,14,3,complied,30638,-11.53915,1.077984
2,0.25,14,3,refused,27730,-11.391207,0.969164
2,0.25,14,4,complied,30638,-2.707809,0.674429
2,0.25,14,4,refused,27730,-2.69862,0.631879
2,0.25,15,0,complied,30638,3.38694,1.202562
2,0.25,15,0,refused,27730,3.699071,1.146161
2,0.25,15,1,complied,30638,4.743733,1.003349
2,0.25,15,1,refused,27730,4.717851,0.933091
2,0.25,15,2,complied,30638,4.005224,0.782792
2,0.25,15,2,refused,27730,3.985418,0.709658
2,0.25,15,3,complied,30638,-11.225377,1.334538
2,0.25,15,3,refused,27730,-11.201468,1.183889
2,0.25,15,4,complied,30638,-2.751691,0.769323
2,0.25,15,4,refused,27730,-2.78454,0.733712
2,0.25,16,0,complied,30638,3.505496,1.182395
2,0.25,16,0,refused,27730,3.7756,1.157321
2,0.25,16,1,complied,30638,4.974375,1.089416
2,0.25,16,1,refused,27730,4.953118,0.990852
2,0.25,16,2,complied,30638,4.395379,0.822324
2,0.25,16,2,refused,27730,4.350837,0.760853
2,0.25,16,3,complied,30638,-11.86083,1.456762
2,0.25,16,3,refused,27730,-11.827013,1.278066
2,0.25,16,4,complied,30638,-2.843025,0.84219
2,0.25,16,4,refused,27730,-2.898772,0.803486
2,0.25,17,0,complied,30638,3.639795,1.282177
2,0.25,17,0,refused,27730,4.023989,1.264521
2,0.25,17,1,complied,30638,5.288435,1.144248
2,0.25,17,1,refused,27730,5.257375,1.046803
2,0.25,17,2,complied,30638,4.837603,0.95384
2,0.25,17,2,refused,27730,4.814474,0.853423
2,0.25,17,3,complied,30638,-12.693578,1.408424
2,0.25,17,3,refused,27730,-12.715477,1.264601
2,0.25,17,4,complied,30638,-2.988686,0.908681
2,0.25,17,4,refused,27730,-3.080557,0.88777
2,0.25,18,0,complied,30638,4.031315,1.456056
2,0.25,18,0,refused,27730,4.496991,1.438689
2,0.25,18,1,complied,30638,6.002339,1.221034
2,0.25,18,1,refused,27730,5.885198,1.155176
2,0.25,18,2,complied,30638,5.107484,1.033939
2,0.25,18,2,refused,27730,5.030407,0.951562
2,0.25,18,3,complied,30638,-13.85187,1.660386
2,0.25,18,3,refused,27730,-14.004846,1.52138
2,0.25,18,4,complied,30638,-3.111306,1.003896
2,0.25,18,4,refused,27730,-3.217654,0.963235
2,0.25,19,0,complied,30638,3.975079,1.539423
2,0.25,19,0,refused,27730,4.341323,1.50591
2,0.25,19,1,complied,30638,6.393777,1.306213
2,0.25,19,1,refused,27730,6.265374,1.241428
2,0.25,19,2,complied,30638,5.778032,1.141305
2,0.25,19,2,refused,27730,5.756839,1.034135
2,0.25,19,3,complied,30638,-14.446699,1.81177
2,0.25,19,3,refused,27730,-14.523283,1.71039
2,0.25,19,4,complied,30638,-3.264836,1.080764
2,0.25,19,4,refused,27730,-3.396763,1.046768
2,0.25,20,0,complied,30638,3.977197,1.754463
2,0.25,20,0,refused,27730,4.320666,1.716812
2,0.25,20,1,complied,30638,6.781628,1.423012
2,0.25,20,1,refused,27730,6.668004,1.367742
2,0.25,20,2,complied,30638,6.281421,1.263519
2,0.25,20,2,refused,27730,6.246832,1.182149
2,0.25,20,3,complied,30638,-14.902415,2.256967
2,0.25,20,3,refused,27730,-14.959048,2.12475
2,0.25,20,4,complied,30638,-3.402499,1.175557
2,0.25,20,4,refused,27730,-3.483188,1.124252
2,0.25,21,0,complied,30638,3.317448,2.040292
2,0.25,21,0,refused,27730,3.684063,1.98965
2,0.25,21,1,complied,30638,6.473544,1.589988
2,0.25,21,1,refused,27730,6.324131,1.566643
2,0.25,21,2,complied,30638,6.317527,1.46522
2,0.25,21,2,refused,27730,6.336509,1.413044
2,0.25,21,3,complied,30638,-13.877027,3.106195
2,0.25,21,3,refused,27730,-14.004579,2.925614
2,0.25,21,4,complied,30638,-3.15071,1.471973
2,0.25,21,4,refused,27730,-3.311246,1.406382
2,0.25,22,0,complied,30638,4.257486,2.427814
2,0.25,22,0,refused,27730,4.731778,2.370922
2,0.25,22,1,complied,30638,8.351589,1.879316
2,0.25,22,1,refused,27730,7.997177,1.84714
2,0.25,22,2,complied,30638,8.10261,1.772842
2,0.25,22,2,refused,27730,8.035092,1.702293
2,0.25,22,3,complied,30638,-18.334322,3.275877
2,0.25,22,3,refused,27730,-18.018975,3.146915
2,0.25,22,4,complied,30638,-4.265723,1.717379
2,0.25,22,4,refused,27730,-4.275341,1.672732
2,0.25,23,0,complied,30638,4.961885,2.701685
2,0.25,23,0,refused,27730,5.498381,2.688447
2,0.25,23,1,complied,30638,9.681232,2.033492
2,0.25,23,1,refused,27730,9.319071,2.024996
2,0.25,23,2,complied,30638,9.728492,2.145484
2,0.25,23,2,refused,27730,9.635695,2.031164
2,0.25,23,3,complied,30638,-21.380835,3.424878
2,0.25,23,3,refused,27730,-21.138621,3.333642
2,0.25,23,4,complied,30638,-5.310979,1.827891
2,0.25,23,4,refused,27730,-5.293615,1.789181
2,0.25,24,0,complied,30638,4.478988,3.212477
2,0.25,24,0,refused,27730,5.010646,3.16519
2,0.25,24,1,complied,30638,8.314893,2.359829
2,0.25,24,1,refused,27730,8.057297,2.341278
2,0.25,24,2,complied,30638,8.803491,2.302427
2,0.25,24,2,refused,27730,8.733515,2.312928
2,0.25,24,3,complied,30638,-17.981272,5.108828
2,0.25,24,3,refused,27730,-17.936795,4.86166
2,0.25,24,4,complied,30638,-4.659483,2.185123
2,0.25,24,4,refused,27730,-4.70493,2.114678
2,0.25,25,0,complied,30638,6.360757,3.39099
2,0.25,25,0,refused,27730,6.983835,3.368677
2,0.25,25,1,complied,30638,12.098169,2.741516
2,0.25,25,1,refused,27730,11.570976,2.636343
2,0.25,25,2,complied,30638,11.846791,2.84841
2,0.25,25,2,refused,27730,11.745638,2.705118
2,0.25,25,3,complied,30638,-25.489412,4.562457
2,0.25,25,3,refused,27730,-25.083962,4.430581
2,0.25,25,4,complied,30638,-6.744431,2.286066
2,0.25,25,4,refused,27730,-6.69503,2.240262
2,0.25,26,0,complied,30638,7.149312,3.811695
2,0.25,26,0,refused,27730,7.943987,3.7395
2,0.25,26,1,complied,30638,13.272401,2.908144
2,0.25,26,1,refused,27730,12.756734,2.855352
2,0.25,26,2,complied,30638,13.853879,3.174284
2,0.25,26,2,refused,27730,13.658958,3.000256
2,0.25,26,3,complied,30638,-28.377654,6.329022
2,0.25,26,3,refused,27730,-27.950075,6.076692
2,0.25,26,4,complied,30638,-7.943543,2.776091
2,0.25,26,4,refused,27730,-7.852442,2.716083
2,0.25,27,0,complied,30638,8.164152,4.502495
2,0.25,27,0,refused,27730,9.2196,4.321914
2,0.25,27,1,complied,30638,16.167387,3.689786
2,0.25,27,1,refused,27730,15.581662,3.555833
2,0.25,27,2,complied,30638,16.932216,3.943801
2,0.25,27,2,refused,27730,16.600729,3.737745
2,0.25,27,3,complied,30638,-34.869772,7.711613
2,0.25,27,3,refused,27730,-34.416341,7.528836
2,0.25,27,4,complied,30638,-9.565193,3.463587
2,0.25,27,4,refused,27730,-9.527112,3.406581
2,0.25,28,0,complied,30638,9.659668,5.366671
2,0.25,28,0,refused,27730,10.919583,5.119988
2,0.25,28,1,complied,30638,18.346931,4.316499
2,0.25,28,1,refused,27730,17.867631,4.194396
2,0.25,28,2,complied,30638,18.893623,4.201491
2,0.25,28,2,refused,27730,18.643864,4.018095
2,0.25,28,3,complied,30638,-38.532495,10.368686
2,0.25,28,3,refused,27730,-38.461738,10.005449
2,0.25,28,4,complied,30638,-10.650962,4.732275
2,0.25,28,4,refused,27730,-10.755869,4.653065
2,0.25,29,0,complied,30638,11.12904,6.18044
2,0.25,29,0,refused,27730,12.661173,5.943004
2,0.25,29,1,complied,30638,21.839311,5.097598
2,0.25,29,1,refused,27730,21.293596,4.909155
2,0.25,29,2,complied,30638,22.237984,5.255815
2,0.25,29,2,refused,27730,21.950377,5.047033
2,0.25,29,3,complied,30638,-46.436429,11.93662
2,0.25,29,3,refused,27730,-45.790185,11.802505
2,0.25,29,4,complied,30638,-13.102209,5.335532
2,0.25,29,4,refused,27730,-13.411855,5.29525
2,0.25,30,0,complied,30638,14.009333,7.225165
2,0.25,30,0,refused,27730,16.033444,6.856739
2,0.25,30,1,complied,30638,26.638624,6.240211
2,0.25,30,1,refused,27730,26.312026,5.916875
2,0.25,30,2,complied,30638,26.754688,6.550212
2,0.25,30,2,refused,27730,26.698378,6.136698
2,0.25,30,3,complied,30638,-56.008537,13.846424
2,0.25,30,3,refused,27730,-55.838562,13.630553
2,0.25,30,4,complied,30638,-16.281276,6.644297
2,0.25,30,4,refused,27730,-16.995374,6.583866
2,0.25,31,0,complied,30638,16.10638,8.313479
2,0.25,31,0,refused,27730,18.790547,7.823443
2,0.25,31,1,complied,30638,32.077436,7.431745
2,0.25,31,1,refused,27730,31.35754,7.100699
2,0.25,31,2,complied,30638,31.362048,7.684887
2,0.25,31,2,refused,27730,31.524806,7.24363
2,0.25,31,3,complied,30638,-67.05955,15.937123
2,0.25,31,3,refused,27730,-66.899886,15.744846
2,0.25,31,4,complied,30638,-18.888801,7.44551
2,0.25,31,4,refused,27730,-19.797722,7.350945
2,0.25,32,0,complied,30638,20.620024,9.208604
2,0.25,32,0,refused,27730,23.531063,8.78426
2,0.25,32,1,complied,30638,37.980869,8.418784
2,0.25,32,1,refused,27730,36.782679,8.062892
2,0.25,32,2,complied,30638,36.818599,8.524973
2,0.25,32,2,refused,27730,36.95298,8.091662
2,0.25,32,3,complied,30638,-80.658371,18.21375
2,0.25,32,3,refused,27730,-79.694053,18.171322
2,0.25,32,4,complied,30638,-23.036414,8.566802
2,0.25,32,4,refused,27730,-24.296291,8.373885
2,0.25,33,0,complied,30638,24.323343,10.208296
2,0.25,33,0,refused,27730,27.577022,9.767641
2,0.25,33,1,complied,30638,46.161164,9.621429
2,0.25,33,1,refused,27730,44.477961,9.243359
2,0.25,33,2,complied,30638,44.042719,9.567571
2,0.25,33,2,refused,27730,43.944782,9.228446
2,0.25,33,3,complied,30638,-96.915468,20.061378
2,0.25,33,3,refused,27730,-95.437298,20.565998
2,0.25,33,4,complied,30638,-27.044047,9.356258
2,0.25,33,4,refused,27730,-28.209937,9.341661
2,0.25,34,0,complied,30638,28.170003,11.013982
2,0.25,34,0,refused,27730,31.721699,10.512027
2,0.25,34,1,complied,30638,53.076033,10.595126
2,0.25,34,1,refused,27730,50.803706,10.30726
2,0.25,34,2,complied,30638,50.603619,10.539199
2,0.25,34,2,refused,27730,50.073728,10.194661
2,0.25,34,3,complied,30638,-112.21267,24.057725
2,0.25,34,3,refused,27730,-110.063603,24.871785
2,0.25,34,4,complied,30638,-30.170105,10.623459
2,0.25,34,4,refused,27730,-31.186126,10.661187
2,0.25,35,0,complied,30638,31.954503,11.283174
2,0.25,35,0,refused,27730,35.784653,10.786259
2,0.25,35,1,complied,30638,61.130994,11.573867
2,0.25,35,1,refused,27730,58.676706,10.971717
2,0.25,35,2,complied,30638,57.270206,11.123802
2,0.25,35,2,refused,27730,56.731661,10.82838
2,0.25,35,3,complied,30638,-129.450208,26.204596
2,0.25,35,3,refused,27730,-126.986777,27.073033
2,0.25,35,4,complied,30638,-35.214873,10.846192
2,0.25,35,4,refused,27730,-36.484948,10.872612
2,0.25,36,0,complied,30638,37.325899,12.010441
2,0.25,36,0,refused,27730,41.351761,11.757133
2,0.25,36,1,complied,30638,72.932941,13.590122
2,0.25,36,1,refused,27730,69.855775,12.902173
2,0.25,36,2,complied,30638,66.943696,12.500591
2,0.25,36,2,refused,27730,66.145821,12.207525
2,0.25,36,3,complied,30638,-159.430545,31.236517
2,0.25,36,3,refused,27730,-154.873651,32.520356
2,0.25,36,4,complied,30638,-42.447113,11.996766
2,0.25,36,4,refused,27730,-43.583573,12.117404
2,0.25,37,0,complied,30638,42.122701,12.39676
2,0.25,37,0,refused,27730,46.088947,12.296778
2,0.25,37,1,complied,30638,85.417807,15.9589
2,0.25,37,1,refused,27730,81.953567,15.529574
2,0.25,37,2,complied,30638,76.521747,13.432635
2,0.25,37,2,refused,27730,75.38993,13.270609
2,0.25,37,3,complied,30638,-185.625091,34.964797
2,0.25,37,3,refused,27730,-179.661159,37.919106
2,0.25,37,4,complied,30638,-50.394566,12.89365
2,0.25,37,4,refused,27730,-50.931148,13.392098
2,0.25,38,0,complied,30638,55.487622,14.651439
2,0.25,38,0,refused,27730,60.238415,14.963409
2,0.25,38,1,complied,30638,105.437874,19.441851
2,0.25,38,1,refused,27730,101.496605,19.055982
2,0.25,38,2,complied,30638,90.882631,15.528882
2,0.25,38,2,refused,27730,90.175854,14.707818
2,0.25,38,3,complied,30638,-228.897897,42.195885
2,0.25,38,3,refused,27730,-222.875427,44.814208
2,0.25,38,4,complied,30638,-59.827313,13.704559
2,0.25,38,4,refused,27730,-60.680826,14.129395
2,0.25,39,0,complied,30638,77.02559,20.679197
2,0.25,39,0,refused,27730,82.037687,20.952291
2,0.25,39,1,complied,30638,149.651059,27.441672
2,0.25,39,1,refused,27730,145.462269,27.133992
2,0.25,39,2,complied,30638,123.595132,22.450505
2,0.25,39,2,refused,27730,123.430079,21.136474
2,0.25,39,3,complied,30638,-320.420806,59.008858
2,0.25,39,3,refused,27730,-316.858576,60.240845
2,0.25,39,4,complied,30638,-77.062411,17.897356
2,0.25,39,4,refused,27730,-78.53526,18.368366
3,0.35,0,0,complied,30632,0.012822,0.026338
3,0.35,0,0,refused,27731,0.015287,0.026524
3,0.35,0,1,complied,30632,0.034511,0.04972
3,0.35,0,1,refused,27731,0.041497,0.051867
3,0.35,0,2,complied,30632,0.015838,0.031975
3,0.35,0,2,refused,27731,0.018874,0.033044
3,0.35,0,3,complied,30632,-0.025448,0.058879
3,0.35,0,3,refused,27731,-0.031775,0.065471
3,0.35,0,4,complied,30632,0.001889,0.028521
3,0.35,0,4,refused,27731,2.4e-05,0.029066
3,0.35,1,0,complied,30632,0.631535,0.196349
3,0.35,1,0,refused,27731,0.652101,0.182952
3,0.35,1,1,complied,30632,0.644788,0.27265
3,0.35,1,1,refused,27731,0.681605,0.262035
3,0.35,1,2,complied,30632,0.024891,0.222337
3,0.35,1,2,refused,27731,0.049599,0.214367
3,0.35,1,3,complied,30632,-2.16877,0.424762
3,0.35,1,3,refused,27731,-2.213923,0.394461
3,0.35,1,4,complied,30632,-0.484434,0.146417
3,0.35,1,4,refused,27731,-0.505156,0.138182
3,0.35,2,0,complied,30632,1.014958,0.293563
3,0.35,2,0,refused,27731,1.015308,0.26743
3,0.35,2,1,complied,30632,0.854231,0.366859
3,0.35,2,1,refused,27731,0.892838,0.34195
3,0.35,2,2,complied,30632,-0.015741,0.289076
3,0.35,2,2,refused,27731,0.001641,0.268907
3,0.35,2,3,complied,30632,-3.167435,0.724798
3,0.35,2,3,refused,27731,-3.237066,0.675142
3,0.35,2,4,complied,30632,-0.773926,0.230829
3,0.35,2,4,refused,27731,-0.794149,0.214051
3,0.35,3,0,complied,30632,1.191435,0.346325
3,0.35,3,0,refused,27731,1.190981,0.315056
3,0.35,3,1,complied,30632,0.980652,0.418145
3,0.35,3,1,refused,27731,1.016731,0.389067
3,0.35,3,2,complied,30632,0.019681,0.335221
3,0.35,3,2,refused,27731,0.043569,0.313574
3,0.35,3,3,complied,30632,-3.754315,0.845818
3,0.35,3,3,refused,27731,-3.827226,0.777443
3,0.35,3,4,complied,30632,-0.922406,0.284506
3,0.35,3,4,refused,27731,-0.937414,0.256553
3,0.35,4,0,complied,30632,1.39618,0.38648
3,0.35,4,0,refused,27731,1.406814,0.352173
3,0.35,4,1,complied,30632,1.128011,0.449256
3,0.35,4,1,refused,27731,1.166887,0.415598
3,0.35,4,2,complied,30632,0.10966,0.370336
3,0.35,4,2,refused,27731,0.125503,0.344032
3,0.35,4,3,complied,30632,-4.249047,0.891514
3,0.35,4,3,refused,27731,-4.323568,0.812058
3,0.35,4,4,complied,30632,-1.068934,0.321441
3,0.35,4,4,refused,27731,-1.074561,0.287413
3,0.35,5,0,complied,30632,1.673801,0.438937
3,0.35,5,0,refused,27731,1.71141,0.411372
3,0.35,5,1,complied,30632,1.489654,0.475209
3,0.35,5,1,refused,27731,1.512009,0.439345
3,0.35,5,2,complied,30632,0.319012,0.394438
3,0.35,5,2,refused,27731,0.316163,0.36102
3,0.35,5,3,complied,30632,-5.53741,0.905936
3,0.35,5,3,refused,27731,-5.598153,0.830741
3,0.35,5,4,complied,30632,-1.441082,0.375225
3,0.35,5,4,refused,27731,-1.438285,0.336687
3,0.35,6,0,complied,30632,1.761348,0.534817
3,0.35,6,0,refused,27731,1.829981,0.5031
3,0.35,6,1,complied,30632,1.733661,0.533297
3,0.35,6,1,refused,27731,1.746684,0.491872
3,0.35,6,2,complied,30632,0.548541,0.464828
3,0.35,6,2,refused,27731,0.509082,0.413991
3,0.35,6,3,complied,30632,-6.277928,0.906655
3,0.35,6,3,refused,27731,-6.299254,0.827681
3,0.35,6,4,complied,30632,-1.673815,0.424623
3,0.35,6,4,refused,27731,-1.655206,0.381815
3,0.35,7,0,complied,30632,2.085277,0.641367
3,0.35,7,0,refused,27731,2.200738,0.594174
3,0.35,7,1,complied,30632,2.252343,0.547343
3,0.35,7,1,refused,27731,2.247635,0.508
3,0.35,7,2,complied,30632,0.873914,0.505183
3,0.35,7,2,refused,27731,0.789334,0.45455
3,0.35,7,3,complied,30632,-7.223589,0.766215
3,0.35,7,3,refused,27731,-7.236128,0.690437
3,0.35,7,4,complied,30632,-1.973236,0.462035
3,0.35,7,4,refused,27731,-1.963845,0.426059
3,0.35,8,0,complied,30632,2.533303,0.683218
3,0.35,8,0,refused,27731,2.685064,0.646649
3,0.35,8,1,complied,30632,2.902535,0.573736
3,0.35,8,1,refused,27731,2.886843,0.52175
3,0.35,8,2,complied,30632,1.528072,0.552184
3,0.35,8,2,refused,27731,1.43929,0.487416
3,0.35,8,3,complied,30632,-8.508478,0.755145
3,0.35,8,3,refused,27731,-8.48308,0.662
3,0.35,8,4,complied,30632,-2.168046,0.465537
3,0.35,8,4,refused,27731,-2.155816,0.413671
3,0.35,9,0,complied,30632,2.758856,0.81095
3,0.35,9,0,refused,27731,2.996827,0.758741
3,0.35,9,1,complied,30632,3.456749,0.608532
3,0.35,9,1,refused,27731,3.419324,0.550659
3,0.35,9,2,complied,30632,2.182344,0.584808
3,0.35,9,2,refused,27731,2.041836,0.524747
3,0.35,9,3,complied,30632,-9.578621,0.830637
3,0.35,9,3,refused,27731,-9.521639,0.737654
3,0.35,9,4,complied,30632,-2.22958,0.508927
3,0.35,9,4,refused,27731,-2.210287,0.461977
3,0.35,10,0,complied,30632,3.167066,0.873587
3,0.35,10,0,refused,27731,3.326537,0.833605
3,0.35,10,1,complied,30632,4.181528,0.68136
3,0.35,10,1,refused,27731,4.101804,0.615965
3,0.35,10,2,complied,30632,2.887689,0.640568
3,0.35,10,2,refused,27731,2.800176,0.551533
3,0.35,10,3,complied,30632,-10.760119,1.012179
3,0.35,10,3,refused,27731,-10.631296,0.908437
3,0.35,10,4,complied,30632,-2.430709,0.537981
3,0.35,10,4,refused,27731,-2.391033,0.498653
3,0.35,11,0,complied,30632,3.412136,0.942666
3,0.35,11,0,refused,27731,3.554611,0.893091
3,0.35,11,1,complied,30632,4.544862,0.734996
3,0.35,11,1,refused,27731,4.464958,0.670404
3,0.35,11,2,complied,30632,3.253723,0.693989
3,0.35,11,2,refused,27731,3.163965,0.610545
3,0.35,11,3,complied,30632,-11.50642,1.055533
3,0.35,11,3,refused,27731,-11.363484,0.949455
3,0.35,11,4,complied,30632,-2.57986,0.563453
3,0.35,11,4,refused,27731,-2.544442,0.533859
3,0.35,12,0,complied,30632,3.297724,1.003127
3,0.35,12,0,refused,27731,3.48865,0.944521
3,0.35,12,1,complied,30632,4.514083,0.826639
3,0.35,12,1,refused,27731,4.461749,0.751899
3,0.35,12,2,complied,30632,3.426364,0.756151
3,0.35,12,2,refused,27731,3.371587,0.67051
3,0.35,12,3,complied,30632,-11.393193,1.013911
3,0.35,12,3,refused,27731,-11.338326,0.921302
3,0.35,12,4,complied,30632,-2.50537,0.604017
3,0.35,12,4,refused,27731,-2.470787,0.564582
3,0.35,13,0,complied,30632,3.388584,1.004544
3,0.35,13,0,refused,27731,3.560819,0.965118
3,0.35,13,1,complied,30632,4.67238,0.934038
3,0.35,13,1,refused,27731,4.549891,0.846727
3,0.35,13,2,complied,30632,3.658243,0.807746
3,0.35,13,2,refused,27731,3.631848,0.71464
3,0.35,13,3,complied,30632,-11.398577,1.015628
3,0.35,13,3,refused,27731,-11.295252,0.941535
3,0.35,13,4,complied,30632,-2.557496,0.68231
3,0.35,13,4,refused,27731,-2.515884,0.640231
3,0.35,14,0,complied,30632,3.417563,1.058186
3,0.35,14,0,refused,27731,3.652403,1.009197
3,0.35,14,1,complied,30632,4.617187,0.934915
3,0.35,14,1,refused,27731,4.531183,0.86307
3,0.35,14,2,complied,30632,3.854026,0.797446
3,0.35,14,2,refused,27731,3.805629,0.705109
3,0.35,14,3,complied,30632,-11.509856,1.070754
3,0.35,14,3,refused,27731,-11.390616,0.954782
3,0.35,14,4,complied,30632,-2.697737,0.664759
3,0.35,14,4,refused,27731,-2.680937,0.622438
3,0.35,15,0,complied,30632,3.477975,1.180998
3,0.35,15,0,refused,27731,3.76529,1.106746
3,0.35,15,1,complied,30632,4.782055,0.979596
3,0.35,15,1,refused,27731,4.714885,0.914844
3,0.35,15,2,complied,30632,3.996861,0.780709
3,0.35,15,2,refused,27731,3.951885,0.712749
3,0.35,15,3,complied,30632,-11.203255,1.341183
3,0.35,15,3,refused,27731,-11.168538,1.163476
3,0.35,15,4,complied,30632,-2.742475,0.756111
3,0.35,15,4,refused,27731,-2.749997,0.708628
3,0.35,16,0,complied,30632,3.585037,1.157771
3,0.35,16,0,refused,27731,3.849189,1.11908
3,0.35,16,1,complied,30632,4.993645,1.057712
3,0.35,16,1,refused,27731,4.93873,0.972761
3,0.35,16,2,complied,30632,4.391474,0.821807
3,0.35,16,2,refused,27731,4.324379,0.762528
3,0.35,16,3,complied,30632,-11.857418,1.467531
3,0.35,16,3,refused,27731,-11.823286,1.268725
3,0.35,16,4,complied,30632,-2.818425,0.834111
3,0.35,16,4,refused,27731,-2.853628,0.780646
3,0.35,17,0,complied,30632,3.706886,1.249991
3,0.35,17,0,refused,27731,4.086334,1.223844
3,0.35,17,1,complied,30632,5.298652,1.106699
3,0.35,17,1,refused,27731,5.221125,1.030819
3,0.35,17,2,complied,30632,4.793898,0.932035
3,0.35,17,2,refused,27731,4.735632,0.84129
3,0.35,17,3,complied,30632,-12.629274,1.39411
3,0.35,17,3,refused,27731,-12.65951,1.240747
3,0.35,17,4,complied,30632,-2.952244,0.888872
3,0.35,17,4,refused,27731,-3.022374,0.855586
3,0.35,18,0,complied,30632,4.106424,1.399392
3,0.35,18,0,refused,27731,4.548971,1.382429
3,0.35,18,1,complied,30632,5.996834,1.189403
3,0.35,18,1,refused,27731,5.846718,1.128936
3,0.35,18,2,complied,30632,5.05268,1.015129
3,0.35,18,2,refused,27731,4.939728,0.934763
3,0.35,18,3,complied,30632,-13.830244,1.653246
3,0.35,18,3,refused,27731,-13.994849,1.49479
3,0.35,18,4,complied,30632,-3.082269,0.984672
3,0.35,18,4,refused,27731,-3.165907,0.911387
3,0.35,19,0,complied,30632,4.026381,1.490449
3,0.35,19,0,refused,27731,4.385348,1.453554
3,0.35,19,1,complied,30632,6.364286,1.264969
3,0.35,19,1,refused,27731,6.216002,1.209878
3,0.35,19,2,complied,30632,5.701835,1.098987
3,0.35,19,2,refused,27731,5.663565,1.003413
3,0.35,19,3,complied,30632,-14.395284,1.817059
3,0.35,19,3,refused,27731,-14.516802,1.670699
3,0.35,19,4,complied,30632,-3.215803,1.057028
3,0.35,19,4,refused,27731,-3.338901,0.995112
3,0.35,20,0,complied,30632,4.048656,1.708116
3,0.35,20,0,refused,27731,4.366445,1.669359
3,0.35,20,1,complied,30632,6.768597,1.380111
3,0.35,20,1,refused,27731,6.62458,1.328547
3,0.35,20,2,complied,30632,6.183839,1.222496
3,0.35,20,2,refused,27731,6.123412,1.138923
3,0.35,20,3,complied,30632,-14.88845,2.238007
3,0.35,20,3,refused,27731,-14.974382,2.072818
3,0.35,20,4,complied,30632,-3.357567,1.153448
3,0.35,20,4,refused,27731,-3.431731,1.071671
3,0.35,21,0,complied,30632,3.380326,1.992257
3,0.35,21,0,refused,27731,3.694635,1.933677
3,0.35,21,1,complied,30632,6.363539,1.552059
3,0.35,21,1,refused,27731,6.227939,1.524591
3,0.35,21,2,complied,30632,6.141592,1.417067
3,0.35,21,2,refused,27731,6.168307,1.357088
3,0.35,21,3,complied,30632,-13.662186,3.180977
3,0.35,21,3,refused,27731,-13.858722,2.936982
3,0.35,21,4,complied,30632,-3.061509,1.464551
3,0.35,21,4,refused,27731,-3.213266,1.361738
3,0.35,22,0,complied,30632,4.402696,2.354865
3,0.35,22,0,refused,27731,4.813536,2.301156
3,0.35,22,1,complied,30632,8.321608,1.85058
3,0.35,22,1,refused,27731,7.973792,1.796579
3,0.35,22,2,complied,30632,7.965416,1.70987
3,0.35,22,2,refused,27731,7.900408,1.646809
3,0.35,22,3,complied,30632,-18.307328,3.235336
3,0.35,22,3,refused,27731,-18.025857,3.105992
3,0.35,22,4,complied,30632,-4.205037,1.680503
3,0.35,22,4,refused,27731,-4.220393,1.581676
3,0.35,23,0,complied,30632,5.112406,2.617355
3,0.35,23,0,refused,27731,5.576402,2.612764
3,0.35,23,1,complied,30632,9.626785,2.02292
3,0.35,23,1,refused,27731,9.276501,1.967181
3,0.35,23,2,complied,30632,9.543342,2.079933
3,0.35,23,2,refused,27731,9.458195,1.964063
3,0.35,23,3,complied,30632,-21.333759,3.382543
3,0.35,23,3,refused,27731,-21.136978,3.260774
3,0.35,23,4,complied,30632,-5.219774,1.786649
3,0.35,23,4,refused,27731,-5.232665,1.68459
3,0.35,24,0,complied,30632,4.594285,3.131965
3,0.35,24,0,refused,27731,5.036141,3.106782
3,0.35,24,1,complied,30632,8.149854,2.327361
3,0.35,24,1,refused,27731,7.889924,2.30523
3,0.35,24,2,complied,30632,8.516496,2.206086
3,0.35,24,2,refused,27731,8.429977,2.205618
3,0.35,24,3,complied,30632,-17.853405,5.140516
3,0.35,24,3,refused,27731,-17.814766,4.855007
3,0.35,24,4,complied,30632,-4.518792,2.170021
3,0.35,24,4,refused,27731,-4.577083,2.046155
3,0.35,25,0,complied,30632,6.551594,3.319338
3,0.35,25,0,refused,27731,7.116364,3.30215
3,0.35,25,1,complied,30632,11.945077,2.695104
3,0.35,25,1,refused,27731,11.496167,2.579705
3,0.35,25,2,complied,30632,11.632572,2.758401
3,0.35,25,2,refused,27731,11.530284,2.609205
3,0.35,25,3,complied,30632,-25.589497,4.499934
3,0.35,25,3,refused,27731,-25.249518,4.36309
3,0.35,25,4,complied,30632,-6.646853,2.266609
3,0.35,25,4,refused,27731,-6.638595,2.169837
3,0.35,26,0,complied,30632,7.377955,3.679058
3,0.35,26,0,refused,27731,8.050133,3.570789
3,0.35,26,1,complied,30632,13.121366,2.887024
3,0.35,26,1,refused,27731,12.611327,2.791192
3,0.35,26,2,complied,30632,13.637979,3.111761
3,0.35,26,2,refused,27731,13.474649,2.897986
3,0.35,26,3,complied,30632,-28.550888,6.238251
3,0.35,26,3,refused,27731,-28.120654,5.958134
3,0.35,26,4,complied,30632,-7.803297,2.750933
3,0.35,26,4,refused,27731,-7.751658,2.62522
3,0.35,27,0,complied,30632,8.472141,4.320742
3,0.35,27,0,refused,27731,9.410234,4.090143
3,0.35,27,1,complied,30632,16.038923,3.659807
3,0.35,27,1,refused,27731,15.471659,3.49755
3,0.35,27,2,complied,30632,16.846887,3.860139
3,0.35,27,2,refused,27731,16.504524,3.625733
3,0.35,27,3,complied,30632,-35.228738,7.590718
3,0.35,27,3,refused,27731,-34.746763,7.396053
3,0.35,27,4,complied,30632,-9.442707,3.471676
3,0.35,27,4,refused,27731,-9.478144,3.30555
3,0.35,28,0,complied,30632,10.039224,5.189842
3,0.35,28,0,refused,27731,11.175767,4.851421
3,0.35,28,1,complied,30632,18.275844,4.296981
3,0.35,28,1,refused,27731,17.777951,4.160837
3,0.35,28,2,complied,30632,18.806025,4.193334
3,0.35,28,2,refused,27731,18.536365,3.929567
3,0.35,28,3,complied,30632,-39.057611,10.216496
3,0.35,28,3,refused,27731,-38.833822,9.798642
3,0.35,28,4,complied,30632,-10.567729,4.747524
3,0.35,28,4,refused,27731,-10.753827,4.479146
3,0.35,29,0,complied,30632,11.52091,6.005387
3,0.35,29,0,refused,27731,12.931967,5.700213
3,0.35,29,1,complied,30632,21.810687,5.060808
3,0.35,29,1,refused,27731,21.261152,4.827949
3,0.35,29,2,complied,30632,22.224052,5.197686
3,0.35,29,2,refused,27731,22.029298,4.969161
3,0.35,29,3,complied,30632,-47.184514,11.756244
3,0.35,29,3,refused,27731,-46.412144,11.585152
3,0.35,29,4,complied,30632,-13.054655,5.343422
3,0.35,29,4,refused,27731,-13.469188,5.13319
3,0.35,30,0,complied,30632,14.37946,6.981296
3,0.35,30,0,refused,27731,16.30564,6.539552
3,0.35,30,1,complied,30632,26.59945,6.160535
3,0.35,30,1,refused,27731,26.317542,5.80568
3,0.35,30,2,complied,30632,26.821965,6.507387
3,0.35,30,2,refused,27731,26.858233,6.128044
3,0.35,30,3,complied,30632,-56.87759,13.757734
3,0.35,30,3,refused,27731,-56.571864,13.395987
3,0.35,30,4,complied,30632,-16.252472,6.622254
3,0.35,30,4,refused,27731,-17.050078,6.413938
3,0.35,31,0,complied,30632,16.495488,8.072936
3,0.35,31,0,refused,27731,19.009959,7.491746
3,0.35,31,1,complied,30632,32.015818,7.362962
3,0.35,31,1,refused,27731,31.339829,6.981584
3,0.35,31,2,complied,30632,31.49246,7.644854
3,0.35,31,2,refused,27731,31.753766,7.237947
3,0.35,31,3,complied,30632,-68.048502,15.842837
3,0.35,31,3,refused,27731,-67.596994,15.472418
3,0.35,31,4,complied,30632,-18.865562,7.445383
3,0.35,31,4,refused,27731,-19.849211,7.192322
3,0.35,32,0,complied,30632,20.920312,8.987832
3,0.35,32,0,refused,27731,23.766667,8.442345
3,0.35,32,1,complied,30632,37.825167,8.418512
3,0.35,32,1,refused,27731,36.724166,7.947108
3,0.35,32,2,complied,30632,36.961423,8.54616
3,0.35,32,2,refused,27731,37.228941,8.105318
3,0.35,32,3,complied,30632,-81.661174,18.156776
3,0.35,32,3,refused,27731,-80.617737,17.763968
3,0.35,32,4,complied,30632,-23.101725,8.4985
3,0.35,32,4,refused,27731,-24.38799,8.216398
3,0.35,33,0,complied,30632,24.65005,9.984396
3,0.35,33,0,refused,27731,27.860862,9.44872
3,0.35,33,1,complied,30632,45.996568,9.615043
3,0.35,33,1,refused,27731,44.406809,9.118529
3,0.35,33,2,complied,30632,44.159076,9.603731
3,0.35,33,2,refused,27731,44.193177,9.294039
3,0.35,33,3,complied,30632,-97.844098,19.989888
3,0.35,33,3,refused,27731,-96.269525,20.047325
3,0.35,33,4,complied,30632,-27.115292,9.247326
3,0.35,33,4,refused,27731,-28.333576,9.114814
3,0.35,34,0,complied,30632,28.637102,10.801994
3,0.35,34,0,refused,27731,32.133134,10.164178
3,0.35,34,1,complied,30632,52.913418,10.623985
3,0.35,34,1,refused,27731,50.674045,10.196722
3,0.35,34,2,complied,30632,50.830765,10.563733
3,0.35,34,2,refused,27731,50.411713,10.319339
3,0.35,34,3,complied,30632,-113.266199,23.966245
3,0.35,34,3,refused,27731,-111.057843,24.335347
3,0.35,34,4,complied,30632,-30.310397,10.465748
3,0.35,34,4,refused,27731,-31.344721,10.393916
3,0.35,35,0,complied,30632,32.439369,11.058757
3,0.35,35,0,refused,27731,36.177089,10.472068
3,0.35,35,1,complied,30632,60.961485,11.60991
3,0.35,35,1,refused,27731,58.542068,10.887434
3,0.35,35,2,complied,30632,57.616228,11.202678
3,0.35,35,2,refused,27731,57.156891,10.900289
3,0.35,35,3,complied,30632,-130.650345,25.973135
3,0.35,35,3,refused,27731,-128.195017,26.39306
3,0.35,35,4,complied,30632,-35.288853,10.678824
3,0.35,35,4,refused,27731,-36.595356,10.541426
3,0.35,36,0,complied,30632,37.821576,11.788367
3,0.35,36,0,refused,27731,41.78158,11.459131
3,0.35,36,1,complied,30632,72.78958,13.623651
3,0.35,36,1,refused,27731,69.842934,12.835125
3,0.35,36,2,complied,30632,67.364359,12.63638
3,0.35,36,2,refused,27731,66.723923,12.32577
3,0.35,36,3,complied,30632,-160.604174,31.001662
3,0.35,36,3,refused,27731,-156.226963,31.734958
3,0.35,36,4,complied,30632,-42.552892,11.827949
3,0.35,36,4,refused,27731,-43.606518,11.774312
3,0.35,37,0,complied,30632,42.658409,12.204378
3,0.35,37,0,refused,27731,46.52661,12.02919
3,0.35,37,1,complied,30632,85.271514,15.81647
3,0.35,37,1,refused,27731,81.903207,15.272362
3,0.35,37,2,complied,30632,77.152407,13.549887
3,0.35,37,2,refused,27731,76.211337,13.324278
3,0.35,37,3,complied,30632,-187.173531,34.417169
3,0.35,37,3,refused,27731,-181.26848,36.873303
3,0.35,37,4,complied,30632,-50.669452,12.646881
3,0.35,37,4,refused,27731,-50.957452,12.98126
3,0.35,38,0,complied,30632,56.000869,14.390822
3,0.35,38,0,refused,27731,60.76848,14.501918
3,0.35,38,1,complied,30632,105.118079,18.960477
3,0.35,38,1,refused,27731,101.388767,18.346493
3,0.35,38,2,complied,30632,91.454865,15.495193
3,0.35,38,2,refused,27731,91.004155,14.524621
3,0.35,38,3,complied,30632,-230.290903,40.928751
3,0.35,38,3,refused,27731,-224.652247,42.84895
3,0.35,38,4,complied,30632,-60.035766,13.35674
3,0.35,38,4,refused,27731,-60.707412,13.599112
3,0.35,39,0,complied,30632,78.081544,19.968509
3,0.35,39,0,refused,27731,83.167939,19.937118
3,0.35,39,1,complied,30632,149.697707,26.560045
3,0.35,39,1,refused,27731,145.918292,25.736594
3,0.35,39,2,complied,30632,124.821096,22.04474
3,0.35,39,2,refused,27731,125.05958,20.393636
3,0.35,39,3,complied,30632,-323.096186,56.762076
3,0.35,39,3,refused,27731,-320.791892,56.512699
3,0.35,39,4,complied,30632,-77.520669,17.242351
3,0.35,39,4,refused,27731,-78.99042,17.479603
4,0.45,0,0,complied,30634,0.012857,0.026576
4,0.45,0,0,refused,27730,0.015184,0.026176
4,0.45,0,1,complied,30634,0.035873,0.050374
4,0.45,0,1,refused,27730,0.042204,0.051842
4,0.45,0,2,complied,30634,0.016736,0.032431
4,0.45,0,2,refused,27730,0.019275,0.033034
4,0.45,0,3,complied,30634,-0.026605,0.060575
4,0.45,0,3,refused,27730,-0.031805,0.065744
4,0.45,0,4,complied,30634,0.001708,0.028693
4,0.45,0,4,refused,27730,-0.000327,0.02909
4,0.45,1,0,complied,30634,0.632955,0.195366
4,0.45,1,0,refused,27730,0.651078,0.179962
4,0.45,1,1,complied,30634,0.649959,0.271453
4,0.45,1,1,refused,27730,0.682454,0.259743
4,0.45,1,2,complied,30634,0.029146,0.222273
4,0.45,1,2,refused,27730,0.050639,0.214572
4,0.45,1,3,complied,30634,-2.176128,0.419911
4,0.45,1,3,refused,27730,-2.211724,0.391915
4,0.45,1,4,complied,30634,-0.487425,0.143579
4,0.45,1,4,refused,27730,-0.506073,0.136002
4,0.45,2,0,complied,30634,1.018826,0.292612
4,0.45,2,0,refused,27730,1.020188,0.262172
4,0.45,2,1,complied,30634,0.860179,0.362905
4,0.45,2,1,refused,27730,0.898402,0.337613
4,0.45,2,2,complied,30634,-0.011524,0.286729
4,0.45,2,2,refused,27730,0.004691,0.267622
4,0.45,2,3,complied,30634,-3.174787,0.717469
4,0.45,2,3,refused,27730,-3.233128,0.676299
4,0.45,2,4,complied,30634,-0.775546,0.228034
4,0.45,2,4,refused,27730,-0.79532,0.211103
4,0.45,3,0,complied,30634,1.194888,0.342745
4,0.45,3,0,refused,27730,1.192949,0.31086
4,0.45,3,1,complied,30634,0.990045,0.413132
4,0.45,3,1,refused,27730,1.027263,0.384145
4,0.45,3,2,complied,30634,0.028314,0.331085
4,0.45,3,2,refused,27730,0.049228,0.311059
4,0.45,3,3,complied,30634,-3.766677,0.834656
4,0.45,3,3,refused,27730,-3.825811,0.781632
4,0.45,3,4,complied,30634,-0.922984,0.280426
4,0.45,3,4,refused,27730,-0.938635,0.253763
4,0.45,4,0,complied,30634,1.399818,0.381659
4,0.45,4,0,refused,27730,1.412454,0.350782
4,0.45,4,1,complied,30634,1.131693,0.443163
4,0.45,4,1,refused,27730,1.173818,0.407732
4,0.45,4,2,complied,30634,0.118984,0.363768
4,0.45,4,2,refused,27730,0.133032,0.340157
4,0.45,4,3,complied,30634,-4.253189,0.878374
4,0.45,4,3,refused,27730,-4.31373,0.814329
4,0.45,4,4,complied,30634,-1.067643,0.31558
4,0.45,4,4,refused,27730,-1.070781,0.284439
4,0.45,5,0,complied,30634,1.676774,0.432562
4,0.45,5,0,refused,27730,1.716317,0.407546
4,0.45,5,1,complied,30634,1.489604,0.466804
4,0.45,5,1,refused,27730,1.510349,0.430618
4,0.45,5,2,complied,30634,0.327721,0.387497
4,0.45,5,2,refused,27730,0.319429,0.357301
4,0.45,5,3,complied,30634,-5.54616,0.896016
4,0.45,5,3,refused,27730,-5.585651,0.831531
4,0.45,5,4,complied,30634,-1.438002,0.365973
4,0.45,5,4,refused,27730,-1.42782,0.332473
4,0.45,6,0,complied,30634,1.765801,0.521389
4,0.45,6,0,refused,27730,1.830501,0.493398
4,0.45,6,1,complied,30634,1.737243,0.521155
4,0.45,6,1,refused,27730,1.747548,0.481532
4,0.45,6,2,complied,30634,0.556236,0.456778
4,0.45,6,2,refused,27730,0.514049,0.404827
4,0.45,6,3,complied,30634,-6.283991,0.897125
4,0.45,6,3,refused,27730,-6.275532,0.824173
4,0.45,6,4,complied,30634,-1.66663,0.417089
4,0.45,6,4,refused,27730,-1.633606,0.376228
4,0.45,7,0,complied,30634,2.103407,0.627671
4,0.45,7,0,refused,27730,2.20662,0.579831
4,0.45,7,1,complied,30634,2.251231,0.541374
4,0.45,7,1,refused,27730,2.238406,0.494275
4,0.45,7,2,complied,30634,0.872972,0.492854
4,0.45,7,2,refused,27730,0.789947,0.439337
4,0.45,7,3,complied,30634,-7.230505,0.75513
4,0.45,7,3,refused,27730,-7.206063,0.672156
4,0.45,7,4,complied,30634,-1.964864,0.456511
4,0.45,7,4,refused,27730,-1.94724,0.417551
4,0.45,8,0,complied,30634,2.557087,0.669249
4,0.45,8,0,refused,27730,2.692934,0.63497
4,0.45,8,1,complied,30634,2.9039,0.569985
4,0.45,8,1,refused,27730,2.879799,0.504088
4,0.45,8,2,complied,30634,1.527999,0.536073
4,0.45,8,2,refused,27730,1.437283,0.471966
4,0.45,8,3,complied,30634,-8.520774,0.745098
4,0.45,8,3,refused,27730,-8.458828,0.641009
4,0.45,8,4,complied,30634,-2.160594,0.457915
4,0.45,8,4,refused,27730,-2.140287,0.411842
4,0.45,9,0,complied,30634,2.795445,0.787732
4,0.45,9,0,refused,27730,3.002406,0.737726
4,0.45,9,1,complied,30634,3.460579,0.607392
4,0.45,9,1,refused,27730,3.410914,0.530386
4,0.45,9,2,complied,30634,2.18186,0.570221
4,0.45,9,2,refused,27730,2.038395,0.508162
4,0.45,9,3,complied,30634,-9.593133,0.822675
4,0.45,9,3,refused,27730,-9.49103,0.717251
4,0.45,9,4,complied,30634,-2.226303,0.502994
4,0.45,9,4,refused,27730,-2.192231,0.453748
4,0.45,10,0,complied,30634,3.193621,0.861846
4,0.45,10,0,refused,27730,3.335362,0.817733
4,0.45,10,1,complied,30634,4.181509,0.677988
4,0.45,10,1,refused,27730,4.096266,0.596722
4,0.45,10,2,complied,30634,2.885234,0.622877
4,0.45,10,2,refused,27730,2.790827,0.536737
4,0.45,10,3,complied,30634,-10.756662,1.000111
4,0.45,10,3,refused,27730,-10.590618,0.881647
4,0.45,10,4,complied,30634,-2.426387,0.534928
4,0.45,10,4,refused,27730,-2.368579,0.495836
4,0.45,11,0,complied,30634,3.432618,0.93196
4,0.45,11,0,refused,27730,3.56134,0.87834
4,0.45,11,1,complied,30634,4.534416,0.73187
4,0.45,11,1,refused,27730,4.457079,0.652789
4,0.45,11,2,complied,30634,3.241515,0.672468
4,0.45,11,2,refused,27730,3.150077,0.596938
4,0.45,11,3,complied,30634,-11.499265,1.049153
4,0.45,11,3,refused,27730,-11.322767,0.923989
4,0.45,11,4,complied,30634,-2.578534,0.562317
4,0.45,11,4,refused,27730,-2.524101,0.524951
4,0.45,12,0,complied,30634,3.321424,0.987208
4,0.45,12,0,refused,27730,3.488581,0.92206
4,0.45,12,1,complied,30634,4.499511,0.821237
4,0.45,12,1,refused,27730,4.45657,0.734232
4,0.45,12,2,complied,30634,3.421626,0.734823
4,0.45,12,2,refused,27730,3.358643,0.654267
4,0.45,12,3,complied,30634,-11.396188,1.00608
4,0.45,12,3,refused,27730,-11.304775,0.887282
4,0.45,12,4,complied,30634,-2.510197,0.599115
4,0.45,12,4,refused,27730,-2.454177,0.555328
4,0.45,13,0,complied,30634,3.42036,0.988295
4,0.45,13,0,refused,27730,3.567985,0.941277
4,0.45,13,1,complied,30634,4.643991,0.925271
4,0.45,13,1,refused,27730,4.551343,0.824497
4,0.45,13,2,complied,30634,3.6611,0.78496
4,0.45,13,2,refused,27730,3.628318,0.696339
4,0.45,13,3,complied,30634,-11.39678,0.991255
4,0.45,13,3,refused,27730,-11.277619,0.8916
4,0.45,13,4,complied,30634,-2.564524,0.673929
4,0.45,13,4,refused,27730,-2.506792,0.629885
4,0.45,14,0,complied,30634,3.450655,1.050049
4,0.45,14,0,refused,27730,3.652622,0.982575
4,0.45,14,1,complied,30634,4.579814,0.930221
4,0.45,14,1,refused,27730,4.518475,0.846197
4,0.45,14,2,complied,30634,3.845803,0.771238
4,0.45,14,2,refused,27730,3.785837,0.69069
4,0.45,14,3,complied,30634,-11.515902,1.054982
4,0.45,14,3,refused,27730,-11.366521,0.91976
4,0.45,14,4,complied,30634,-2.694002,0.657801
4,0.45,14,4,refused,27730,-2.654281,0.608368
4,0.45,15,0,complied,30634,3.546645,1.161712
4,0.45,15,0,refused,27730,3.78383,1.069549
4,0.45,15,1,complied,30634,4.775466,0.972427
4,0.45,15,1,refused,27730,4.720918,0.898811
4,0.45,15,2,complied,30634,3.989953,0.768445
4,0.45,15,2,refused,27730,3.928061,0.709525
4,0.45,15,3,complied,30634,-11.233246,1.326526
4,0.45,15,3,refused,27730,-11.138655,1.12117
4,0.45,15,4,complied,30634,-2.742573,0.739183
4,0.45,15,4,refused,27730,-2.702278,0.673229
4,0.45,16,0,complied,30634,3.635256,1.144825
4,0.45,16,0,refused,27730,3.866504,1.076817
4,0.45,16,1,complied,30634,4.987273,1.05753
4,0.45,16,1,refused,27730,4.930377,0.953464
4,0.45,16,2,complied,30634,4.371674,0.812892
4,0.45,16,2,refused,27730,4.293415,0.767977
4,0.45,16,3,complied,30634,-11.891148,1.448555
4,0.45,16,3,refused,27730,-11.798334,1.231256
4,0.45,16,4,complied,30634,-2.815447,0.817318
4,0.45,16,4,refused,27730,-2.790224,0.740109
4,0.45,17,0,complied,30634,3.761261,1.229157
4,0.45,17,0,refused,27730,4.101747,1.187131
4,0.45,17,1,complied,30634,5.261346,1.102515
4,0.45,17,1,refused,27730,5.205181,1.003824
4,0.45,17,2,complied,30634,4.743897,0.908377
4,0.45,17,2,refused,27730,4.695788,0.839624
4,0.45,17,3,complied,30634,-12.611861,1.38123
4,0.45,17,3,refused,27730,-12.592155,1.190898
4,0.45,17,4,complied,30634,-2.94146,0.865694
4,0.45,17,4,refused,27730,-2.956324,0.813746
4,0.45,18,0,complied,30634,4.166257,1.377019
4,0.45,18,0,refused,27730,4.561331,1.339855
4,0.45,18,1,complied,30634,5.951004,1.193133
4,0.45,18,1,refused,27730,5.819558,1.105843
4,0.45,18,2,complied,30634,4.98173,0.982073
4,0.45,18,2,refused,27730,4.886492,0.932586
4,0.45,18,3,complied,30634,-13.857633,1.634399
4,0.45,18,3,refused,27730,-13.939059,1.444546
4,0.45,18,4,complied,30634,-3.080849,0.952239
4,0.45,18,4,refused,27730,-3.100674,0.867407
4,0.45,19,0,complied,30634,4.067539,1.472139
4,0.45,19,0,refused,27730,4.399588,1.428436
4,0.45,19,1,complied,30634,6.299066,1.269644
4,0.45,19,1,refused,27730,6.170254,1.177754
4,0.45,19,2,complied,30634,5.628791,1.075582
4,0.45,19,2,refused,27730,5.618012,0.99496
4,0.45,19,3,complied,30634,-14.409931,1.79171
4,0.45,19,3,refused,27730,-14.427333,1.620471
4,0.45,19,4,complied,30634,-3.199236,1.031731
4,0.45,19,4,refused,27730,-3.248238,0.945661
4,0.45,20,0,complied,30634,4.10533,1.671703
4,0.45,20,0,refused,27730,4.37238,1.651092
4,0.45,20,1,complied,30634,6.706588,1.372851
4,0.45,20,1,refused,27730,6.562066,1.288978
4,0.45,20,2,complied,30634,6.089121,1.193347
4,0.45,20,2,refused,27730,6.052487,1.127813
4,0.45,20,3,complied,30634,-14.919986,2.178371
4,0.45,20,3,refused,27730,-14.835572,2.010975
4,0.45,20,4,complied,30634,-3.340179,1.129186
4,0.45,20,4,refused,27730,-3.358123,1.026551
4,0.45,21,0,complied,30634,3.454591,1.943788
4,0.45,21,0,refused,27730,3.712101,1.89136
4,0.45,21,1,complied,30634,6.277757,1.530379
4,0.45,21,1,refused,27730,6.111414,1.472828
4,0.45,21,2,complied,30634,6.023757,1.382112
4,0.45,21,2,refused,27730,6.043406,1.343547
4,0.45,21,3,complied,30634,-13.587546,3.180809
4,0.45,21,3,refused,27730,-13.563853,2.884633
4,0.45,21,4,complied,30634,-3.020924,1.443684
4,0.45,21,4,refused,27730,-3.114117,1.29679
4,0.45,22,0,complied,30634,4.530679,2.283587
4,0.45,22,0,refused,27730,4.8821,2.253269
4,0.45,22,1,complied,30634,8.244499,1.815758
4,0.45,22,1,refused,27730,7.922149,1.755356
4,0.45,22,2,complied,30634,7.851368,1.685888
4,0.45,22,2,refused,27730,7.833421,1.651998
4,0.45,22,3,complied,30634,-18.263562,3.20285
4,0.45,22,3,refused,27730,-17.894803,3.053338
4,0.45,22,4,complied,30634,-4.177167,1.632479
4,0.45,22,4,refused,27730,-4.136974,1.524468
4,0.45,23,0,complied,30634,5.240779,2.569402
4,0.45,23,0,refused,27730,5.646013,2.588181
4,0.45,23,1,complied,30634,9.501793,1.987492
4,0.45,23,1,refused,27730,9.173125,1.934606
4,0.45,23,2,complied,30634,9.381312,2.033538
4,0.45,23,2,refused,27730,9.339114,1.951772
4,0.45,23,3,complied,30634,-21.276931,3.379113
4,0.45,23,3,refused,27730,-20.912508,3.210139
4,0.45,23,4,complied,30634,-5.168956,1.718955
4,0.45,23,4,refused,27730,-5.104059,1.614084
4,0.45,24,0,complied,30634,4.665337,3.081526
4,0.45,24,0,refused,27730,5.03374,3.043449
4,0.45,24,1,complied,30634,7.987275,2.285536
4,0.45,24,1,refused,27730,7.652116,2.238747
4,0.45,24,2,complied,30634,8.312101,2.193823
4,0.45,24,2,refused,27730,8.244429,2.187493
4,0.45,24,3,complied,30634,-17.818857,5.154786
4,0.45,24,3,refused,27730,-17.36506,4.760736
4,0.45,24,4,complied,30634,-4.430571,2.116839
4,0.45,24,4,refused,27730,-4.401128,1.949972
4,0.45,25,0,complied,30634,6.671271,3.297256
4,0.45,25,0,refused,27730,7.159293,3.283192
4,0.45,25,1,complied,30634,11.762829,2.617824
4,0.45,25,1,refused,27730,11.326614,2.49978
4,0.45,25,2,complied,30634,11.441776,2.708668
4,0.45,25,2,refused,27730,11.449755,2.575466
4,0.45,25,3,complied,30634,-25.585142,4.488908
4,0.45,25,3,refused,27730,-25.054601,4.314652
4,0.45,25,4,complied,30634,-6.569037,2.200292
4,0.45,25,4,refused,27730,-6.532443,2.082153
4,0.45,26,0,complied,30634,7.514888,3.614867
4,0.45,26,0,refused,27730,8.038351,3.527885
4,0.45,26,1,complied,30634,12.987604,2.836485
4,0.45,26,1,refused,27730,12.487372,2.74823
4,0.45,26,2,complied,30634,13.417095,3.049722
4,0.45,26,2,refused,27730,13.348372,2.893296
4,0.45,26,3,complied,30634,-28.661619,6.204804
4,0.45,26,3,refused,27730,-27.988428,5.887494
4,0.45,26,4,complied,30634,-7.689329,2.689322
4,0.45,26,4,refused,27730,-7.624702,2.508782
4,0.45,27,0,complied,30634,8.709261,4.215165
4,0.45,27,0,refused,27730,9.459553,4.050662
4,0.45,27,1,complied,30634,15.938267,3.530273
4,0.45,27,1,refused,27730,15.345064,3.434484
4,0.45,27,2,complied,30634,16.687636,3.785321
4,0.45,27,2,refused,27730,16.470478,3.598227
4,0.45,27,3,complied,30634,-35.452925,7.509047
4,0.45,27,3,refused,27730,-34.704181,7.31572
4,0.45,27,4,complied,30634,-9.353204,3.410512
4,0.45,27,4,refused,27730,-9.364528,3.153408
4,0.45,28,0,complied,30634,10.26753,5.086273
4,0.45,28,0,refused,27730,11.237992,4.786365
4,0.45,28,1,complied,30634,18.145787,4.222939
4,0.45,28,1,refused,27730,17.631666,4.115265
4,0.45,28,2,complied,30634,18.586761,4.130407
4,0.45,28,2,refused,27730,18.423389,3.95719
4,0.45,28,3,complied,30634,-39.277408,10.104962
4,0.45,28,3,refused,27730,-38.70843,9.692615
4,0.45,28,4,complied,30634,-10.463796,4.636162
4,0.45,28,4,refused,27730,-10.575146,4.291883
4,0.45,29,0,complied,30634,11.838512,5.893764
4,0.45,29,0,refused,27730,12.989508,5.583521
4,0.45,29,1,complied,30634,21.685127,4.928003
4,0.45,29,1,refused,27730,21.135123,4.775415
4,0.45,29,2,complied,30634,22.146663,5.142371
4,0.45,29,2,refused,27730,22.040701,5.034208
4,0.45,29,3,complied,30634,-47.533852,11.652998
4,0.45,29,3,refused,27730,-46.494745,11.516145
4,0.45,29,4,complied,30634,-12.984279,5.210537
4,0.45,29,4,refused,27730,-13.28886,4.899132
4,0.45,30,0,complied,30634,14.704813,6.845548
4,0.45,30,0,refused,27730,16.261257,6.439929
4,0.45,30,1,complied,30634,26.510581,6.000689
4,0.45,30,1,refused,27730,26.212449,5.763982
4,0.45,30,2,complied,30634,26.756749,6.501901
4,0.45,30,2,refused,27730,26.869411,6.24167
4,0.45,30,3,complied,30634,-57.278031,13.623649
4,0.45,30,3,refused,27730,-56.687474,13.440709
4,0.45,30,4,complied,30634,-16.142441,6.490216
4,0.45,30,4,refused,27730,-16.891731,6.158696
4,0.45,31,0,complied,30634,16.847128,7.897578
4,0.45,31,0,refused,27730,18.896789,7.387434
4,0.45,31,1,complied,30634,31.881829,7.168918
4,0.45,31,1,refused,27730,31.135532,6.89196
4,0.45,31,2,complied,30634,31.422059,7.636668
4,0.45,31,2,refused,27730,31.683123,7.375201
4,0.45,31,3,complied,30634,-68.408848,15.700724
4,0.45,31,3,refused,27730,-67.694369,15.498219
4,0.45,31,4,complied,30634,-18.783805,7.318555
4,0.45,31,4,refused,27730,-19.646823,6.905618
4,0.45,32,0,complied,30634,21.318432,8.778777
4,0.45,32,0,refused,27730,23.483315,8.302644
4,0.45,32,1,complied,30634,37.680676,8.207248
4,0.45,32,1,refused,27730,36.439044,7.891699
4,0.45,32,2,complied,30634,36.828301,8.539975
4,0.45,32,2,refused,27730,37.107148,8.267506
4,0.45,32,3,complied,30634,-82.109627,17.886371
4,0.45,32,3,refused,27730,-80.761307,17.860354
4,0.45,32,4,complied,30634,-23.017062,8.326429
4,0.45,32,4,refused,27730,-24.125132,7.876566
4,0.45,33,0,complied,30634,25.098271,9.804747
4,0.45,33,0,refused,27730,27.667704,9.333344
4,0.45,33,1,complied,30634,45.818955,9.386105
4,0.45,33,1,refused,27730,44.100239,9.058691
4,0.45,33,2,complied,30634,44.028326,9.651254
4,0.45,33,2,refused,27730,44.058363,9.508458
4,0.45,33,3,complied,30634,-98.202161,19.739354
4,0.45,33,3,refused,27730,-96.395504,20.174092
4,0.45,33,4,complied,30634,-27.020884,9.10338
4,0.45,33,4,refused,27730,-28.113827,8.782908
4,0.45,34,0,complied,30634,29.144348,10.591498
4,0.45,34,0,refused,27730,31.946348,9.931733
4,0.45,34,1,complied,30634,52.74478,10.429486
4,0.45,34,1,refused,27730,50.471202,10.188292
4,0.45,34,2,complied,30634,50.597203,10.520893
4,0.45,34,2,refused,27730,50.296487,10.481527
4,0.45,34,3,complied,30634,-113.642822,23.702226
4,0.45,34,3,refused,27730,-111.291268,24.438774
4,0.45,34,4,complied,30634,-30.262215,10.277144
4,0.45,34,4,refused,27730,-31.180837,10.065884
4,0.45,35,0,complied,30634,32.926717,10.842078
4,0.45,35,0,refused,27730,35.886457,10.232746
4,0.45,35,1,complied,30634,60.739226,11.425378
4,0.45,35,1,refused,27730,58.291942,10.8423
4,0.45,35,2,complied,30634,57.3947,11.194044
4,0.45,35,2,refused,27730,57.081414,11.053717
4,0.45,35,3,complied,30634,-130.978527,25.551545
4,0.45,35,3,refused,27730,-128.334799,26.437211
4,0.45,35,4,complied,30634,-35.202063,10.450244
4,0.45,35,4,refused,27730,-36.317691,10.229333
4,0.45,36,0,complied,30634,38.389787,11.557566
4,0.45,36,0,refused,27730,41.574668,11.177796
4,0.45,36,1,complied,30634,72.623697,13.506006
4,0.45,36,1,refused,27730,69.748142,12.730049
4,0.45,36,2,complied,30634,67.232254,12.628759
4,0.45,36,2,refused,27730,66.874419,12.427163
4,0.45,36,3,complied,30634,-160.86472,30.613765
4,0.45,36,3,refused,27730,-156.767938,31.692063
4,0.45,36,4,complied,30634,-42.483793,11.555712
4,0.45,36,4,refused,27730,-43.353232,11.45411
4,0.45,37,0,complied,30634,43.187663,11.999791
4,0.45,37,0,refused,27730,46.320902,11.717301
4,0.45,37,1,complied,30634,85.196627,15.583133
4,0.45,37,1,refused,27730,81.809082,15.080676
4,0.45,37,2,complied,30634,77.159764,13.527746
4,0.45,37,2,refused,27730,76.558606,13.467485
4,0.45,37,3,complied,30634,-187.454927,33.927243
4,0.45,37,3,refused,27730,-182.147457,36.760586
4,0.45,37,4,complied,30634,-50.681234,12.436338
4,0.45,37,4,refused,27730,-50.895887,12.78083
4,0.45,38,0,complied,30634,56.505166,14.084729
4,0.45,38,0,refused,27730,60.44901,14.0594
4,0.45,38,1,complied,30634,104.920225,18.608286
4,0.45,38,1,refused,27730,101.265812,17.966469
4,0.45,38,2,complied,30634,91.356115,15.310651
4,0.45,38,2,refused,27730,91.245702,14.626705
4,0.45,38,3,complied,30634,-230.521765,40.013783
4,0.45,38,3,refused,27730,-225.495676,42.557509
4,0.45,38,4,complied,30634,-60.007669,13.096952
4,0.45,38,4,refused,27730,-60.699818,13.435406
4,0.45,39,0,complied,30634,78.76538,19.489264
4,0.45,39,0,refused,27730,82.542662,19.328917
4,0.45,39,1,complied,30634,149.71493,25.929943
4,0.45,39,1,refused,27730,145.63717,25.280709
4,0.45,39,2,complied,30634,125.003415,21.567303
4,0.45,39,2,refused,27730,125.351826,20.270141
4,0.45,39,3,complied,30634,-324.29815,54.868347
4,0.45,39,3,refused,27730,-321.682848,55.992506
4,0.45,39,4,complied,30634,-77.811691,16.73474
4,0.45,39,4,refused,27730,-78.87686,17.290967
5,0.55,0,0,complied,30640,0.012677,0.02617
5,0.55,0,0,refused,27730,0.015136,0.026276
5,0.55,0,1,complied,30640,0.036622,0.05084
5,0.55,0,1,refused,27730,0.042583,0.052373
5,0.55,0,2,complied,30640,0.016701,0.032709
5,0.55,0,2,refused,27730,0.019395,0.033315
5,0.55,0,3,complied,30640,-0.027406,0.061706
5,0.55,0,3,refused,27730,-0.032563,0.066504
5,0.55,0,4,complied,30640,0.001599,0.028595
5,0.55,0,4,refused,27730,-0.000483,0.029107
5,0.55,1,0,complied,30640,0.635693,0.192182
5,0.55,1,0,refused,27730,0.650255,0.177341
5,0.55,1,1,complied,30640,0.655771,0.271996
5,0.55,1,1,refused,27730,0.68493,0.258505
5,0.55,1,2,complied,30640,0.031865,0.220631
5,0.55,1,2,refused,27730,0.052006,0.210004
5,0.55,1,3,complied,30640,-2.175137,0.422023
5,0.55,1,3,refused,27730,-2.211435,0.391607
5,0.55,1,4,complied,30640,-0.488958,0.140591
5,0.55,1,4,refused,27730,-0.507594,0.133645
5,0.55,2,0,complied,30640,1.027281,0.288859
5,0.55,2,0,refused,27730,1.025748,0.262214
5,0.55,2,1,complied,30640,0.8681,0.362788
5,0.55,2,1,refused,27730,0.902777,0.335722
5,0.55,2,2,complied,30640,-0.008295,0.281591
5,0.55,2,2,refused,27730,0.006709,0.261406
5,0.55,2,3,complied,30640,-3.171926,0.722028
5,0.55,2,3,refused,27730,-3.232692,0.673104
5,0.55,2,4,complied,30640,-0.777433,0.222492
5,0.55,2,4,refused,27730,-0.795548,0.207997
5,0.55,3,0,complied,30640,1.205576,0.339548
5,0.55,3,0,refused,27730,1.204312,0.31125
5,0.55,3,1,complied,30640,1.001152,0.411681
5,0.55,3,1,refused,27730,1.036295,0.379713
5,0.55,3,2,complied,30640,0.036618,0.325467
5,0.55,3,2,refused,27730,0.057061,0.304883
5,0.55,3,3,complied,30640,-3.766192,0.83683
5,0.55,3,3,refused,27730,-3.829773,0.773343
5,0.55,3,4,complied,30640,-0.925978,0.273968
5,0.55,3,4,refused,27730,-0.936194,0.248892
5,0.55,4,0,complied,30640,1.41296,0.381069
5,0.55,4,0,refused,27730,1.422388,0.346971
5,0.55,4,1,complied,30640,1.138538,0.44246
5,0.55,4,1,refused,27730,1.179681,0.405253
5,0.55,4,2,complied,30640,0.128609,0.359027
5,0.55,4,2,refused,27730,0.141421,0.335045
5,0.55,4,3,complied,30640,-4.247279,0.881044
5,0.55,4,3,refused,27730,-4.31487,0.805404
5,0.55,4,4,complied,30640,-1.067546,0.307292
5,0.55,4,4,refused,27730,-1.066648,0.278116
5,0.55,5,0,complied,30640,1.688394,0.431598
5,0.55,5,0,refused,27730,1.726899,0.401167
5,0.55,5,1,complied,30640,1.490021,0.466913
5,0.55,5,1,refused,27730,1.514146,0.427485
5,0.55,5,2,complied,30640,0.336978,0.381213
5,0.55,5,2,refused,27730,0.327368,0.353371
5,0.55,5,3,complied,30640,-5.539144,0.893852
5,0.55,5,3,refused,27730,-5.587497,0.820866
5,0.55,5,4,complied,30640,-1.438163,0.355365
5,0.55,5,4,refused,27730,-1.420947,0.326451
5,0.55,6,0,complied,30640,1.779103,0.522483
5,0.55,6,0,refused,27730,1.84142,0.486828
5,0.55,6,1,complied,30640,1.741383,0.516052
5,0.55,6,1,refused,27730,1.752161,0.476835
5,0.55,6,2,complied,30640,0.559863,0.446263
5,0.55,6,2,refused,27730,0.521055,0.40288
5,0.55,6,3,complied,30640,-6.279359,0.888356
5,0.55,6,3,refused,27730,-6.276223,0.81277
5,0.55,6,4,complied,30640,-1.664797,0.40324
5,0.55,6,4,refused,27730,-1.620151,0.370605
5,0.55,7,0,complied,30640,2.128868,0.629797
5,0.55,7,0,refused,27730,2.228241,0.574646
5,0.55,7,1,complied,30640,2.250391,0.531629
5,0.55,7,1,refused,27730,2.242542,0.491414
5,0.55,7,2,complied,30640,0.869632,0.481167
5,0.55,7,2,refused,27730,0.79322,0.435835
5,0.55,7,3,complied,30640,-7.223881,0.747699
5,0.55,7,3,refused,27730,-7.213486,0.671473
5,0.55,7,4,complied,30640,-1.960899,0.440379
5,0.55,7,4,refused,27730,-1.930244,0.411195
5,0.55,8,0,complied,30640,2.581156,0.670486
5,0.55,8,0,refused,27730,2.716706,0.626158
5,0.55,8,1,complied,30640,2.902504,0.562486
5,0.55,8,1,refused,27730,2.883912,0.507235
5,0.55,8,2,complied,30640,1.514833,0.526942
5,0.55,8,2,refused,27730,1.433524,0.469222
5,0.55,8,3,complied,30640,-8.506571,0.738474
5,0.55,8,3,refused,27730,-8.47166,0.649384
5,0.55,8,4,complied,30640,-2.15535,0.443916
5,0.55,8,4,refused,27730,-2.119578,0.407953
5,0.55,9,0,complied,30640,2.820296,0.78311
5,0.55,9,0,refused,27730,3.02154,0.722942
5,0.55,9,1,complied,30640,3.460088,0.595867
5,0.55,9,1,refused,27730,3.419141,0.53307
5,0.55,9,2,complied,30640,2.174724,0.558476
5,0.55,9,2,refused,27730,2.039242,0.501125
5,0.55,9,3,complied,30640,-9.58238,0.806865
5,0.55,9,3,refused,27730,-9.505162,0.718263
5,0.55,9,4,complied,30640,-2.220826,0.488709
5,0.55,9,4,refused,27730,-2.167493,0.455095
5,0.55,10,0,complied,30640,3.22967,0.858136
5,0.55,10,0,refused,27730,3.363732,0.809048
5,0.55,10,1,complied,30640,4.189522,0.665726
5,0.55,10,1,refused,27730,4.112103,0.597398
5,0.55,10,2,complied,30640,2.87634,0.614591
5,0.55,10,2,refused,27730,2.784627,0.530724
5,0.55,10,3,complied,30640,-10.744405,0.983995
5,0.55,10,3,refused,27730,-10.61059,0.883115
5,0.55,10,4,complied,30640,-2.417515,0.526958
5,0.55,10,4,refused,27730,-2.345719,0.49409
5,0.55,11,0,complied,30640,3.475575,0.926953
5,0.55,11,0,refused,27730,3.598441,0.87205
5,0.55,11,1,complied,30640,4.542579,0.717864
5,0.55,11,1,refused,27730,4.474967,0.656214
5,0.55,11,2,complied,30640,3.231048,0.662629
5,0.55,11,2,refused,27730,3.137146,0.58875
5,0.55,11,3,complied,30640,-11.497843,1.022552
5,0.55,11,3,refused,27730,-11.347063,0.926297
5,0.55,11,4,complied,30640,-2.584964,0.550958
5,0.55,11,4,refused,27730,-2.510462,0.52565
5,0.55,12,0,complied,30640,3.362439,0.979087
5,0.55,12,0,refused,27730,3.51746,0.9166
5,0.55,12,1,complied,30640,4.514165,0.80424
5,0.55,12,1,refused,27730,4.47667,0.734797
5,0.55,12,2,complied,30640,3.408408,0.717932
5,0.55,12,2,refused,27730,3.348955,0.64677
5,0.55,12,3,complied,30640,-11.399237,0.983823
5,0.55,12,3,refused,27730,-11.327764,0.892986
5,0.55,12,4,complied,30640,-2.525092,0.58441
5,0.55,12,4,refused,27730,-2.443152,0.559665
5,0.55,13,0,complied,30640,3.462618,0.971482
5,0.55,13,0,refused,27730,3.597339,0.933364
5,0.55,13,1,complied,30640,4.663052,0.898004
5,0.55,13,1,refused,27730,4.56916,0.810357
5,0.55,13,2,complied,30640,3.659175,0.772114
5,0.55,13,2,refused,27730,3.624681,0.688736
5,0.55,13,3,complied,30640,-11.406035,0.960805
5,0.55,13,3,refused,27730,-11.301988,0.887225
5,0.55,13,4,complied,30640,-2.589676,0.65703
5,0.55,13,4,refused,27730,-2.495784,0.632278
5,0.55,14,0,complied,30640,3.490961,1.030174
5,0.55,14,0,refused,27730,3.685222,0.983618
5,0.55,14,1,complied,30640,4.586202,0.905207
5,0.55,14,1,refused,27730,4.539595,0.83109
5,0.55,14,2,complied,30640,3.852753,0.765014
5,0.55,14,2,refused,27730,3.781291,0.677658
5,0.55,14,3,complied,30640,-11.539028,1.035207
5,0.55,14,3,refused,27730,-11.393852,0.930775
5,0.55,14,4,complied,30640,-2.702341,0.654533
5,0.55,14,4,refused,27730,-2.629812,0.617505
5,0.55,15,0,complied,30640,3.584007,1.13206
5,0.55,15,0,refused,27730,3.811122,1.072475
5,0.55,15,1,complied,30640,4.796824,0.94731
5,0.55,15,1,refused,27730,4.740756,0.881106
5,0.55,15,2,complied,30640,4.002891,0.762855
5,0.55,15,2,refused,27730,3.930765,0.69794
5,0.55,15,3,complied,30640,-11.254629,1.317429
5,0.55,15,3,refused,27730,-11.170346,1.178404
5,0.55,15,4,complied,30640,-2.742557,0.728489
5,0.55,15,4,refused,27730,-2.680698,0.685462
5,0.55,16,0,complied,30640,3.680319,1.119201
5,0.55,16,0,refused,27730,3.886312,1.088276
5,0.55,16,1,complied,30640,4.991687,1.024328
5,0.55,16,1,refused,27730,4.951012,0.942845
5,0.55,16,2,complied,30640,4.387088,0.809493
5,0.55,16,2,refused,27730,4.295289,0.751483
5,0.55,16,3,complied,30640,-11.904356,1.446358
5,0.55,16,3,refused,27730,-11.839172,1.291466
5,0.55,16,4,complied,30640,-2.810852,0.806879
5,0.55,16,4,refused,27730,-2.768947,0.755737
5,0.55,17,0,complied,30640,3.778941,1.208538
5,0.55,17,0,refused,27730,4.095962,1.188308
5,0.55,17,1,complied,30640,5.265518,1.06515
5,0.55,17,1,refused,27730,5.221546,0.991967
5,0.55,17,2,complied,30640,4.73541,0.909317
5,0.55,17,2,refused,27730,4.677081,0.815532
5,0.55,17,3,complied,30640,-12.595161,1.375687
5,0.55,17,3,refused,27730,-12.607601,1.249919
5,0.55,17,4,complied,30640,-2.936587,0.84898
5,0.55,17,4,refused,27730,-2.927395,0.812934
5,0.55,18,0,complied,30640,4.165353,1.353448
5,0.55,18,0,refused,27730,4.550472,1.351424
5,0.55,18,1,complied,30640,5.958945,1.154934
5,0.55,18,1,refused,27730,5.831793,1.087605
5,0.55,18,2,complied,30640,4.985001,0.995319
5,0.55,18,2,refused,27730,4.86923,0.904453
5,0.55,18,3,complied,30640,-13.855691,1.60736
5,0.55,18,3,refused,27730,-13.977072,1.500317
5,0.55,18,4,complied,30640,-3.082853,0.929222
5,0.55,18,4,refused,27730,-3.08763,0.882163
5,0.55,19,0,complied,30640,4.071322,1.457308
5,0.55,19,0,refused,27730,4.393622,1.446348
5,0.55,19,1,complied,30640,6.294703,1.235499
5,0.55,19,1,refused,27730,6.153719,1.170596
5,0.55,19,2,complied,30640,5.612366,1.084806
5,0.55,19,2,refused,27730,5.586152,0.972088
5,0.55,19,3,complied,30640,-14.388419,1.769255
5,0.55,19,3,refused,27730,-14.430212,1.686488
5,0.55,19,4,complied,30640,-3.213097,1.004987
5,0.55,19,4,refused,27730,-3.24382,0.958986
5,0.55,20,0,complied,30640,4.098449,1.649175
5,0.55,20,0,refused,27730,4.34725,1.662331
5,0.55,20,1,complied,30640,6.675771,1.34422
5,0.55,20,1,refused,27730,6.520285,1.291941
5,0.55,20,2,complied,30640,6.041585,1.194965
5,0.55,20,2,refused,27730,5.984096,1.104545
5,0.55,20,3,complied,30640,-14.86885,2.160935
5,0.55,20,3,refused,27730,-14.811357,2.060174
5,0.55,20,4,complied,30640,-3.343648,1.102895
5,0.55,20,4,refused,27730,-3.322729,1.040046
5,0.55,21,0,complied,30640,3.461879,1.917019
5,0.55,21,0,refused,27730,3.715444,1.913534
5,0.55,21,1,complied,30640,6.249366,1.503294
5,0.55,21,1,refused,27730,6.078527,1.471599
5,0.55,21,2,complied,30640,5.954572,1.373395
5,0.55,21,2,refused,27730,5.984366,1.333146
5,0.55,21,3,complied,30640,-13.500081,3.157574
5,0.55,21,3,refused,27730,-13.503448,2.998303
5,0.55,21,4,complied,30640,-3.032167,1.396314
5,0.55,21,4,refused,27730,-3.095479,1.318102
5,0.55,22,0,complied,30640,4.57956,2.246152
5,0.55,22,0,refused,27730,4.897233,2.270123
5,0.55,22,1,complied,30640,8.247261,1.789281
5,0.55,22,1,refused,27730,7.897409,1.73399
5,0.55,22,2,complied,30640,7.814962,1.712388
5,0.55,22,2,refused,27730,7.774344,1.637068
5,0.55,22,3,complied,30640,-18.23198,3.176142
5,0.55,22,3,refused,27730,-17.833112,3.116802
5,0.55,22,4,complied,30640,-4.177099,1.582919
5,0.55,22,4,refused,27730,-4.127764,1.529318
5,0.55,23,0,complied,30640,5.312171,2.511061
5,0.55,23,0,refused,27730,5.630959,2.597448
5,0.55,23,1,complied,30640,9.507756,1.972261
5,0.55,23,1,refused,27730,9.124014,1.926876
5,0.55,23,2,complied,30640,9.291792,2.040189
5,0.55,23,2,refused,27730,9.251645,1.931994
5,0.55,23,3,complied,30640,-21.207839,3.354491
5,0.55,23,3,refused,27730,-20.84401,3.265142
5,0.55,23,4,complied,30640,-5.141486,1.659116
5,0.55,23,4,refused,27730,-5.097424,1.62697
5,0.55,24,0,complied,30640,4.717002,2.992917
5,0.55,24,0,refused,27730,4.990245,3.079568
5,0.55,24,1,complied,30640,7.933699,2.259665
5,0.55,24,1,refused,27730,7.58577,2.248101
5,0.55,24,2,complied,30640,8.191509,2.177453
5,0.55,24,2,refused,27730,8.167279,2.19759
5,0.55,24,3,complied,30640,-17.658957,5.110983
5,0.55,24,3,refused,27730,-17.265145,4.936844
5,0.55,24,4,complied,30640,-4.38258,2.064477
5,0.55,24,4,refused,27730,-4.35432,2.010293
5,0.55,25,0,complied,30640,6.715946,3.198857
5,0.55,25,0,refused,27730,7.138237,3.308316
5,0.55,25,1,complied,30640,11.709867,2.590124
5,0.55,25,1,refused,27730,11.289598,2.463677
5,0.55,25,2,complied,30640,11.387069,2.686303
5,0.55,25,2,refused,27730,11.387419,2.563718
5,0.55,25,3,complied,30640,-25.529269,4.486791
5,0.55,25,3,refused,27730,-25.00913,4.382849
5,0.55,25,4,complied,30640,-6.585211,2.158269
5,0.55,25,4,refused,27730,-6.509717,2.124532
5,0.55,26,0,complied,30640,7.50187,3.516685
5,0.55,26,0,refused,27730,7.964028,3.553313
5,0.55,26,1,complied,30640,12.92217,2.815388
5,0.55,26,1,refused,27730,12.419711,2.731334
5,0.55,26,2,complied,30640,13.367158,3.05954
5,0.55,26,2,refused,27730,13.277712,2.882523
5,0.55,26,3,complied,30640,-28.694142,6.182082
5,0.55,26,3,refused,27730,-27.871137,5.961511
5,0.55,26,4,complied,30640,-7.682024,2.660727
5,0.55,26,4,refused,27730,-7.522079,2.599698
5,0.55,27,0,complied,30640,8.720732,4.105366
5,0.55,27,0,refused,27730,9.365295,4.038127
5,0.55,27,1,complied,30640,15.902935,3.530217
5,0.55,27,1,refused,27730,15.337974,3.419271
5,0.55,27,2,complied,30640,16.693099,3.77651
5,0.55,27,2,refused,27730,16.465671,3.57587
5,0.55,27,3,complied,30640,-35.499327,7.465278
5,0.55,27,3,refused,27730,-34.619585,7.381057
5,0.55,27,4,complied,30640,-9.373122,3.360342
5,0.55,27,4,refused,27730,-9.260883,3.262713
5,0.55,28,0,complied,30640,10.27675,4.917808
5,0.55,28,0,refused,27730,11.095194,4.761408
5,0.55,28,1,complied,30640,18.10108,4.237605
5,0.55,28,1,refused,27730,17.583179,4.120481
5,0.55,28,2,complied,30640,18.601754,4.154838
5,0.55,28,2,refused,27730,18.42726,3.915486
5,0.55,28,3,complied,30640,-39.372519,10.027542
5,0.55,28,3,refused,27730,-38.521385,9.724318
5,0.55,28,4,complied,30640,-10.495932,4.537436
5,0.55,28,4,refused,27730,-10.471878,4.370267
5,0.55,29,0,complied,30640,11.854592,5.716317
5,0.55,29,0,refused,27730,12.89472,5.564563
5,0.55,29,1,complied,30640,21.687127,4.938241
5,0.55,29,1,refused,27730,21.112131,4.754207
5,0.55,29,2,complied,30640,22.270869,5.173729
5,0.55,29,2,refused,27730,22.185448,4.983732
5,0.55,29,3,complied,30640,-47.736541,11.622018
5,0.55,29,3,refused,27730,-46.405475,11.541565
5,0.55,29,4,complied,30640,-13.036036,5.118498
5,0.55,29,4,refused,27730,-13.231819,4.973221
5,0.55,30,0,complied,30640,14.590324,6.666418
5,0.55,30,0,refused,27730,16.089747,6.366627
5,0.55,30,1,complied,30640,26.505771,6.04432
5,0.55,30,1,refused,27730,26.185111,5.762005
5,0.55,30,2,complied,30640,26.932502,6.536262
5,0.55,30,2,refused,27730,27.023608,6.211975
5,0.55,30,3,complied,30640,-57.496725,13.637784
5,0.55,30,3,refused,27730,-56.553888,13.393054
5,0.55,30,4,complied,30640,-16.222882,6.406437
5,0.55,30,4,refused,27730,-16.75546,6.251695
5,0.55,31,0,complied,30640,16.646487,7.691549
5,0.55,31,0,refused,27730,18.733919,7.321562
5,0.55,31,1,complied,30640,31.818401,7.188164
5,0.55,31,1,refused,27730,31.119075,6.882651
5,0.55,31,2,complied,30640,31.624207,7.695007
5,0.55,31,2,refused,27730,31.884775,7.31659
5,0.55,31,3,complied,30640,-68.531072,15.73255
5,0.55,31,3,refused,27730,-67.416289,15.456949
5,0.55,31,4,complied,30640,-18.857839,7.274575
5,0.55,31,4,refused,27730,-19.476042,7.027305
5,0.55,32,0,complied,30640,20.997743,8.589376
5,0.55,32,0,refused,27730,23.229541,8.217599
5,0.55,32,1,complied,30640,37.537421,8.262849
5,0.55,32,1,refused,27730,36.403977,7.915169
5,0.55,32,2,complied,30640,37.036603,8.582653
5,0.55,32,2,refused,27730,37.272309,8.21392
5,0.55,32,3,complied,30640,-82.220325,17.937696
5,0.55,32,3,refused,27730,-80.288443,17.883693
5,0.55,32,4,complied,30640,-23.058719,8.332619
5,0.55,32,4,refused,27730,-23.909728,8.022734
5,0.55,33,0,complied,30640,24.816426,9.554149
5,0.55,33,0,refused,27730,27.332821,9.242844
5,0.55,33,1,complied,30640,45.636939,9.458945
5,0.55,33,1,refused,27730,44.06779,9.088155
5,0.55,33,2,complied,30640,44.234123,9.702983
5,0.55,33,2,refused,27730,44.240775,9.429165
5,0.55,33,3,complied,30640,-98.170041,19.882449
5,0.55,33,3,refused,27730,-95.744383,20.228889
5,0.55,33,4,complied,30640,-27.062392,9.040597
5,0.55,33,4,refused,27730,-27.851033,8.923102
5,0.55,34,0,complied,30640,28.861716,10.292316
5,0.55,34,0,refused,27730,31.635162,9.831842
5,0.55,34,1,complied,30640,52.509041,10.526991
5,0.55,34,1,refused,27730,50.350959,10.271726
5,0.55,34,2,complied,30640,50.876495,10.633852
5,0.55,34,2,refused,27730,50.453023,10.419327
5,0.55,34,3,complied,30640,-113.678067,23.866954
5,0.55,34,3,refused,27730,-110.490579,24.50906
5,0.55,34,4,complied,30640,-30.30764,10.187834
5,0.55,34,4,refused,27730,-30.912764,10.189878
5,0.55,35,0,complied,30640,32.630571,10.588812
5,0.55,35,0,refused,27730,35.592095,10.084924
5,0.55,35,1,complied,30640,60.462258,11.508541
5,0.55,35,1,refused,27730,58.12221,10.934681
5,0.55,35,2,complied,30640,57.852094,11.267098
5,0.55,35,2,refused,27730,57.287904,11.047764
5,0.55,35,3,complied,30640,-130.995202,25.749263
5,0.55,35,3,refused,27730,-127.584314,26.445404
5,0.55,35,4,complied,30640,-35.142996,10.33274
5,0.55,35,4,refused,27730,-35.999848,10.266932
5,0.55,36,0,complied,30640,38.020962,11.320804
5,0.55,36,0,refused,27730,41.206417,10.969182
5,0.55,36,1,complied,30640,72.358393,13.59877
5,0.55,36,1,refused,27730,69.511518,12.926771
5,0.55,36,2,complied,30640,67.590581,12.749681
5,0.55,36,2,refused,27730,66.930546,12.506337
5,0.55,36,3,complied,30640,-160.727865,30.932316
5,0.55,36,3,refused,27730,-155.793425,31.875041
5,0.55,36,4,complied,30640,-42.354194,11.397663
5,0.55,36,4,refused,27730,-43.067123,11.412835
5,0.55,37,0,complied,30640,42.758412,11.769394
5,0.55,37,0,refused,27730,45.921156,11.578704
5,0.55,37,1,complied,30640,84.842236,15.679474
5,0.55,37,1,refused,27730,81.594982,15.206089
5,0.55,37,2,complied,30640,77.526383,13.642555
5,0.55,37,2,refused,27730,76.674177,13.494597
5,0.55,37,3,complied,30640,-187.2389,34.490874
5,0.55,37,3,refused,27730,-180.979221,36.770768
5,0.55,37,4,complied,30640,-50.544,12.303784
5,0.55,37,4,refused,27730,-50.646407,12.694964
5,0.55,38,0,complied,30640,55.905746,13.85681
5,0.55,38,0,refused,27730,59.996779,13.914073
5,0.55,38,1,complied,30640,104.478414,18.671526
5,0.55,38,1,refused,27730,100.942861,18.175722
5,0.55,38,2,complied,30640,91.611868,15.429953
5,0.55,38,2,refused,27730,91.273014,14.550881
5,0.55,38,3,complied,30640,-230.116888,40.632461
5,0.55,38,3,refused,27730,-224.122984,42.674016
5,0.55,38,4,complied,30640,-59.945328,12.923715
5,0.55,38,4,refused,27730,-60.33633,13.270542
5,0.55,39,0,complied,30640,77.935943,19.354761
5,0.55,39,0,refused,27730,81.951806,19.342388
5,0.55,39,1,complied,30640,149.106357,25.942258
5,0.55,39,1,refused,27730,145.141594,25.668763
5,0.55,39,2,complied,30640,125.29154,21.821609
5,0.55,39,2,refused,27730,124.962093,20.3742
5,0.55,39,3,complied,30640,-323.81312,55.371736
5,0.55,39,3,refused,27730,-319.787688,56.864331
5,0.55,39,4,complied,30640,-77.683366,16.684758
5,0.55,39,4,refused,27730,-78.333048,17.336163
6,0.65,0,0,complied,30634,0.012896,0.026266
6,0.65,0,0,refused,27731,0.015286,0.026391
6,0.65,0,1,complied,30634,0.036976,0.050415
6,0.65,0,1,refused,27731,0.042326,0.052604
6,0.65,0,2,complied,30634,0.017148,0.032609
6,0.65,0,2,refused,27731,0.019338,0.033235
6,0.65,0,3,complied,30634,-0.027342,0.061184
6,0.65,0,3,refused,27731,-0.032781,0.066807
6,0.65,0,4,complied,30634,0.001384,0.028532
6,0.65,0,4,refused,27731,-0.000189,0.029208
6,0.65,1,0,complied,30634,0.636949,0.191651
6,0.65,1,0,refused,27731,0.649894,0.177864
6,0.65,1,1,complied,30634,0.655083,0.270622
6,0.65,1,1,refused,27731,0.682468,0.259216
6,0.65,1,2,complied,30634,0.03366,0.218716
6,0.65,1,2,refused,27731,0.052074,0.210519
6,0.65,1,3,complied,30634,-2.171929,0.413247
6,0.65,1,3,refused,27731,-2.207803,0.38916
6,0.65,1,4,complied,30634,-0.489267,0.140922
6,0.65,1,4,refused,27731,-0.50496,0.134775
6,0.65,2,0,complied,30634,1.036491,0.290724
6,0.65,2,0,refused,27731,1.032954,0.262428
6,0.65,2,1,complied,30634,0.870942,0.359641
6,0.65,2,1,refused,27731,0.904752,0.336451
6,0.65,2,2,complied,30634,-0.004829,0.27974
6,0.65,2,2,refused,27731,0.007653,0.261817
6,0.65,2,3,complied,30634,-3.170478,0.710468
6,0.65,2,3,refused,27731,-3.224325,0.666654
6,0.65,2,4,complied,30634,-0.778559,0.223702
6,0.65,2,4,refused,27731,-0.790714,0.209442
6,0.65,3,0,complied,30634,1.213137,0.340724
6,0.65,3,0,refused,27731,1.211927,0.312446
6,0.65,3,1,complied,30634,1.005082,0.406175
6,0.65,3,1,refused,27731,1.038303,0.379795
6,0.65,3,2,complied,30634,0.041747,0.324483
6,0.65,3,2,refused,27731,0.059748,0.302778
6,0.65,3,3,complied,30634,-3.763724,0.823032
6,0.65,3,3,refused,27731,-3.817723,0.764598
6,0.65,3,4,complied,30634,-0.925713,0.273987
6,0.65,3,4,refused,27731,-0.929943,0.2505
6,0.65,4,0,complied,30634,1.42387,0.380184
6,0.65,4,0,refused,27731,1.431811,0.348823
6,0.65,4,1,complied,30634,1.143056,0.436075
6,0.65,4,1,refused,27731,1.184673,0.403688
6,0.65,4,2,complied,30634,0.132424,0.356648
6,0.65,4,2,refused,27731,0.146389,0.329933
6,0.65,4,3,complied,30634,-4.245264,0.867014
6,0.65,4,3,refused,27731,-4.302634,0.797107
6,0.65,4,4,complied,30634,-1.062873,0.307448
6,0.65,4,4,refused,27731,-1.058479,0.280909
6,0.65,5,0,complied,30634,1.701829,0.429314
6,0.65,5,0,refused,27731,1.735037,0.403731
6,0.65,5,1,complied,30634,1.492982,0.460997
6,0.65,5,1,refused,27731,1.517552,0.425031
6,0.65,5,2,complied,30634,0.337469,0.380595
6,0.65,5,2,refused,27731,0.332994,0.3491
6,0.65,5,3,complied,30634,-5.537523,0.879169
6,0.65,5,3,refused,27731,-5.578215,0.809067
6,0.65,5,4,complied,30634,-1.432479,0.354839
6,0.65,5,4,refused,27731,-1.41509,0.326612
6,0.65,6,0,complied,30634,1.793106,0.521248
6,0.65,6,0,refused,27731,1.848234,0.486895
6,0.65,6,1,complied,30634,1.74584,0.518228
6,0.65,6,1,refused,27731,1.76204,0.475093
6,0.65,6,2,complied,30634,0.561629,0.445777
6,0.65,6,2,refused,27731,0.527584,0.396689
6,0.65,6,3,complied,30634,-6.272453,0.878809
6,0.65,6,3,refused,27731,-6.267051,0.798055
6,0.65,6,4,complied,30634,-1.65535,0.40447
6,0.65,6,4,refused,27731,-1.610792,0.370625
6,0.65,7,0,complied,30634,2.149,0.628004
6,0.65,7,0,refused,27731,2.24274,0.568398
6,0.65,7,1,complied,30634,2.262059,0.537788
6,0.65,7,1,refused,27731,2.258008,0.492844
6,0.65,7,2,complied,30634,0.868918,0.485346
6,0.65,7,2,refused,27731,0.79889,0.430697
6,0.65,7,3,complied,30634,-7.225105,0.747169
6,0.65,7,3,refused,27731,-7.210897,0.659303
6,0.65,7,4,complied,30634,-1.954411,0.447021
6,0.65,7,4,refused,27731,-1.919856,0.409031
6,0.65,8,0,complied,30634,2.600559,0.669648
6,0.65,8,0,refused,27731,2.736219,0.620492
6,0.65,8,1,complied,30634,2.908012,0.566408
6,0.65,8,1,refused,27731,2.901614,0.508121
6,0.65,8,2,complied,30634,1.514305,0.533614
6,0.65,8,2,refused,27731,1.436821,0.46769
6,0.65,8,3,complied,30634,-8.503192,0.737846
6,0.65,8,3,refused,27731,-8.468531,0.636594
6,0.65,8,4,complied,30634,-2.148695,0.450147
6,0.65,8,4,refused,27731,-2.110891,0.406467
6,0.65,9,0,complied,30634,2.843963,0.784775
6,0.65,9,0,refused,27731,3.040748,0.71671
6,0.65,9,1,complied,30634,3.459113,0.601833
6,0.65,9,1,refused,27731,3.43894,0.533166
6,0.65,9,2,complied,30634,2.17288,0.564851
6,0.65,9,2,refused,27731,2.041826,0.501789
6,0.65,9,3,complied,30634,-9.57171,0.814655
6,0.65,9,3,refused,27731,-9.509444,0.705895
6,0.65,9,4,complied,30634,-2.207362,0.497893
6,0.65,9,4,refused,27731,-2.152562,0.453418
6,0.65,10,0,complied,30634,3.254137,0.866052
6,0.65,10,0,refused,27731,3.393083,0.799486
6,0.65,10,1,complied,30634,4.192417,0.675164
6,0.65,10,1,refused,27731,4.136349,0.600415
6,0.65,10,2,complied,30634,2.874463,0.622412
6,0.65,10,2,refused,27731,2.7878,0.532023
6,0.65,10,3,complied,30634,-10.736312,0.993688
6,0.65,10,3,refused,27731,-10.617134,0.874242
6,0.65,10,4,complied,30634,-2.40662,0.53307
6,0.65,10,4,refused,27731,-2.331227,0.493196
6,0.65,11,0,complied,30634,3.497743,0.931844
6,0.65,11,0,refused,27731,3.629366,0.862021
6,0.65,11,1,complied,30634,4.526046,0.729549
6,0.65,11,1,refused,27731,4.496862,0.6579
6,0.65,11,2,complied,30634,3.222817,0.670955
6,0.65,11,2,refused,27731,3.140575,0.587102
6,0.65,11,3,complied,30634,-11.473908,1.048499
6,0.65,11,3,refused,27731,-11.361808,0.911803
6,0.65,11,4,complied,30634,-2.576691,0.558788
6,0.65,11,4,refused,27731,-2.502043,0.522832
6,0.65,12,0,complied,30634,3.382118,0.989016
6,0.65,12,0,refused,27731,3.547369,0.911179
6,0.65,12,1,complied,30634,4.497876,0.818615
6,0.65,12,1,refused,27731,4.496179,0.738083
6,0.65,12,2,complied,30634,3.397059,0.727011
6,0.65,12,2,refused,27731,3.347288,0.649001
6,0.65,12,3,complied,30634,-11.3781,1.004121
6,0.65,12,3,refused,27731,-11.344511,0.881462
6,0.65,12,4,complied,30634,-2.519448,0.593624
6,0.65,12,4,refused,27731,-2.433215,0.56713
6,0.65,13,0,complied,30634,3.482102,0.977672
6,0.65,13,0,refused,27731,3.630302,0.926385
6,0.65,13,1,complied,30634,4.636792,0.909796
6,0.65,13,1,refused,27731,4.582165,0.815326
6,0.65,13,2,complied,30634,3.645824,0.778734
6,0.65,13,2,refused,27731,3.6252,0.696232
6,0.65,13,3,complied,30634,-11.385577,0.971802
6,0.65,13,3,refused,27731,-11.336037,0.883092
6,0.65,13,4,complied,30634,-2.590846,0.660528
6,0.65,13,4,refused,27731,-2.493427,0.640382
6,0.65,14,0,complied,30634,3.514607,1.035182
6,0.65,14,0,refused,27731,3.715393,0.969683
6,0.65,14,1,complied,30634,4.558993,0.922314
6,0.65,14,1,refused,27731,4.559108,0.831933
6,0.65,14,2,complied,30634,3.83441,0.774722
6,0.65,14,2,refused,27731,3.779149,0.688658
6,0.65,14,3,complied,30634,-11.504055,1.038978
6,0.65,14,3,refused,27731,-11.429711,0.911333
6,0.65,14,4,complied,30634,-2.702305,0.643659
6,0.65,14,4,refused,27731,-2.614232,0.621569
6,0.65,15,0,complied,30634,3.605949,1.142221
6,0.65,15,0,refused,27731,3.824323,1.057728
6,0.65,15,1,complied,30634,4.767189,0.969994
6,0.65,15,1,refused,27731,4.756128,0.882107
6,0.65,15,2,complied,30634,3.977145,0.776677
6,0.65,15,2,refused,27731,3.915923,0.709345
6,0.65,15,3,complied,30634,-11.222046,1.327035
6,0.65,15,3,refused,27731,-11.184052,1.135968
6,0.65,15,4,complied,30634,-2.731526,0.716196
6,0.65,15,4,refused,27731,-2.651064,0.684151
6,0.65,16,0,complied,30634,3.704903,1.131394
6,0.65,16,0,refused,27731,3.902672,1.065858
6,0.65,16,1,complied,30634,4.959536,1.054797
6,0.65,16,1,refused,27731,4.961515,0.942936
6,0.65,16,2,complied,30634,4.361289,0.813846
6,0.65,16,2,refused,27731,4.278399,0.764037
6,0.65,16,3,complied,30634,-11.869501,1.460369
6,0.65,16,3,refused,27731,-11.864288,1.246549
6,0.65,16,4,complied,30634,-2.791781,0.792997
6,0.65,16,4,refused,27731,-2.721652,0.754212
6,0.65,17,0,complied,30634,3.821418,1.204126
6,0.65,17,0,refused,27731,4.104185,1.160783
6,0.65,17,1,complied,30634,5.226888,1.097401
6,0.65,17,1,refused,27731,5.219712,0.989903
6,0.65,17,2,complied,30634,4.70357,0.906844
6,0.65,17,2,refused,27731,4.666297,0.82758
6,0.65,17,3,complied,30634,-12.513515,1.393235
6,0.65,17,3,refused,27731,-12.587118,1.215022
6,0.65,17,4,complied,30634,-2.938345,0.837373
6,0.65,17,4,refused,27731,-2.885542,0.811349
6,0.65,18,0,complied,30634,4.215162,1.354458
6,0.65,18,0,refused,27731,4.538757,1.321737
6,0.65,18,1,complied,30634,5.890084,1.181132
6,0.65,18,1,refused,27731,5.848403,1.071677
6,0.65,18,2,complied,30634,4.92501,0.992494
6,0.65,18,2,refused,27731,4.864682,0.929808
6,0.65,18,3,complied,30634,-13.783434,1.639858
6,0.65,18,3,refused,27731,-13.958712,1.449715
6,0.65,18,4,complied,30634,-3.075718,0.919952
6,0.65,18,4,refused,27731,-3.035941,0.886974
6,0.65,19,0,complied,30634,4.131979,1.462238
6,0.65,19,0,refused,27731,4.377458,1.41792
6,0.65,19,1,complied,30634,6.238943,1.262402
6,0.65,19,1,refused,27731,6.161567,1.15023
6,0.65,19,2,complied,30634,5.579973,1.081936
6,0.65,19,2,refused,27731,5.591594,0.9942
6,0.65,19,3,complied,30634,-14.313336,1.791384
6,0.65,19,3,refused,27731,-14.410978,1.637853
6,0.65,19,4,complied,30634,-3.191417,0.99477
6,0.65,19,4,refused,27731,-3.183814,0.953301
6,0.65,20,0,complied,30634,4.18165,3.366067
6,0.65,20,0,refused,27731,4.326904,1.651076
6,0.65,20,1,complied,30634,6.647225,5.053686
6,0.65,20,1,refused,27731,6.518807,1.250907
6,0.65,20,2,complied,30634,6.00824,3.635292
6,0.65,20,2,refused,27731,5.970704,1.126986
6,0.65,20,3,complied,30634,-14.844289,10.842111
6,0.65,20,3,refused,27731,-14.77261,2.026016
6,0.65,20,4,complied,30634,-3.329662,2.711805
6,0.65,20,4,refused,27731,-3.270445,1.046822
6,0.65,21,0,complied,30634,3.539515,3.547593
6,0.65,21,0,refused,27731,3.685765,1.888028
6,0.65,21,1,complied,30634,6.182714,5.143878
6,0.65,21,1,refused,27731,6.080149,1.439453
6,0.65,21,2,complied,30634,5.896333,3.739229
6,0.65,21,2,refused,27731,5.966254,1.358425
6,0.65,21,3,complied,30634,-13.394245,11.250661
6,0.65,21,3,refused,27731,-13.474938,2.918705
6,0.65,21,4,complied,30634,-3.018691,2.881429
6,0.65,21,4,refused,27731,-3.031738,1.301938
6,0.65,22,0,complied,30634,4.716679,3.759435
6,0.65,22,0,refused,27731,4.855349,2.261876
6,0.65,22,1,complied,30634,8.176352,5.259162
6,0.65,22,1,refused,27731,7.88481,1.693034
6,0.65,22,2,complied,30634,7.763981,3.889191
6,0.65,22,2,refused,27731,7.762944,1.689229
6,0.65,22,3,complied,30634,-18.147213,11.310786
6,0.65,22,3,refused,27731,-17.832826,3.078722
6,0.65,22,4,complied,30634,-4.149667,2.985516
6,0.65,22,4,refused,27731,-4.063345,1.533776
6,0.65,23,0,complied,30634,5.462033,3.948688
6,0.65,23,0,refused,27731,5.578403,2.578195
6,0.65,23,1,complied,30634,9.428148,5.34957
6,0.65,23,1,refused,27731,9.100096,1.888382
6,0.65,23,2,complied,30634,9.215084,4.039999
6,0.65,23,2,refused,27731,9.232554,1.966778
6,0.65,23,3,complied,30634,-21.085585,11.413732
6,0.65,23,3,refused,27731,-20.838325,3.235846
6,0.65,23,4,complied,30634,-5.081322,3.045647
6,0.65,23,4,refused,27731,-5.022309,1.641321
6,0.65,24,0,complied,30634,4.824424,4.272782
6,0.65,24,0,refused,27731,4.915086,3.021562
6,0.65,24,1,complied,30634,7.801889,5.464587
6,0.65,24,1,refused,27731,7.512453,2.201723
6,0.65,24,2,complied,30634,8.09763,4.146358
6,0.65,24,2,refused,27731,8.122009,2.234086
6,0.65,24,3,complied,30634,-17.418584,12.135443
6,0.65,24,3,refused,27731,-17.229562,4.844619
6,0.65,24,4,complied,30634,-4.275783,3.305364
6,0.65,24,4,refused,27731,-4.274191,2.00665
6,0.65,25,0,complied,30634,6.862049,4.422178
6,0.65,25,0,refused,27731,7.068123,3.259156
6,0.65,25,1,complied,30634,11.5944,5.59193
6,0.65,25,1,refused,27731,11.214136,2.431963
6,0.65,25,2,complied,30634,11.342623,4.398553
6,0.65,25,2,refused,27731,11.365491,2.611735
6,0.65,25,3,complied,30634,-25.366081,11.797785
6,0.65,25,3,refused,27731,-25.013774,4.330166
6,0.65,25,4,complied,30634,-6.495021,3.330937
6,0.65,25,4,refused,27731,-6.467195,2.143895
6,0.65,26,0,complied,30634,7.642974,4.65995
6,0.65,26,0,refused,27731,7.87491,3.498772
6,0.65,26,1,complied,30634,12.828947,5.710161
6,0.65,26,1,refused,27731,12.318669,2.708649
6,0.65,26,2,complied,30634,13.283569,4.617228
6,0.65,26,2,refused,27731,13.257589,2.926889
6,0.65,26,3,complied,30634,-28.550193,12.543754
6,0.65,26,3,refused,27731,-27.86107,5.922829
6,0.65,26,4,complied,30634,-7.555653,3.674473
6,0.65,26,4,refused,27731,-7.463126,2.620261
6,0.65,27,0,complied,30634,8.859384,5.088259
6,0.65,27,0,refused,27731,9.267864,3.987305
6,0.65,27,1,complied,30634,15.741629,6.09214
6,0.65,27,1,refused,27731,15.197052,3.394616
6,0.65,27,2,complied,30634,16.596287,5.116331
6,0.65,27,2,refused,27731,16.47515,3.631198
6,0.65,27,3,complied,30634,-35.253874,13.243398
6,0.65,27,3,refused,27731,-34.644992,7.357583
6,0.65,27,4,complied,30634,-9.223768,4.236401
6,0.65,27,4,refused,27731,-9.183183,3.313726
6,0.65,28,0,complied,30634,10.371307,5.770023
6,0.65,28,0,refused,27731,10.913069,4.692764
6,0.65,28,1,complied,30634,17.87362,6.512077
6,0.65,28,1,refused,27731,17.369347,4.096959
6,0.65,28,2,complied,30634,18.470465,5.384807
6,0.65,28,2,refused,27731,18.406054,3.970031
6,0.65,28,3,complied,30634,-39.037505,14.861502
6,0.65,28,3,refused,27731,-38.471855,9.709041
6,0.65,28,4,complied,30634,-10.286691,5.244278
6,0.65,28,4,refused,27731,-10.320399,4.434426
6,0.65,29,0,complied,30634,12.027428,6.478456
6,0.65,29,0,refused,27731,12.700656,5.487922
6,0.65,29,1,complied,30634,21.416966,7.00467
6,0.65,29,1,refused,27731,20.936542,4.738017
6,0.65,29,2,complied,30634,22.160093,6.203646
6,0.65,29,2,refused,27731,22.223963,4.979605
6,0.65,29,3,complied,30634,-47.363756,16.01981
6,0.65,29,3,refused,27731,-46.441405,11.57685
6,0.65,29,4,complied,30634,-12.83781,5.728781
6,0.65,29,4,refused,27731,-13.103264,5.007129
6,0.65,30,0,complied,30634,14.703713,7.341474
6,0.65,30,0,refused,27731,15.781611,6.287217
6,0.65,30,1,complied,30634,26.167487,7.821639
6,0.65,30,1,refused,27731,25.968818,5.738144
6,0.65,30,2,complied,30634,26.781445,7.386193
6,0.65,30,2,refused,27731,27.056443,6.218609
6,0.65,30,3,complied,30634,-57.003932,17.526607
6,0.65,30,3,refused,27731,-56.579366,13.478583
6,0.65,30,4,complied,30634,-15.932314,6.912989
6,0.65,30,4,refused,27731,-16.610116,6.235041
6,0.65,31,0,complied,30634,16.800834,8.319874
6,0.65,31,0,refused,27731,18.346118,7.212979
6,0.65,31,1,complied,30634,31.349557,8.722118
6,0.65,31,1,refused,27731,30.888781,6.821329
6,0.65,31,2,complied,30634,31.435503,8.43901
6,0.65,31,2,refused,27731,31.841239,7.302551
6,0.65,31,3,complied,30634,-67.883142,19.272789
6,0.65,31,3,refused,27731,-67.410854,15.521227
6,0.65,31,4,complied,30634,-18.512947,7.690327
6,0.65,31,4,refused,27731,-19.266797,6.997588
6,0.65,32,0,complied,30634,21.040545,9.222118
6,0.65,32,0,refused,27731,22.754187,8.10945
6,0.65,32,1,complied,30634,36.951396,9.608113
6,0.65,32,1,refused,27731,36.078774,7.82753
6,0.65,32,2,complied,30634,36.776761,9.315924
6,0.65,32,2,refused,27731,37.200346,8.192784
6,0.65,32,3,complied,30634,-81.347877,21.219127
6,0.65,32,3,refused,27731,-80.204395,17.986403
6,0.65,32,4,complied,30634,-22.734928,8.629209
6,0.65,32,4,refused,27731,-23.593823,7.978069
6,0.65,33,0,complied,30634,24.911038,10.11375
6,0.65,33,0,refused,27731,26.81148,9.071841
6,0.65,33,1,complied,30634,45.012732,10.663634
6,0.65,33,1,refused,27731,43.753916,8.944862
6,0.65,33,2,complied,30634,43.980112,10.331493
6,0.65,33,2,refused,27731,44.200125,9.363823
6,0.65,33,3,complied,30634,-97.297841,22.845943
6,0.65,33,3,refused,27731,-95.742722,20.260226
6,0.65,33,4,complied,30634,-26.726553,9.292224
6,0.65,33,4,refused,27731,-27.582725,8.863715
6,0.65,34,0,complied,30634,28.951166,10.800718
6,0.65,34,0,refused,27731,31.077955,9.724721
6,0.65,34,1,complied,30634,51.951295,11.610019
6,0.65,34,1,refused,27731,50.044355,10.058681
6,0.65,34,2,complied,30634,50.54936,11.203145
6,0.65,34,2,refused,27731,50.42464,10.364438
6,0.65,34,3,complied,30634,-112.772886,26.415447
6,0.65,34,3,refused,27731,-110.522012,24.52053
6,0.65,34,4,complied,30634,-29.982264,10.409816
6,0.65,34,4,refused,27731,-30.622841,10.159394
6,0.65,35,0,complied,30634,32.713156,11.018408
6,0.65,35,0,refused,27731,35.065495,10.007261
6,0.65,35,1,complied,30634,59.919693,12.455178
6,0.65,35,1,refused,27731,57.7737,10.702569
6,0.65,35,2,complied,30634,57.527732,11.831532
6,0.65,35,2,refused,27731,57.302791,10.965969
6,0.65,35,3,complied,30634,-130.051846,28.025238
6,0.65,35,3,refused,27731,-127.629885,26.384922
6,0.65,35,4,complied,30634,-34.816963,10.50909
6,0.65,35,4,refused,27731,-35.629253,10.228244
6,0.65,36,0,complied,30634,38.108547,11.765879
6,0.65,36,0,refused,27731,40.753047,10.867829
6,0.65,36,1,complied,30634,71.745786,14.406448
6,0.65,36,1,refused,27731,69.268388,12.733421
6,0.65,36,2,complied,30634,67.217005,13.210306
6,0.65,36,2,refused,27731,67.028271,12.371536
6,0.65,36,3,complied,30634,-159.630712,32.767587
6,0.65,36,3,refused,27731,-156.06946,31.836535
6,0.65,36,4,complied,30634,-42.031496,11.509945
6,0.65,36,4,refused,27731,-42.804027,11.339516
6,0.65,37,0,complied,30634,42.784961,12.162167
6,0.65,37,0,refused,27731,45.473281,11.432291
6,0.65,37,1,complied,30634,84.180495,16.359602
6,0.65,37,1,refused,27731,81.360889,14.991714
6,0.65,37,2,complied,30634,77.158308,14.05221
6,0.65,37,2,refused,27731,76.817399,13.355433
6,0.65,37,3,complied,30634,-186.126897,36.144858
6,0.65,37,3,refused,27731,-181.494387,36.720521
6,0.65,37,4,complied,30634,-50.195951,12.438459
6,0.65,37,4,refused,27731,-50.400113,12.549322
6,0.65,38,0,complied,30634,55.793639,14.107471
6,0.65,38,0,refused,27731,59.371103,13.78304
6,0.65,38,1,complied,30634,103.705181,19.219212
6,0.65,38,1,refused,27731,100.714193,17.98602
6,0.65,38,2,complied,30634,91.267154,15.769419
6,0.65,38,2,refused,27731,91.323571,14.62107
6,0.65,38,3,complied,30634,-228.703416,41.861823
6,0.65,38,3,refused,27731,-224.586092,42.762304
6,0.65,38,4,complied,30634,-59.376102,13.044242
6,0.65,38,4,refused,27731,-60.061278,13.186233
6,0.65,39,0,complied,30634,77.435325,19.321972
6,0.65,39,0,refused,27731,80.888648,19.38565
6,0.65,39,1,complied,30634,147.985786,26.121741
6,0.65,39,1,refused,27731,144.653013,25.927378
6,0.65,39,2,complied,30634,124.637959,21.833017
6,0.65,39,2,refused,27731,124.707667,20.825543
6,0.65,39,3,complied,30634,-321.685218,56.190844
6,0.65,39,3,refused,27731,-319.574019,58.194332
6,0.65,39,4,complied,30634,-76.922941,16.70747
6,0.65,39,4,refused,27731,-77.868976,17.456345
7,0.75,0,0,complied,30636,0.012952,0.02614
7,0.75,0,0,refused,27730,0.015816,0.02641
7,0.75,0,1,complied,30636,0.037243,0.05051
7,0.75,0,1,refused,27730,0.042643,0.052564
7,0.75,0,2,complied,30636,0.017313,0.03258
7,0.75,0,2,refused,27730,0.019758,0.033252
7,0.75,0,3,complied,30636,-0.02714,0.060969
7,0.75,0,3,refused,27730,-0.032463,0.067131
7,0.75,0,4,complied,30636,0.001264,0.028637
7,0.75,0,4,refused,27730,-0.000152,0.029373
7,0.75,1,0,complied,30636,0.6358,0.191334
7,0.75,1,0,refused,27730,0.651566,0.177631
7,0.75,1,1,complied,30636,0.657462,0.269089
7,0.75,1,1,refused,27730,0.687322,0.257956
7,0.75,1,2,complied,30636,0.034438,0.218561
7,0.75,1,2,refused,27730,0.053865,0.211368
7,0.75,1,3,complied,30636,-2.168567,0.40978
7,0.75,1,3,refused,27730,-2.207532,0.383822
7,0.75,1,4,complied,30636,-0.488596,0.140061
7,0.75,1,4,refused,27730,-0.503028,0.134954
7,0.75,2,0,complied,30636,1.03859,0.288873
7,0.75,2,0,refused,27730,1.042234,0.259287
7,0.75,2,1,complied,30636,0.876464,0.356728
7,0.75,2,1,refused,27730,0.91549,0.333484
7,0.75,2,2,complied,30636,-0.004239,0.280949
7,0.75,2,2,refused,27730,0.012663,0.260632
7,0.75,2,3,complied,30636,-3.163411,0.699117
7,0.75,2,3,refused,27730,-3.223964,0.658266
7,0.75,2,4,complied,30636,-0.776555,0.223246
7,0.75,2,4,refused,27730,-0.787944,0.207444
7,0.75,3,0,complied,30636,1.225215,0.339553
7,0.75,3,0,refused,27730,1.224965,0.306719
7,0.75,3,1,complied,30636,1.014744,0.401108
7,0.75,3,1,refused,27730,1.053082,0.3761
7,0.75,3,2,complied,30636,0.044937,0.324371
7,0.75,3,2,refused,27730,0.064494,0.302697
7,0.75,3,3,complied,30636,-3.751558,0.805218
7,0.75,3,3,refused,27730,-3.817034,0.757163
7,0.75,3,4,complied,30636,-0.920655,0.272472
7,0.75,3,4,refused,27730,-0.926025,0.247753
7,0.75,4,0,complied,30636,1.440132,0.380105
7,0.75,4,0,refused,27730,1.452112,0.344513
7,0.75,4,1,complied,30636,1.152038,0.431689
7,0.75,4,1,refused,27730,1.201239,0.399501
7,0.75,4,2,complied,30636,0.137693,0.356779
7,0.75,4,2,refused,27730,0.15231,0.331756
7,0.75,4,3,complied,30636,-4.23357,0.850543
7,0.75,4,3,refused,27730,-4.304077,0.78822
7,0.75,4,4,complied,30636,-1.059167,0.305811
7,0.75,4,4,refused,27730,-1.054481,0.278958
7,0.75,5,0,complied,30636,1.718406,0.429674
7,0.75,5,0,refused,27730,1.754124,0.39963
7,0.75,5,1,complied,30636,1.503325,0.457332
7,0.75,5,1,refused,27730,1.538277,0.419691
7,0.75,5,2,complied,30636,0.335196,0.383588
7,0.75,5,2,refused,27730,0.337433,0.350764
7,0.75,5,3,complied,30636,-5.527516,0.864375
7,0.75,5,3,refused,27730,-5.582241,0.799582
7,0.75,5,4,complied,30636,-1.42934,0.355487
7,0.75,5,4,refused,27730,-1.411685,0.323779
7,0.75,6,0,complied,30636,1.818684,0.520466
7,0.75,6,0,refused,27730,1.870415,0.481378
7,0.75,6,1,complied,30636,1.764142,0.512941
7,0.75,6,1,refused,27730,1.788073,0.470847
7,0.75,6,2,complied,30636,0.550488,0.451044
7,0.75,6,2,refused,27730,0.533239,0.399697
7,0.75,6,3,complied,30636,-6.274596,0.866195
7,0.75,6,3,refused,27730,-6.271112,0.789078
7,0.75,6,4,complied,30636,-1.65624,0.407528
7,0.75,6,4,refused,27730,-1.606447,0.364057
7,0.75,7,0,complied,30636,2.18884,0.626056
7,0.75,7,0,refused,27730,2.269865,0.563235
7,0.75,7,1,complied,30636,2.289032,0.542104
7,0.75,7,1,refused,27730,2.292162,0.494227
7,0.75,7,2,complied,30636,0.856345,0.489547
7,0.75,7,2,refused,27730,0.810825,0.434421
7,0.75,7,3,complied,30636,-7.236726,0.748903
7,0.75,7,3,refused,27730,-7.217597,0.647254
7,0.75,7,4,complied,30636,-1.952039,0.449988
7,0.75,7,4,refused,27730,-1.911308,0.403159
7,0.75,8,0,complied,30636,2.64024,0.666635
7,0.75,8,0,refused,27730,2.767726,0.618844
7,0.75,8,1,complied,30636,2.937082,0.570971
7,0.75,8,1,refused,27730,2.940966,0.517472
7,0.75,8,2,complied,30636,1.501097,0.537251
7,0.75,8,2,refused,27730,1.456733,0.472331
7,0.75,8,3,complied,30636,-8.518937,0.727829
7,0.75,8,3,refused,27730,-8.484881,0.625571
7,0.75,8,4,complied,30636,-2.146938,0.453618
7,0.75,8,4,refused,27730,-2.103024,0.399368
7,0.75,9,0,complied,30636,2.891528,0.776747
7,0.75,9,0,refused,27730,3.076076,0.712102
7,0.75,9,1,complied,30636,3.489109,0.60517
7,0.75,9,1,refused,27730,3.479512,0.540783
7,0.75,9,2,complied,30636,2.160404,0.570218
7,0.75,9,2,refused,27730,2.060532,0.503048
7,0.75,9,3,complied,30636,-9.589716,0.812649
7,0.75,9,3,refused,27730,-9.517077,0.687092
7,0.75,9,4,complied,30636,-2.208592,0.501887
7,0.75,9,4,refused,27730,-2.143503,0.440163
7,0.75,10,0,complied,30636,3.300233,0.85965
7,0.75,10,0,refused,27730,3.433671,0.798616
7,0.75,10,1,complied,30636,4.224517,0.679603
7,0.75,10,1,refused,27730,4.187154,0.614102
7,0.75,10,2,complied,30636,2.867846,0.626796
7,0.75,10,2,refused,27730,2.807746,0.530307
7,0.75,10,3,complied,30636,-10.754267,0.997666
7,0.75,10,3,refused,27730,-10.633523,0.859238
7,0.75,10,4,complied,30636,-2.407614,0.537724
7,0.75,10,4,refused,27730,-2.32097,0.482774
7,0.75,11,0,complied,30636,3.547655,0.927108
7,0.75,11,0,refused,27730,3.672748,0.856969
7,0.75,11,1,complied,30636,4.5634,0.735285
7,0.75,11,1,refused,27730,4.547097,0.663198
7,0.75,11,2,complied,30636,3.21428,0.673896
7,0.75,11,2,refused,27730,3.156171,0.580825
7,0.75,11,3,complied,30636,-11.504261,1.046885
7,0.75,11,3,refused,27730,-11.377241,0.891951
7,0.75,11,4,complied,30636,-2.589238,0.561571
7,0.75,11,4,refused,27730,-2.502917,0.510323
7,0.75,12,0,complied,30636,3.443892,0.983433
7,0.75,12,0,refused,27730,3.594946,0.90402
7,0.75,12,1,complied,30636,4.52989,0.821476
7,0.75,12,1,refused,27730,4.543984,0.738745
7,0.75,12,2,complied,30636,3.390334,0.726957
7,0.75,12,2,refused,27730,3.366235,0.632692
7,0.75,12,3,complied,30636,-11.392737,0.997099
7,0.75,12,3,refused,27730,-11.353732,0.86698
7,0.75,12,4,complied,30636,-2.527536,0.595724
7,0.75,12,4,refused,27730,-2.433535,0.546117
7,0.75,13,0,complied,30636,3.555693,0.983813
7,0.75,13,0,refused,27730,3.688967,0.921975
7,0.75,13,1,complied,30636,4.666921,0.904438
7,0.75,13,1,refused,27730,4.645069,0.823938
7,0.75,13,2,complied,30636,3.649939,0.788641
7,0.75,13,2,refused,27730,3.642227,0.685545
7,0.75,13,3,complied,30636,-11.408439,0.969301
7,0.75,13,3,refused,27730,-11.363701,0.862859
7,0.75,13,4,complied,30636,-2.598578,0.666256
7,0.75,13,4,refused,27730,-2.496898,0.609856
7,0.75,14,0,complied,30636,3.583467,1.047435
7,0.75,14,0,refused,27730,3.763356,0.969354
7,0.75,14,1,complied,30636,4.588818,0.912953
7,0.75,14,1,refused,27730,4.608184,0.838948
7,0.75,14,2,complied,30636,3.841476,0.779414
7,0.75,14,2,refused,27730,3.79876,0.67181
7,0.75,14,3,complied,30636,-11.53471,1.031646
7,0.75,14,3,refused,27730,-11.455662,0.888988
7,0.75,14,4,complied,30636,-2.70486,0.654278
7,0.75,14,4,refused,27730,-2.609225,0.592017
7,0.75,15,0,complied,30636,3.686669,1.1476
7,0.75,15,0,refused,27730,3.869669,1.063583
7,0.75,15,1,complied,30636,4.805854,0.960292
7,0.75,15,1,refused,27730,4.813514,0.891126
7,0.75,15,2,complied,30636,3.981099,0.789627
7,0.75,15,2,refused,27730,3.925802,0.691214
7,0.75,15,3,complied,30636,-11.247594,1.310499
7,0.75,15,3,refused,27730,-11.185987,1.100959
7,0.75,15,4,complied,30636,-2.739197,0.727953
7,0.75,15,4,refused,27730,-2.63916,0.657112
7,0.75,16,0,complied,30636,3.794515,1.141976
7,0.75,16,0,refused,27730,3.959362,1.075542
7,0.75,16,1,complied,30636,4.989981,1.035782
7,0.75,16,1,refused,27730,5.042691,0.950268
7,0.75,16,2,complied,30636,4.36322,0.821453
7,0.75,16,2,refused,27730,4.300945,0.749495
7,0.75,16,3,complied,30636,-11.910513,1.442943
7,0.75,16,3,refused,27730,-11.86614,1.212839
7,0.75,16,4,complied,30636,-2.808597,0.815726
7,0.75,16,4,refused,27730,-2.710127,0.726964
7,0.75,17,0,complied,30636,3.914973,1.211972
7,0.75,17,0,refused,27730,4.126885,1.165324
7,0.75,17,1,complied,30636,5.239861,1.075964
7,0.75,17,1,refused,27730,5.286296,1.008006
7,0.75,17,2,complied,30636,4.709154,0.905295
7,0.75,17,2,refused,27730,4.688912,0.810105
7,0.75,17,3,complied,30636,-12.542129,1.385895
7,0.75,17,3,refused,27730,-12.584205,1.185754
7,0.75,17,4,complied,30636,-2.94456,0.852322
7,0.75,17,4,refused,27730,-2.859357,0.789216
7,0.75,18,0,complied,30636,4.330067,1.349389
7,0.75,18,0,refused,27730,4.569712,1.325225
7,0.75,18,1,complied,30636,5.923507,1.162564
7,0.75,18,1,refused,27730,5.930927,1.095409
7,0.75,18,2,complied,30636,4.918774,0.978841
7,0.75,18,2,refused,27730,4.869252,0.915774
7,0.75,18,3,complied,30636,-13.813336,1.618935
7,0.75,18,3,refused,27730,-13.946743,1.418518
7,0.75,18,4,complied,30636,-3.084367,0.938205
7,0.75,18,4,refused,27730,-2.999405,0.859193
7,0.75,19,0,complied,30636,4.247513,1.486349
7,0.75,19,0,refused,27730,4.399569,1.432121
7,0.75,19,1,complied,30636,6.26948,1.237204
7,0.75,19,1,refused,27730,6.254553,1.168921
7,0.75,19,2,complied,30636,5.566109,1.075335
7,0.75,19,2,refused,27730,5.609435,0.975693
7,0.75,19,3,complied,30636,-14.334034,1.778073
7,0.75,19,3,refused,27730,-14.402016,1.589818
7,0.75,19,4,complied,30636,-3.202864,1.017165
7,0.75,19,4,refused,27730,-3.151506,0.934571
7,0.75,20,0,complied,30636,4.310598,2.842573
7,0.75,20,0,refused,27730,4.35013,1.657022
7,0.75,20,1,complied,30636,6.671332,3.983996
7,0.75,20,1,refused,27730,6.614381,1.280367
7,0.75,20,2,complied,30636,5.991307,2.898606
7,0.75,20,2,refused,27730,5.987178,1.096821
7,0.75,20,3,complied,30636,-14.861551,8.473464
7,0.75,20,3,refused,27730,-14.74409,1.965962
7,0.75,20,4,complied,30636,-3.35941,2.224757
7,0.75,20,4,refused,27730,-3.20556,1.016788
7,0.75,21,0,complied,30636,3.672394,3.066143
7,0.75,21,0,refused,27730,3.679037,1.883589
7,0.75,21,1,complied,30636,6.200208,4.102021
7,0.75,21,1,refused,27730,6.146737,1.461069
7,0.75,21,2,complied,30636,5.855189,3.035343
7,0.75,21,2,refused,27730,5.947799,1.345854
7,0.75,21,3,complied,30636,-13.353905,9.012574
7,0.75,21,3,refused,27730,-13.353502,2.873284
7,0.75,21,4,complied,30636,-3.027301,2.438692
7,0.75,21,4,refused,27730,-2.937422,1.280565
7,0.75,22,0,complied,30636,4.904712,3.289832
7,0.75,22,0,refused,27730,4.867764,2.241919
7,0.75,22,1,complied,30636,8.217067,4.217779
7,0.75,22,1,refused,27730,8.000069,1.718065
7,0.75,22,2,complied,30636,7.720294,3.191013
7,0.75,22,2,refused,27730,7.767599,1.604979
7,0.75,22,3,complied,30636,-18.142222,9.011605
7,0.75,22,3,refused,27730,-17.7618,2.938092
7,0.75,22,4,complied,30636,-4.173294,2.552589
7,0.75,22,4,refused,27730,-3.961517,1.493444
7,0.75,23,0,complied,30636,5.691927,3.511167
7,0.75,23,0,refused,27730,5.594861,2.566944
7,0.75,23,1,complied,30636,9.475262,4.307042
7,0.75,23,1,refused,27730,9.241064,1.905869
7,0.75,23,2,complied,30636,9.158744,3.358555
7,0.75,23,2,refused,27730,9.236145,1.8845
7,0.75,23,3,complied,30636,-21.076033,9.090236
7,0.75,23,3,refused,27730,-20.741445,3.102597
7,0.75,23,4,complied,30636,-5.113224,2.608808
7,0.75,23,4,refused,27730,-4.874464,1.603818
7,0.75,24,0,complied,30636,5.061155,3.906777
7,0.75,24,0,refused,27730,4.88623,3.032319
7,0.75,24,1,complied,30636,7.856221,4.473504
7,0.75,24,1,refused,27730,7.606997,2.220694
7,0.75,24,2,complied,30636,8.043645,3.503387
7,0.75,24,2,refused,27730,8.08474,2.177107
7,0.75,24,3,complied,30636,-17.424455,10.016112
7,0.75,24,3,refused,27730,-16.964274,4.756908
7,0.75,24,4,complied,30636,-4.34633,2.932109
7,0.75,24,4,refused,27730,-4.07286,1.991206
7,0.75,25,0,complied,30636,7.120171,4.052331
7,0.75,25,0,refused,27730,7.09188,3.298597
7,0.75,25,1,complied,30636,11.653325,4.598877
7,0.75,25,1,refused,27730,11.416465,2.442033
7,0.75,25,2,complied,30636,11.294056,3.784335
7,0.75,25,2,refused,27730,11.42629,2.517728
7,0.75,25,3,complied,30636,-25.398751,9.581285
7,0.75,25,3,refused,27730,-24.943364,4.191805
7,0.75,25,4,complied,30636,-6.579391,2.969514
7,0.75,25,4,refused,27730,-6.277122,2.082622
7,0.75,26,0,complied,30636,7.895103,4.286022
7,0.75,26,0,refused,27730,7.874876,3.552284
7,0.75,26,1,complied,30636,12.855505,4.774952
7,0.75,26,1,refused,27730,12.484916,2.737517
7,0.75,26,2,complied,30636,13.209619,4.051848
7,0.75,26,2,refused,27730,13.27963,2.85359
7,0.75,26,3,complied,30636,-28.588394,10.477265
7,0.75,26,3,refused,27730,-27.726225,5.764068
7,0.75,26,4,complied,30636,-7.608765,3.36603
7,0.75,26,4,refused,27730,-7.234459,2.525815
7,0.75,27,0,complied,30636,9.171245,4.743006
7,0.75,27,0,refused,27730,9.256538,4.061223
7,0.75,27,1,complied,30636,15.827206,5.190133
7,0.75,27,1,refused,27730,15.397831,3.415006
7,0.75,27,2,complied,30636,16.571627,4.587217
7,0.75,27,2,refused,27730,16.551085,3.557771
7,0.75,27,3,complied,30636,-35.406853,11.261207
7,0.75,27,3,refused,27730,-34.559868,7.180968
7,0.75,27,4,complied,30636,-9.345941,3.962988
7,0.75,27,4,refused,27730,-8.928269,3.185219
7,0.75,28,0,complied,30636,10.710361,5.448955
7,0.75,28,0,refused,27730,10.822955,4.806175
7,0.75,28,1,complied,30636,17.957881,5.694282
7,0.75,28,1,refused,27730,17.564599,4.073182
7,0.75,28,2,complied,30636,18.417611,4.932536
7,0.75,28,2,refused,27730,18.458262,3.949337
7,0.75,28,3,complied,30636,-39.182565,13.073219
7,0.75,28,3,refused,27730,-38.223826,9.532611
7,0.75,28,4,complied,30636,-10.43364,4.95861
7,0.75,28,4,refused,27730,-9.947206,4.244863
7,0.75,29,0,complied,30636,12.423546,6.199951
7,0.75,29,0,refused,27730,12.636985,5.617015
7,0.75,29,1,complied,30636,21.547678,6.208635
7,0.75,29,1,refused,27730,21.119342,4.722441
7,0.75,29,2,complied,30636,22.150849,5.820691
7,0.75,29,2,refused,27730,22.270326,4.954902
7,0.75,29,3,complied,30636,-47.573484,14.31289
7,0.75,29,3,refused,27730,-46.301597,11.355816
7,0.75,29,4,complied,30636,-12.981661,5.455605
7,0.75,29,4,refused,27730,-12.710489,4.805756
7,0.75,30,0,complied,30636,15.09606,7.060459
7,0.75,30,0,refused,27730,15.682144,6.454764
7,0.75,30,1,complied,30636,26.335105,7.076065
7,0.75,30,1,refused,27730,26.225103,5.675037
7,0.75,30,2,complied,30636,26.731498,7.08489
7,0.75,30,2,refused,27730,27.0613,6.162143
7,0.75,30,3,complied,30636,-57.218278,15.909093
7,0.75,30,3,refused,27730,-56.497031,13.207973
7,0.75,30,4,complied,30636,-16.097914,6.658361
7,0.75,30,4,refused,27730,-16.144447,6.032598
7,0.75,31,0,complied,30636,17.181233,8.040653
7,0.75,31,0,refused,27730,18.2916,7.394581
7,0.75,31,1,complied,30636,31.521013,8.045431
7,0.75,31,1,refused,27730,31.125951,6.730976
7,0.75,31,2,complied,30636,31.415855,8.181088
7,0.75,31,2,refused,27730,31.820413,7.223415
7,0.75,31,3,complied,30636,-68.050199,17.733317
7,0.75,31,3,refused,27730,-67.285363,15.200674
7,0.75,31,4,complied,30636,-18.687042,7.494974
7,0.75,31,4,refused,27730,-18.78028,6.770616
7,0.75,32,0,complied,30636,21.501255,8.998144
7,0.75,32,0,refused,27730,22.627371,8.260987
7,0.75,32,1,complied,30636,37.143665,8.954537
7,0.75,32,1,refused,27730,36.294619,7.73978
7,0.75,32,2,complied,30636,36.737673,9.040062
7,0.75,32,2,refused,27730,37.109461,8.083426
7,0.75,32,3,complied,30636,-81.560303,19.668063
7,0.75,32,3,refused,27730,-80.107932,17.491989
7,0.75,32,4,complied,30636,-22.870472,8.44484
7,0.75,32,4,refused,27730,-22.968879,7.684734
7,0.75,33,0,complied,30636,25.454137,9.90292
7,0.75,33,0,refused,27730,26.593843,9.245177
7,0.75,33,1,complied,30636,45.219776,10.007888
7,0.75,33,1,refused,27730,44.03023,8.848733
7,0.75,33,2,complied,30636,43.917818,10.106583
7,0.75,33,2,refused,27730,44.090192,9.264693
7,0.75,33,3,complied,30636,-97.524817,21.306474
7,0.75,33,3,refused,27730,-95.554462,19.724608
7,0.75,33,4,complied,30636,-26.864128,9.094975
7,0.75,33,4,refused,27730,-26.928645,8.529708
7,0.75,34,0,complied,30636,29.506661,10.636288
7,0.75,34,0,refused,27730,30.815126,9.874654
7,0.75,34,1,complied,30636,52.179548,11.015434
7,0.75,34,1,refused,27730,50.336072,9.970465
7,0.75,34,2,complied,30636,50.487475,10.998384
7,0.75,34,2,refused,27730,50.273931,10.261247
7,0.75,34,3,complied,30636,-113.099003,24.92489
7,0.75,34,3,refused,27730,-110.210116,23.940969
7,0.75,34,4,complied,30636,-30.190822,10.193585
7,0.75,34,4,refused,27730,-29.932543,9.684942
7,0.75,35,0,complied,30636,33.2285,10.893785
7,0.75,35,0,refused,27730,34.785078,10.127099
7,0.75,35,1,complied,30636,60.099552,11.874873
7,0.75,35,1,refused,27730,58.049779,10.600944
7,0.75,35,2,complied,30636,57.501322,11.604571
7,0.75,35,2,refused,27730,57.194243,10.875694
7,0.75,35,3,complied,30636,-130.393513,26.615731
7,0.75,35,3,refused,27730,-127.288844,25.807618
7,0.75,35,4,complied,30636,-34.948441,10.30461
7,0.75,35,4,refused,27730,-34.846361,9.770049
7,0.75,36,0,complied,30636,38.645814,11.650447
7,0.75,36,0,refused,27730,40.539453,11.047553
7,0.75,36,1,complied,30636,71.943902,13.853237
7,0.75,36,1,refused,27730,69.652841,12.678561
7,0.75,36,2,complied,30636,67.231042,13.047352
7,0.75,36,2,refused,27730,66.946401,12.25629
7,0.75,36,3,complied,30636,-159.991219,31.363657
7,0.75,36,3,refused,27730,-155.95435,31.241064
7,0.75,36,4,complied,30636,-42.1903,11.289735
7,0.75,36,4,refused,27730,-42.012654,10.842689
7,0.75,37,0,complied,30636,43.418487,12.086567
7,0.75,37,0,refused,27730,45.316615,11.60336
7,0.75,37,1,complied,30636,84.42071,15.861544
7,0.75,37,1,refused,27730,81.944616,14.94913
7,0.75,37,2,complied,30636,77.234474,13.971753
7,0.75,37,2,refused,27730,76.762931,13.241098
7,0.75,37,3,complied,30636,-186.650848,34.671414
7,0.75,37,3,refused,27730,-181.594106,36.255069
7,0.75,37,4,complied,30636,-50.352403,12.150565
7,0.75,37,4,refused,27730,-49.770483,11.976828
7,0.75,38,0,complied,30636,56.344715,14.036286
7,0.75,38,0,refused,27730,59.409846,14.026085
7,0.75,38,1,complied,30636,103.808321,18.626873
7,0.75,38,1,refused,27730,101.453015,17.856716
7,0.75,38,2,complied,30636,91.278155,15.625074
7,0.75,38,2,refused,27730,91.393906,14.503495
7,0.75,38,3,complied,30636,-229.186417,40.322756
7,0.75,38,3,refused,27730,-225.288291,42.25067
7,0.75,38,4,complied,30636,-59.499208,12.687154
7,0.75,38,4,refused,27730,-59.425259,12.543133
7,0.75,39,0,complied,30636,77.789092,19.215475
7,0.75,39,0,refused,27730,80.726709,19.274717
7,0.75,39,1,complied,30636,147.979978,25.547018
7,0.75,39,1,refused,27730,145.710602,25.263504
7,0.75,39,2,complied,30636,124.790819,21.713865
7,0.75,39,2,refused,27730,125.004664,20.292814
7,0.75,39,3,complied,30636,-322.216105,54.704453
7,0.75,39,3,refused,27730,-320.986209,56.163056
7,0.75,39,4,complied,30636,-77.132764,16.250738
7,0.75,39,4,refused,27730,-77.390693,16.414377
8,0.85,0,0,complied,30636,0.012974,0.026171
8,0.85,0,0,refused,27730,0.015411,0.026446
8,0.85,0,1,complied,30636,0.036963,0.050604
8,0.85,0,1,refused,27730,0.042985,0.053449
8,0.85,0,2,complied,30636,0.01706,0.032648
8,0.85,0,2,refused,27730,0.020181,0.033782
8,0.85,0,3,complied,30636,-0.027449,0.061471
8,0.85,0,3,refused,27730,-0.033604,0.068311
8,0.85,0,4,complied,30636,0.00155,0.028678
8,0.85,0,4,refused,27730,-0.000352,0.029541
8,0.85,1,0,complied,30636,0.636212,0.190465
8,0.85,1,0,refused,27730,0.651597,0.175575
8,0.85,1,1,complied,30636,0.654957,0.269137
8,0.85,1,1,refused,27730,0.686101,0.258872
8,0.85,1,2,complied,30636,0.034759,0.218591
8,0.85,1,2,refused,27730,0.056463,0.210604
8,0.85,1,3,complied,30636,-2.166815,0.409608
8,0.85,1,3,refused,27730,-2.202079,0.392149
8,0.85,1,4,complied,30636,-0.485934,0.140063
8,0.85,1,4,refused,27730,-0.502496,0.133701
8,0.85,2,0,complied,30636,1.044253,0.290908
8,0.85,2,0,refused,27730,1.046031,0.260378
8,0.85,2,1,complied,30636,0.877476,0.357869
8,0.85,2,1,refused,27730,0.913327,0.337922
8,0.85,2,2,complied,30636,-0.003165,0.278586
8,0.85,2,2,refused,27730,0.013851,0.260924
8,0.85,2,3,complied,30636,-3.162009,0.701325
8,0.85,2,3,refused,27730,-3.214512,0.678109
8,0.85,2,4,complied,30636,-0.773342,0.222914
8,0.85,2,4,refused,27730,-0.786562,0.207897
8,0.85,3,0,complied,30636,1.233762,0.343702
8,0.85,3,0,refused,27730,1.235484,0.30931
8,0.85,3,1,complied,30636,1.01585,0.404343
8,0.85,3,1,refused,27730,1.053626,0.381731
8,0.85,3,2,complied,30636,0.044582,0.322607
8,0.85,3,2,refused,27730,0.066209,0.303846
8,0.85,3,3,complied,30636,-3.751622,0.813339
8,0.85,3,3,refused,27730,-3.811271,0.782608
8,0.85,3,4,complied,30636,-0.916409,0.27352
8,0.85,3,4,refused,27730,-0.924141,0.249756
8,0.85,4,0,complied,30636,1.450296,0.382724
8,0.85,4,0,refused,27730,1.463795,0.346518
8,0.85,4,1,complied,30636,1.156511,0.435103
8,0.85,4,1,refused,27730,1.198414,0.405639
8,0.85,4,2,complied,30636,0.138505,0.354424
8,0.85,4,2,refused,27730,0.15464,0.330631
8,0.85,4,3,complied,30636,-4.231437,0.857193
8,0.85,4,3,refused,27730,-4.291231,0.812325
8,0.85,4,4,complied,30636,-1.053867,0.305451
8,0.85,4,4,refused,27730,-1.049943,0.278661
8,0.85,5,0,complied,30636,1.730033,0.431919
8,0.85,5,0,refused,27730,1.765982,0.39992
8,0.85,5,1,complied,30636,1.507298,0.459424
8,0.85,5,1,refused,27730,1.531153,0.422509
8,0.85,5,2,complied,30636,0.339627,0.380655
8,0.85,5,2,refused,27730,0.338851,0.350256
8,0.85,5,3,complied,30636,-5.523899,0.867435
8,0.85,5,3,refused,27730,-5.566586,0.821801
8,0.85,5,4,complied,30636,-1.421341,0.354641
8,0.85,5,4,refused,27730,-1.404255,0.322957
8,0.85,6,0,complied,30636,1.830654,0.522343
8,0.85,6,0,refused,27730,1.884648,0.478852
8,0.85,6,1,complied,30636,1.771252,0.516392
8,0.85,6,1,refused,27730,1.784478,0.472573
8,0.85,6,2,complied,30636,0.552933,0.448668
8,0.85,6,2,refused,27730,0.528418,0.39904
8,0.85,6,3,complied,30636,-6.266243,0.869988
8,0.85,6,3,refused,27730,-6.259889,0.803311
8,0.85,6,4,complied,30636,-1.646791,0.406371
8,0.85,6,4,refused,27730,-1.598574,0.365001
8,0.85,7,0,complied,30636,2.208423,0.623175
8,0.85,7,0,refused,27730,2.292423,0.562379
8,0.85,7,1,complied,30636,2.302415,0.540713
8,0.85,7,1,refused,27730,2.294837,0.482644
8,0.85,7,2,complied,30636,0.863053,0.490377
8,0.85,7,2,refused,27730,0.803386,0.42931
8,0.85,7,3,complied,30636,-7.230584,0.752232
8,0.85,7,3,refused,27730,-7.213647,0.650353
8,0.85,7,4,complied,30636,-1.938717,0.450211
8,0.85,7,4,refused,27730,-1.896281,0.404332
8,0.85,8,0,complied,30636,2.66375,0.662856
8,0.85,8,0,refused,27730,2.784709,0.615648
8,0.85,8,1,complied,30636,2.94893,0.57542
8,0.85,8,1,refused,27730,2.939013,0.505473
8,0.85,8,2,complied,30636,1.503921,0.540466
8,0.85,8,2,refused,27730,1.445445,0.469129
8,0.85,8,3,complied,30636,-8.512526,0.735263
8,0.85,8,3,refused,27730,-8.471269,0.628912
8,0.85,8,4,complied,30636,-2.129221,0.458071
8,0.85,8,4,refused,27730,-2.088654,0.39868
8,0.85,9,0,complied,30636,2.921181,0.773894
8,0.85,9,0,refused,27730,3.096605,0.704696
8,0.85,9,1,complied,30636,3.508336,0.612812
8,0.85,9,1,refused,27730,3.482861,0.528182
8,0.85,9,2,complied,30636,2.164664,0.569061
8,0.85,9,2,refused,27730,2.051269,0.497544
8,0.85,9,3,complied,30636,-9.588131,0.81883
8,0.85,9,3,refused,27730,-9.509607,0.694759
8,0.85,9,4,complied,30636,-2.193384,0.504783
8,0.85,9,4,refused,27730,-2.129867,0.446383
8,0.85,10,0,complied,30636,3.334274,0.856958
8,0.85,10,0,refused,27730,3.459853,0.793599
8,0.85,10,1,complied,30636,4.244614,0.685679
8,0.85,10,1,refused,27730,4.185182,0.599477
8,0.85,10,2,complied,30636,2.86907,0.630315
8,0.85,10,2,refused,27730,2.796262,0.528916
8,0.85,10,3,complied,30636,-10.757587,1.009126
8,0.85,10,3,refused,27730,-10.617457,0.866082
8,0.85,10,4,complied,30636,-2.391339,0.537744
8,0.85,10,4,refused,27730,-2.303714,0.488273
8,0.85,11,0,complied,30636,3.583684,0.92345
8,0.85,11,0,refused,27730,3.699714,0.850629
8,0.85,11,1,complied,30636,4.580795,0.738066
8,0.85,11,1,refused,27730,4.546234,0.655328
8,0.85,11,2,complied,30636,3.208768,0.677623
8,0.85,11,2,refused,27730,3.142952,0.578214
8,0.85,11,3,complied,30636,-11.508067,1.059854
8,0.85,11,3,refused,27730,-11.372672,0.905097
8,0.85,11,4,complied,30636,-2.569019,0.566093
8,0.85,11,4,refused,27730,-2.483257,0.516804
8,0.85,12,0,complied,30636,3.480624,0.984041
8,0.85,12,0,refused,27730,3.632248,0.89777
8,0.85,12,1,complied,30636,4.550389,0.830037
8,0.85,12,1,refused,27730,4.545669,0.734461
8,0.85,12,2,complied,30636,3.382675,0.739165
8,0.85,12,2,refused,27730,3.355843,0.632656
8,0.85,12,3,complied,30636,-11.393879,1.009132
8,0.85,12,3,refused,27730,-11.355487,0.872996
8,0.85,12,4,complied,30636,-2.505224,0.604855
8,0.85,12,4,refused,27730,-2.407124,0.552205
8,0.85,13,0,complied,30636,3.594591,0.9925
8,0.85,13,0,refused,27730,3.733439,0.922498
8,0.85,13,1,complied,30636,4.683719,0.920751
8,0.85,13,1,refused,27730,4.638946,0.816267
8,0.85,13,2,complied,30636,3.633065,0.803388
8,0.85,13,2,refused,27730,3.636393,0.680856
8,0.85,13,3,complied,30636,-11.418606,0.971636
8,0.85,13,3,refused,27730,-11.372748,0.86332
8,0.85,13,4,complied,30636,-2.57314,0.674672
8,0.85,13,4,refused,27730,-2.476862,0.614215
8,0.85,14,0,complied,30636,3.618818,1.048364
8,0.85,14,0,refused,27730,3.824297,0.969274
8,0.85,14,1,complied,30636,4.610078,0.930517
8,0.85,14,1,refused,27730,4.603143,0.835075
8,0.85,14,2,complied,30636,3.824933,0.784223
8,0.85,14,2,refused,27730,3.794263,0.665802
8,0.85,14,3,complied,30636,-11.532573,1.039038
8,0.85,14,3,refused,27730,-11.479127,0.886473
8,0.85,14,4,complied,30636,-2.673928,0.661161
8,0.85,14,4,refused,27730,-2.586073,0.600397
8,0.85,15,0,complied,30636,3.722146,1.150186
8,0.85,15,0,refused,27730,3.935877,1.061825
8,0.85,15,1,complied,30636,4.822562,0.965975
8,0.85,15,1,refused,27730,4.821138,0.880456
8,0.85,15,2,complied,30636,3.956114,0.796714
8,0.85,15,2,refused,27730,3.932732,0.697804
8,0.85,15,3,complied,30636,-11.25992,1.30661
8,0.85,15,3,refused,27730,-11.217965,1.099945
8,0.85,15,4,complied,30636,-2.706384,0.724227
8,0.85,15,4,refused,27730,-2.614003,0.668797
8,0.85,16,0,complied,30636,3.820744,1.145034
8,0.85,16,0,refused,27730,4.018804,1.070029
8,0.85,16,1,complied,30636,5.001834,1.035817
8,0.85,16,1,refused,27730,5.029758,0.934205
8,0.85,16,2,complied,30636,4.32254,0.828953
8,0.85,16,2,refused,27730,4.288127,0.750033
8,0.85,16,3,complied,30636,-11.925238,1.444281
8,0.85,16,3,refused,27730,-11.887346,1.205959
8,0.85,16,4,complied,30636,-2.781473,0.799943
8,0.85,16,4,refused,27730,-2.692723,0.745657
8,0.85,17,0,complied,30636,3.931674,1.216281
8,0.85,17,0,refused,27730,4.186394,1.15641
8,0.85,17,1,complied,30636,5.245115,1.089849
8,0.85,17,1,refused,27730,5.263912,0.993172
8,0.85,17,2,complied,30636,4.645898,0.919728
8,0.85,17,2,refused,27730,4.6764,0.806189
8,0.85,17,3,complied,30636,-12.552072,1.390552
8,0.85,17,3,refused,27730,-12.592649,1.179844
8,0.85,17,4,complied,30636,-2.899331,0.83209
8,0.85,17,4,refused,27730,-2.829103,0.805078
8,0.85,18,0,complied,30636,4.330982,1.375039
8,0.85,18,0,refused,27730,4.618769,1.329054
8,0.85,18,1,complied,30636,5.945671,1.171201
8,0.85,18,1,refused,27730,5.901582,1.069584
8,0.85,18,2,complied,30636,4.852672,0.983438
8,0.85,18,2,refused,27730,4.835647,0.902248
8,0.85,18,3,complied,30636,-13.831745,1.621887
8,0.85,18,3,refused,27730,-13.947027,1.400382
8,0.85,18,4,complied,30636,-3.042539,0.930787
8,0.85,18,4,refused,27730,-2.967568,0.880432
8,0.85,19,0,complied,30636,4.264902,1.509482
8,0.85,19,0,refused,27730,4.466939,1.439609
8,0.85,19,1,complied,30636,6.261213,1.249181
8,0.85,19,1,refused,27730,6.213423,1.141907
8,0.85,19,2,complied,30636,5.482205,1.080486
8,0.85,19,2,refused,27730,5.561003,0.96368
8,0.85,19,3,complied,30636,-14.345057,1.789105
8,0.85,19,3,refused,27730,-14.37789,1.578891
8,0.85,19,4,complied,30636,-3.176358,1.010253
8,0.85,19,4,refused,27730,-3.13573,0.949786
8,0.85,20,0,complied,30636,4.37317,6.78088
8,0.85,20,0,refused,27730,4.499986,6.689323
8,0.85,20,1,complied,30636,6.763635,11.014033
8,0.85,20,1,refused,27730,6.69128,10.863659
8,0.85,20,2,complied,30636,5.971964,7.795632
8,0.85,20,2,refused,27730,6.027976,7.682841
8,0.85,20,3,complied,30636,-15.051439,23.870322
8,0.85,20,3,refused,27730,-14.99262,23.57134
8,0.85,20,4,complied,30636,-3.344388,5.646323
8,0.85,20,4,refused,27730,-3.255866,5.573445
8,0.85,21,0,complied,30636,3.734253,6.991214
8,0.85,21,0,refused,27730,3.849435,6.895189
8,0.85,21,1,complied,30636,6.308902,11.186583
8,0.85,21,1,refused,27730,6.244457,11.049963
8,0.85,21,2,complied,30636,5.848332,7.937401
8,0.85,21,2,refused,27730,5.999751,7.838514
8,0.85,21,3,complied,30636,-13.565411,24.412758
8,0.85,21,3,refused,27730,-13.618186,24.108163
8,0.85,21,4,complied,30636,-3.00196,5.827952
8,0.85,21,4,refused,27730,-2.96576,5.74985
8,0.85,22,0,complied,30636,4.971089,7.115479
8,0.85,22,0,refused,27730,5.079162,7.030327
8,0.85,22,1,complied,30636,8.329022,11.267491
8,0.85,22,1,refused,27730,8.08769,11.121525
8,0.85,22,2,complied,30636,7.71104,8.014677
8,0.85,22,2,refused,27730,7.832468,7.901942
8,0.85,22,3,complied,30636,-18.367476,24.503328
8,0.85,22,3,refused,27730,-18.094573,24.205666
8,0.85,22,4,complied,30636,-4.154937,5.899995
8,0.85,22,4,refused,27730,-4.002366,5.822896
8,0.85,23,0,complied,30636,5.739948,7.243924
8,0.85,23,0,refused,27730,5.828381,7.178816
8,0.85,23,1,complied,30636,9.567788,11.341721
8,0.85,23,1,refused,27730,9.304382,11.188779
8,0.85,23,2,complied,30636,9.107438,8.110669
8,0.85,23,2,refused,27730,9.281006,7.981361
8,0.85,23,3,complied,30636,-21.288042,24.640176
8,0.85,23,3,refused,27730,-21.039478,24.328922
8,0.85,23,4,complied,30636,-5.07588,5.961589
8,0.85,23,4,refused,27730,-4.895217,5.886256
8,0.85,24,0,complied,30636,5.111005,7.444531
8,0.85,24,0,refused,27730,5.116243,7.383431
8,0.85,24,1,complied,30636,7.987218,11.405771
8,0.85,24,1,refused,27730,7.69852,11.262236
8,0.85,24,2,complied,30636,8.001159,8.167612
8,0.85,24,2,refused,27730,8.137539,8.071909
8,0.85,24,3,complied,30636,-17.700111,24.994831
8,0.85,24,3,refused,27730,-17.310977,24.639715
8,0.85,24,4,complied,30636,-4.302089,6.111359
8,0.85,24,4,refused,27730,-4.083751,6.025107
8,0.85,25,0,complied,30636,7.117792,7.501427
8,0.85,25,0,refused,27730,7.30056,7.452803
8,0.85,25,1,complied,30636,11.782923,11.426601
8,0.85,25,1,refused,27730,11.491008,11.255643
8,0.85,25,2,complied,30636,11.241855,8.258111
8,0.85,25,2,refused,27730,11.468693,8.116645
8,0.85,25,3,complied,30636,-25.632343,24.770189
8,0.85,25,3,refused,27730,-25.243443,24.452762
8,0.85,25,4,complied,30636,-6.498146,6.108895
8,0.85,25,4,refused,27730,-6.28418,6.032139
8,0.85,26,0,complied,30636,7.887242,7.642981
8,0.85,26,0,refused,27730,8.102218,7.5694
8,0.85,26,1,complied,30636,12.973789,11.510432
8,0.85,26,1,refused,27730,12.559984,11.332865
8,0.85,26,2,complied,30636,13.154937,8.386323
8,0.85,26,2,refused,27730,13.364665,8.228871
8,0.85,26,3,complied,30636,-28.763414,25.159096
8,0.85,26,3,refused,27730,-28.088092,24.806628
8,0.85,26,4,complied,30636,-7.484737,6.306168
8,0.85,26,4,refused,27730,-7.248004,6.211793
8,0.85,27,0,complied,30636,9.093773,7.898353
8,0.85,27,0,refused,27730,9.48824,7.793489
8,0.85,27,1,complied,30636,15.943735,11.668495
8,0.85,27,1,refused,27730,15.464347,11.471152
8,0.85,27,2,complied,30636,16.516026,8.630595
8,0.85,27,2,refused,27730,16.655212,8.460066
8,0.85,27,3,complied,30636,-35.548205,25.440822
8,0.85,27,3,refused,27730,-34.887885,25.096962
8,0.85,27,4,complied,30636,-9.164618,6.624836
8,0.85,27,4,refused,27730,-8.965628,6.499219
8,0.85,28,0,complied,30636,10.490785,8.314258
8,0.85,28,0,refused,27730,11.011897,8.160131
8,0.85,28,1,complied,30636,18.022018,11.872492
8,0.85,28,1,refused,27730,17.591756,11.662101
8,0.85,28,2,complied,30636,18.347239,8.789107
8,0.85,28,2,refused,27730,18.554403,8.602872
8,0.85,28,3,complied,30636,-39.260715,26.254583
8,0.85,28,3,refused,27730,-38.590252,25.839708
8,0.85,28,4,complied,30636,-10.200745,7.230181
8,0.85,28,4,refused,27730,-9.997808,7.080592
8,0.85,29,0,complied,30636,12.177236,8.826407
8,0.85,29,0,refused,27730,12.858616,8.654715
8,0.85,29,1,complied,30636,21.618867,12.118412
8,0.85,29,1,refused,27730,21.176119,11.857765
8,0.85,29,2,complied,30636,22.073778,9.275105
8,0.85,29,2,refused,27730,22.448296,9.064305
8,0.85,29,3,complied,30636,-47.630789,26.850255
8,0.85,29,3,refused,27730,-46.740828,26.484647
8,0.85,29,4,complied,30636,-12.735008,7.57036
8,0.85,29,4,refused,27730,-12.778816,7.406817
8,0.85,30,0,complied,30636,14.734368,9.420841
8,0.85,30,0,refused,27730,15.81065,9.159125
8,0.85,30,1,complied,30636,26.400985,12.550547
8,0.85,30,1,refused,27730,26.243541,12.213926
8,0.85,30,2,complied,30636,26.602952,10.081275
8,0.85,30,2,refused,27730,27.249232,9.736685
8,0.85,30,3,complied,30636,-57.225411,27.658598
8,0.85,30,3,refused,27730,-56.889893,27.227217
8,0.85,30,4,complied,30636,-15.775416,8.450387
8,0.85,30,4,refused,27730,-16.262107,8.221786
8,0.85,31,0,complied,30636,16.732398,10.158185
8,0.85,31,0,refused,27730,18.343567,9.836227
8,0.85,31,1,complied,30636,31.615354,13.074506
8,0.85,31,1,refused,27730,31.043823,12.671432
8,0.85,31,2,complied,30636,31.258691,10.836663
8,0.85,31,2,refused,27730,32.05666,10.384383
8,0.85,31,3,complied,30636,-67.93899,28.673883
8,0.85,31,3,refused,27730,-67.643178,28.145736
8,0.85,31,4,complied,30636,-18.325296,9.121581
8,0.85,31,4,refused,27730,-18.895187,8.810067
8,0.85,32,0,complied,30636,20.953459,10.87901
8,0.85,32,0,refused,27730,22.694052,10.453921
8,0.85,32,1,complied,30636,37.258368,13.632067
8,0.85,32,1,refused,27730,36.187686,13.17428
8,0.85,32,2,complied,30636,36.527765,11.483681
8,0.85,32,2,refused,27730,37.30913,10.971916
8,0.85,32,3,complied,30636,-81.36353,29.811146
8,0.85,32,3,refused,27730,-80.416893,29.34845
8,0.85,32,4,complied,30636,-22.360099,9.886184
8,0.85,32,4,refused,27730,-23.099784,9.518572
8,0.85,33,0,complied,30636,24.715138,11.636625
8,0.85,33,0,refused,27730,26.656538,11.227484
8,0.85,33,1,complied,30636,45.305028,14.31004
8,0.85,33,1,refused,27730,43.898042,13.747224
8,0.85,33,2,complied,30636,43.640411,12.291532
8,0.85,33,2,refused,27730,44.298151,11.79955
8,0.85,33,3,complied,30636,-97.188357,30.881883
8,0.85,33,3,refused,27730,-95.999418,30.592101
8,0.85,33,4,complied,30636,-26.362532,10.481601
8,0.85,33,4,refused,27730,-27.050888,10.234581
8,0.85,34,0,complied,30636,28.707683,12.215583
8,0.85,34,0,refused,27730,30.95203,11.691231
8,0.85,34,1,complied,30636,52.281419,14.989697
8,0.85,34,1,refused,27730,50.287771,14.411435
8,0.85,34,2,complied,30636,50.232013,13.012309
8,0.85,34,2,refused,27730,50.610126,12.559863
8,0.85,34,3,complied,30636,-112.777918,33.392791
8,0.85,34,3,refused,27730,-110.934555,33.417806
8,0.85,34,4,complied,30636,-29.65627,11.45152
8,0.85,34,4,refused,27730,-30.144288,11.310365
8,0.85,35,0,complied,30636,32.48314,12.434067
8,0.85,35,0,refused,27730,35.006609,11.866678
8,0.85,35,1,complied,30636,60.151102,15.584044
8,0.85,35,1,refused,27730,57.915882,14.778921
8,0.85,35,2,complied,30636,57.267459,13.542606
8,0.85,35,2,refused,27730,57.670455,13.021766
8,0.85,35,3,complied,30636,-130.106919,34.604646
8,0.85,35,3,refused,27730,-128.056519,34.665723
8,0.85,35,4,complied,30636,-34.302982,11.568651
8,0.85,35,4,refused,27730,-34.957386,11.293923
8,0.85,36,0,complied,30636,37.80865,13.049722
8,0.85,36,0,refused,27730,40.70386,12.568604
8,0.85,36,1,complied,30636,72.029431,17.16342
8,0.85,36,1,refused,27730,69.622092,16.152465
8,0.85,36,2,complied,30636,66.95435,14.750241
8,0.85,36,2,refused,27730,67.473858,14.114146
8,0.85,36,3,complied,30636,-159.768371,38.439129
8,0.85,36,3,refused,27730,-156.871024,38.676965
8,0.85,36,4,complied,30636,-41.562742,12.486687
8,0.85,36,4,refused,27730,-42.179775,12.158173
8,0.85,37,0,complied,30636,42.583068,13.412465
8,0.85,37,0,refused,27730,45.526622,13.012507
8,0.85,37,1,complied,30636,84.575551,18.747749
8,0.85,37,1,refused,27730,81.853302,17.774125
8,0.85,37,2,complied,30636,76.847302,15.472608
8,0.85,37,2,refused,27730,77.328263,14.821495
8,0.85,37,3,complied,30636,-186.269061,41.119925
8,0.85,37,3,refused,27730,-182.553345,42.479473
8,0.85,37,4,complied,30636,-49.726181,13.196903
8,0.85,37,4,refused,27730,-50.002588,13.083481
8,0.85,38,0,complied,30636,55.448211,15.133773
8,0.85,38,0,refused,27730,59.508193,14.890044
8,0.85,38,1,complied,30636,103.980969,21.019167
8,0.85,38,1,refused,27730,101.281589,19.880712
8,0.85,38,2,complied,30636,90.629166,16.988615
8,0.85,38,2,refused,27730,91.86418,15.671896
8,0.85,38,3,complied,30636,-228.688663,45.873516
8,0.85,38,3,refused,27730,-226.179488,46.803863
8,0.85,38,4,complied,30636,-58.778897,13.76207
8,0.85,38,4,refused,27730,-59.541703,13.488353
8,0.85,39,0,complied,30636,76.477514,19.305922
8,0.85,39,0,refused,27730,80.530827,18.822448
8,0.85,39,1,complied,30636,147.89731,26.10852
8,0.85,39,1,refused,27730,145.215817,24.576477
8,0.85,39,2,complied,30636,123.635669,22.11873
8,0.85,39,2,refused,27730,125.318613,19.775177
8,0.85,39,3,complied,30636,-320.555678,56.218462
8,0.85,39,3,refused,27730,-320.812675,54.725326
8,0.85,39,4,complied,30636,-76.071653,16.478633
8,0.85,39,4,refused,27730,-77.353918,16.129002
9,0.95,0,0,complied,30627,0.013394,0.025904
9,0.95,0,0,refused,27730,0.015507,0.026232
9,0.95,0,1,complied,30627,0.03778,0.051112
9,0.95,0,1,refused,27730,0.043556,0.052637
9,0.95,0,2,complied,30627,0.01764,0.032803
9,0.95,0,2,refused,27730,0.020269,0.03334
9,0.95,0,3,complied,30627,-0.02833,0.062418
9,0.95,0,3,refused,27730,-0.033441,0.067389
9,0.95,0,4,complied,30627,0.001306,0.028793
9,0.95,0,4,refused,27730,-0.000743,0.029137
9,0.95,1,0,complied,30627,0.636504,0.187773
9,0.95,1,0,refused,27730,0.651832,0.1759
9,0.95,1,1,complied,30627,0.658746,0.268818
9,0.95,1,1,refused,27730,0.687678,0.25628
9,0.95,1,2,complied,30627,0.036728,0.218913
9,0.95,1,2,refused,27730,0.056455,0.209667
9,0.95,1,3,complied,30627,-2.165265,0.408505
9,0.95,1,3,refused,27730,-2.206042,0.380432
9,0.95,1,4,complied,30627,-0.486735,0.13858
9,0.95,1,4,refused,27730,-0.506581,0.131483
9,0.95,2,0,complied,30627,1.047648,0.2846
9,0.95,2,0,refused,27730,1.048263,0.263651
9,0.95,2,1,complied,30627,0.880588,0.357233
9,0.95,2,1,refused,27730,0.917791,0.329832
9,0.95,2,2,complied,30627,-0.00198,0.27907
9,0.95,2,2,refused,27730,0.012841,0.2589
9,0.95,2,3,complied,30627,-3.156279,0.7015
9,0.95,2,3,refused,27730,-3.22605,0.647249
9,0.95,2,4,complied,30627,-0.77083,0.219816
9,0.95,2,4,refused,27730,-0.791171,0.204333
9,0.95,3,0,complied,30627,1.243334,0.336708
9,0.95,3,0,refused,27730,1.241132,0.311962
9,0.95,3,1,complied,30627,1.01982,0.40244
9,0.95,3,1,refused,27730,1.058908,0.369115
9,0.95,3,2,complied,30627,0.048666,0.322544
9,0.95,3,2,refused,27730,0.068542,0.300666
9,0.95,3,3,complied,30627,-3.744914,0.80955
9,0.95,3,3,refused,27730,-3.820662,0.736724
9,0.95,3,4,complied,30627,-0.912005,0.26731
9,0.95,3,4,refused,27730,-0.925349,0.241815
9,0.95,4,0,complied,30627,1.462854,0.374735
9,0.95,4,0,refused,27730,1.467969,0.348775
9,0.95,4,1,complied,30627,1.159915,0.431649
9,0.95,4,1,refused,27730,1.206324,0.393043
9,0.95,4,2,complied,30627,0.142729,0.352577
9,0.95,4,2,refused,27730,0.157344,0.328311
9,0.95,4,3,complied,30627,-4.221793,0.850599
9,0.95,4,3,refused,27730,-4.306853,0.768422
9,0.95,4,4,complied,30627,-1.048588,0.297996
9,0.95,4,4,refused,27730,-1.05587,0.270341
9,0.95,5,0,complied,30627,1.74417,0.422302
9,0.95,5,0,refused,27730,1.770472,0.399482
9,0.95,5,1,complied,30627,1.512709,0.452192
9,0.95,5,1,refused,27730,1.537861,0.410838
9,0.95,5,2,complied,30627,0.344215,0.379292
9,0.95,5,2,refused,27730,0.342511,0.347908
9,0.95,5,3,complied,30627,-5.520784,0.859728
9,0.95,5,3,refused,27730,-5.58383,0.776295
9,0.95,5,4,complied,30627,-1.418048,0.345092
9,0.95,5,4,refused,27730,-1.410743,0.31488
9,0.95,6,0,complied,30627,1.851059,0.507027
9,0.95,6,0,refused,27730,1.89068,0.480617
9,0.95,6,1,complied,30627,1.78259,0.504289
9,0.95,6,1,refused,27730,1.793117,0.461767
9,0.95,6,2,complied,30627,0.558954,0.443606
9,0.95,6,2,refused,27730,0.532962,0.39813
9,0.95,6,3,complied,30627,-6.268624,0.854737
9,0.95,6,3,refused,27730,-6.276546,0.766759
9,0.95,6,4,complied,30627,-1.6432,0.393678
9,0.95,6,4,refused,27730,-1.604059,0.356523
9,0.95,7,0,complied,30627,2.2372,0.608295
9,0.95,7,0,refused,27730,2.302532,0.559791
9,0.95,7,1,complied,30627,2.322462,0.52889
9,0.95,7,1,refused,27730,2.311278,0.484957
9,0.95,7,2,complied,30627,0.868967,0.480634
9,0.95,7,2,refused,27730,0.80409,0.430779
9,0.95,7,3,complied,30627,-7.237189,0.728293
9,0.95,7,3,refused,27730,-7.229288,0.642664
9,0.95,7,4,complied,30627,-1.929023,0.434507
9,0.95,7,4,refused,27730,-1.898214,0.39935
9,0.95,8,0,complied,30627,2.694336,0.648152
9,0.95,8,0,refused,27730,2.797955,0.611101
9,0.95,8,1,complied,30627,2.969928,0.556618
9,0.95,8,1,refused,27730,2.959967,0.503744
9,0.95,8,2,complied,30627,1.504895,0.53124
9,0.95,8,2,refused,27730,1.440982,0.471591
9,0.95,8,3,complied,30627,-8.508243,0.713742
9,0.95,8,3,refused,27730,-8.489261,0.623566
9,0.95,8,4,complied,30627,-2.122066,0.438301
9,0.95,8,4,refused,27730,-2.086759,0.393558
9,0.95,9,0,complied,30627,2.955454,0.750065
9,0.95,9,0,refused,27730,3.106625,0.698182
9,0.95,9,1,complied,30627,3.528252,0.588894
9,0.95,9,1,refused,27730,3.498479,0.528277
9,0.95,9,2,complied,30627,2.16779,0.561948
9,0.95,9,2,refused,27730,2.047605,0.500973
9,0.95,9,3,complied,30627,-9.588141,0.797771
9,0.95,9,3,refused,27730,-9.520145,0.686316
9,0.95,9,4,complied,30627,-2.183205,0.491422
9,0.95,9,4,refused,27730,-2.127998,0.443957
9,0.95,10,0,complied,30627,3.369931,0.839174
9,0.95,10,0,refused,27730,3.458917,0.793221
9,0.95,10,1,complied,30627,4.266897,0.661955
9,0.95,10,1,refused,27730,4.202848,0.598807
9,0.95,10,2,complied,30627,2.870879,0.623382
9,0.95,10,2,refused,27730,2.795015,0.532067
9,0.95,10,3,complied,30627,-10.758937,0.99546
9,0.95,10,3,refused,27730,-10.631689,0.85728
9,0.95,10,4,complied,30627,-2.380963,0.529362
9,0.95,10,4,refused,27730,-2.302402,0.485625
9,0.95,11,0,complied,30627,3.625719,0.910881
9,0.95,11,0,refused,27730,3.700975,0.85648
9,0.95,11,1,complied,30627,4.607034,0.719519
9,0.95,11,1,refused,27730,4.559028,0.654415
9,0.95,11,2,complied,30627,3.216032,0.670811
9,0.95,11,2,refused,27730,3.147073,0.586364
9,0.95,11,3,complied,30627,-11.514468,1.044781
9,0.95,11,3,refused,27730,-11.373609,0.896925
9,0.95,11,4,complied,30627,-2.565335,0.552941
9,0.95,11,4,refused,27730,-2.476059,0.517104
9,0.95,12,0,complied,30627,3.53417,0.967006
9,0.95,12,0,refused,27730,3.634334,0.898604
9,0.95,12,1,complied,30627,4.590196,0.809697
9,0.95,12,1,refused,27730,4.558771,0.731083
9,0.95,12,2,complied,30627,3.387265,0.73151
9,0.95,12,2,refused,27730,3.362877,0.6432
9,0.95,12,3,complied,30627,-11.419773,0.985344
9,0.95,12,3,refused,27730,-11.349115,0.870618
9,0.95,12,4,complied,30627,-2.507602,0.592961
9,0.95,12,4,refused,27730,-2.401693,0.55626
9,0.95,13,0,complied,30627,3.663787,0.975551
9,0.95,13,0,refused,27730,3.738684,0.924841
9,0.95,13,1,complied,30627,4.72544,0.893191
9,0.95,13,1,refused,27730,4.653921,0.803558
9,0.95,13,2,complied,30627,3.650152,0.792288
9,0.95,13,2,refused,27730,3.64074,0.692716
9,0.95,13,3,complied,30627,-11.452714,0.942451
9,0.95,13,3,refused,27730,-11.373109,0.859728
9,0.95,13,4,complied,30627,-2.582431,0.657563
9,0.95,13,4,refused,27730,-2.468452,0.623205
9,0.95,14,0,complied,30627,3.68896,1.030547
9,0.95,14,0,refused,27730,3.826213,0.976541
9,0.95,14,1,complied,30627,4.654187,0.907818
9,0.95,14,1,refused,27730,4.625294,0.822511
9,0.95,14,2,complied,30627,3.83903,0.767491
9,0.95,14,2,refused,27730,3.786251,0.679124
9,0.95,14,3,complied,30627,-11.575076,1.020021
9,0.95,14,3,refused,27730,-11.466917,0.890871
9,0.95,14,4,complied,30627,-2.675014,0.650115
9,0.95,14,4,refused,27730,-2.567718,0.607681
9,0.95,15,0,complied,30627,3.801435,1.138074
9,0.95,15,0,refused,27730,3.940321,1.064413
9,0.95,15,1,complied,30627,4.879686,0.947487
9,0.95,15,1,refused,27730,4.829582,0.874886
9,0.95,15,2,complied,30627,3.970542,0.786342
9,0.95,15,2,refused,27730,3.919504,0.705886
9,0.95,15,3,complied,30627,-11.279773,1.283728
9,0.95,15,3,refused,27730,-11.18582,1.106688
9,0.95,15,4,complied,30627,-2.694952,0.718768
9,0.95,15,4,refused,27730,-2.595941,0.665595
9,0.95,16,0,complied,30627,3.910453,1.139631
9,0.95,16,0,refused,27730,4.037411,1.07066
9,0.95,16,1,complied,30627,5.057749,1.015657
9,0.95,16,1,refused,27730,5.03392,0.930093
9,0.95,16,2,complied,30627,4.344926,0.817995
9,0.95,16,2,refused,27730,4.277072,0.763071
9,0.95,16,3,complied,30627,-11.937992,1.417794
9,0.95,16,3,refused,27730,-11.861812,1.209498
9,0.95,16,4,complied,30627,-2.776062,0.808019
9,0.95,16,4,refused,27730,-2.675047,0.738605
9,0.95,17,0,complied,30627,4.026334,1.214264
9,0.95,17,0,refused,27730,4.224393,1.154652
9,0.95,17,1,complied,30627,5.291806,1.070803
9,0.95,17,1,refused,27730,5.266111,0.98778
9,0.95,17,2,complied,30627,4.663733,0.916248
9,0.95,17,2,refused,27730,4.656575,0.815737
9,0.95,17,3,complied,30627,-12.575015,1.369655
9,0.95,17,3,refused,27730,-12.583064,1.180515
9,0.95,17,4,complied,30627,-2.880051,0.837043
9,0.95,17,4,refused,27730,-2.813681,0.796955
9,0.95,18,0,complied,30627,4.441594,1.373797
9,0.95,18,0,refused,27730,4.671176,1.320982
9,0.95,18,1,complied,30627,5.983007,1.152063
9,0.95,18,1,refused,27730,5.894341,1.06968
9,0.95,18,2,complied,30627,4.867702,0.979965
9,0.95,18,2,refused,27730,4.825313,0.904244
9,0.95,18,3,complied,30627,-13.838559,1.578224
9,0.95,18,3,refused,27730,-13.921634,1.396182
9,0.95,18,4,complied,30627,-3.034274,0.933785
9,0.95,18,4,refused,27730,-2.949662,0.871087
9,0.95,19,0,complied,30627,4.394656,1.519342
9,0.95,19,0,refused,27730,4.516654,1.428586
9,0.95,19,1,complied,30627,6.304869,1.226366
9,0.95,19,1,refused,27730,6.204922,1.153655
9,0.95,19,2,complied,30627,5.485225,1.087984
9,0.95,19,2,refused,27730,5.535125,0.969126
9,0.95,19,3,complied,30627,-14.354211,1.75375
9,0.95,19,3,refused,27730,-14.341155,1.601722
9,0.95,19,4,complied,30627,-3.165281,1.006879
9,0.95,19,4,refused,27730,-3.115901,0.946953
9,0.95,20,0,complied,30627,4.514291,5.873787
9,0.95,20,0,refused,27730,4.559924,7.019988
9,0.95,20,1,complied,30627,6.774825,9.455615
9,0.95,20,1,refused,27730,6.687809,11.440289
9,0.95,20,2,complied,30627,5.963954,6.69911
9,0.95,20,2,refused,27730,5.981356,8.070894
9,0.95,20,3,complied,30627,-15.010245,20.463589
9,0.95,20,3,refused,27730,-14.97145,24.80023
9,0.95,20,4,complied,30627,-3.331242,4.872717
9,0.95,20,4,refused,27730,-3.235705,5.85704
9,0.95,21,0,complied,30627,3.93433,6.080031
9,0.95,21,0,refused,27730,3.929672,7.219527
9,0.95,21,1,complied,30627,6.332667,9.623835
9,0.95,21,1,refused,27730,6.250948,11.624614
9,0.95,21,2,complied,30627,5.844449,6.839803
9,0.95,21,2,refused,27730,5.952472,8.218892
9,0.95,21,3,complied,30627,-13.494597,20.992664
9,0.95,21,3,refused,27730,-13.624355,25.330326
9,0.95,21,4,complied,30627,-2.976737,5.049568
9,0.95,21,4,refused,27730,-2.966503,6.029597
9,0.95,22,0,complied,30627,5.216099,6.219312
9,0.95,22,0,refused,27730,5.1625,7.352967
9,0.95,22,1,complied,30627,8.373768,9.704621
9,0.95,22,1,refused,27730,8.049905,11.703389
9,0.95,22,2,complied,30627,7.73293,6.918463
9,0.95,22,2,refused,27730,7.74168,8.280152
9,0.95,22,3,complied,30627,-18.348256,21.075928
9,0.95,22,3,refused,27730,-17.998369,25.445967
9,0.95,22,4,complied,30627,-4.14117,5.126999
9,0.95,22,4,refused,27730,-4.005188,6.107811
9,0.95,23,0,complied,30627,6.03731,6.358171
9,0.95,23,0,refused,27730,5.941106,7.495276
9,0.95,23,1,complied,30627,9.622264,9.780215
9,0.95,23,1,refused,27730,9.268853,11.777485
9,0.95,23,2,complied,30627,9.145996,7.024489
9,0.95,23,2,refused,27730,9.168695,8.359588
9,0.95,23,3,complied,30627,-21.232095,21.201985
9,0.95,23,3,refused,27730,-20.926331,25.5882
9,0.95,23,4,complied,30627,-5.03416,5.190772
9,0.95,23,4,refused,27730,-4.88586,6.180072
9,0.95,24,0,complied,30627,5.417506,6.588296
9,0.95,24,0,refused,27730,5.252902,7.682352
9,0.95,24,1,complied,30627,8.007901,9.857799
9,0.95,24,1,refused,27730,7.647184,11.848934
9,0.95,24,2,complied,30627,8.02865,7.085469
9,0.95,24,2,refused,27730,8.033262,8.441102
9,0.95,24,3,complied,30627,-17.594518,21.598846
9,0.95,24,3,refused,27730,-17.184848,25.878291
9,0.95,24,4,complied,30627,-4.251677,5.363639
9,0.95,24,4,refused,27730,-4.074301,6.308011
9,0.95,25,0,complied,30627,7.467566,6.657845
9,0.95,25,0,refused,27730,7.438499,7.751001
9,0.95,25,1,complied,30627,11.851448,9.88709
9,0.95,25,1,refused,27730,11.445868,11.841382
9,0.95,25,2,complied,30627,11.28592,7.200588
9,0.95,25,2,refused,27730,11.330461,8.473811
9,0.95,25,3,complied,30627,-25.591983,21.368758
9,0.95,25,3,refused,27730,-25.09773,25.694995
9,0.95,25,4,complied,30627,-6.470618,5.365599
9,0.95,25,4,refused,27730,-6.267814,6.305012
9,0.95,26,0,complied,30627,8.204158,6.812321
9,0.95,26,0,refused,27730,8.172867,7.86203
9,0.95,26,1,complied,30627,13.018775,9.96187
9,0.95,26,1,refused,27730,12.463075,11.9092
9,0.95,26,2,complied,30627,13.203343,7.322142
9,0.95,26,2,refused,27730,13.159139,8.572859
9,0.95,26,3,complied,30627,-28.720886,21.751289
9,0.95,26,3,refused,27730,-27.752701,26.011005
9,0.95,26,4,complied,30627,-7.447119,5.586845
9,0.95,26,4,refused,27730,-7.153002,6.476563
9,0.95,27,0,complied,30627,9.457473,7.08845
9,0.95,27,0,refused,27730,9.592623,8.065763
9,0.95,27,1,complied,30627,16.021268,10.153226
9,0.95,27,1,refused,27730,15.389093,12.043123
9,0.95,27,2,complied,30627,16.58084,7.599587
9,0.95,27,2,refused,27730,16.386513,8.787638
9,0.95,27,3,complied,30627,-35.535631,22.09257
9,0.95,27,3,refused,27730,-34.478067,26.284415
9,0.95,27,4,complied,30627,-9.138844,5.955958
9,0.95,27,4,refused,27730,-8.826876,6.75889
9,0.95,28,0,complied,30627,10.875944,7.546228
9,0.95,28,0,refused,27730,11.134079,8.419329
9,0.95,28,1,complied,30627,18.081215,10.393685
9,0.95,28,1,refused,27730,17.404687,12.225026
9,0.95,28,2,complied,30627,18.397967,7.786494
9,0.95,28,2,refused,27730,18.192994,8.924553
9,0.95,28,3,complied,30627,-39.251624,23.033114
9,0.95,28,3,refused,27730,-37.945152,26.967355
9,0.95,28,4,complied,30627,-10.166387,6.60785
9,0.95,28,4,refused,27730,-9.793027,7.315541
9,0.95,29,0,complied,30627,12.620681,8.108085
9,0.95,29,0,refused,27730,12.986238,8.897542
9,0.95,29,1,complied,30627,21.669355,10.694354
9,0.95,29,1,refused,27730,21.014579,12.416732
9,0.95,29,2,complied,30627,22.176705,8.338383
9,0.95,29,2,refused,27730,22.120214,9.365264
9,0.95,29,3,complied,30627,-47.714785,23.717809
9,0.95,29,3,refused,27730,-45.960861,27.577936
9,0.95,29,4,complied,30627,-12.722977,6.964997
9,0.95,29,4,refused,27730,-12.572626,7.621027
9,0.95,30,0,complied,30627,15.177853,8.76828
9,0.95,30,0,refused,27730,15.940398,9.366508
9,0.95,30,1,complied,30627,26.520675,11.198814
9,0.95,30,1,refused,27730,26.107064,12.769057
9,0.95,30,2,complied,30627,26.72601,9.216914
9,0.95,30,2,refused,27730,26.905794,10.002165
9,0.95,30,3,complied,30627,-57.341854,24.619007
9,0.95,30,3,refused,27730,-55.934401,28.272396
9,0.95,30,4,complied,30627,-15.754669,7.903818
9,0.95,30,4,refused,27730,-15.95744,8.399027
9,0.95,31,0,complied,30627,17.143731,9.589693
9,0.95,31,0,refused,27730,18.476805,9.999372
9,0.95,31,1,complied,30627,31.649276,11.810241
9,0.95,31,1,refused,27730,30.886684,13.229766
9,0.95,31,2,complied,30627,31.417548,10.02921
9,0.95,31,2,refused,27730,31.666297,10.630135
9,0.95,31,3,complied,30627,-68.029365,25.763293
9,0.95,31,3,refused,27730,-66.540719,29.111725
9,0.95,31,4,complied,30627,-18.317066,8.588214
9,0.95,31,4,refused,27730,-18.541436,8.949385
9,0.95,32,0,complied,30627,21.353316,10.386235
9,0.95,32,0,refused,27730,22.817864,10.621303
9,0.95,32,1,complied,30627,37.265901,12.441787
9,0.95,32,1,refused,27730,36.003809,13.717371
9,0.95,32,2,complied,30627,36.72942,10.681204
9,0.95,32,2,refused,27730,36.885075,11.171392
9,0.95,32,3,complied,30627,-81.448104,27.05901
9,0.95,32,3,refused,27730,-79.002031,30.302958
9,0.95,32,4,complied,30627,-22.36005,9.390026
9,0.95,32,4,refused,27730,-22.649363,9.643295
9,0.95,33,0,complied,30627,25.24364,11.173427
9,0.95,33,0,refused,27730,26.893501,11.346333
9,0.95,33,1,complied,30627,45.357185,13.197495
9,0.95,33,1,refused,27730,43.609693,14.285346
9,0.95,33,2,complied,30627,43.862117,11.550189
9,0.95,33,2,refused,27730,43.780947,11.966682
9,0.95,33,3,complied,30627,-97.206966,28.250371
9,0.95,33,3,refused,27730,-94.194948,31.52522
9,0.95,33,4,complied,30627,-26.325047,9.976041
9,0.95,33,4,refused,27730,-26.531223,10.407546
9,0.95,34,0,complied,30627,29.203944,11.828702
9,0.95,34,0,refused,27730,31.051492,11.811604
9,0.95,34,1,complied,30627,52.316996,13.94686
9,0.95,34,1,refused,27730,49.85238,14.938241
9,0.95,34,2,complied,30627,50.41052,12.311204
9,0.95,34,2,refused,27730,49.939539,12.724032
9,0.95,34,3,complied,30627,-112.811474,31.041005
9,0.95,34,3,refused,27730,-108.714281,34.233354
9,0.95,34,4,complied,30627,-29.530536,10.970729
9,0.95,34,4,refused,27730,-29.527188,11.456123
9,0.95,35,0,complied,30627,33.03108,12.093398
9,0.95,35,0,refused,27730,35.122428,11.99985
9,0.95,35,1,complied,30627,60.160725,14.581098
9,0.95,35,1,refused,27730,57.466733,15.319628
9,0.95,35,2,complied,30627,57.56487,12.868447
9,0.95,35,2,refused,27730,57.076998,13.217313
9,0.95,35,3,complied,30627,-130.281917,32.313013
9,0.95,35,3,refused,27730,-125.818755,35.469319
9,0.95,35,4,complied,30627,-34.117482,11.064656
9,0.95,35,4,refused,27730,-34.321917,11.475914
9,0.95,36,0,complied,30627,38.434993,12.701885
9,0.95,36,0,refused,27730,40.740347,12.692148
9,0.95,36,1,complied,30627,72.09199,16.23774
9,0.95,36,1,refused,27730,69.012533,16.749485
9,0.95,36,2,complied,30627,67.227488,14.049661
9,0.95,36,2,refused,27730,66.708335,14.388371
9,0.95,36,3,complied,30627,-160.068989,36.37317
9,0.95,36,3,refused,27730,-154.26081,39.56081
9,0.95,36,4,complied,30627,-41.415918,11.963298
9,0.95,36,4,refused,27730,-41.528407,12.399894
9,0.95,37,0,complied,30627,43.191507,13.072491
9,0.95,37,0,refused,27730,45.666107,13.126357
9,0.95,37,1,complied,30627,84.589035,17.886384
9,0.95,37,1,refused,27730,81.21428,18.307646
9,0.95,37,2,complied,30627,77.179037,14.844982
9,0.95,37,2,refused,27730,76.694758,15.117306
9,0.95,37,3,complied,30627,-186.696858,39.187545
9,0.95,37,3,refused,27730,-179.901316,43.243471
9,0.95,37,4,complied,30627,-49.503722,12.726706
9,0.95,37,4,refused,27730,-49.335668,13.397741
9,0.95,38,0,complied,30627,56.187734,14.75365
9,0.95,38,0,refused,27730,59.469137,15.069021
9,0.95,38,1,complied,30627,104.089079,20.228083
9,0.95,38,1,refused,27730,100.441309,20.491213
9,0.95,38,2,complied,30627,91.042188,16.314015
9,0.95,38,2,refused,27730,90.917601,16.030783
9,0.95,38,3,complied,30627,-229.520246,43.944587
9,0.95,38,3,refused,27730,-222.809708,47.989687
9,0.95,38,4,complied,30627,-58.557312,13.179701
9,0.95,38,4,refused,27730,-58.766461,13.797871
9,0.95,39,0,complied,30627,76.754032,18.861199
9,0.95,39,0,refused,27730,79.757605,19.168007
9,0.95,39,1,complied,30627,147.841984,25.6357
9,0.95,39,1,refused,27730,143.817078,25.612998
9,0.95,39,2,complied,30627,124.029403,21.50079
9,0.95,39,2,refused,27730,123.874824,20.582174
9,0.95,39,3,complied,30627,-321.34484,54.67363
9,0.95,39,3,refused,27730,-316.600033,57.532879
9,0.95,39,4,complied,30627,-75.683495,16.097704
9,0.95,39,4,refused,27730,-76.164002,16.851917
