layer,progress_bin,bin_start_fraction,bin_end_fraction,subset,n_success,n_failure,success_mean,failure_mean,success_std,failure_std,mean_difference,cohen_d,hedges_g,success_ci_low,success_ci_high,failure_ci_low,failure_ci_high,mann_whitney_u,mann_whitney_p,permutation_p,bootstrap_ci_low,bootstrap_ci_high,mann_whitney_q_bh,n_judge_success,n_judge_failure,judge_success_mean,judge_failure_mean
0,0,0.0,0.1,all,19,22,0.0029900008310393337,0.0073969736959541175,0.004380705196222081,0.0037408458635990295,-0.004406972864914784,-1.088477226290581,-1.0674099251365698,0.001089753842458259,0.0049754845735117854,0.005908543867195764,0.008840315557497001,103.0,0.005811549664936521,0.0012998700129987,-0.00673183944201652,-0.0018997640342605564,0.008185281218220451,4,37,0.0056223336851919745,0.00532578655026946
0,0,0.0,0.1,excl_censored,19,21,0.0029900008310393337,0.007317246609136975,0.004380705196222081,0.003814025580743398,-0.0043272457780976405,-1.0574255499199952,-1.0364170952858232,0.0012780171171812838,0.0049633806625655925,0.005724548778827692,0.008835374473012959,99.0,0.006760919251259012,0.0029997000299970002,-0.006643629444255356,-0.0018385293353428813,0.009624084343429198,4,36,0.0056223336851919745,0.005221746106690441
0,1,0.1,0.2,all,19,22,0.0037638457884104394,0.007959281212339905,0.004841240210311644,0.003725390697708171,-0.004195435423929465,-0.9809915447630201,-0.9620046116385745,0.001720361825233302,0.005843298136226558,0.006358653556474535,0.009447785703511588,105.0,0.006811132003560291,0.0032996700329967,-0.006570404504602599,-0.0015874332672737123,0.009173241755636757,4,37,0.0048872135625278,0.006136983848680136
0,1,0.1,0.2,excl_censored,19,21,0.0037638457884104394,0.007954782079353781,0.004841240210311644,0.003817328260489779,-0.004190936290943342,-0.9673009714426302,-0.9480830713477435,0.001774050325695091,0.005989684004699412,0.006240870045132767,0.009407218614628027,101.0,0.00794899579919988,0.004899510048995101,-0.006697803731195895,-0.0015008737442781437,0.010889035341369698,4,36,0.0048872135625278,0.006083739983225459
0,2,0.2,0.3,all,19,22,0.003765044320094539,0.007679221343141577,0.0049506538825300345,0.0036898123503401456,-0.003914177023047038,-0.9065348205725084,-0.8889889853356211,0.0017161877368312606,0.0061721512793464104,0.006116569905282973,0.00915869539857699,114.0,0.01348711356572764,0.0057994200579942,-0.006414269770468279,-0.0011744473453685388,0.01629862666553189,4,37,0.005449135048203135,0.005910328957786443
0,2,0.2,0.3,excl_censored,19,21,0.003765044320094539,0.007572353328650939,0.0049506538825300345,0.003745881884752873,-0.0038073090085564004,-0.8735811319774883,-0.8562252154481342,0.0016649257665951173,0.00600686746270405,0.0059431435490893535,0.009069985904478812,110.0,0.015931854820559234,0.010198980101989802,-0.006446569288157123,-0.000991992186945492,0.01891021343686556,4,36,0.005449135048203135,0.005798853383073705
0,3,0.3,0.4,all,19,22,0.0032529024428706067,0.008493767444914332,0.004874161769048669,0.004160621334070269,-0.005240865002043725,-1.1635981646787814,-1.141076909878547,0.0013269272018281693,0.005649848223532123,0.006743382645221047,0.01007476171161059,102.0,0.005363128648524343,0.0012998700129987,-0.007846760751400231,-0.002442376407756556,0.007716731868380349,4,37,0.006409362340712186,0.006027853536211028
0,3,0.3,0.4,excl_censored,19,21,0.0032529024428706067,0.008523031057552463,0.004874161769048669,0.00426104758085704,-0.005270128614681856,-1.1552856530471103,-1.1323329579534591,0.001328113465271954,0.005657431992163564,0.006662220523703416,0.010207565080431328,98.0,0.006228927993530219,0.0006999300069993001,-0.008043041570072858,-0.002494462412736564,0.009160188225779733,4,36,0.006409362340712186,0.0059764263683415135
0,4,0.4,0.5,all,19,22,0.00382163690226859,0.009616730043444393,0.0054588810518882945,0.004506552352039836,-0.005795093141175803,-1.1662913425541914,-1.143717961730562,0.0016091109050808167,0.006324774106506661,0.007697794889487644,0.011379163574146978,90.0,0.0019476215396976057,0.0011998800119988001,-0.008763609615883159,-0.0024792192049155753,0.004015714514840424,4,37,0.00693342227555863,0.006930958729639063
0,4,0.4,0.5,excl_censored,19,21,0.00382163690226859,0.00966423073640615,0.0054588810518882945,0.004612195129333092,-0.005842593834137561,-1.1613069749341192,-1.1382346509288055,0.0016164325982203653,0.006384601962902091,0.00765066556187863,0.011442997663465631,86.0,0.0022097656717117685,0.0008999100089991,-0.008538414022172999,-0.002629223656920883,0.004777871722620041,4,36,0.00693342227555863,0.006884062708483274
0,5,0.5,0.6,all,19,22,0.005196088807912528,0.008869886812966141,0.00545212993723248,0.004246228031422491,-0.0036737980050536127,-0.7590059425987412,-0.7443155050000558,0.0029567444464273437,0.007719863839111843,0.007059514888711583,0.010558390001080685,139.0,0.06921217155261075,0.0217978202179782,-0.006523825381655274,-0.0006245040642354377,0.07343466477730584,4,37,0.006101810118309143,0.007282593426009637
0,5,0.5,0.6,excl_censored,19,21,0.005196088807912528,0.0089266985702628,0.00545212993723248,0.004342512880736132,-0.0037306097623502725,-0.7614193122072205,-0.7462917762031035,0.002905569655460584,0.007689871699255632,0.007001481430676281,0.010620417176057688,134.0,0.07833022730194869,0.0245975402459754,-0.006613262857998809,-0.0007086464814415866,0.0831089944848262,4,36,0.006101810118309143,0.007271642134795008
0,6,0.6,0.7,all,19,22,0.00399344186472404,0.010207931349940068,0.0059158450795865295,0.004888975486675072,-0.006214489485216028,-1.1535460477610011,-1.131219350062401,0.0015360753607400926,0.00666096485326344,0.008227394796808757,0.012131811606047153,92.0,0.002320492605204538,0.0013998600139986002,-0.009426631220351372,-0.002740277002754284,0.004462485779239496,4,37,0.004726644597387374,0.0076092785605105075
0,6,0.6,0.7,excl_censored,19,21,0.00399344186472404,0.010262861109376242,0.0059158450795865295,0.005002747869129386,-0.006269419244652202,-1.149433572476773,-1.1265971438845193,0.0016637110944416704,0.006732673251259957,0.008095997534577178,0.01221779183272395,88.0,0.002644304406362379,0.0008999100089991,-0.009483355682710649,-0.0029620875507820493,0.005262297326094287,4,36,0.004726644597387374,0.007569136120475235
0,7,0.7,0.8,all,19,22,0.00432741660637678,0.010324062678573668,0.005348318076450487,0.005411322251381544,-0.005996646072196888,-1.114134668607232,-1.0925707717954791,0.0020164103030817088,0.006938096255892028,0.008108035930574667,0.012557460404590427,89.0,0.0017825908825435677,0.0022997700229977,-0.008891945815735642,-0.0028291517426682353,0.003813028625761642,4,37,0.006718841414827412,0.007634457534877564
0,7,0.7,0.8,excl_censored,19,21,0.00432741660637678,0.010317102663880688,0.005348318076450487,0.005544854364906918,-0.005989686057503908,-1.0984925793625073,-1.0766682234811331,0.0021427396392726668,0.006816970448321571,0.007839006281605911,0.012532808886169823,85.0,0.002017988592121406,0.0016998300169983002,-0.009170966356253352,-0.0025058249459192286,0.004484419093603124,4,36,0.006718841414827412,0.007555686272315101
0,8,0.8,0.9,all,19,22,0.00406713361085943,0.009761425381190602,0.004968711595429645,0.004521611094439031,-0.005694291770331172,-1.2030492109844744,-1.179764387546065,0.0019338797396536227,0.006417839743351484,0.007899756678335665,0.011549001427904916,95.0,0.003003459393580646,0.00039996000399960006,-0.008521652319274075,-0.0027210441504853565,0.0051561534653744995,4,37,0.005533614915436952,0.007294390198129042
0,8,0.8,0.9,excl_censored,19,21,0.00406713361085943,0.009740395049132529,0.004968711595429645,0.004632169975767979,-0.005673261438273098,-1.1832779092602455,-1.1597690766259359,0.0020439595119308637,0.00627221076978182,0.007664882176017883,0.01160334024564027,91.0,0.0034438069596774688,0.0004999500049995,-0.008471452339652824,-0.0025007797519240546,0.006041766595925383,4,36,0.005533614915436952,0.007213593749343457
0,9,0.9,1.0,all,19,22,0.0034380813588409027,0.009934295771799738,0.005114182449208442,0.004540616149392093,-0.006496214412958836,-1.3494873945592967,-1.3233682836968585,0.0014653466149064792,0.005833514889351127,0.008018361982004707,0.01176126940850167,70.0,0.000293475164563048,0.00019998000199980003,-0.009314623928861069,-0.003558217101451648,0.001924427308610151,4,37,0.004209711329496411,0.007217275877826641
0,9,0.9,1.0,excl_censored,19,21,0.0034380813588409027,0.00995479060724199,0.005114182449208442,0.0046517041912252765,-0.006516709248401087,-1.3364199591086066,-1.3098685691925416,0.0013620881967436986,0.005890731484057502,0.007934217563281066,0.011790577555565953,67.0,0.0003501162650486686,9.999000099990002e-05,-0.009459152789139044,-0.003415159531002161,0.0026423869060276874,4,36,0.004209711329496411,0.007153758423668703
1,0,0.0,0.1,all,19,22,0.26094538295283687,0.24991477232665285,0.01314829586569328,0.02230694876319098,0.011030610626184018,0.5915338945253357,0.5800848514054905,0.2551558417546587,0.26645790531707614,0.24129852060161341,0.2596789270973379,295.0,0.025394913667526966,0.0608939106089391,-6.275660101780766e-05,0.020928738799948037,0.02853361086238985,4,37,0.25765476989742525,0.2547423834513665
1,0,0.0,0.1,excl_censored,19,21,0.26094538295283687,0.25034011596812666,0.01314829586569328,0.02276622001236932,0.010605266984710204,0.5631235352193754,0.5519356504136924,0.2554087094405175,0.2666375581160949,0.24140073283699767,0.26066790734318207,277.0,0.037027083054220644,0.0851914808519148,-0.0011264047215504044,0.022018839407716654,0.04080119344817702,4,36,0.25765476989742525,0.2551246008845794
1,1,0.1,0.2,all,19,22,0.2631377539820092,0.2490403560556377,0.015508920538112392,0.026064629346805597,0.014097397926371519,0.6455945190805537,0.6330991412918977,0.2565373105439933,0.26979054702357763,0.2390638883903196,0.26030508066598246,307.0,0.010800936202851176,0.04559544045595441,0.00144340663755413,0.026310380421084596,0.013543493671286742,4,37,0.2569385492603158,0.2554257016713768
1,1,0.1,0.2,excl_censored,19,21,0.2631377539820092,0.2493930428535163,0.015508920538112392,0.026654451520483177,0.013744711128492931,0.6222831935116407,0.6099199512564426,0.25631279035548005,0.2699254876821739,0.23913042917354563,0.2613753101044517,289.0,0.015931854820559234,0.0608939106089391,-0.00015682476342030024,0.026134183035832384,0.01891021343686556,4,36,0.2569385492603158,0.25580880634835423
1,2,0.2,0.3,all,19,22,0.2621252503325515,0.24689205379280132,0.01584761617544451,0.02143516806065635,0.015233196539750193,0.7991844165775215,0.7837163310953759,0.255722582810184,0.2694530729403601,0.23860613711350181,0.25625159150260585,313.0,0.006811132003560291,0.014798520147985201,0.003407945783987404,0.026199162876904603,0.009173241755636757,4,37,0.25625650452127524,0.2537021330182434
1,2,0.2,0.3,excl_censored,19,21,0.2621252503325515,0.24708120828848182,0.01584761617544451,0.021945688565211525,0.0150440420440697,0.7795311370399591,0.7640437634563838,0.25566147203865386,0.26940703926175064,0.2381524727790339,0.25637734773637466,296.0,0.00932072835933322,0.015598440155984402,0.0029256070413278853,0.025969159089483027,0.012223906045027173,4,36,0.25625650452127524,0.2540016420080971
1,3,0.3,0.4,all,19,22,0.2609611024150033,0.25149398348209623,0.015063303608198554,0.01821011426985821,0.009467118932907082,0.5624808257292556,0.5515941000699797,0.2546778464361353,0.26782192953692285,0.24434926105762017,0.25867358878971697,291.0,0.033108551103037176,0.07979202079792021,-0.0008047430038430281,0.019261716448247302,0.03638302319015074,4,37,0.2612424958984778,0.25530158375398027
1,3,0.3,0.4,excl_censored,19,21,0.2609611024150033,0.2520932708459238,0.015063303608198554,0.01843617143961065,0.008867831569079498,0.5240259445641773,0.5136148330827698,0.25453113322612564,0.26773917578451745,0.2444872435094046,0.26009367352344726,273.0,0.04802699871964889,0.10848915108489152,-0.0018818890862049352,0.019190464097346715,0.052203259477879224,4,36,0.2612424958984778,0.2557569347237653
1,4,0.4,0.5,all,19,22,0.26048312047524114,0.25109079776253096,0.014654101949489576,0.015229569823357271,0.009392322712710177,0.6275472081127599,0.615401133117029,0.25455240056518674,0.2668386536358745,0.24546797771827586,0.2576226504111925,291.0,0.033108551103037176,0.051594840515948405,0.0009052055371723657,0.018362104007782758,0.03638302319015074,4,37,0.2536497539634079,0.2556372384851793
1,4,0.4,0.5,excl_censored,19,21,0.26048312047524114,0.2516019715352461,0.014654101949489576,0.015411060592839717,0.008881148939995032,0.5898256036750287,0.5781072141980413,0.25446278222387747,0.26691442229645856,0.24543108705732017,0.2584737396011864,272.0,0.05117069698454882,0.0725927407259274,0.00018778311689559153,0.018326694562466012,0.05531967241572846,4,36,0.2536497539634079,0.2560617132060033
1,5,0.5,0.6,all,19,22,0.2625177276792801,0.25052250290014116,0.017726168210526836,0.015613674647981213,0.011995224779138947,0.7216446293033767,0.7076773138975049,0.25492496892454813,0.2705621920548853,0.2441608624397004,0.2570272320405452,294.0,0.02716090572215357,0.025797420257974202,0.0017361666980793486,0.02178727496051857,0.030178784135726187,4,37,0.25563908334563823,0.25612906908991556
1,5,0.5,0.6,excl_censored,19,21,0.2625177276792801,0.2508190242228944,0.017726168210526836,0.015935655391062162,0.011698703456385684,0.6960370707742772,0.6822085196992916,0.2547463686425362,0.27036788183428206,0.2443846670905823,0.25801004412479395,278.0,0.034639363442019094,0.033396660333966606,0.0008604251417191775,0.021738369096256184,0.0385953910217483,4,36,0.25563908334563823,0.2564577778112376
1,6,0.6,0.7,all,19,22,0.2593678665010768,0.2535625338094149,0.01774446172122648,0.014824574519854234,0.005805332691661891,0.3575242643440179,0.35060443987284334,0.2515730174999792,0.2665473840743673,0.2472048761814776,0.2594160507642972,254.0,0.24465770210266613,0.25737426257374263,-0.004529831454048971,0.015292860948101257,0.25222443515738774,4,37,0.2577081009533746,0.2560954811760565
1,6,0.6,0.7,excl_censored,19,21,0.2593678665010768,0.2541223394965767,0.01774446172122648,0.014950494191463985,0.005245527004500095,0.3211487499501104,0.3147683112093797,0.2515090807964542,0.2671967519163762,0.24806666519243048,0.2605103675444525,237.0,0.3162920566495764,0.31766823317668236,-0.004733215175484224,0.015034750733602031,0.3260742852057488,4,36,0.2577081009533746,0.2564923941426409
1,7,0.7,0.8,all,19,22,0.27151233215802273,0.25303296922682517,0.019812169475761122,0.014444578193309247,0.018479362931197563,1.0786342882375175,1.0577574955619526,0.262789148763271,0.2802651807684359,0.24749541879466685,0.2596178293663842,327.0,0.002126574788868804,0.0017998200179982,0.00788038181711305,0.02919019587131361,0.00421103918587882,4,37,0.2596608704981404,0.2618058419459466
1,7,0.7,0.8,excl_censored,19,21,0.27151233215802273,0.25347869895640945,0.019812169475761122,0.01464543406083822,0.018033633201613275,1.0432254534994194,1.022499119986186,0.26270438647052363,0.27994927737821274,0.24778331167626702,0.2596846564701901,308.0,0.0034438069596774688,0.0025997400259974,0.008024844153705234,0.02873066293934662,0.006041766595925383,4,36,0.2596608704981404,0.26230954186373523
1,8,0.8,0.9,all,19,22,0.27132073717877664,0.25534348130281986,0.024324791336369042,0.016404061151416745,0.015977255875956775,0.7814856846744684,0.7663601552936722,0.2610791726975626,0.2825225947624946,0.24879026701071683,0.2622456100050043,290.0,0.03532438905919525,0.015998400159984,0.003502277320093555,0.028965374485195712,0.038500696522283655,4,37,0.2615243736927331,0.2628798135212935
1,8,0.8,0.9,excl_censored,19,21,0.27132073717877664,0.2562483289772036,0.024324791336369042,0.016236833873102822,0.015072408201573018,0.7363072550842419,0.7216786341223033,0.26128057942554467,0.2825972709749068,0.24957050784261706,0.2633364457519278,271.0,0.054484881629885414,0.025797420257974202,0.002124346003163301,0.027291729626443988,0.05827260067367424,4,36,0.2615243736927331,0.263616983892975
1,9,0.9,1.0,all,19,22,0.2649332833460482,0.2554711834758413,0.016511099867176776,0.015663928310095006,0.009462099870206908,0.5891540779360641,0.5777510957824629,0.25808871824040425,0.27209327242029135,0.24953366425400406,0.26175876128820336,274.0,0.09173600418801962,0.0665933406659334,-3.2990251874318e-05,0.01929314908564318,0.09681900178155105,4,37,0.25950302358276606,0.259894225019253
1,9,0.9,1.0,excl_censored,19,21,0.2649332833460482,0.2561184308847557,0.016511099867176776,0.015746406507396626,0.008814852461292488,0.5470594039064741,0.5361906740275375,0.2580132004225293,0.2725221103172343,0.24986716543858062,0.26260505682776736,255.0,0.13632468403171358,0.08899110088991101,-0.0008746283180143296,0.018373171215297975,0.14349966740180375,4,36,0.25950302358276606,0.26039464827288117
2,0,0.0,0.1,all,19,22,0.3883030324716583,0.3588129135791104,0.03057944393736628,0.0468006181820937,0.029490118892547934,0.7347369315407353,0.720516216736721,0.3750107351306093,0.4013534795252346,0.34091940346878097,0.37880075269735464,293.0,0.029031895052936855,0.026797320267973202,0.005853057763563484,0.051925797835265804,0.03207944204744404,4,37,0.3798328341479392,0.37168406430027523
2,0,0.0,0.1,excl_censored,19,21,0.3883030324716583,0.3593178973660826,0.03057944393736628,0.04789490636902326,0.02898513510557571,0.7135061863775024,0.6993305667805984,0.375281188068923,0.40147489081115906,0.34023591380701046,0.37925716124753467,277.0,0.037027083054220644,0.029797020297970205,0.004482803866514194,0.0520441147321764,0.04080119344817702,4,36,0.3798328341479392,0.37233617014048576
2,1,0.1,0.2,all,19,22,0.38030772376233046,0.3611304902477744,0.04035328304239269,0.04547268234501606,0.01917723351455608,0.44406793716353365,0.4354730738635943,0.36145130426655364,0.3974933066326632,0.34274438423482456,0.3802302032122452,274.0,0.09173600418801962,0.16298370162983702,-0.007993240931523338,0.04287687573669307,0.09681900178155105,4,37,0.37232363629827925,0.3697681889660054
2,1,0.1,0.2,excl_censored,19,21,0.38030772376233046,0.361086096635187,0.04035328304239269,0.046595145201176275,0.01922162712714348,0.43935525173985285,0.4306263394536306,0.3620322126724308,0.3980506460431219,0.34346096144193106,0.3814785002793376,260.0,0.10415448114739993,0.16978302169783022,-0.00849623190700853,0.04608877120339001,0.11021638216656077,4,36,0.37232363629827925,0.3699822287675025
2,2,0.2,0.3,all,19,22,0.37982831383808796,0.35821237390158944,0.03270133771848745,0.03934914158392513,0.02161593993649852,0.5933233925208313,0.5818397139559119,0.3655849820658896,0.3941700239038525,0.34261095064856933,0.3743407261596406,282.0,0.05803078165582153,0.0638936106389361,7.954975049074004e-05,0.04354509291979984,0.0617348741019378,4,37,0.37909738533743964,0.3670546120921318
2,2,0.2,0.3,excl_censored,19,21,0.37982831383808796,0.35781106796881607,0.03270133771848745,0.04027471312781244,0.022017245869271895,0.5969695440433898,0.5851092219763026,0.36609677612166647,0.39462988112848885,0.34181714093687776,0.3748382665950266,271.0,0.054484881629885414,0.06459354064593541,-0.00022608506137249254,0.04335348450373394,0.05827260067367424,4,36,0.37909738533743964,0.3670661346921958
2,3,0.3,0.4,all,19,22,0.37673809752832926,0.3702598832467039,0.025955851422205658,0.031856039638208294,0.006478214281625372,0.2212430539700876,0.21696093034486008,0.3649512331185764,0.38817209514864554,0.35797967307280254,0.3843544291387644,254.0,0.24465770210266613,0.49055094490550943,-0.011071191061710922,0.023709403088648665,0.25222443515738774,4,37,0.3812016195479284,0.3724036434128115
2,3,0.3,0.4,excl_censored,19,21,0.37673809752832926,0.3704512641302299,0.025955851422205658,0.03262976477173983,0.0062868333980993785,0.21199015851100403,0.20777843350747416,0.3654755628952574,0.3879558838740214,0.3579214829064218,0.38533335881309844,241.0,0.26680836162391053,0.5021497850214979,-0.011909053416730354,0.02274982944818415,0.27577091640714263,4,36,0.3812016195479284,0.3725748311550381
2,4,0.4,0.5,all,19,22,0.3751551726236736,0.3699827754436226,0.023884275361848787,0.028926523916482687,0.005172397180050969,0.19359339382615068,0.18984642491338646,0.36552686763675324,0.3859804244834378,0.3582750200592853,0.3825678339105308,231.0,0.5740454973496514,0.5369463053694631,-0.010110542743168192,0.019996217031731798,0.5842702263100777,4,37,0.3681669054447679,0.3728351815629845
2,4,0.4,0.5,excl_censored,19,21,0.3751551726236736,0.3703675127242164,0.023884275361848787,0.02958313115748685,0.004787659899457175,0.17709875804970576,0.1735802396778573,0.3652370359387176,0.3868545453139439,0.35778043997718184,0.3832865828070153,219.0,0.6068358232257332,0.57994200579942,-0.011613692171927356,0.021476617952060618,0.6176446037920948,4,36,0.3681669054447679,0.37313884514664647
2,5,0.5,0.6,all,19,22,0.3749161029777401,0.36863598243019824,0.0307210892706687,0.0274272409962979,0.006280120547541845,0.2166005925316266,0.21240832299875642,0.3605535585330131,0.3875316160606046,0.35842002031919806,0.380162883311109,256.0,0.224094559237754,0.49525047495250474,-0.011680356905469497,0.022970908062682004,0.2322223411790197,4,37,0.37098949204531495,0.3716064757259504
2,5,0.5,0.6,excl_censored,19,21,0.3749161029777401,0.3689231475100004,0.0307210892706687,0.02807064859802529,0.005992955467739702,0.20414779230418817,0.2000918759007937,0.360546509240504,0.38716212431154107,0.35789065988313384,0.38065889909768696,242.0,0.25531823723812774,0.5251474852514748,-0.013231317834566422,0.024091053614103294,0.2645784841845883,4,36,0.37098949204531495,0.37185650239182816
2,6,0.6,0.7,all,19,22,0.3718921097538508,0.37257769660345086,0.032123534450883694,0.02552487025900199,-0.0006855868496000728,-0.023838902598306545,-0.02337750448350061,0.3569564434297424,0.38482461792433675,0.36206545808041457,0.3832891197600639,222.0,0.7438158570028419,0.9372062793720628,-0.018937118017208314,0.016207647288222327,0.7513291484877191,4,37,0.36483360159724043,0.3730628379516249
2,6,0.6,0.7,excl_censored,19,21,0.3718921097538508,0.37302518074280255,0.032123534450883694,0.02606663308438568,-0.0011330709889517676,-0.038946108547849974,-0.0381723448018662,0.3568930128101488,0.3852594208215042,0.3616609057042504,0.3835478064678724,208.0,0.8284641874869679,0.8972102789721028,-0.019353603073739924,0.016173444676851372,0.8347246221531163,4,36,0.36483360159724043,0.37333734651480716
2,7,0.7,0.8,all,19,22,0.39447316654750625,0.3715611312967368,0.03080740132523706,0.02509406765633927,0.022912035250769458,0.8219011610348378,0.8059933966277119,0.3817775339991508,0.40847718007795875,0.3617221651031853,0.3818981078995294,302.0,0.01559097329501446,0.012398760123987601,0.006303021005628444,0.04021167073966532,0.018560682494064833,4,37,0.3773312197074412,0.3827029776784071
2,7,0.7,0.8,excl_censored,19,21,0.39447316654750625,0.37152894101337103,0.03080740132523706,0.02571330213268323,0.02294422553413522,0.8124417873629023,0.796300559799401,0.3820831026118688,0.40878787140400386,0.3609475062721385,0.38247368184280467,287.0,0.018457757131813437,0.014298570142985701,0.005398402213720578,0.040530902395006785,0.021462508292806323,4,36,0.3773312197074412,0.38299369574593456
2,8,0.8,0.9,all,19,22,0.4024212306903946,0.3796307301093261,0.039596160052303576,0.02711747478649801,0.022790500581068518,0.6811219011982883,0.6679388966589666,0.3855747595163393,0.42028995399209046,0.36866452963136775,0.39094923864976827,267.0,0.1327616785752945,0.036196380361963806,0.0020885524384519727,0.04435808477445963,0.13938233971159528,4,37,0.38754930929189463,0.3904778975231106
2,8,0.8,0.9,excl_censored,19,21,0.4024212306903946,0.3808898209216099,0.039596160052303576,0.027120189108421247,0.021531409768784704,0.6405842216433231,0.6278573828027273,0.38509941227061045,0.420820698498764,0.36981950027667043,0.3927318714644868,250.0,0.17567313428503284,0.0448955104489551,0.0006308047861564997,0.04373770511932102,0.18347063632901603,4,36,0.38754930929189463,0.39151367736954795
2,9,0.9,1.0,all,19,22,0.3849186483854457,0.3788179971656037,0.028562821155586265,0.027483202263316898,0.0061006512198419904,0.21798422715509694,0.21376517759725633,0.37265737348625566,0.39778569978011485,0.36775941462911393,0.3901509284763807,216.0,0.8650586834684142,0.48695130486951305,-0.009680803954465272,0.023529476405975868,0.8650586834684142,4,37,0.3824333594802652,0.38155991402826195
2,9,0.9,1.0,excl_censored,19,21,0.3849186483854457,0.3798493860256092,0.028562821155586265,0.027722189706589757,0.005069262359836513,0.18024995084467088,0.17666882599345227,0.3729210346906597,0.3975874126874645,0.3678962589728968,0.3912176257246657,199.0,1.0,0.5743425657434257,-0.011672901162182048,0.02212038839266897,1.0,4,36,0.3824333594802652,0.3822377218872279
3,0,0.0,0.1,all,19,22,0.4596714396365849,0.4170561649936621,0.045208561720439744,0.06305080553636501,0.04261527464292281,0.7673881322587998,0.7525354587312101,0.4393618615125405,0.48035750547989486,0.391460672845427,0.44241293468111426,287.0,0.042745618218330034,0.0201979802019798,0.009836749088517777,0.07445127307355784,0.04608691991194613,4,37,0.4436057641027754,0.4360694574741778
3,0,0.0,0.1,excl_censored,19,21,0.4596714396365849,0.41810856273161656,0.045208561720439744,0.06440954964638605,0.04156287690496835,0.7403561378845288,0.7256470755424521,0.4398701498134524,0.4799787520083957,0.3926914054357001,0.44683489247811087,271.0,0.054484881629885414,0.025397460253974602,0.00857379036415299,0.0738668288175916,0.05827260067367424,4,36,0.4436057641027754,0.4372115031679988
3,1,0.1,0.2,all,19,22,0.45316346866581053,0.43059734228033386,0.06576546300662481,0.06016329279793826,0.02256612638547667,0.35927012865639235,0.3523165132630428,0.4217915236727634,0.4799777363569166,0.4069221223230132,0.4557482010330776,262.0,0.16988347017605065,0.25437456254374563,-0.016485279515168517,0.060267497090478496,0.17696194810005278,4,37,0.44589143738914466,0.440531937439491
3,1,0.1,0.2,excl_censored,19,21,0.45316346866581053,0.4310789029186459,0.06576546300662481,0.061605567811096336,0.02208456574716461,0.3471872024119054,0.3402894434235894,0.42480763698422225,0.4804488762142203,0.40583489013324786,0.45645329451405064,248.0,0.19359057458498397,0.2792720727927207,-0.016589856865463905,0.05959475356612198,0.20113306450387944,4,36,0.44589143738914466,0.44108880878848294
3,2,0.2,0.3,all,19,22,0.45950082602858106,0.42986109703843595,0.04632695797810215,0.060351770785417404,0.02963972899014511,0.5455446923239642,0.5349857627951132,0.4394252383643442,0.47983091573722486,0.40614224728995657,0.4549620513891182,270.0,0.1137105058585454,0.08789121087891211,-0.0033991992996977916,0.06202976830948985,0.11969526932478464,4,37,0.46409255929167165,0.4413807997897822
3,2,0.2,0.3,excl_censored,19,21,0.45950082602858106,0.42984483740207147,0.04632695797810215,0.0618421130112963,0.02965598862650959,0.5388008077184111,0.528096155909436,0.43991575801700333,0.48045193995502955,0.4025426600561383,0.4553246681832762,256.0,0.12934192644802245,0.09629037096290372,-0.003749615691538911,0.06357152481661844,0.13650862949659362,4,36,0.46409255929167165,0.44169130674499596
3,3,0.3,0.4,all,19,22,0.4531271404977619,0.4514175482474123,0.039923239718393344,0.04459919452151406,0.001709592250349612,0.04022094059578386,0.03944247077780095,0.43478743294800437,0.4696779189267707,0.43366784863693564,0.4704497305933812,228.0,0.6286197596028613,0.8952104789521048,-0.022965926953022162,0.026059821780495974,0.636576971749733,4,37,0.46549729162037096,0.45077331255186665
3,3,0.3,0.4,excl_censored,19,21,0.4531271404977619,0.45165358120640997,0.039923239718393344,0.04568649278049921,0.0014735592913519557,0.03422678676143993,0.033546784375451055,0.43596074002936935,0.46969954400716,0.43109130834349324,0.4709834129518658,217.0,0.6452094654316003,0.9091090890910909,-0.02482655161842253,0.026310414272620992,0.6550349902858886,4,36,0.46549729162037096,0.45089310300862784
3,4,0.4,0.5,all,19,22,0.4503241655289994,0.4526289635388911,0.03835667258544115,0.043765498895114906,-0.0023047980098916954,-0.05572918299788561,-0.054650553649539434,0.43307557282794756,0.4668871073743909,0.434397190448824,0.46940202621649785,202.0,0.8650586834684142,0.8598140185981402,-0.026342280392263724,0.021455028698182624,0.8650586834684142,4,37,0.4481796288919628,0.45192642776591196
3,4,0.4,0.5,excl_censored,19,21,0.4503241655289994,0.45325479940749647,0.03835667258544115,0.04474530421027234,-0.0029306338784970687,-0.07004235133739888,-0.06865078144327837,0.43361620757554564,0.46694093852618046,0.4343380209846654,0.47068389699998897,191.0,0.8284641874869679,0.8282171782821718,-0.028991674851955317,0.02125447438618657,0.8347246221531163,4,36,0.4481796288919628,0.4522719838066824
3,5,0.5,0.6,all,19,22,0.45374235381523126,0.4504546788104293,0.05359664563919166,0.03906597330914391,0.003287675004801982,0.07094361496461979,0.06957051273949812,0.42803830498417306,0.4763384554372603,0.43429148097282644,0.4666147126195668,230.0,0.5919867759904645,0.8174182581741826,-0.02645418208873223,0.031499606884348455,0.6010018030360045,4,37,0.44749639382264456,0.4524627589467097
3,5,0.5,0.6,excl_censored,19,21,0.45374235381523126,0.4512491996996193,0.05359664563919166,0.03984815677768146,0.002493154115611962,0.053197410808489096,0.052140508606995935,0.42978912976787803,0.47514158652138977,0.43509113773361147,0.46865329427796504,216.0,0.6647652818569365,0.8692130786921308,-0.027241904646248073,0.02982106206190364,0.673180032260189,4,36,0.44749639382264456,0.45298200946918943
3,6,0.6,0.7,all,19,22,0.45312185577294894,0.45682635814687855,0.05519957896478961,0.035511390576365015,-0.003704502373929608,-0.08112259150243437,-0.07955247682819369,0.42717416469421526,0.47575525492134135,0.44233489703449586,0.4717138129200816,220.0,0.7836883650361984,0.798020197980202,-0.03410702014357624,0.0241830529533344,0.7896104433614091,4,37,0.4408960127905429,0.4566462456150049
3,6,0.6,0.7,excl_censored,19,21,0.45312185577294894,0.4578719504783847,0.05519957896478961,0.03603966455064372,-0.004750094705435748,-0.10299745607127164,-0.10095114899700797,0.4289744613093957,0.4755206556508979,0.4414409211735308,0.4719298430666302,205.0,0.8922799497064868,0.7503249675032497,-0.03395515140769576,0.02348743958112522,0.8967637685492329,4,36,0.4408960127905429,0.4572511713491649
3,7,0.7,0.8,all,19,22,0.4780894595346812,0.4572597384139472,0.0453733840248935,0.03728704716764502,0.020829721120734,0.5053695536398047,0.4955882074403246,0.4574621414798096,0.4992592169238287,0.4425723681806362,0.4721994540794003,258.0,0.20479761483577041,0.12038796120387961,-0.004794683674206854,0.04554884871575379,0.2127767426865147,4,37,0.4644776625328585,0.46717576557119866
3,7,0.7,0.8,excl_censored,19,21,0.4780894595346812,0.4569802626324198,0.0453733840248935,0.03818423517301951,0.021109196902261373,0.5056792411472926,0.4956326337072801,0.4593226262319835,0.4989468812763105,0.4408358708738074,0.47221002102854015,248.0,0.19359057458498397,0.12008799120087991,-0.004108154031529794,0.04772886604269553,0.20113306450387944,4,36,0.4644776625328585,0.4672881832307869
3,8,0.8,0.9,all,19,22,0.48825484691992177,0.46643954400211685,0.050339272072693744,0.03882877471440703,0.021815302917804924,0.49009142810685924,0.4806057875628555,0.46763703711624083,0.5122866926131507,0.4498595343178298,0.4818270231682484,252.0,0.26651031147536774,0.12458754124587541,-0.0050355360579363295,0.04987541819043727,0.27404659277672777,4,37,0.4727378494042134,0.4769610989704927
3,8,0.8,0.9,excl_censored,19,21,0.48825484691992177,0.4678022371297871,0.050339272072693744,0.03924490146468288,0.02045260979013469,0.4560876992268588,0.4470263542091067,0.4674419577633839,0.5100703774483076,0.4504436556422597,0.48394200006874943,236.0,0.32954897693804797,0.1633836616338366,-0.006621888659222706,0.04854676336855304,0.33886784260981795,4,36,0.4727378494042134,0.47804826871075523
3,9,0.9,1.0,all,19,22,0.4559135182096557,0.46359943990004165,0.04411656705168694,0.03829298568961746,-0.007685921690385955,-0.18708051389088384,-0.1834596007188022,0.43617237938540454,0.4753204035842759,0.44824665506903666,0.4784783126566982,185.0,0.5389561834933565,0.555944405559444,-0.03291500078835238,0.016331994087090927,0.5499552892789352,4,37,0.45793661253604234,0.4602648128010866
3,9,0.9,1.0,excl_censored,19,21,0.4559135182096557,0.46489313846102076,0.04411656705168694,0.03874285660410466,-0.008979620251365061,-0.21702805861737032,-0.2127162428832504,0.4366945912758164,0.47557166378314314,0.4499054939886206,0.48036110884663435,171.0,0.4482408685024878,0.5002499750024998,-0.03477324021321254,0.01599606497809989,0.4573886413290692,4,36,0.45793661253604234,0.4609268417644646
4,0,0.0,0.1,all,19,22,0.565729791259067,0.49390365829518346,0.061184150609550673,0.08365888470793652,0.07182613296388352,0.9688241291212575,0.9500726943640718,0.5376249212676582,0.5908653225954109,0.460192909696287,0.5303547465769198,320.0,0.003865297976228013,0.005599440055994401,0.027977022970822496,0.11287655445447974,0.006016027978565001,4,37,0.5370691797834335,0.5261208053319615
4,0,0.0,0.1,excl_censored,19,21,0.565729791259067,0.4954327307359816,0.061184150609550673,0.08540925123006227,0.07029706052308538,0.938331137803566,0.9196887973174025,0.5383400245036463,0.5917598943057173,0.4624217994644055,0.5330627666451122,302.0,0.005734923839296028,0.005099490050994901,0.024586063202321564,0.11265951527019417,0.008527767790774762,4,36,0.5370691797834335,0.5279076850067819
4,1,0.1,0.2,all,19,22,0.561947351599713,0.513736757019113,0.07687558695063132,0.07623146359489645,0.04821059458059995,0.6299615422961695,0.6177687382517275,0.527302380637855,0.5935493908696228,0.4845491423314339,0.545582306819865,296.0,0.02372916549853407,0.049595040495950406,0.003233069572699113,0.09182801745466092,0.02688857280287147,4,37,0.5439932463219427,0.5352225770142505
4,1,0.1,0.2,excl_censored,19,21,0.561947351599713,0.5144575117242871,0.07687558695063132,0.0780371558056854,0.04748983987542588,0.6128582479750211,0.6006822562933981,0.527761866567427,0.594459452087815,0.48369747052733486,0.5468083572815412,280.0,0.030256423160121886,0.0608939106089391,-0.0008735321462781412,0.09209809444732625,0.03390075424103293,4,36,0.5439932463219427,0.5362398455921334
4,2,0.2,0.3,all,19,22,0.5650938779042277,0.5186115065583405,0.05771602361167094,0.07224629588172814,0.046482371345887175,0.7049289145571284,0.6912851291140871,0.5397574941751063,0.5918115884436687,0.49000521658939294,0.5481790199847257,290.0,0.03532438905919525,0.030296970302969704,0.0051355989621095525,0.08558988025774185,0.038500696522283655,4,37,0.5642247016500349,0.5375496761584777
4,2,0.2,0.3,excl_censored,19,21,0.5650938779042277,0.518657843917341,0.05771602361167094,0.07403008869964518,0.04643603398688667,0.6951410479188916,0.6813302986224898,0.5403451388107436,0.5916648064989063,0.48888311383243166,0.5495810989065806,274.0,0.04504720324370858,0.036396360363963605,0.0070525845139711,0.08752578600459078,0.04909776920295214,4,36,0.5642247016500349,0.5381027665512319
4,3,0.3,0.4,all,19,22,0.5632457976350059,0.545283201981361,0.05075031949693702,0.05714899549511027,0.017962595653644886,0.33086651885989427,0.32446265075292857,0.5389363115101083,0.584382945428672,0.5231883491287402,0.5708589761149669,265.0,0.14677668997991447,0.2956704329567043,-0.015029294100813736,0.048966954049496275,0.15329158222445377,4,37,0.5744174479060457,0.5513575893792126
4,3,0.3,0.4,excl_censored,19,21,0.5632457976350059,0.5457784033351619,0.05075031949693702,0.05851190808039437,0.017467394299844008,0.31774993960699877,0.311437026899575,0.541675469800352,0.5852191677515562,0.5223949287878601,0.571184990732762,252.0,0.15902266547705524,0.3240675932406759,-0.01546020266904455,0.04922291136808802,0.16695292963470365,4,36,0.5744174479060457,0.55181518981887
4,4,0.4,0.5,all,19,22,0.5592093751591397,0.5471071809590784,0.05076577235494092,0.05188017782856555,0.012102194200061311,0.23559406733206817,0.2310341821578991,0.5356049526163883,0.5802280383435422,0.5267259431576865,0.5690180943738461,245.0,0.35334304435551256,0.45215478452154784,-0.019587634640167814,0.042521581072091336,0.36147626021024304,4,37,0.5518816809116706,0.5528056590669378
4,4,0.4,0.5,excl_censored,19,21,0.5592093751591397,0.5479984864833811,0.05076577235494092,0.05298848237287032,0.01121088867575859,0.21581199880197516,0.2115243431966379,0.5371229893692184,0.5808264973051547,0.5251684877384385,0.5707095824697404,232.0,0.3861135928020579,0.5113488651134886,-0.01943927563052785,0.04266531494745597,0.396013941335444,4,36,0.5518816809116706,0.5534838783479994
4,5,0.5,0.6,all,19,22,0.5679631740490508,0.5485684528906901,0.05475575534001046,0.04960716326790543,0.019394721158360717,0.3726403011412162,0.3654279082159023,0.5434975667830232,0.5915235027298689,0.5285954275765454,0.5698731781426326,266.0,0.13963389640044407,0.23627637236276372,-0.012794961629527604,0.04995665950717391,0.14621350408423464,4,37,0.5554123405536917,0.5577880245489834
4,5,0.5,0.6,excl_censored,19,21,0.5679631740490508,0.5498357599699826,0.05475575534001046,0.050465968996696794,0.01812741407906826,0.34501036866852614,0.33815585803272763,0.5428446894962256,0.5903771942030837,0.5286991301960832,0.5704380788501152,250.0,0.17567313428503284,0.2753724627537246,-0.014377399030628204,0.04936012728113932,0.18347063632901603,4,36,0.5554123405536917,0.5587833862246343
4,6,0.6,0.7,all,19,22,0.5668244006608846,0.5575042696360931,0.06518751214112423,0.04503215312591827,0.009320131024791456,0.16867225732824,0.16540763299285471,0.5374704533790806,0.5941036846656214,0.539776572785621,0.5764662774242929,246.0,0.3399476227292103,0.6031396860313969,-0.025310618448513407,0.04100408072170485,0.34866422844021566,4,37,0.5437044636339429,0.5637821537841914
4,6,0.6,0.7,excl_censored,19,21,0.5668244006608846,0.5590796463856538,0.06518751214112423,0.04551878404519779,0.007744754275230803,0.13902402570124195,0.13626195896545568,0.5366417758661994,0.5939901952985299,0.541016441728792,0.5788148176512367,231.0,0.4011310611241259,0.662033796620338,-0.026720713653031455,0.04235123640787794,0.41036425690447664,4,36,0.5437044636339429,0.564875509225549
4,7,0.7,0.8,all,19,22,0.596403302795669,0.5593458133048814,0.05195831524976273,0.04700954039740228,0.037057489490787576,0.7508311937006937,0.7362989770484222,0.5738629971539992,0.6193068801464209,0.5403973883594602,0.5788959841361674,282.0,0.05803078165582153,0.022997700229977002,0.007646646786739259,0.06664665554575637,0.0617348741019378,4,37,0.574093061970333,0.576781037782264
4,7,0.7,0.8,excl_censored,19,21,0.596403302795669,0.5592794853496696,0.05195831524976273,0.04816938972737981,0.03712381744599935,0.7424771321991864,0.7277259308972158,0.5743326545712858,0.6193396307407499,0.5402285542098406,0.5796159040461222,270.0,0.05797623649314103,0.025797420257974202,0.007580586493126624,0.06707889862508463,0.061841318926017096,4,36,0.574093061970333,0.5772266582660956
4,8,0.8,0.9,all,19,22,0.6154381310300816,0.5694357979805532,0.06397148028065715,0.052574792424526305,0.04600233304952839,0.7915987708704831,0.776277504337506,0.5882667793096533,0.6426788319975211,0.5478085430223698,0.590254604054736,294.0,0.02716090572215357,0.015798420157984203,0.011801134624276812,0.08138564981427208,0.030178784135726187,4,37,0.5902333203188513,0.5908102368613058
4,8,0.8,0.9,excl_censored,19,21,0.6154381310300816,0.5713410686673749,0.06397148028065715,0.053089169665720845,0.04409706236270672,0.7538365045389334,0.7388596203427956,0.5879115420881467,0.6443151934290177,0.5487463123165209,0.5937205945790737,276.0,0.03955354021833642,0.020097990200979902,0.009026579433293946,0.07993014858594788,0.0434654288113587,4,36,0.5902333203188513,0.5925153791753061
4,9,0.9,1.0,all,19,22,0.5779433832186163,0.5724074215132402,0.04678676191606958,0.051345232683663485,0.005535961705376069,0.1123055896051873,0.11013193303218367,0.5573829230848485,0.600306912043921,0.5515617094201828,0.5933219740440041,219.0,0.8038471232053614,0.7224277572242775,-0.022491828572076204,0.035582403750116766,0.8078865559852878,4,37,0.5741690819964653,0.5750597628772739
4,9,0.9,1.0,excl_censored,19,21,0.5779433832186163,0.574212123629947,0.04678676191606958,0.05189329462023448,0.0037312595886692668,0.07531801373147638,0.07382162935270532,0.5588200137299941,0.5983314286337105,0.5529948503253043,0.5949428446101844,204.0,0.9137292772567049,0.8152184781521847,-0.02636804630230576,0.0335944780276066,0.9160193255706315,4,36,0.5741690819964653,0.5761861819276871
5,0,0.0,0.1,all,19,22,0.9696195013850893,0.8378624480307285,0.09754965236626507,0.12579314101045408,0.13175705335436083,1.1594927801766368,1.1370509844312826,0.9274707673328609,1.0123351984751807,0.7900005240397,0.8934074673719968,334.0,0.001134037511943275,0.0011998800119988001,0.060179391177550765,0.19590686346189654,0.0030040728793199337,4,37,0.9133115609051247,0.8973648145776277
5,0,0.0,0.1,excl_censored,19,21,0.9696195013850893,0.8409208505935449,0.09754965236626507,0.12805872346498925,0.1286986507915444,1.1227915077876696,1.100484391738908,0.9271315721795901,1.0120212941578581,0.7883142079548204,0.8968417099301926,316.0,0.0016794712381882463,0.0014998500149985001,0.05739807681257471,0.1901760160979881,0.004198678095470616,4,36,0.9133115609051247,0.9008017262544623
5,1,0.1,0.2,all,19,22,0.967594278072292,0.8637402179443749,0.10456462461315157,0.10740135690662443,0.10385406012791709,0.9788178303504549,0.9598729691178653,0.9178894307251244,1.0146372725293573,0.8243315318244637,0.9110215053502506,325.0,0.002530482792477342,0.0031996800319968005,0.038547695394565935,0.16660662893401912,0.004686079245328411,4,37,0.9213306137911843,0.9108446925131096
5,1,0.1,0.2,excl_censored,19,21,0.967594278072292,0.8650600378169865,0.10456462461315157,0.10987067662844567,0.10253424025530555,0.9547841522193091,0.9358149306520381,0.9208846755172829,1.0127306311799935,0.8245885478423081,0.9126043622542251,309.0,0.0031556734004143713,0.006299370062993701,0.03304287958007117,0.16336437420358993,0.0057902264227786635,4,36,0.9213306137911843,0.9129230450657091
5,2,0.2,0.3,all,19,22,0.9755932663997985,0.8722145090381546,0.07347352001167178,0.09525661403291294,0.10337875736164392,1.203588535365413,1.1802932733905984,0.9426150434003018,1.0082964229193871,0.8344614540287395,0.9139179292972298,344.0,0.00043741672787535964,0.00029997000299970003,0.05497649241099587,0.15203920907285165,0.0022722946902616085,4,37,0.9527727260589705,0.9165919015189106
5,2,0.2,0.3,excl_censored,19,21,0.9755932663997985,0.8736106640895839,0.07347352001167178,0.09737805703872834,0.10198260231021461,1.1738511947702484,1.1505296478542832,0.9424143932417898,1.0077102198136152,0.8360427788763414,0.9171299201091541,325.0,0.0007104983619273451,0.0007999200079992001,0.04922641987800987,0.1535445473857846,0.003193251064842001,4,36,0.9527727260589705,0.9186390306455985
5,3,0.3,0.4,all,19,22,0.9795980564209928,0.911602339389697,0.06334163696884865,0.08004599133808944,0.06799571703129581,0.933826969788326,0.9157528994053261,0.9526044233007317,1.0089876369820032,0.881560246429924,0.9460073349824935,335.0,0.0010339727105669948,0.0052994700529947,0.023355156854900843,0.1081652167622512,0.002933255916502113,4,37,0.9715743069591309,0.940035602992856
5,3,0.3,0.4,excl_censored,19,21,0.9795980564209928,0.9139161200245903,0.06334163696884865,0.08126537422957188,0.06568193639640252,0.8957842013928821,0.8779871642791162,0.9516592935648284,1.0063777496981656,0.8823687722352955,0.9487253783413768,316.0,0.0016794712381882463,0.0065993400659934,0.022554810229924286,0.10644531990946181,0.004198678095470616,4,36,0.9715743069591309,0.9421751212410759
5,4,0.4,0.5,all,19,22,0.9762341000656083,0.91279262561908,0.06461245216090017,0.07526739108958641,0.06344147444652826,0.8992417100945957,0.8818370318347003,0.9483180279044631,1.0047922290686693,0.884251033766238,0.944157404554082,321.0,0.0035558034883858606,0.0064993500649935,0.021597629198735712,0.10464227626780857,0.005712134117888933,4,37,0.93498654518246,0.942971337409094
5,4,0.4,0.5,excl_censored,19,21,0.9762341000656083,0.9151215440684705,0.06461245216090017,0.07630955364225397,0.06111255599713783,0.8606261140868469,0.8435275820188962,0.9476913763823294,1.005810009042531,0.8848879316755439,0.9475871194954247,302.0,0.005734923839296028,0.012798720127987202,0.018545361182804244,0.10380959381877915,0.008527767790774762,4,36,0.93498654518246,0.945168170720961
5,5,0.5,0.6,all,19,22,0.9852993989864236,0.9173459808312547,0.06600264261631512,0.07778636523283465,0.06795341815516887,0.9361803001148702,0.9180606814029695,0.9558922563705922,1.015584900475869,0.8864402651002148,0.9486867067519495,319.0,0.0041990725091181425,0.005699430056994301,0.02573010614712356,0.10985142177582309,0.006362231074421428,4,37,0.9448917267061602,0.9492630608704055
5,5,0.5,0.6,excl_censored,19,21,0.9852993989864236,0.9198212587419319,0.06600264261631512,0.07881447094260205,0.06547814024449172,0.8966361155264596,0.8788221529663313,0.956546971523386,1.0146314143884543,0.8877078763026248,0.9552285608016363,300.0,0.006760919251259012,0.0072992700729927005,0.021096381192577195,0.10816382126780684,0.009624084343429198,4,36,0.9448917267061602,0.9515935585416102
5,6,0.6,0.7,all,19,22,0.9758444073293447,0.9297459504087299,0.08034012750257338,0.06464880925236419,0.04609845692061487,0.6374649583307255,0.625126926879163,0.9416933188544113,1.010900872924145,0.9054901443555509,0.9576834300764488,283.0,0.05465489064878856,0.04999500049995,0.001329019028949036,0.08830589113612544,0.05845442850137814,4,37,0.9259398608703129,0.9538296001288744
5,6,0.6,0.7,excl_censored,19,21,0.9758444073293447,0.9325575251917894,0.08034012750257338,0.06485242906678959,0.04328688213755538,0.5962238754582102,0.5843783679987756,0.9410588203771063,1.0125918821116455,0.9078610048490171,0.9609915623328547,266.0,0.07384997829416654,0.06359364063593641,-0.0017137597734371763,0.08654653251665567,0.07856380669592185,4,36,0.9259398608703129,0.9561386756889966
5,7,0.7,0.8,all,19,22,1.0183915025575565,0.9350429262682683,0.07834298319089777,0.07411715534155079,0.08334857628928816,1.09529812434334,1.0740988058076624,0.9839107384270528,1.0521669725251548,0.9071578331907034,0.9668850539733085,333.0,0.0012429900388831849,0.0018998100189981002,0.03831726587315413,0.12942914567334657,0.0031668536022501524,4,37,0.9644272511104357,0.9746668627582092
5,7,0.7,0.8,excl_censored,19,21,1.0183915025575565,0.9365405143012813,0.07834298319089777,0.07560563713537331,0.08185098825627524,1.0641826164597445,1.0430399154704781,0.9839924224758331,1.0538058150102962,0.9071692879539998,0.9710004336221392,315.0,0.001841595484321759,0.0016998300169983002,0.03466167006690176,0.1285555077117436,0.004333165845462963,4,36,0.9644272511104357,0.9766411206799651
5,8,0.8,0.9,all,19,22,1.0444742704451748,0.9449287254225556,0.09105369920426994,0.07813329632535289,0.09954554502261925,1.1802485900530773,1.1574050689552757,1.0030837711032607,1.0844374248943844,0.9152035133815033,0.9769684476756864,330.0,0.0016305036228348349,0.0005999400059994001,0.04724843152398124,0.14995716285864924,0.003664053085022101,4,37,0.9955735109878808,0.9905715960487304
5,8,0.8,0.9,excl_censored,19,21,1.0444742704451748,0.9492650818616957,0.09105369920426994,0.07730252577267228,0.09520918858347915,1.1321354275670337,1.1096426707279536,1.0041871764184112,1.0827323749503275,0.9179939177691934,0.9838951171025794,312.0,0.0024181155429086843,0.0013998600139986002,0.042958284935887325,0.14622654357479037,0.005011638430898828,4,36,0.9955735109878808,0.9943689948222892
5,9,0.9,1.0,all,19,22,1.0127436076428646,0.9536865912054219,0.06617765301993593,0.0734482594181165,0.059057016437442766,0.8414329017131046,0.8251471036154315,0.9851361144872653,1.0426126358031942,0.9236310117056125,0.9840258180336754,314.0,0.006293499750235036,0.010498950104989501,0.01824844374368898,0.10061393144162085,0.008740971875326438,4,37,0.9847417779029165,0.9806558497330282
5,9,0.9,1.0,excl_censored,19,21,1.0127436076428646,0.9575073105056743,0.06617765301993593,0.07298744929911566,0.05523629713719036,0.7908459838948821,0.7751338120294209,0.9838431455285065,1.0410026978391231,0.9284801150582147,0.9878081221451146,295.0,0.010082799765660759,0.015998400159984,0.014135511096356157,0.09483593601965434,0.012968231209853066,4,36,0.9847417779029165,0.9836337487283866
6,0,0.0,0.1,all,19,22,1.3038282571675566,1.0335767072444413,0.1747559024579968,0.20846025144275662,0.2702515499231153,1.3956768054370674,1.368663705976995,1.224738448713917,1.3760128986145803,0.9564437086707709,1.1257403439037996,352.0,0.0001948745382146378,0.00019998000199980003,0.14706706707229894,0.38403650246353244,0.0017639846850529771,4,37,1.1635778344997911,1.1583003542584358
6,0,0.0,0.1,excl_censored,19,21,1.3038282571675566,1.03841784002441,0.1747559024579968,0.21233717424146725,0.2654104171431466,1.3580257646021718,1.3310451202723275,1.2263105019034148,1.3767751430516493,0.9545033474954784,1.1312686944275778,334.0,0.00028424439189605354,0.00039996000399960006,0.1423087668406072,0.37508664128052605,0.0026423869060276874,4,36,1.1635778344997911,1.164588894130473
6,1,0.1,0.2,all,19,22,1.2854907547693517,1.0746580473422191,0.17603500262428629,0.18641545463232378,0.21083270742713256,1.160345713095329,1.1378874089709032,1.2062323555994692,1.3552030638204324,1.0052596120459163,1.153670262516033,336.0,0.0009421334173269092,0.0006999300069993001,0.09779946624821481,0.31801784931433896,0.0028549497494754824,4,37,1.190304389407454,1.170421184446397
6,1,0.1,0.2,excl_censored,19,21,1.2854907547693517,1.0780977552618884,0.17603500262428629,0.19030225450539698,0.20739299950746326,1.1290855379660574,1.1066533749601093,1.210146604075151,1.3580475937071819,1.0078246139547529,1.1574008149944486,319.0,0.0012685916016233966,0.0011998800119988001,0.09102572717760095,0.31402223473140256,0.003650623314024163,4,36,1.190304389407454,1.1750877678746534
6,2,0.2,0.3,all,19,22,1.307504633550127,1.1079732774271003,0.14640246670349127,0.17081471747769222,0.19953135612302675,1.2469852344492922,1.222850036363177,1.2413864219557984,1.367249079766794,1.0416973822829922,1.181636031392806,338.0,0.0007806983846482445,0.0006999300069993001,0.09990197892167514,0.288015780593297,0.0027392925777131386,4,37,1.2469896641758993,1.1954065265985143
6,2,0.2,0.3,excl_censored,19,21,1.307504633550127,1.1118521774135801,0.14640246670349127,0.174037328204052,0.19565245613654692,1.2111889071157365,1.1871255513452252,1.2401494216519164,1.3685885695710185,1.0428874960065675,1.1880250749310466,319.0,0.0012685916016233966,0.0010998900109989002,0.09633416725323375,0.2858450662977286,0.003650623314024163,4,36,1.2469896641758993,1.2000979196231667
6,3,0.3,0.4,all,19,22,1.3331253258564648,1.155383263884215,0.13065102723617247,0.15505059884048447,0.17774206197224984,1.2317296210283304,1.207889692879395,1.273026014652955,1.3862473134812727,1.0967993588308995,1.2236834794324953,340.0,0.0006452654800716234,0.0015998400159984002,0.09229218433414717,0.2607563155130106,0.002346419927533176,4,37,1.2807685291527977,1.2331010508139018
6,3,0.3,0.4,excl_censored,19,21,1.3331253258564648,1.1602701046422592,0.13065102723617247,0.15713391295293302,0.1728552212142056,1.1905222130997217,1.166869453899065,1.2752318732823462,1.3855160886062603,1.1012338885757422,1.2311438851903054,321.0,0.0010485701095385488,0.0008999100089991,0.08427644169949444,0.2571374885220968,0.003355424350523356,4,36,1.2807685291527977,1.2381105353374744
6,4,0.4,0.5,all,19,22,1.3273565638863098,1.1588020941358748,0.13934395897324608,0.14779254808048078,0.1685544697504351,1.1708844689590503,1.1482221889146815,1.263500092662085,1.3862792372809742,1.1037593455835553,1.224556419518755,324.0,0.0027577220986616966,0.0006999300069993001,0.08157756433123582,0.24986776613996775,0.004880924068427782,4,37,1.2415097446037826,1.236415724497676
6,4,0.4,0.5,excl_censored,19,21,1.3273565638863098,1.1632169148332057,0.13934395897324608,0.14994844215992356,0.1641396490531042,1.1318261744570843,1.1093395617195263,1.2644103646497504,1.386266164234342,1.1026019958173316,1.2317136156919988,305.0,0.004457673402773676,0.0020997900209979003,0.06994963636799052,0.24820481797568594,0.007047704984622412,4,36,1.2415097446037826,1.2411469707478355
6,5,0.5,0.6,all,19,22,1.343934922238744,1.1722196795046127,0.1311771923732869,0.15145106078172813,0.1717152427341313,1.2054178336993826,1.1820871659503622,1.2860450073763863,1.3983157205155918,1.1145568472528538,1.237240165192399,339.0,0.0007099870380201763,0.0006999300069993001,0.0882469454744755,0.2534098185652346,0.002513228453168766,4,37,1.2712618576309478,1.249690514624698
6,5,0.5,0.6,excl_censored,19,21,1.343934922238744,1.1755722417303174,0.1311771923732869,0.15435238431971945,0.16836268050842662,1.1704787924003737,1.1472242468559954,1.2833240289467083,1.4010059199048703,1.1131948202253066,1.242919029918464,320.0,0.0011537424302101517,0.0007999200079992001,0.07532063115454898,0.25070074505186696,0.0035228776494966468,4,36,1.2712618576309478,1.2537981435652503
6,6,0.6,0.7,all,19,22,1.3298776719341319,1.1947134167211226,0.14340789577547375,0.14556092128063414,0.13516425521300923,0.9349320873227988,0.9168366275681639,1.2677588475625097,1.391035239553396,1.1421786213329759,1.2580770309455085,315.0,0.005811549664936521,0.0053994600539946005,0.047790600382584245,0.21657341189807544,0.008185281218220451,4,37,1.2547208565971233,1.2576347975195867
6,6,0.6,0.7,excl_censored,19,21,1.3298776719341319,1.1987722188632504,0.14340789577547375,0.14787438718629325,0.1311054530708815,0.8993639986678856,0.8814958397539542,1.2660277065084375,1.3922344908868618,1.1431225314789186,1.2605994097625797,297.0,0.008610472967426036,0.009599040095990401,0.03865813805888357,0.2183257162860189,0.011480630623234714,4,36,1.2547208565971233,1.2617502482357856
6,7,0.7,0.8,all,19,22,1.3820037966389496,1.1912348459031095,0.1426162227945553,0.15319333545560962,0.1907689507358401,1.2854591982436838,1.260579342793806,1.3157458089803864,1.443936470458139,1.1357618011980688,1.2527560794573067,343.0,0.0004825316312145502,0.00029997000299970003,0.10257464301710506,0.27856719259436485,0.0023254536444074713,4,37,1.296614885337589,1.2778048433691376
6,7,0.7,0.8,excl_censored,19,21,1.3820037966389496,1.1947236596067954,0.1426162227945553,0.1560783100336244,0.18728013703215418,1.24976434019536,1.224934585092141,1.3152453760000875,1.4423346154636598,1.134685945772859,1.2639538877736207,325.0,0.0007104983619273451,0.0008999100089991,0.09885096330063382,0.2729580285529234,0.003193251064842001,4,36,1.296614885337589,1.282244706848122
6,8,0.8,0.9,all,19,22,1.4103077080187578,1.2067057383707098,0.16114706351311864,0.15130937430931288,0.203601969648048,1.3057519334985872,1.2804793154308725,1.334391034499308,1.4758822032407322,1.1499790811655393,1.269505494367972,328.0,0.0019476215396976057,0.0004999500049995,0.10639254276241061,0.2920600186399001,0.004015714514840424,4,37,1.3317636856920256,1.29773832307416
6,8,0.8,0.9,excl_censored,19,21,1.4103077080187578,1.2137335625855608,0.16114706351311864,0.15132196422452576,0.19657414543319707,1.25966201126266,1.234635613687905,1.333014430234449,1.4763508545824815,1.1572382272678758,1.2782433023274271,309.0,0.0031556734004143713,0.0004999500049995,0.10004327171465063,0.2864997204847065,0.0057902264227786635,4,36,1.3317636856920256,1.3043665701079186
6,9,0.9,1.0,all,19,22,1.391821264661239,1.2359827911793813,0.12490012919874954,0.13831783425601157,0.15583847348185764,1.1779685430643492,1.155169151908265,1.3372701911104203,1.4456953916858415,1.1813431548022493,1.2957814760333082,329.0,0.0017825908825435677,0.0005999400059994001,0.0748055738805971,0.22928248734924497,0.003813028625761642,4,37,1.3330586787276941,1.305513262691869
6,9,0.9,1.0,excl_censored,19,21,1.391821264661239,1.2413926033925702,0.12490012919874954,0.13932827517031027,0.15042866126866872,1.1336884171945398,1.1111648062569,1.3349458313435034,1.4447478993107954,1.1890509163977498,1.3006729958070602,310.0,0.002889679595292828,0.0010998900109989002,0.06682739554999063,0.22882837758169236,0.0055570761447939,4,36,1.3330586787276941,1.310600388469354
7,0,0.0,0.1,all,19,22,1.5237786932227422,1.1498286025008981,0.2597436493869153,0.2653212423181753,0.37395009072184404,1.423153062359486,1.3956081643783345,1.4024539871281432,1.6334252944999503,1.0524238226189442,1.2577988093327586,353.0,0.00017562966379730592,9.999000099990002e-05,0.2151313361797095,0.52171172827668,0.0017639846850529771,4,37,1.3334723708367417,1.3220036471055372
7,0,0.0,0.1,excl_censored,19,21,1.5237786932227422,1.1553917224037131,0.2597436493869153,0.2705553989592451,0.36838697081902905,1.3875793803117966,1.3600115780539463,1.3958118534213784,1.6325727535045846,1.0501168666248475,1.2716947015429845,335.0,0.0002558466624784525,0.00029997000299970003,0.20939445021603395,0.515272005323207,0.0026423869060276874,4,36,1.3334723708367417,1.3300314405100861
7,1,0.1,0.2,all,19,22,1.5103124372891243,1.2100016414585533,0.22713120536292472,0.22622383134148327,0.3003107958305711,1.3250385058436485,1.2993925992789326,1.4045998865781186,1.6040370202367575,1.1245238934597344,1.305801260519806,340.0,0.0006452654800716234,0.0006999300069993001,0.16230439891756734,0.4292630909872156,0.002346419927533176,4,37,1.3511737988697365,1.3489534385162862
7,1,0.1,0.2,excl_censored,19,21,1.5103124372891243,1.2151300877731184,0.22713120536292472,0.23049627057106375,0.29518234951600597,1.289521370636259,1.2639017407560684,1.4036185955665612,1.6060557129453157,1.1239526558127428,1.3110237003122123,323.0,0.0008643278263233195,0.00029997000299970003,0.1491351216055872,0.42570870904985997,0.0032012141715678497,4,36,1.3511737988697365,1.3558048043402755
7,2,0.2,0.3,all,19,22,1.531513661842908,1.2625018501335565,0.19929731394704253,0.21581118564736143,0.2690118117093514,1.291140364465064,1.2661505509592885,1.4416500760559083,1.6127130194413248,1.1785433806183279,1.350108095720466,337.0,0.0008579010720209487,0.0007999200079992001,0.13511550846372547,0.39241638428450687,0.0028360366017221444,4,37,1.433170766313929,1.38219235709994
7,2,0.2,0.3,excl_censored,19,21,1.531513661842908,1.2676304623674148,0.19929731394704253,0.2197625985409253,0.2638831994754931,1.2546932713732055,1.2297655904849962,1.4358737239760697,1.6139424711515367,1.1831551934295448,1.3581199838231122,319.0,0.0012685916016233966,0.0008999100089991,0.13954566923212333,0.3857905301508173,0.003650623314024163,4,36,1.433170766313929,1.3885087838743124
7,3,0.3,0.4,all,19,22,1.5771461615550606,1.3179531497201653,0.19019235270282203,0.20093997575645497,0.2591930118348953,1.322057446746021,1.296469238099324,1.482807971934202,1.6565758113482378,1.244134707657483,1.408493564747966,337.0,0.0008579010720209487,0.00019998000199980003,0.13705940590906532,0.3714300918083228,0.0028360366017221444,4,37,1.48710362969711,1.4327657255297659
7,3,0.3,0.4,excl_censored,19,21,1.5771461615550606,1.3242280358103733,0.19019235270282203,0.20368154956960013,0.2529181257446873,1.281202299315667,1.2557479489981374,1.4840978071020605,1.650967832351982,1.2466170718891982,1.412093875100529,318.0,0.001393916027072069,0.0005999400059994001,0.12898205311407626,0.36441424851353243,0.003742056448515622,4,36,1.48710362969711,1.4396153139659873
7,4,0.4,0.5,all,19,22,1.581639703447468,1.3293918670455673,0.19280934662639085,0.19112383503564878,0.25224783640190074,1.314450757690167,1.2890097752832603,1.4909640048667752,1.658175126213031,1.2562990461628774,1.413640558848241,325.0,0.002530482792477342,0.00029997000299970003,0.12231022768677055,0.3617617471361891,0.004686079245328411,4,37,1.4335392289476796,1.4476653655328016
7,4,0.4,0.5,excl_censored,19,21,1.581639703447468,1.3352243723869819,0.19280934662639085,0.19382703061232023,0.2464153310604862,1.2744809463737174,1.2491601328696038,1.4974622629228627,1.6622367333601122,1.2567569414428712,1.4241811280158085,306.0,0.004093045844708802,0.0006999300069993001,0.12720665204313977,0.3532607698897137,0.006793437086653613,4,36,1.4335392289476796,1.454353035273272
7,5,0.5,0.6,all,19,22,1.6047145797356774,1.3313880220635192,0.19666187267081967,0.19986420069556352,0.2733265576721582,1.3777052243486034,1.3510399619418563,1.5144934455619181,1.6843504884162976,1.2569418839962034,1.4181445559536863,348.0,0.000293475164563048,0.00019998000199980003,0.15334377247691167,0.3858871803232703,0.001924427308610151,4,37,1.4617341983467833,1.4576534245131938
7,5,0.5,0.6,excl_censored,19,21,1.6047145797356774,1.335185137755218,0.19666187267081967,0.20398511179164858,0.26952944198045947,1.3439543859650342,1.3172533054491726,1.5166977191375164,1.686666909526483,1.2586477263701237,1.4232118976626125,331.0,0.00038816904837232226,0.00039996000399960006,0.14118502250561288,0.3796533434157564,0.0027208081230413886,4,36,1.4617341983467833,1.4633757809569536
7,6,0.6,0.7,all,19,22,1.5877384610666345,1.3569742240102989,0.19342389308740066,0.1927064305619773,0.23076423705633564,1.1954348803681556,1.1722974310707073,1.4998842345764825,1.6679089153278606,1.2824648691266622,1.4386279919955687,335.0,0.0010339727105669948,0.0008999100089991,0.10913002045470115,0.34304666742792805,0.002933255916502113,4,37,1.446659832355297,1.465779036731661
7,6,0.6,0.7,excl_censored,19,21,1.5877384610666345,1.3605196601811858,0.19342389308740066,0.196728714430326,0.22721880088544877,1.1642081851971844,1.1410782212528694,1.4959481840677242,1.6658723003256186,1.2843280353706779,1.448076025952549,320.0,0.0011537424302101517,0.0014998500149985001,0.10494390134151814,0.3448674042978718,0.0035228776494966468,4,36,1.446659832355297,1.4708695637402713
7,7,0.7,0.8,all,19,22,1.6382519386111076,1.3580490022450127,0.20249952098883242,0.2000105257813225,0.28020293636609495,1.392914053601124,1.3659544267572312,1.5435777417447571,1.7275243283690307,1.2837457051624523,1.4445923249848491,347.0,0.0003245809905337601,0.00019998000199980003,0.15572142136897524,0.3922069493471722,0.0020211374763522186,4,37,1.489244584652813,1.4877536903889212
7,7,0.7,0.8,excl_censored,19,21,1.6382519386111076,1.3631633879873695,0.20249952098883242,0.20347038014251018,0.27508855062373816,1.355042064668392,1.328120699145179,1.547356139253681,1.719839528834761,1.2871534938933524,1.4493657801385873,329.0,0.000476141421532243,0.00019998000199980003,0.15064142810707498,0.3887125867637721,0.0027208081230413886,4,36,1.489244584652813,1.49433999007596
7,8,0.8,0.9,all,19,22,1.6546964317516917,1.3786165426313608,0.22340627519421546,0.19349699966889175,0.2760798891203309,1.328349350216386,1.302639362792843,1.5498023047955651,1.7424852357941993,1.3012589737999107,1.4598360276652054,335.0,0.0010339727105669948,0.00029997000299970003,0.13913868980285593,0.39646259668695727,0.002933255916502113,4,37,1.5347171393107346,1.503511556322409
7,8,0.8,0.9,excl_censored,19,21,1.6546964317516917,1.387211957253157,0.22340627519421546,0.19392392503680608,0.26748447449853474,1.283454467544116,1.2579553721624448,1.5507034110420423,1.7429793253050638,1.3110825308388825,1.4737378382575301,317.0,0.0015305708692109107,0.0004999500049995,0.1361300161647506,0.38489197945205494,0.00394986030764106,4,36,1.5347171393107346,1.511994854120986
7,9,0.9,1.0,all,19,22,1.6451351569161468,1.4180640041886494,0.17634691714607917,0.18329610616771988,0.22707115272749734,1.2606512218194403,1.2362515207519673,1.5627328579002648,1.717702857357212,1.3474077515028333,1.493120104752223,329.0,0.0017825908825435677,0.00039996000399960006,0.10745512158328947,0.3304605023824214,0.003813028625761642,4,37,1.5511926835833463,1.5202758199790185
7,9,0.9,1.0,excl_censored,19,21,1.6451351569161468,1.4248852481795762,0.17634691714607917,0.18493919872670517,0.22024990873657058,1.217388095922529,1.193201577460492,1.5612198302949682,1.714830065339867,1.3540881468842019,1.50144987254281,311.0,0.002644304406362379,0.0007999200079992001,0.11516829139780271,0.33030419396107347,0.005262297326094287,4,36,1.5511926835833463,1.5270940960790138
8,0,0.0,0.1,all,19,22,2.1091784434231724,1.6876656637122323,0.3265924009056296,0.3111315208889858,0.42151277971094014,1.3240104025244084,1.2983843947336133,1.9505460599596869,2.2349210103314774,1.5640734216038712,1.82142259089253,333.0,0.0012429900388831849,0.00039996000399960006,0.22243802955244865,0.5922480642218447,0.0031668536022501524,4,37,1.8912116450933274,1.8821132012523263
8,0,0.0,0.1,excl_censored,19,21,2.1091784434231724,1.6937269889780966,0.3265924009056296,0.3174811462391465,0.4154514544450758,1.2909068127983276,1.2652596575771689,1.966559522912757,2.243568889657034,1.5666047835766659,1.835972693858645,316.0,0.0016794712381882463,0.0006999300069993001,0.21681902792874252,0.6057777092890106,0.004198678095470616,4,36,1.8912116450933274,1.8910502948113057
8,1,0.1,0.2,all,19,22,2.105942570819832,1.7659107608389433,0.29469684404437296,0.26005682293301546,0.3400318099808888,1.2293973463977228,1.2056025590480894,1.9665562552342244,2.227264736922231,1.6628091534346994,1.8833142678145616,321.0,0.0035558034883858606,0.0005999400059994001,0.16863033796151322,0.5035417704360877,0.005712134117888933,4,37,1.9048287717388652,1.9255035269480572
8,1,0.1,0.2,excl_censored,19,21,2.105942570819832,1.772634381931013,0.29469684404437296,0.2645122778815605,0.33330818888881897,1.19372334882765,1.170006990903922,1.9772136984055393,2.2269721236300115,1.6677695413539189,1.8935938476696823,304.0,0.004851493247946607,0.0010998900109989002,0.17641422406625543,0.4969168755155734,0.007406859920529171,4,36,1.9048287717388652,1.9338587716436844
8,2,0.2,0.3,all,19,22,2.123672551963049,1.8198307353760645,0.25816303375297195,0.24719730289474787,0.3038418165869845,1.2042036469692083,1.180896479608514,2.0013463614168745,2.2294577948280865,1.7287262535827963,1.9287528070310571,325.0,0.002530482792477342,0.0010998900109989002,0.15326855573477496,0.447776007304848,0.004686079245328411,4,37,1.9863298324423175,1.9578577117784344
8,2,0.2,0.3,excl_censored,19,21,2.123672551963049,1.8245529829724123,0.25816303375297195,0.25228299706840246,0.29911956899063674,1.1726262419710185,1.149329031865634,2.0014485240517375,2.230207361954074,1.7277400893548571,1.9349396846859561,309.0,0.0031556734004143713,0.000999900009999,0.13990811233093242,0.4484580214576064,0.0057902264227786635,4,36,1.9863298324423175,1.9644464388874812
8,3,0.3,0.4,all,19,22,2.170827027570043,1.8750924644842883,0.24347523613455313,0.2251010595042092,0.29573456308575485,1.2651151681029686,1.2406290680751693,2.0566467696643276,2.270546387796882,1.790318731141848,1.9681935143972888,320.0,0.003865297976228013,0.0005999400059994001,0.14884184627762145,0.43005967477445073,0.006016027978565001,4,37,2.0468436924711124,2.008388458718939
8,3,0.3,0.4,excl_censored,19,21,2.170827027570043,1.880828047972221,0.24347523613455313,0.22900675215992355,0.28999897959782217,1.2289610087649177,1.2045445648821709,2.0592837627309484,2.2688713399185274,1.7915601072456182,1.9812084402116408,304.0,0.004851493247946607,0.0012998700129987,0.13442370412199123,0.42645749516752296,0.007406859920529171,4,36,2.0468436924711124,2.015436882260084
8,4,0.4,0.5,all,19,22,2.1889737456070275,1.8874584833517956,0.23997413446959967,0.20849826669049687,0.30151526225523195,1.348597552641617,1.3224956645259727,2.0745882472222896,2.2889724877732816,1.8107616421230157,1.9794705659185152,327.0,0.002126574788868804,0.00029997000299970003,0.1548154761387129,0.43029169519812427,0.00421103918587882,4,37,2.0112120095135295,2.0289118854653756
8,4,0.4,0.5,excl_censored,19,21,2.1889737456070275,1.8925920339913516,0.23997413446959967,0.21221767449834927,0.29638171161567595,1.3126362211414677,1.2865573558207763,2.082561969014164,2.286923813520156,1.8134755078491063,1.991334218966787,311.0,0.002644304406362379,0.00029997000299970003,0.15517772167857055,0.42588466768075756,0.005262297326094287,4,36,2.0112120095135295,2.0358357178416053
8,5,0.5,0.6,all,19,22,2.2205733455596803,1.898803818388633,0.24302083296643448,0.2194494458578689,0.32176952717104723,1.3951878682152503,1.3681842320562454,2.1097087301868176,2.316074182632503,1.816145922601941,1.9892304029035248,342.0,0.0005319567266736574,0.00039996000399960006,0.18050772378332966,0.45871389396877554,0.002346419927533176,4,37,2.040993120292421,2.048665002405788
8,5,0.5,0.6,excl_censored,19,21,2.2205733455596803,1.9028747246789917,0.24302083296643448,0.2240159428016614,0.3176986208806887,1.362277425819112,1.3352123113988648,2.111720251206678,2.318194764291057,1.8147341248671622,1.99947217657545,326.0,0.0006435112724156713,0.00039996000399960006,0.171295215615801,0.45091512100475123,0.003193251064842001,4,36,2.040993120292421,2.055202508408974
8,6,0.6,0.7,all,19,22,2.1896821732195986,1.9259886670613147,0.24504493720572434,0.21459410466058626,0.2636935061582839,1.1507377134714956,1.1284653706301118,2.0804219136149413,2.2915799270054533,1.8456723524608998,2.0153899607235215,312.0,0.0073667083681546825,0.0012998700129987,0.12665536588970464,0.3941153784435273,0.009757229626694945,4,37,2.01971750759523,2.051265998274064
8,6,0.6,0.7,excl_censored,19,21,2.1896821732195986,1.9298731846852633,0.24504493720572434,0.21909950780453125,0.2598089885343353,1.1210656245886401,1.0987927976100578,2.0857024441112855,2.288989149037701,1.8427799936730656,2.030046890536356,297.0,0.008610472967426036,0.0022997700229977,0.11315575312484899,0.3979430463743269,0.011480630623234714,4,36,2.01971750759523,2.057011892755055
8,7,0.7,0.8,all,19,22,2.231160324394737,1.9250000893702106,0.25879339109845007,0.21820482576041747,0.3061602350245263,1.2874671571163219,1.2625484379463285,2.1153380034807565,2.339534996241719,1.843623666248465,2.0205605175580503,323.0,0.003003459393580646,0.0004999500049995,0.15647114420052843,0.44759554897473286,0.0051561534653744995,4,37,2.0695271620501514,2.066592958957947
8,7,0.7,0.8,excl_censored,19,21,2.231160324394737,1.9293605791544561,0.25879339109845007,0.2226090583525956,0.30179974524028075,1.2552562411673522,1.2303173754487955,2.1175929438593233,2.3417425580768754,1.843729031429828,2.027948433987586,307.0,0.0037556942034487764,0.0007999200079992001,0.15529039397850555,0.4436496071357046,0.006447543696907771,4,36,2.0695271620501514,2.073069713265083
8,8,0.8,0.9,all,19,22,2.2587830809342777,1.9483631725055568,0.26924338244969276,0.21519941349153046,0.3104199084287209,1.2845880524123738,1.2597250578495536,2.131608146911186,2.3704099839160304,1.865175284779786,2.0393362948929226,322.0,0.0032690189024478997,0.00019998000199980003,0.16188175758779952,0.4511017054534965,0.005448364837413166,4,37,2.11291176545171,2.0899789532720723
8,8,0.8,0.9,excl_censored,19,21,2.2587830809342777,1.9565674963125717,0.26924338244969276,0.2169595457280979,0.30221558462170606,1.24301462491863,1.218318970118922,2.1359230654245223,2.3703698544175964,1.8688652227609925,2.052801847801872,305.0,0.004457673402773676,0.0012998700129987,0.14607846119031168,0.44579578502047257,0.007047704984622412,4,36,2.11291176545171,2.0986985805141227
8,9,0.9,1.0,all,19,22,2.2290844871146946,1.981497640324445,0.20110978644072547,0.2083731601491806,0.24758684679024956,1.2074296916464848,1.1840600847113916,2.139609672709243,2.309861186323253,1.9013708753788752,2.0684547886041327,323.0,0.003003459393580646,0.00039996000399960006,0.1202376540087947,0.3698653580835462,0.0051561534653744995,4,37,2.127149069765185,2.0928907314393577
8,9,0.9,1.0,excl_censored,19,21,2.2290844871146946,1.9881257373458694,0.20110978644072547,0.2111291571152283,0.24095874976882525,1.1671883188884808,1.1439991469900341,2.1359101731039183,2.3111262518066207,1.9051345368821913,2.0833198928936847,306.0,0.004093045844708802,0.0008999100089991,0.11487752369683854,0.3571050989813999,0.006793437086653613,4,36,2.127149069765185,2.099851373899492
9,0,0.0,0.1,all,19,22,2.5877452985419587,2.01718194504936,0.3979983398709522,0.37202291529497755,0.5705633534925987,1.4849532567115975,1.4562122259365342,2.3961621355321667,2.749232166358275,1.872969748241213,2.177688591318556,361.0,7.467752166289718e-05,0.00019998000199980003,0.3245661936047766,0.7895342310720508,0.0015721583507978356,4,37,2.294137316594346,2.2802328161352907
9,0,0.0,0.1,excl_censored,19,21,2.5877452985419587,2.0250478689441564,0.3979983398709522,0.3793307807882193,0.5626974295978022,1.4491858846437737,1.4203941121011823,2.4048525706068022,2.7495402749774707,1.8866332183802614,2.1915149156709566,343.0,0.00010750072954928752,0.00029997000299970003,0.324369581270808,0.7855219618780945,0.0020886860850846817,4,36,2.294137316594346,2.292128240381865
9,1,0.1,0.2,all,19,22,2.544889946462732,2.0857749354803086,0.35914362543125244,0.302177181966582,0.4591150109824236,1.392545693656357,1.3655931963597823,2.3790811094515543,2.69912206617075,1.9737405987860448,2.2082922953361157,334.0,0.001134037511943275,9.999000099990002e-05,0.25238285713852215,0.65184369281608,0.0030040728793199337,4,37,2.286667010416648,2.2998186357214077
9,1,0.1,0.2,excl_censored,19,21,2.544889946462732,2.0934306863308305,0.35914362543125244,0.3074454402479541,0.45145926013190163,1.3559931407397692,1.329052879665469,2.3827957061852505,2.6918532004788047,1.973553133405059,2.2350210654397786,317.0,0.0015305708692109107,0.00029997000299970003,0.25215196544691537,0.6414368023363825,0.00394986030764106,4,36,2.286667010416648,2.3102301487242425
9,2,0.2,0.3,all,19,22,2.5496147952196124,2.15173270909057,0.31759773053981616,0.2916307571934174,0.39788208612904263,1.3092905848749608,1.2839494767806066,2.4006024146135143,2.6754116829033756,2.043140374452468,2.280210812216004,328.0,0.0019476215396976057,0.00039996000399960006,0.21111588684296334,0.5717263276554622,0.004015714514840424,4,37,2.3511233864250705,2.3344947882017535
9,2,0.2,0.3,excl_censored,19,21,2.5496147952196124,2.1581313239081292,0.31759773053981616,0.2972459537061649,0.3914834713114832,1.2749642715888314,1.2496338555970004,2.411494944083047,2.6886061412557525,2.042424698843347,2.2873704002459885,312.0,0.0024181155429086843,0.00039996000399960006,0.19643483285712546,0.5704066611369368,0.005011638430898828,4,36,2.3511233864250705,2.343304037931752
9,3,0.3,0.4,all,19,22,2.5984593831919702,2.2152837394429827,0.3027262346680927,0.259926012260582,0.3831756437489875,1.3660807948345401,1.3396405213861295,2.457710431992154,2.727252233767082,2.117089299617972,2.3265648411127677,331.0,0.0014904403708231285,0.00019998000199980003,0.2003897987661369,0.5380175464045412,0.0035486675495788773,4,37,2.4339464457787234,2.3884103990615717
9,3,0.3,0.4,excl_censored,19,21,2.5984593831919702,2.223108002292998,0.3027262346680927,0.2636767860144249,0.37535138089897213,1.327048748676198,1.3006835417488563,2.4620733386381493,2.72404458913875,2.118331179973247,2.3458419676402245,313.0,0.0022097656717117685,0.00029997000299970003,0.20319864826724826,0.5387071135236139,0.004777871722620041,4,36,2.4339464457787234,2.397783626269042
9,4,0.4,0.5,all,19,22,2.611537996253639,2.2212623493105172,0.3135201844506977,0.24194205446912728,0.39027564694312167,1.4074958934365243,1.380254037434527,2.4707197777548435,2.743559692837597,2.1309361684399533,2.3269413950775197,334.0,0.001134037511943275,0.00019998000199980003,0.21126503683786585,0.5527428589821987,0.0030040728793199337,4,37,2.36805716156508,2.4058044585781135
9,4,0.4,0.5,excl_censored,19,21,2.611537996253639,2.227755727279104,0.3135201844506977,0.245944644564275,0.3837822689745347,1.3706777209284118,1.3434457132278472,2.469802707469147,2.7432656055034785,2.1295485407014616,2.3363079819238735,318.0,0.001393916027072069,9.999000099990002e-05,0.2104186438062862,0.5481486955001412,0.003742056448515622,4,36,2.36805716156508,2.414718432095001
9,5,0.5,0.6,all,19,22,2.6460706750258276,2.241131919177689,0.32607670962500157,0.2460149441405371,0.40493875584813877,1.417021885470951,1.3895956554295779,2.4961330175019225,2.781437275183747,2.1459400347672752,2.3496037664849703,333.0,0.0012429900388831849,0.00019998000199980003,0.2245133869847691,0.5735205778431733,0.0031668536022501524,4,37,2.429053155784374,2.428757633088172
9,5,0.5,0.6,excl_censored,19,21,2.6460706750258276,2.2440545019866343,0.32607670962500157,0.2516986530598433,0.40201617303919335,1.3895028903312492,1.3618968726425489,2.496222110641036,2.7880003803895717,2.1416980902473854,2.3518044073415845,317.0,0.0015305708692109107,0.00019998000199980003,0.2253507942501265,0.5734186664866656,0.00394986030764106,4,36,2.429053155784374,2.4356742984464597
9,6,0.6,0.7,all,19,22,2.6145716745423653,2.274556411355413,0.30474942174027414,0.24017877645437233,0.3400152631869524,1.2505488857377698,1.2263447137557484,2.4741509677670397,2.738373372253546,2.180280911759982,2.380228758647803,321.0,0.0035558034883858606,0.0005999400059994001,0.1733655392453322,0.5037388282259789,0.005712134117888933,4,37,2.4044030843006317,2.435121365646527
9,6,0.6,0.7,excl_censored,19,21,2.6145716745423653,2.2784531989337644,0.30474942174027414,0.24539634159421359,0.33611847560860086,1.2217523096125786,1.197479084918289,2.4838299757781384,2.741029892558944,2.1802040207790254,2.3845264955578647,306.0,0.004093045844708802,0.0005999400059994001,0.15999686760755366,0.49980566947394006,0.006793437086653613,4,36,2.4044030843006317,2.4418546293530965
9,7,0.7,0.8,all,19,22,2.675605079407756,2.2661688157506763,0.3188790583930754,0.2571762391145863,0.40943626365707964,1.42508851602194,1.3975061576473218,2.529368470782266,2.8109049054367543,2.16119575527843,2.3810628224232793,344.0,0.00043741672787535964,0.00029997000299970003,0.2314496693962567,0.576991186983869,0.0022722946902616085,4,37,2.4429592186119504,2.4573073940760666
9,7,0.7,0.8,excl_censored,19,21,2.675605079407756,2.2722796437399047,0.3188790583930754,0.2618854589531215,0.4033254356678513,1.3894325719962632,1.361827951360576,2.536198503281803,2.8097483865633177,2.1712292333467005,2.399095066691786,326.0,0.0006435112724156713,0.00039996000399960006,0.21886916350884886,0.5706826311553328,0.003193251064842001,4,36,2.4429592186119504,2.4661814486899325
9,8,0.8,0.9,all,19,22,2.7007652452965503,2.3013826674935647,0.33829152733270584,0.2501482059769112,0.3993825778029856,1.3578413930113746,1.3315605918563156,2.547347441879758,2.8417320557464194,2.2077555165231457,2.4083188485371037,339.0,0.0007099870380201763,0.0004999500049995,0.2072013197260517,0.5747776114369574,0.002513228453168766,4,37,2.5124175681704015,2.483656434400304
9,8,0.8,0.9,excl_censored,19,21,2.7007652452965503,2.3109196437736137,0.33829152733270584,0.2521939644964981,0.38984560152293657,1.3165381725333254,1.2903817849995507,2.54571111483453,2.835183333571281,2.203379073873444,2.425470311555781,322.0,0.0009523299145770314,0.0008999100089991,0.1996976161478183,0.564132110908009,0.003283896257162177,4,36,2.5124175681704015,2.4942828307555205
9,9,0.9,1.0,all,19,22,2.706998055936257,2.363372421991876,0.25193322161664355,0.24115479638284346,0.34362563394438084,1.395784912709324,1.368769720850434,2.5951565624967787,2.8027410026024038,2.269020693303479,2.4693217988073566,346.0,0.0003587519020525188,9.999000099990002e-05,0.19102004296468594,0.4822897979633667,0.0020211374763522186,4,37,2.59036046246779,2.515289580992946
9,9,0.9,1.0,excl_censored,19,21,2.706998055936257,2.370916392455258,0.25193322161664355,0.24443559925312305,0.3360816634809991,1.355084071228744,1.3281618711381067,2.586678518420778,2.806971504312012,2.2733927713913684,2.4721666426367115,329.0,0.000476141421532243,0.00029997000299970003,0.18248973147175152,0.47879181640953616,0.0027208081230413886,4,36,2.59036046246779,2.5239101515132814
10,0,0.0,0.1,all,19,22,3.037155314713404,2.493904355516922,0.383807390772888,0.3703553182702681,0.5432509591964823,1.4424238146497175,1.4145059343661746,2.852847887665015,3.1874018030855376,2.3589998793637674,2.653033946761475,351.0,0.0002160881239189897,0.00019998000199980003,0.30396587069463293,0.7598636331098361,0.0017639846850529771,4,37,2.773744184266514,2.742618109834077
10,0,0.0,0.1,excl_censored,19,21,3.037155314713404,2.50226445941994,0.383807390772888,0.3773681557427774,0.5348908552934639,1.4060094505686935,1.3780754879746135,2.8485181505737462,3.1936232979275885,2.3560325326295506,2.6639216237625467,333.0,0.00031557506851314537,0.00029997000299970003,0.30108466907066495,0.7660927134118989,0.0026423869060276874,4,36,2.773744184266514,2.754403552508537
10,1,0.1,0.2,all,19,22,2.9922185030099446,2.563438803793154,0.3285653978155584,0.29347415221198814,0.4287796992167907,1.3824296999184487,1.3556729960490592,2.8370841253061116,3.128320803720155,2.446068638211697,2.6882549453546107,340.0,0.0006452654800716234,9.999000099990002e-05,0.2328043933117936,0.6115690519541092,0.002346419927533176,4,37,2.7605711445296164,2.762311369257293
10,1,0.1,0.2,excl_censored,19,21,2.9922185030099446,2.571175259625149,0.3285653978155584,0.298413862645754,0.4210432433847955,1.344935269124079,1.3182147008633358,2.8352782012999755,3.1237845822436805,2.453846150563707,2.7024557953250614,323.0,0.0008643278263233195,9.999000099990002e-05,0.2212378914391991,0.605240406366568,0.0032012141715678497,4,36,2.7605711445296164,2.7723485397555163
10,2,0.2,0.3,all,19,22,2.99385355563978,2.63096201908813,0.29748944093142493,0.2842991329115005,0.3628915365516501,1.2493623132651739,1.225181107201977,2.861767279680061,3.1197869471087234,2.5208326486900683,2.7530726889591812,329.0,0.0017825908825435677,0.0004999500049995,0.18383933208907455,0.5332049523649838,0.003813028625761642,4,37,2.829341260940912,2.79586532252246
10,2,0.2,0.3,excl_censored,19,21,2.99385355563978,2.638404863629043,0.29748944093142493,0.28911528968159406,0.35544869201073714,1.2126726753921298,1.18857984078169,2.854798335517217,3.1132192309271693,2.5260977861678384,2.760924385187694,311.0,0.002644304406362379,0.0008999100089991,0.16322860009234377,0.5343909856023926,0.005262297326094287,4,36,2.829341260940912,2.8047876291556126
10,3,0.3,0.4,all,19,22,3.037228671715088,2.6972119945062087,0.2726036304249472,0.2559359201528525,0.34001667720887907,1.2891157240683986,1.2641650971509457,2.913483429672902,3.147960306907301,2.5964546691461483,2.8021275151263554,331.0,0.0014904403708231285,0.0004999500049995,0.17960120415080802,0.4890971831848517,0.0035486675495788773,4,37,2.911749410854026,2.848621918873167
10,3,0.3,0.4,excl_censored,19,21,3.037228671715088,2.707135293613335,0.2726036304249472,0.25788302561490223,0.33009337810175277,1.245833257742726,1.221081603615387,2.915913630098452,3.149688390370136,2.605952983949531,2.8231799503158554,312.0,0.0024181155429086843,0.0006999300069993001,0.15872143871719224,0.48975465171936033,0.005011638430898828,4,36,2.911749410854026,2.858616341251406
10,4,0.4,0.5,all,19,22,3.048298357696858,2.7011225347767573,0.28135442129239985,0.2408037191050407,0.3471758229201005,1.3337241316924688,1.3079101162403566,2.919862533861099,3.155808757961915,2.6119057880452528,2.8049093881536673,326.0,0.002320492605204538,0.00039996000399960006,0.19025087486747555,0.4917353379711183,0.004462485779239496,4,37,2.8423542687100207,2.864133715851051
10,4,0.4,0.5,excl_censored,19,21,3.048298357696858,2.7088427785079636,0.28135442129239985,0.24394454845321126,0.33945557918889424,1.2939978407186907,1.2682892743467962,2.918476315945467,3.15929857073683,2.6148183164651027,2.807407745090683,309.0,0.0031556734004143713,0.0008999100089991,0.17397433942602714,0.49451163585079944,0.0057902264227786635,4,36,2.8423542687100207,2.8731652797240965
10,5,0.5,0.6,all,19,22,3.0752515620285346,2.7140283874554765,0.3001660946702794,0.24281499989926708,0.3612231745730581,1.333919916187622,1.308102111358184,2.945443523627203,3.1990164548936852,2.619922151003707,2.815264271884036,334.0,0.001134037511943275,0.0005999400059994001,0.19017252197735468,0.5203356379085501,0.0030040728793199337,4,37,2.8861341761553394,2.8809153377821968
10,5,0.5,0.6,excl_censored,19,21,3.0752515620285346,2.717359007260523,0.3001660946702794,0.24829585464015297,0.35789255476801163,1.3057372247230319,1.279795425556349,2.940828343761501,3.205283466625602,2.6208223012043765,2.831969126960608,318.0,0.001393916027072069,0.00029997000299970003,0.1855715124278051,0.5186720487926569,0.003742056448515622,4,36,2.8861341761553394,2.8874939479553268
10,6,0.6,0.7,all,19,22,3.0542268656227836,2.750581800743013,0.27805475757172937,0.23261038851284077,0.3036450648797704,1.1926607004235308,1.1695769449314624,2.9194884198110405,3.169677371029467,2.6605884947538243,2.8459191812789015,314.0,0.006293499750235036,0.0012998700129987,0.1468262000025462,0.4525758363174723,0.008740971875326438,4,37,2.876450320271617,2.892900237353857
10,6,0.6,0.7,excl_censored,19,21,3.0542268656227836,2.7547774112712964,0.27805475757172937,0.23750018899847872,0.2994494543514872,1.1628760354030794,1.1397725380109651,2.928199545404754,3.171155750928338,2.6658151806481216,2.861301101247443,299.0,0.007333398615540424,0.0007999200079992001,0.14588619681520726,0.4501349688364584,0.010115032573159205,4,36,2.876450320271617,2.899300966734545
10,7,0.7,0.8,all,19,22,3.1061501302540115,2.7509196335272326,0.28367774539055896,0.2531345277199715,0.355230496726779,1.3271466980378066,1.3014599877532038,2.9753002824111903,3.223346137882485,2.654618694011572,2.8583413742930084,343.0,0.0004825316312145502,0.00039996000399960006,0.1915417831677267,0.5164162375113627,0.0023254536444074713,4,37,2.933677657522769,2.9135776697928173
10,7,0.7,0.8,excl_censored,19,21,3.1061501302540115,2.7581817213774062,0.28367774539055896,0.25702664770314326,0.3479684088766053,1.2888721317412946,1.2632654006470967,2.9782991050444974,3.225040062458389,2.659317313713368,2.868858363563045,325.0,0.0007104983619273451,0.00039996000399960006,0.16960737604459217,0.5072749698169771,0.003193251064842001,4,36,2.933677657522769,2.9223321664905737
10,8,0.8,0.9,all,19,22,3.145538678493081,2.785602425746047,0.31509759658569586,0.2532985546749797,0.3599362527470338,1.269615909442442,1.245042698291943,2.99683804265747,3.275122088362354,2.687041804651969,2.8906456449803737,330.0,0.0016305036228348349,0.00039996000399960006,0.18505964973719385,0.5321765206972019,0.003664053085022101,4,37,2.9980143537378074,2.9474711038602806
10,8,0.8,0.9,excl_censored,19,21,3.145538678493081,2.7977884463715887,0.31509759658569586,0.2528593215817954,0.34775023212149225,1.2242758073591538,1.1999524469480447,3.002123896341669,3.2750285331327293,2.704169119515539,2.9093400177872755,313.0,0.0022097656717117685,0.0006999300069993001,0.16792262070396827,0.5118874753445737,0.004777871722620041,4,36,2.9980143537378074,2.9590759680616863
10,9,0.9,1.0,all,19,22,3.1538798954933185,2.845787008227726,0.23965819267319763,0.2489046967659476,0.30809288726559236,1.259164025073213,1.2347931084588928,3.046228692898995,3.253907397320801,2.74563785270897,2.9511262777275142,340.0,0.0006452654800716234,0.00039996000399960006,0.16245759060853465,0.4519475555330117,0.002346419927533176,4,37,3.0854604316526903,2.978086228885737
10,9,0.9,1.0,excl_censored,19,21,3.1538798954933185,2.855772009523603,0.23965819267319763,0.2504958077103457,0.29810788596971527,1.2146753366195853,1.1905427140377391,3.045251371558223,3.2531975863114004,2.7562592354640025,2.9587573815161012,322.0,0.0009523299145770314,0.000999900009999,0.1357167115661952,0.43518114180883655,0.003283896257162177,4,36,3.0854604316526903,2.98758579132661
11,0,0.0,0.1,all,19,22,3.2681326606758474,2.697793249638014,0.3748172439327735,0.361695232825588,0.5703394110378333,1.550637129294083,1.5206247977593588,3.0834448789627658,3.4166070163062305,2.5592974391879277,2.8577586092904084,365.0,4.794062957706685e-05,9.999000099990002e-05,0.33897647241697865,0.7883481297996079,0.0012614237725646644,4,37,2.989402165937102,2.9591449562467305
11,0,0.0,0.1,excl_censored,19,21,3.2681326606758474,2.7075084129582057,0.3748172439327735,0.3676742225389026,0.5606242477176417,1.5108115607854329,1.480795437061219,3.097837451796334,3.423256236403389,2.5589343182794346,2.8768598587557426,346.0,7.677223792630805e-05,0.00029997000299970003,0.32557765670046257,0.7797815236238411,0.002022340295259568,4,36,2.989402165937102,2.972071904478195
11,1,0.1,0.2,all,19,22,3.2149441118250563,2.762521427886953,0.31350318529133503,0.2886863906815119,0.45242268393810336,1.5060917695645255,1.4769416062826315,3.06530426629267,3.3431675023008154,2.647964733531272,2.887085852905689,351.0,0.0002160881239189897,0.00019998000199980003,0.26196039627814477,0.6183419545692476,0.0017639846850529771,4,37,2.9942900432037476,2.9697905233884883
11,1,0.1,0.2,excl_censored,19,21,3.2149441118250563,2.7727989310416694,0.31350318529133503,0.29166219918024217,0.44214518078338694,1.463064918258446,1.433997403326159,3.065257132980327,3.346707847903327,2.6575802366166665,2.900130868404644,332.0,0.0003501162650486686,9.999000099990002e-05,0.24988431395245259,0.6127123531671476,0.0026423869060276874,4,36,2.9942900432037476,2.981543208437115
11,2,0.2,0.3,all,19,22,3.226502365140951,2.839829679035103,0.30027933886405306,0.28914653403159435,0.3866726861058476,1.3137070136331384,1.288280426272497,3.088798381572663,3.354307805907993,2.727488180297852,2.967954530666608,334.0,0.001134037511943275,0.00039996000399960006,0.20389826421715718,0.5602211962326841,0.0030040728793199337,4,37,3.040557618384706,3.0166910108895006
11,2,0.2,0.3,excl_censored,19,21,3.226502365140951,2.8503682296981174,0.30027933886405306,0.2919254935644221,0.37613413544283336,1.2711014222133274,1.2458477515733275,3.0893241025063465,3.3498454733161576,2.7281039217651704,2.982081444669851,315.0,0.001841595484321759,0.00019998000199980003,0.2004926810671536,0.5562246272577707,0.004333165845462963,4,36,3.040557618384706,3.027751313549992
11,3,0.3,0.4,all,19,22,3.26163488733145,2.9084485047511404,0.26978570688307735,0.26062080981697666,0.35318638258030965,1.3333314173814452,1.3075250028514818,3.140899248944791,3.372767571782154,2.8059307844061876,3.0157413106917326,337.0,0.0008579010720209487,0.00029997000299970003,0.18709098002431424,0.49864504200754767,0.0028360366017221444,4,37,3.1234969779538932,3.066566001405597
11,3,0.3,0.4,excl_censored,19,21,3.26163488733145,2.920166456077234,0.26978570688307735,0.26105075556557117,0.3414684312542162,1.2874707391922258,1.2618918503341021,3.1436804099550923,3.3742518037105143,2.821681479860601,3.0371859905735445,318.0,0.001393916027072069,0.0007999200079992001,0.17907593498163435,0.49404842573732605,0.003742056448515622,4,36,3.1234969779538932,3.07779362569733
11,4,0.4,0.5,all,19,22,3.2749031420013814,2.9046397887854307,0.2973953797595157,0.24808414578262616,0.3702633532159507,1.3614801478673568,1.3351289191989564,3.1387804019382273,3.397548341951488,2.808296223016926,3.0124430128512394,336.0,0.0009421334173269092,0.00019998000199980003,0.20524191165106787,0.527674598533921,0.0028549497494754824,4,37,3.0398610683044636,3.0801565075158877
11,4,0.4,0.5,excl_censored,19,21,3.2749031420013814,2.913433661789712,0.2973953797595157,0.25067240909668054,0.3614694802116696,1.3201951803355843,1.2939661370176587,3.135082820478832,3.4037272400023717,2.8116600879766196,3.024472363690826,317.0,0.0015305708692109107,0.0005999400059994001,0.19420166825203733,0.5213698572460164,0.00394986030764106,4,36,3.0398610683044636,3.090161731177565
11,5,0.5,0.6,all,19,22,3.305423412912535,2.9222530076436084,0.3158866837847093,0.2434189687281001,0.38317040526892665,1.3723248023017875,1.3457636770959465,3.161567008693765,3.443179613969322,2.8270679851415723,3.0231759085216843,344.0,0.00043741672787535964,0.00039996000399960006,0.2089138404311266,0.5453722578498739,0.0022722946902616085,4,37,3.1032668191484944,3.0994471280244205
11,5,0.5,0.6,excl_censored,19,21,3.305423412912535,2.924601209759497,0.3158866837847093,0.24917475679750173,0.38082220315303816,1.3468794547878828,1.3201202603218984,3.16205910572,3.4385762210556594,2.8290323061609293,3.0377225959821565,328.0,0.0005267964144369016,0.00029997000299970003,0.20511038596458386,0.5524631382317877,0.0028865556955446664,4,36,3.1032668191484944,3.105738971491489
11,6,0.6,0.7,all,19,22,3.2931302627129853,2.9628386313391872,0.2879607678320409,0.23341937211664648,0.330291631373798,1.2702652373451893,1.245679458557863,3.154920448987882,3.4154342246018072,2.8694128646328676,3.05783430098067,330.0,0.0016305036228348349,0.0004999500049995,0.16128377082897397,0.4787148969793729,0.003664053085022101,4,37,3.1205134380872255,3.1154019223962153
11,6,0.6,0.7,excl_censored,19,21,3.2931302627129853,2.9665243609348635,0.2879607678320409,0.23852678910769032,0.32660590177812177,1.2413602695449824,1.2166974827328303,3.1614558392160528,3.4116115280210386,2.875387950443332,3.074947617747844,315.0,0.001841595484321759,0.0004999500049995,0.15911849815781812,0.48469675291748404,0.004333165845462963,4,36,3.1205134380872255,3.1217898005230538
11,7,0.7,0.8,all,19,22,3.3325357622053855,2.9683328563551683,0.27201327615992127,0.25437818348861563,0.3642029058502172,1.3865700729861532,1.3597332328638405,3.2107127370291386,3.445959722768134,2.8724652692963644,3.0831136633142067,347.0,0.0003245809905337601,0.00019998000199980003,0.20042592088468286,0.5125629777510837,0.0020211374763522186,4,37,3.1635950764504286,3.1342465409706572
11,7,0.7,0.8,excl_censored,19,21,3.3325357622053855,2.976556496882001,0.27201327615992127,0.25764599814382894,0.35597926532338464,1.3456089096903863,1.318874957842233,3.2087201781402968,3.445936665381728,2.8785738135266614,3.095255342059517,329.0,0.000476141421532243,9.999000099990002e-05,0.1813318292177209,0.5074334688581508,0.0027208081230413886,4,36,3.1635950764504286,3.1436523780728503
11,8,0.8,0.9,all,19,22,3.3558428036615027,2.997454064755257,0.3061433265736822,0.2573004966092273,0.3583887389062457,1.275855879562826,1.251161894797094,3.2169828877053672,3.4795573108241378,2.901925818151036,3.101336609174439,336.0,0.0009421334173269092,0.00029997000299970003,0.18528582411912542,0.5169378174806644,0.0028549497494754824,4,37,3.219376181794234,3.1574999450542505
11,8,0.8,0.9,excl_censored,19,21,3.3558428036615027,3.0105967510765757,0.3061433265736822,0.2559758877838209,0.345246052584927,1.2292519282630712,1.2048297045227452,3.214715635574533,3.4796333890170406,2.9104583416768524,3.1256415126355326,318.0,0.001393916027072069,0.0007999200079992001,0.16554040497392536,0.515626422408579,0.003742056448515622,4,36,3.219376181794234,3.1696122309722146
11,9,0.9,1.0,all,19,22,3.3584508859591606,3.0614931573345228,0.23207733543462394,0.23496437374711157,0.2969577286246379,1.2710254938569168,1.246425000427428,3.2581138187617666,3.4552440015528894,2.968374587956487,3.156757592544421,342.0,0.0005319567266736574,0.00039996000399960006,0.15452679952953105,0.43310957613815276,0.002346419927533176,4,37,3.290940407824692,3.1891798557644537
11,9,0.9,1.0,excl_censored,19,21,3.3584508859591606,3.07029646135697,0.23207733543462394,0.23701996169384587,0.28815442460219076,1.2277998436896835,1.2034064693117428,3.2487032398217695,3.4551649855923454,2.9775392894964434,3.1734547170414165,324.0,0.000783917669656603,0.0005999400059994001,0.14586873779047305,0.4240839226731818,0.0031996639577820535,4,36,3.290940407824692,3.1978619691783794
12,0,0.0,0.1,all,19,22,3.20638260357048,2.642816688718389,0.36431788161529466,0.32745516549769677,0.5635659148520911,1.633720623841698,1.6021002246705682,3.0363377573799215,3.3655085905933118,2.5197058799577468,2.779352028380514,368.0,3.414794323756137e-05,9.999000099990002e-05,0.36033633067340076,0.7672282608663084,0.0012614237725646644,4,37,2.969600887460051,2.896887380264958
12,0,0.0,0.1,excl_censored,19,21,3.20638260357048,2.652225695030112,0.36431788161529466,0.33248037618316584,0.5541569085403677,1.5927497780028645,1.5611057426783044,3.0365234585352425,3.365290457569997,2.5191171584839496,2.8005768303253413,349.0,5.4483630377151804e-05,9.999000099990002e-05,0.3402859769859658,0.7572313402669553,0.002022340295259568,4,36,2.969600887460051,2.9094334864897577
12,1,0.1,0.2,all,19,22,3.227103403021198,2.7685935019301398,0.29162246682563236,0.27930348625345164,0.45850990109105805,1.608494392351726,1.5773622428223377,3.0975017604052093,3.3593374480351708,2.6569044556983723,2.8897890645152065,368.0,3.414794323756137e-05,9.999000099990002e-05,0.27537154283362253,0.6238500554715493,0.0012614237725646644,4,37,3.044614679247963,2.97420440494254
12,1,0.1,0.2,excl_censored,19,21,3.227103403021198,2.7794182238455654,0.29162246682563236,0.28143245360117813,0.44768517917563244,1.5636678995985147,1.5326016499376172,3.1061245946176728,3.358031642024973,2.663494053856052,2.9000886558134753,349.0,5.4483630377151804e-05,9.999000099990002e-05,0.274181709027424,0.627147326633183,0.002022340295259568,4,36,3.044614679247963,2.9862302400324383
12,2,0.2,0.3,all,19,22,3.2609536507410666,2.8734482431492414,0.28884375176030186,0.2802181487095029,0.38750540759182517,1.3633432648126818,1.3369559758163072,3.1422800397692194,3.3904170493360097,2.7666952527744404,2.992648274100244,351.0,0.0002160881239189897,0.00019998000199980003,0.22197874773295695,0.558836604420774,0.0017639846850529771,4,37,3.109598353383248,3.046907764860286
12,2,0.2,0.3,excl_censored,19,21,3.2609536507410666,2.886828009623879,0.28884375176030186,0.27984460352726853,0.3741256411171876,1.316681348101612,1.290522116020123,3.139586331211945,3.3868633233974514,2.767811193894398,3.009420737609436,332.0,0.0003501162650486686,0.0004999500049995,0.2042940712686726,0.5382312107521232,0.0026423869060276874,4,36,3.109598353383248,3.059530948684687
12,3,0.3,0.4,all,19,22,3.3134809806596865,2.944194000255655,0.24748241555087303,0.2515510580385819,0.3692869804040315,1.4790324359581408,1.4504060017137896,3.206692877017939,3.41943813335216,2.846139772225818,3.047130012032042,354.0,0.00015818272470878028,9.999000099990002e-05,0.21706128721078655,0.5159214038398977,0.0017639846850529771,4,37,3.195721542202873,3.106635688360729
12,3,0.3,0.4,excl_censored,19,21,3.3134809806596865,2.9591596771736626,0.24748241555087303,0.24752391848598998,0.354321303486024,1.4315765853404858,1.4031346664264364,3.2084587500427015,3.42575262363224,2.855836708477543,3.0582742922202266,335.0,0.0002558466624784525,9.999000099990002e-05,0.20639831997259062,0.5041784426109263,0.0026423869060276874,4,36,3.195721542202873,3.119877935676929
12,4,0.4,0.5,all,19,22,3.329125264689609,2.9462097187077543,0.29234995092866545,0.24913771190346568,0.3829155459818545,1.418506493024101,1.3910515286429892,3.2097824506840347,3.462304503912746,2.8507659301291604,3.0504262926984134,349.0,0.0002651788368361755,0.00029997000299970003,0.22523716012045658,0.5486515865026397,0.001924427308610151,4,37,3.1019009481589186,3.126010541838851
12,4,0.4,0.5,excl_censored,19,21,3.329125264689609,2.9563234695397185,0.29234995092866545,0.2506196873472543,0.3728017951498903,1.374697226788061,1.3473853613551856,3.2032990899032208,3.451667291668357,2.855350300479137,3.0570989254724648,330.0,0.0004300596815876974,0.00029997000299970003,0.21304742140292116,0.5475993903814929,0.0027208081230413886,4,36,3.1019009481589186,3.1369046971333607
12,5,0.5,0.6,all,19,22,3.3605828344962205,2.955631107523773,0.2944187634051775,0.2375962097539435,0.40495172697244763,1.5261707521877645,1.4966319634357432,3.2279225229579778,3.4905807943545315,2.8605307266824394,3.049455716257674,360.0,8.329215913250309e-05,9.999000099990002e-05,0.24623808371354025,0.562967215009483,0.0015865173168095827,4,37,3.1765926145923737,3.1396915611508565
12,5,0.5,0.6,excl_censored,19,21,3.3605828344962205,2.955582320137565,0.2944187634051775,0.24346355343476522,0.4050005143586555,1.506659198935602,1.4767255724666828,3.2327252252211185,3.49089332414167,2.8611638752879913,3.0585633004931996,342.0,0.0001200994498923692,9.999000099990002e-05,0.2524527261174338,0.5729677485402279,0.0020886860850846817,4,36,3.1765926145923737,3.144775892220766
12,6,0.6,0.7,all,19,22,3.3360323369510336,3.011539706498186,0.2624550020946378,0.23423245327280245,0.3244926304528475,1.3102437790973285,1.2848842220825414,3.2178165602194353,3.449218451210904,2.9187867869054673,3.1135120626190864,342.0,0.0005319567266736574,0.00029997000299970003,0.17187525961975297,0.46692077564555196,0.002346419927533176,4,37,3.198629248962629,3.157945160788627
12,6,0.6,0.7,excl_censored,19,21,3.3360323369510336,3.0140049576891372,0.2624550020946378,0.2397242058474044,0.3220273792618964,1.2842648555888159,1.2587496597824155,3.2230189235645974,3.4438256110226066,2.919810637652509,3.1214343080312155,325.0,0.0007104983619273451,0.0005999400059994001,0.1663363313082757,0.4767606865933065,0.003193251064842001,4,36,3.198629248962629,3.163450042158083
12,7,0.7,0.8,all,19,22,3.371453861874089,3.017162852790575,0.24884903890442397,0.2585513318572385,0.35429100908351385,1.3941911954872432,1.3672068497681353,3.270038169103647,3.479015504320567,2.918330213747339,3.133751486505688,352.0,0.0001948745382146378,9.999000099990002e-05,0.2015116579693334,0.49725152139159845,0.0017639846850529771,4,37,3.2388623867696498,3.1751285564843714
12,7,0.7,0.8,excl_censored,19,21,3.371453861874089,3.026065297287581,0.24884903890442397,0.2614583609278832,0.345388564586508,1.3514806380008264,1.3246300292988233,3.264720092467193,3.4781256408901045,2.92314052105984,3.1478544459486315,333.0,0.00031557506851314537,0.00019998000199980003,0.1946288324515971,0.49809124861978366,0.0026423869060276874,4,36,3.2388623867696498,3.184709585321341
12,8,0.8,0.9,all,19,22,3.367702685396081,3.0424061115314913,0.2563693091506228,0.2580096577118039,0.3252965738645899,1.2644963105328428,1.2400221883934974,3.250528351491432,3.479047899054905,2.942346975596144,3.1506535686344685,340.0,0.0006452654800716234,0.00039996000399960006,0.17049169202051756,0.48037354600869625,0.002346419927533176,4,37,3.2914627382127124,3.1825252573883107
12,8,0.8,0.9,excl_censored,19,21,3.367702685396081,3.055094733019242,0.2563693091506228,0.2572514468058402,0.312607952376839,1.2171596794990713,1.1929776991116725,3.24908267965385,3.4704466650781107,2.953595115303881,3.1705849904945227,321.0,0.0010485701095385488,0.0007999200079992001,0.14785686107081314,0.466977104294217,0.003355424350523356,4,36,3.2914627382127124,3.1938191517521886
12,9,0.9,1.0,all,19,22,3.363496552696126,3.102883241873302,0.21369453520732337,0.22527941327877166,0.2606133108228237,1.1845609407463782,1.1616339547964483,3.2672332910530746,3.4509082319757964,3.015147207361208,3.195244229789442,334.0,0.001134037511943275,0.0007999200079992001,0.12792477357463186,0.39022036847822594,0.0030040728793199337,4,37,3.3517212951113016,3.209810287621455
12,9,0.9,1.0,excl_censored,19,21,3.363496552696126,3.1109485060809994,0.21369453520732337,0.2275647923249461,0.2525480466151264,1.142218171283804,1.1195250950331324,3.2702744496521725,3.451816368872524,3.02172634644049,3.2096750705816572,315.0,0.001841595484321759,0.0008999100089991,0.11959534604949706,0.386755100201036,0.004333165845462963,4,36,3.3517212951113016,3.2174852207911715
13,0,0.0,0.1,all,19,22,3.2455033540967366,2.5494604845398148,0.40796206870225754,0.41480132497089367,0.6960428695569219,1.6908244404886323,1.6580988061565942,3.072886515390274,3.418873458133105,2.387943146677313,2.7269168922334637,373.0,1.9147979809198448e-05,9.999000099990002e-05,0.43720872615894024,0.9251287532437673,0.0012614237725646644,4,37,2.9372127951181177,2.8649687353308493
13,0,0.0,0.1,excl_censored,19,21,3.2455033540967366,2.560924123485762,0.40796206870225754,0.42145872780663973,0.6845792306109746,1.6491105568323612,1.6163467709350294,3.053327593968296,3.41157599104354,2.3968997626148565,2.7353851919427865,354.0,3.0335819609707865e-05,9.999000099990002e-05,0.40768842676015654,0.9213524144893077,0.002022340295259568,4,36,2.9372127951181177,2.880419976126847
13,1,0.1,0.2,all,19,22,3.2514865561595214,2.6950411542733232,0.3581661137563457,0.3440195468466808,0.5564454018861982,1.5870342130023092,1.5563174217829097,3.08690006887456,3.4061845022593835,2.5629250012041136,2.8324194195529246,371.0,2.4180863063163223e-05,9.999000099990002e-05,0.3438249203903101,0.7563518956976923,0.0012614237725646644,4,37,3.050985221563827,2.942302947967262
13,1,0.1,0.2,excl_censored,19,21,3.2514865561595214,2.709596277527688,0.3581661137563457,0.345504195031097,0.5418902786318336,1.5413930260364852,1.510769323532449,3.087290550663547,3.4103007813579134,2.5712452068607172,2.85225895770783,352.0,3.8423130992554465e-05,9.999000099990002e-05,0.32242427891029857,0.7591040209741621,0.002022340295259568,4,36,3.050985221563827,2.9576618196904736
13,2,0.2,0.3,all,19,22,3.3024663111682404,2.828600967260935,0.3352508182371317,0.3264945796628891,0.4738653439073053,1.4335023744087882,1.4057571671621665,3.1633012228320405,3.455428528649039,2.7001740312026943,2.966831532855907,351.0,0.0002160881239189897,9.999000099990002e-05,0.27336994295108424,0.6810996806137753,0.0017639846850529771,4,37,3.07963836125729,3.0447980472137286
13,2,0.2,0.3,excl_censored,19,21,3.3024663111682404,2.8427504053829713,0.3352508182371317,0.32757269977196984,0.4597159057852691,1.3878974802802746,1.360323358155501,3.1584526974864833,3.4511290337480593,2.711271029581842,2.974197211416095,332.0,0.0003501162650486686,0.00019998000199980003,0.26311230588552453,0.6501042062199788,0.0026423869060276874,4,36,3.07963836125729,3.0590573605613836
13,3,0.3,0.4,all,19,22,3.3529713269370744,2.907294829799163,0.2960175161423929,0.30399168532064996,0.44567649713791146,1.48391837617815,1.4551973753488954,3.218836286541642,3.475928605459681,2.7897284714088673,3.037111469352047,352.0,0.0001948745382146378,0.00019998000199980003,0.269434881706834,0.6252099674568645,0.0017639846850529771,4,37,3.176558915787063,3.107046102817236
13,3,0.3,0.4,excl_censored,19,21,3.3529713269370744,2.921125566193454,0.2960175161423929,0.3043233639774973,0.4318457607436206,1.437484691506329,1.4089253929995809,3.2287627369353507,3.4826203093362484,2.796506092471137,3.043677907796526,333.0,0.00031557506851314537,9.999000099990002e-05,0.23899701842263185,0.6094681588380457,0.0026423869060276874,4,36,3.176558915787063,3.1206626788532965
13,4,0.4,0.5,all,19,22,3.3562658075974077,2.918269949138782,0.36389516597921334,0.30705457644404877,0.4379958584586259,1.3094395470510019,1.2840955558177567,3.1921555161462947,3.5269062439622787,2.8084923933677346,3.0423392719833684,341.0,0.0005860668055800342,0.0004999500049995,0.23205730555904736,0.6428548395405899,0.002346419927533176,4,37,3.0773296238660084,3.1259911008091854
13,4,0.4,0.5,excl_censored,19,21,3.3562658075974077,2.9276374934478846,0.36389516597921334,0.3113994108625584,0.42862831414952307,1.2708161732573784,1.2455681698151788,3.1993937516420514,3.514163631450692,2.8017671355885057,3.0651188747935203,322.0,0.0009523299145770314,0.00029997000299970003,0.22225221736943526,0.6322158454320395,0.003283896257162177,4,36,3.0773296238660084,3.137225533647007
13,5,0.5,0.6,all,19,22,3.4063470919287555,2.9319642697752646,0.3634581107635312,0.28279895650117154,0.4743828221534909,1.470760719256801,1.4422943827550565,3.2516352522244136,3.5706427463256234,2.822766743013348,3.0461311816714987,360.0,8.329215913250309e-05,9.999000099990002e-05,0.2829674487361989,0.6655626469166349,0.0015865173168095827,4,37,3.178697539968186,3.148892392481877
13,5,0.5,0.6,excl_censored,19,21,3.4063470919287555,2.928918663613607,0.3634581107635312,0.28941275581400283,0.4774284283151484,1.4618752475988757,1.4328313685075074,3.2480145704455072,3.564888094280331,2.810300752969746,3.051400154243818,344.0,9.615654461282442e-05,9.999000099990002e-05,0.27246881550290836,0.6706606642878249,0.002024348307638409,4,36,3.178697539968186,3.153141570073872
13,6,0.6,0.7,all,19,22,3.3692463886883215,2.989456888417668,0.31235263428431553,0.28719029371461385,0.3797895002706535,1.2699150102990684,1.2453360100997315,3.2262171320113513,3.5097350771312685,2.88031548331673,3.110648373716501,341.0,0.0005860668055800342,0.0006999300069993001,0.18675496000307604,0.563953604487986,0.002346419927533176,4,37,3.1991204204724824,3.161817601307483
13,6,0.6,0.7,excl_censored,19,21,3.3692463886883215,2.989389830670651,0.31235263428431553,0.294282303527333,0.3798565580176705,1.2537500269276152,1.2288410859952785,3.2334920168354815,3.5080591936464836,2.8753960508361303,3.120345262818223,325.0,0.0007104983619273451,0.0005999400059994001,0.19110258918072381,0.564392921403305,0.003193251064842001,4,36,3.1991204204724824,3.1665662818686626
13,7,0.7,0.8,all,19,22,3.41530325755625,3.010167791021096,0.2553261219622792,0.3127509944123776,0.40513546653515364,1.4083088949253084,1.3810513034106249,3.305067776714125,3.528156938006113,2.889011108479726,3.1544563193854187,349.0,0.0002651788368361755,0.00019998000199980003,0.24273233640004804,0.5642289559689725,0.001924427308610151,4,37,3.2375741482028637,3.193625856843822
13,7,0.7,0.8,excl_censored,19,21,3.41530325755625,3.0188167350053012,0.2553261219622792,0.31776699949972614,0.39648652255094863,1.3678021508780307,1.3406272737082685,3.307657319545391,3.5240524325789067,2.8852023397921003,3.1540834114717695,330.0,0.0004300596815876974,0.00019998000199980003,0.21531174231268324,0.5696107655179768,0.0027208081230413886,4,36,3.2375741482028637,3.2037671315519063
13,8,0.8,0.9,all,19,22,3.388705946181508,3.035702760584907,0.2744709281502871,0.3076277869746875,0.35300318559660093,1.2056466927441498,1.1823115954652308,3.2644079490307347,3.499042128309282,2.9171072277272083,3.1640082034354187,337.0,0.0008579010720209487,0.0007999200079992001,0.1665928840558785,0.5283398232496901,0.0028360366017221444,4,37,3.312011242134121,3.187103479507571
13,8,0.8,0.9,excl_censored,19,21,3.388705946181508,3.0459273004730556,0.2744709281502871,0.31137067298806204,0.3427786457084525,1.164057616376204,1.1409306438654185,3.264867719904366,3.5018004348625897,2.917298245634933,3.1745657997796775,319.0,0.0012685916016233966,0.0008999100089991,0.15187756905859623,0.5147527046902803,0.003650623314024163,4,36,3.312011242134121,3.197273369967953
13,9,0.9,1.0,all,19,22,3.3998926963309195,3.1123804801093855,0.2387271660188021,0.2527634837602132,0.287512216221534,1.1669246183820448,1.1443389806069084,3.295968602359679,3.496999249163295,3.0153663665871666,3.2195358252724593,335.0,0.0010339727105669948,0.0006999300069993001,0.133091285545994,0.4358886289923059,0.002933255916502113,4,37,3.3743254922692145,3.2317035087464077
13,9,0.9,1.0,excl_censored,19,21,3.3998926963309195,3.118711838716401,0.2387271660188021,0.25721170017498024,0.2811808576145185,1.1309334599102627,1.1084645832233038,3.2885106573206158,3.5041033819927323,3.017420296837232,3.22302046065588,317.0,0.0015305708692109107,0.0016998300169983002,0.13389036789904596,0.43379564370992346,0.00394986030764106,4,36,3.3743254922692145,3.2387113298404175
14,0,0.0,0.1,all,19,22,3.315569839611972,2.50485712940614,0.5335229247115052,0.4748912159088573,0.810712710205832,1.6123886397993674,1.5811811177387345,3.072002646527829,3.5342803675542096,2.3252896274445685,2.7156483687374577,367.0,3.8261427560407155e-05,9.999000099990002e-05,0.5016894560861238,1.101570983767491,0.0012614237725646644,4,37,2.913145186972099,2.877029812207409
14,0,0.0,0.1,excl_censored,19,21,3.315569839611972,2.517858473683231,0.5335229247115052,0.4825899324273129,0.7977113659287411,1.5722978184529761,1.541060113450599,3.072322044341272,3.535517027732509,2.3294341023619554,2.7202724377871674,349.0,5.4483630377151804e-05,0.00019998000199980003,0.4723275925553162,1.0877677874059224,0.002022340295259568,4,36,2.913145186972099,2.894952059780192
14,1,0.1,0.2,all,19,22,3.304081958704845,2.5873221998304547,0.49847680649316484,0.3974790950927222,0.7167597588743901,1.6037100749471789,1.5726705251094915,3.101422292219194,3.5246905194880918,2.4215314586383716,2.7567233001668603,371.0,2.4180863063163223e-05,9.999000099990002e-05,0.4467739804780416,0.9763263605499468,0.0012614237725646644,4,37,2.9922801967400146,2.911608779046
14,1,0.1,0.2,excl_censored,19,21,3.304081958704845,2.600828085384106,0.49847680649316484,0.40208887819426886,0.703253873320739,1.5616570428737848,1.5306307440087428,3.080058606028586,3.514742405559262,2.440000787427397,2.779838582185373,352.0,3.8423130992554465e-05,0.00019998000199980003,0.42761938156309554,0.9730981227650304,0.002022340295259568,4,36,2.9922801967400146,2.9284951728193946
14,2,0.2,0.3,all,19,22,3.3398610949089362,2.7252852692453557,0.4721670155128581,0.3676444246922737,0.6145758256635805,1.466288205705027,1.4379084339817039,3.1408866418768513,3.547242041910935,2.583901483171212,2.8772032226681654,359.0,9.284012126808187e-05,0.00019998000199980003,0.36947948574285716,0.8598768411197011,0.001688002204874216,4,37,3.0082375262099426,3.0102888276169684
14,2,0.2,0.3,excl_censored,19,21,3.3398610949089362,2.7390204787102155,0.4721670155128581,0.3708943124958538,0.6008406161987208,1.4241075499184195,1.3958140224365967,3.129542736615717,3.5624519637165544,2.591232577141988,2.8956617546225063,340.0,0.00014958637195212722,0.00019998000199980003,0.35085900870531006,0.8725481195309751,0.0023013287992634957,4,36,3.0082375262099426,3.0262177986484593
14,3,0.3,0.4,all,19,22,3.405394226323781,2.821441031657352,0.44334217934019415,0.3711011845288969,0.5839531946664289,1.4381545613446636,1.4103193117702506,3.227091361259473,3.5971503545361787,2.679939915845738,2.9685747183875075,353.0,0.00017562966379730592,0.00019998000199980003,0.3366348432933659,0.8237183963477523,0.0017639846850529771,4,37,3.1135111918643457,3.0897337359231405
14,3,0.3,0.4,excl_censored,19,21,3.405394226323781,2.835684727445538,0.44334217934019415,0.37405253551669704,0.5697094988782427,1.3951766646794523,1.3674579229970791,3.217742234852657,3.6116242075786986,2.678423477844569,2.9960953924131206,334.0,0.00028424439189605354,9.999000099990002e-05,0.327927239356835,0.8234629450794194,0.0026423869060276874,4,36,3.1135111918643457,3.1054951335847436
14,4,0.4,0.5,all,19,22,3.4141929950311827,2.7994859222636763,0.5547271085429192,0.3822364981038339,0.6147070727675064,1.3084875769724562,1.2831620109665376,3.180880179893129,3.6642338254047906,2.649020953682173,2.956852626406283,341.0,0.0005860668055800342,9.999000099990002e-05,0.33265409871242096,0.9157891877509654,0.002346419927533176,4,37,2.9859911166673627,3.094983587262808
14,4,0.4,0.5,excl_censored,19,21,3.4141929950311827,2.808485208641301,0.5547271085429192,0.3892803285798503,0.6057077863898819,1.2754694362743177,1.2501289838980068,3.180067233246489,3.6565946118960566,2.6584082321775755,2.979796299278297,323.0,0.0008643278263233195,0.00019998000199980003,0.32205168856407856,0.8989735385135313,0.0032012141715678497,4,36,2.9859911166673627,3.1084414394552873
14,5,0.5,0.6,all,19,22,3.473671799115595,2.824458151133967,0.5930107043920202,0.34082083615971503,0.649213647981628,1.369111482430216,1.3426125505122117,3.232003220084922,3.736052780055373,2.6873322700189095,2.9590715807839,357.0,0.00011512019127576662,9.999000099990002e-05,0.38179651440380125,0.9673996133093941,0.0017639846850529771,4,37,3.084359746187069,3.1297406627944673
14,5,0.5,0.6,excl_censored,19,21,3.473671799115595,2.8193735505827697,0.5930107043920202,0.34838136634837524,0.6542982485328253,1.3629577437464364,1.3358791130759775,3.23693780003521,3.7536294415913054,2.682193305541149,2.96312847631896,342.0,0.0001200994498923692,0.00019998000199980003,0.36514554496221424,0.9588470492077036,0.0020886860850846817,4,36,3.084359746187069,3.135254715574616
14,6,0.6,0.7,all,19,22,3.4279235718054473,2.886539132031976,0.44080029972831003,0.34627379742391456,0.5413844397734713,1.3784849804168309,1.3518046259571501,3.239841979828856,3.623795230152015,2.7463385789886976,3.0278957127785913,346.0,0.0003587519020525188,0.00039996000399960006,0.3103404421515168,0.7826885520475779,0.0020211374763522186,4,37,3.148732416030888,3.1362021379698217
14,6,0.6,0.7,excl_censored,19,21,3.4279235718054473,2.8862792209,0.44080029972831003,0.3548228564069646,0.5416443509054472,1.361354115585748,1.3343073450774219,3.2481898055803993,3.615209074378657,2.744871480111811,3.0335284017416266,329.0,0.000476141421532243,9.999000099990002e-05,0.2944192651804344,0.7849414856162533,0.0027208081230413886,4,36,3.148732416030888,3.1429856066411093
14,7,0.7,0.8,all,19,22,3.438269486195298,2.9062202838693327,0.3530991363491236,0.3714043295010515,0.5320492023259651,1.4654157666961924,1.4370528808891694,3.28426581406533,3.5852024769195157,2.761264899638955,3.0630484990357734,353.0,0.00017562966379730592,9.999000099990002e-05,0.3111680542279498,0.7552183138058315,0.0017639846850529771,4,37,3.1581014904580145,3.1522043384055123
14,7,0.7,0.8,excl_censored,19,21,3.438269486195298,2.9137545619045304,0.3530991363491236,0.37884951536119543,0.5245149242907674,1.4296738418499835,1.4012697257867388,3.2863228995583693,3.6026709174454012,2.766138315453633,3.0787971679442694,334.0,0.00028424439189605354,9.999000099990002e-05,0.292216771634349,0.7437713944545015,0.0026423869060276874,4,36,3.1581014904580145,3.1634322243298265
14,8,0.8,0.9,all,19,22,3.4204977465841817,2.9478674636521536,0.3916141855331016,0.36167186236846044,0.47263028293202813,1.2577046667756664,1.2333619958058146,3.242925463566696,3.581423862242008,2.8068478278291566,3.104868823960525,342.0,0.0005319567266736574,0.0004999500049995,0.2487852089998017,0.6987819786322729,0.002346419927533176,4,37,3.2552107009030857,3.157343204914446
14,8,0.8,0.9,excl_censored,19,21,3.4204977465841817,2.9544325294370175,0.3916141855331016,0.3692577023979024,0.4660652171471642,1.2264499669376623,1.2020834113031391,3.2450963369235986,3.586894382853206,2.805355920032706,3.1140705463027096,325.0,0.0007104983619273451,0.00039996000399960006,0.23997035271810604,0.6834217323547452,0.003193251064842001,4,36,3.2552107009030857,3.1669915972129017
14,9,0.9,1.0,all,19,22,3.4824586254750645,3.0495305903216168,0.352421621878911,0.3028848818189482,0.4329280351534477,1.3252247950381415,1.299575282876113,3.3335003588212437,3.6385462776789,2.9239946697293213,3.171221568669976,346.0,0.0003587519020525188,0.00019998000199980003,0.23875899473823137,0.628645756039873,0.0020211374763522186,4,37,3.4187503430865096,3.2319293378042104
14,9,0.9,1.0,excl_censored,19,21,3.4824586254750645,3.054647267058876,0.352421621878911,0.30938882885286234,0.42781135841618845,1.2945463505923083,1.2688268866732557,3.327554853569239,3.6379542918220946,2.9257627856154107,3.181471646676551,329.0,0.000476141421532243,0.0004999500049995,0.2334242045933624,0.6282434951197895,0.0027208081230413886,4,36,3.4187503430865096,3.239980697775461
15,0,0.0,0.1,all,19,22,3.108708661753235,2.308061660198647,0.5910906426174248,0.42017296041652097,0.8006470015545881,1.5814327920776798,1.5508244154568214,2.845997792817084,3.3681013231300967,2.1419160037305627,2.480750307456915,367.0,3.8261427560407155e-05,9.999000099990002e-05,0.48482024781073213,1.1074836575534914,0.0012614237725646644,4,37,2.6684612222858295,2.6802426002307675
15,0,0.0,0.1,excl_censored,19,21,3.108708661753235,2.3198669906805085,0.5910906426174248,0.42679413289850476,0.7888416710727264,1.5429866400968337,1.5123312763863006,2.8614119340886175,3.3491938098662835,2.1472198193396324,2.503146458852334,348.0,6.112456655667056e-05,9.999000099990002e-05,0.48820668000487893,1.1067007340965518,0.002022340295259568,4,36,2.6684612222858295,2.6974674024571903
15,1,0.1,0.2,all,19,22,3.2070125329733976,2.4891697145448215,0.5728051293274357,0.3883315796661962,0.7178428184285761,1.4883072841358826,1.4595013367009946,2.9778543489734366,3.4599917942743996,2.3395194322528,2.658756971304177,364.0,5.361051033399823e-05,9.999000099990002e-05,0.43416591581540737,1.0167663233933566,0.0012614237725646644,4,37,2.892605484178042,2.8141770245883366
15,1,0.1,0.2,excl_censored,19,21,3.2070125329733976,2.506069224958133,0.5728051293274357,0.3895436789479488,0.7009433080152645,1.4450630045307766,1.416353143513609,2.968084496596979,3.4771175324785903,2.3552319005527527,2.676449906736809,345.0,8.594946254853164e-05,9.999000099990002e-05,0.4131844297710423,1.0096022316609112,0.002022340295259568,4,36,2.892605484178042,2.8330630531639773
15,2,0.2,0.3,all,19,22,3.2754535470622,2.6612133037085077,0.559020440138055,0.3672197454197204,0.6142402433536924,1.3190592139332442,1.2935290355990523,3.039308494288321,3.5232952311432144,2.5192530674350295,2.8235546143844226,350.0,0.00023945583903370752,9.999000099990002e-05,0.34101545718116055,0.9244639803900759,0.0018780850120290785,4,37,2.9358843446731067,2.9469398026236906
15,2,0.2,0.3,excl_censored,19,21,3.2754535470622,2.6757700108331095,0.559020440138055,0.36972695480859424,0.5996835362290907,1.2786037924433065,1.2532010680901282,3.046434258862836,3.542544738570213,2.522816180362985,2.8412848318592885,331.0,0.00038816904837232226,0.00019998000199980003,0.3279122226339524,0.8896657874497084,0.0027208081230413886,4,36,2.9358843446731067,2.96336806230513
15,3,0.3,0.4,all,19,22,3.3596193228367124,2.741121057212796,0.4992016911008254,0.3955682362455421,0.6184982656239164,1.3855287739301674,1.3587120879831318,3.156711245415402,3.5761856769889087,2.5830093439117316,2.906618578551913,351.0,0.0002160881239189897,0.00019998000199980003,0.35386386811413834,0.8939230774881222,0.0017639846850529771,4,37,3.0507580532883907,3.0252540048493377
15,3,0.3,0.4,excl_censored,19,21,3.3596193228367124,2.751346206332756,0.4992016911008254,0.4023465559951922,0.6082731165039563,1.3492395242493203,1.3224334409860887,3.1512410364262493,3.5802485002839837,2.585306137264321,2.921263843689467,332.0,0.0003501162650486686,9.999000099990002e-05,0.3405730646637773,0.9003678738819494,0.0026423869060276874,4,36,3.0507580532883907,3.0391112570481074
15,4,0.4,0.5,all,19,22,3.392835388797722,2.744181088021536,0.62544983543951,0.38671114954615804,0.6486543007761858,1.2694998952289558,1.244928929514847,3.1322266992739736,3.6742340717544115,2.582383883401092,2.908859760446361,341.0,0.0005860668055800342,0.00029997000299970003,0.34240573293951065,0.9771174474879246,0.002346419927533176,4,37,2.9176554494278775,3.058519852051865
15,4,0.4,0.5,excl_censored,19,21,3.392835388797722,2.7506392273214004,0.62544983543951,0.39504347119295175,0.6421961614763214,1.2418178650415002,1.217145986928093,3.1385918367716177,3.658680313961239,2.591322747908028,2.915655852916894,323.0,0.0008643278263233195,0.0005999400059994001,0.3353345885330749,0.9771870903056895,0.0032012141715678497,4,36,2.9176554494278775,3.0710187323109612
15,5,0.5,0.6,all,19,22,3.492563560546386,2.7686195603733483,0.707052666609861,0.36894380930024784,0.7239440001730375,1.3129477271556993,1.2875358356623632,3.2030914916096576,3.8321694505431467,2.625625540088605,2.928401110021984,357.0,0.00011512019127576662,9.999000099990002e-05,0.40496336752154893,1.081893305247116,0.0017639846850529771,4,37,3.063802529733814,3.108462915125939
15,5,0.5,0.6,excl_censored,19,21,3.492563560546386,2.7594934287506034,0.707052666609861,0.3755017950837077,0.7330701317957824,1.3144779494291328,1.2883624934802096,3.205305259134542,3.8256208209015004,2.610263356702548,2.9209363279831293,342.0,0.0001200994498923692,9.999000099990002e-05,0.39540295030315453,1.0917930233551472,0.0020886860850846817,4,36,3.063802529733814,3.1125794315335766
15,6,0.6,0.7,all,19,22,3.426752653382008,2.8332315946788933,0.4797321390343129,0.3743069662367526,0.5935210587031148,1.3925309933595604,1.3655787805848592,3.216288420684671,3.650816051047429,2.688700597241919,2.989648584548835,347.0,0.0003245809905337601,9.999000099990002e-05,0.3357156185205924,0.8497198990778972,0.0020211374763522186,4,37,3.1639040309030246,3.1022643073941
15,6,0.6,0.7,excl_censored,19,21,3.426752653382008,2.8301948009156708,0.4797321390343129,0.38327269578474477,0.5965578524663373,1.3820107618002817,1.354553594347296,3.2250679080133247,3.6389392743584685,2.669214607906477,3.000221336407935,330.0,0.0004300596815876974,9.999000099990002e-05,0.33153406889886045,0.8622367210749873,0.0027208081230413886,4,36,3.1639040309030246,3.1079659752743094
15,7,0.7,0.8,all,19,22,3.4108907483540873,2.8503191530414855,0.419906309292053,0.3893339897060959,0.5605715953126018,1.3884742986832228,1.3616006025796765,3.232739737193013,3.600582630127781,2.7060815444045234,3.02239256990285,352.0,0.0001948745382146378,9.999000099990002e-05,0.31160996042989986,0.8055133593003111,0.0017639846850529771,4,37,3.1388999073550736,3.106982323141083
15,7,0.7,0.8,excl_censored,19,21,3.4108907483540873,2.8571993743156137,0.419906309292053,0.3975757894327189,0.5536913740384737,1.3560707496004982,1.329128946628303,3.227468891428144,3.605531741396595,2.6884439844815815,3.0272946467595148,333.0,0.00031557506851314537,9.999000099990002e-05,0.30854730116015405,0.8018034631713661,0.0026423869060276874,4,36,3.1388999073550736,3.1181253180537576
15,8,0.8,0.9,all,19,22,3.3747091117521855,2.877648216232138,0.4533080260929693,0.3813090966069928,0.4970608955200473,1.1945984548116488,1.1714771943959394,3.1918158965402093,3.5769719199612178,2.725519512428112,3.038951868200017,337.0,0.0008579010720209487,0.0007999200079992001,0.24350051136390755,0.7430812007288906,0.0028360366017221444,4,37,3.2097957228733076,3.096987864565009
15,8,0.8,0.9,excl_censored,19,21,3.3747091117521855,2.8809294974669193,0.4533080260929693,0.3904071532155746,0.4937796142852662,1.171831133673748,1.1485497204219517,3.1811220329425614,3.571712675944577,2.7284100556202024,3.0504753415035832,319.0,0.0012685916016233966,0.0004999500049995,0.23822283880672612,0.7569799894831265,0.003650623314024163,4,36,3.2097957228733076,3.1049947132945444
15,9,0.9,1.0,all,19,22,3.4636859698776754,3.0045656534718317,0.4059651651087624,0.32997377830848407,0.4591203164058437,1.2509846908016726,1.2267720838829306,3.287470960725245,3.6410921288393485,2.8748797569677556,3.138443622035335,340.0,0.0006452654800716234,9.999000099990002e-05,0.2339189302921508,0.6854447694765051,0.002346419927533176,4,37,3.415150953674341,3.195942540252939
15,9,0.9,1.0,excl_censored,19,21,3.4636859698776754,3.0068321962982134,0.4059651651087624,0.33794697718912825,0.456853773579462,1.2290238953594175,1.204606202074131,3.2861685593054317,3.6393199019025384,2.876932608302896,3.16325905445056,323.0,0.0008643278263233195,0.0005999400059994001,0.2204006216524781,0.6988946679603195,0.0032012141715678497,4,36,3.415150953674341,3.2025807148678034
16,0,0.0,0.1,all,19,22,3.2730058434503455,2.4492304757850194,0.6181297437286114,0.388527026223594,0.8237753676653261,1.622973004302801,1.5915606235743596,3.015897610810823,3.534729201387428,2.292942435468967,2.613435943542585,369.0,3.0456795030823535e-05,9.999000099990002e-05,0.5239347135824168,1.1403340776380135,0.0012614237725646644,4,37,2.8128988032669207,2.8329347643178195
16,0,0.0,0.1,excl_censored,19,21,3.2730058434503455,2.457590609126126,0.6181297437286114,0.39608889324297364,0.8154152343242194,1.5883265139621892,1.5567703580556556,3.0059826929458406,3.5412071362143953,2.3021001640510703,2.6196927073506457,350.0,4.8530233324764584e-05,9.999000099990002e-05,0.5069771554903786,1.1567230830469655,0.002022340295259568,4,36,2.8128988032669207,2.8484699612260425
16,1,0.1,0.2,all,19,22,3.372379078659304,2.629279809464616,0.5901079991670948,0.37566367408485934,0.7430992691946878,1.5273505927754092,1.4977889683991108,3.1236056381694683,3.654448996866609,2.4830514472109715,2.7871972105229603,364.0,5.361051033399823e-05,9.999000099990002e-05,0.45927097264614897,1.0481282777747962,0.0012614237725646644,4,37,3.024332881137172,2.9681628858972884
16,1,0.1,0.2,excl_censored,19,21,3.372379078659304,2.6456126494045735,0.5901079991670948,0.3768516438475936,0.7267664292547305,1.484447077236574,1.4549547511987613,3.120325238347137,3.640454276123377,2.492125611291367,2.809539190322925,345.0,8.594946254853164e-05,9.999000099990002e-05,0.43635313004645504,1.0233561680944612,0.002022340295259568,4,36,3.024332881137172,2.9871037946520596
16,2,0.2,0.3,all,19,22,3.4442396065575505,2.800614594714169,0.6186335666572008,0.3584230811343398,0.6436250118433815,1.2981778084294098,1.273051786330776,3.201534049987214,3.734999632509296,2.6621188650343446,2.952019365915136,353.0,0.00017562966379730592,0.00019998000199980003,0.35031611107961086,0.9745489767548136,0.0017639846850529771,4,37,3.0653504604120636,3.102504642342079
16,2,0.2,0.3,excl_censored,19,21,3.4442396065575505,2.816555397870033,0.6186335666572008,0.3591942896302191,0.6276842086875174,1.2574120112181062,1.2324303156309915,3.1996435833298493,3.7187823097677026,2.668971871996874,2.967009887290072,334.0,0.00028424439189605354,9.999000099990002e-05,0.32816929540433293,0.9655541413007891,0.0026423869060276874,4,36,3.0653504604120636,3.1201892788393306
16,3,0.3,0.4,all,19,22,3.5022475690357058,2.8760267281348173,0.564342212284954,0.3786645027279922,0.6262208409008885,1.3225426324423635,1.2969450331047694,3.2766483228515497,3.771800145498489,2.7270793964424356,3.0347703565971242,343.0,0.0004825316312145502,9.999000099990002e-05,0.3530206081283869,0.9163400023817485,0.0023254536444074713,4,37,3.1739944271310065,3.165386868165416
16,3,0.3,0.4,excl_censored,19,21,3.5022475690357058,2.8884195655765277,0.564342212284954,0.38341673412732136,0.6138280034591781,1.2848655139056127,1.2593383844902695,3.284703607044564,3.75079551662745,2.724185650480581,3.0431884041470356,324.0,0.000783917669656603,9.999000099990002e-05,0.3274665877551848,0.903492606954703,0.0031996639577820535,4,36,3.1739944271310065,3.1806538050072626
16,4,0.4,0.5,all,19,22,3.570113885507312,2.891577435619869,0.7435106036250224,0.3851506822339435,0.6785364498874431,1.1723007409737498,1.1496110492129674,3.2664738208439092,3.927279788912436,2.743098241435634,3.0489062367112365,342.0,0.0005319567266736574,9.999000099990002e-05,0.35439483062508675,1.0581879438561876,0.002346419927533176,4,37,3.0699046704391035,3.2207364520680977
16,4,0.4,0.5,excl_censored,19,21,3.570113885507312,2.901269169577179,0.7435106036250224,0.39190346284836813,0.668844715930133,1.1425443590656446,1.1198448022630159,3.2779121440126686,3.919102930393766,2.727405065643949,3.066326003157763,323.0,0.0008643278263233195,0.00039996000399960006,0.32220697669116255,1.0555174252356627,0.0032012141715678497,4,36,3.0699046704391035,3.2355332695556465
16,5,0.5,0.6,all,19,22,3.6815943552363706,2.9025460114756747,0.8821658259818167,0.3615412530488823,0.7790483437606959,1.1886454809210958,1.165639439354881,3.3549578806820906,4.104166023664618,2.749549132905137,3.0536580514059275,353.0,0.00017562966379730592,0.00019998000199980003,0.4129565731586867,1.2223012520269176,0.0017639846850529771,4,37,3.193935863316674,3.271096258072681
16,5,0.5,0.6,excl_censored,19,21,3.6815943552363706,2.895329172444149,0.8821658259818167,0.36884220156246095,0.7862651827922216,1.1850279366714298,1.1614843352806068,3.3443239734499355,4.110033747422023,2.7394031149429074,3.0501865541058755,337.0,0.00020684765730163372,9.999000099990002e-05,0.4022285823113096,1.2295956167138962,0.0026423869060276874,4,36,3.193935863316674,3.277123942154207
16,6,0.6,0.7,all,19,22,3.580403334482095,2.962852489892695,0.5295290616796829,0.35885412557583907,0.6175508445893998,1.3851971049629765,1.358386838415306,3.340246234167099,3.814624253555643,2.8179437318799163,3.1115837778697006,353.0,0.00017562966379730592,0.00019998000199980003,0.3554205225728372,0.901042815493338,0.0017639846850529771,4,37,3.2800392439579094,3.2456827339720933
16,6,0.6,0.7,excl_censored,19,21,3.580403334482095,2.960193834961087,0.5295290616796829,0.3674939679930709,0.6202094995210081,1.3734987378257926,1.3462106834319028,3.3575020271085885,3.8076409308066177,2.8126937600953372,3.1103017118963425,335.0,0.0002558466624784525,0.00029997000299970003,0.3497727336734858,0.9073045660735262,0.0026423869060276874,4,36,3.2800392439579094,3.2519882475975277
16,7,0.7,0.8,all,19,22,3.562387925097448,3.0009725999119143,0.4650371934728963,0.37475204527359346,0.5614153251855338,1.340381445919431,1.3144385792242161,3.367731631125489,3.7801474643689543,2.8536463568788903,3.1546562515679435,348.0,0.000293475164563048,9.999000099990002e-05,0.3148293490703528,0.8142680525897015,0.001924427308610151,4,37,3.2539373060295826,3.2619194202917647
16,7,0.7,0.8,excl_censored,19,21,3.562387925097448,3.0083655353978425,0.4650371934728963,0.38235913520117376,0.5540223896996057,1.308078615039929,1.2820902981848312,3.373544303644675,3.7685217538776077,2.8529152184345077,3.1702958503352487,329.0,0.000476141421532243,9.999000099990002e-05,0.29403789000694064,0.8039098658902201,0.0027208081230413886,4,36,3.2539373060295826,3.2734804887802182
16,8,0.8,0.9,all,19,22,3.542112191037297,3.0248918230046176,0.49618276016899565,0.3830570918464316,0.5172203680326795,1.1784277996561192,1.155619519662775,3.3411192312875477,3.767935993958881,2.877047771007072,3.185280177472222,332.0,0.0013615386422443356,0.0005999400059994001,0.2659006528161314,0.7840428594944966,0.0033411991220719892,4,37,3.368643726592442,3.253329103498391
16,8,0.8,0.9,excl_censored,19,21,3.542112191037297,3.0269293434418896,0.49618276016899565,0.3923945374063478,0.5151828475954074,1.158787210163284,1.1357649477097087,3.3378710542648284,3.7641539052415953,2.873511889478463,3.1900655031759957,315.0,0.001841595484321759,0.0010998900109989002,0.258766721648077,0.8026821713535467,0.004333165845462963,4,36,3.368643726592442,3.260863137100516
16,9,0.9,1.0,all,19,22,3.6459145912025015,3.158866704452564,0.45231941141083304,0.3272835878947481,0.4870478867499375,1.2488221265459225,1.2246513757095498,3.4557581265286723,3.8475978840176452,3.033415643951656,3.291558441277549,346.0,0.0003587519020525188,0.00029997000299970003,0.24865975918805994,0.7337911825538018,0.0020211374763522186,4,37,3.5814422063383553,3.3632885379851496
16,9,0.9,1.0,excl_censored,19,21,3.6459145912025015,3.161568376423556,0.45231941141083304,0.33511440826124583,0.4843462147789457,1.226218322490843,1.2018563690638726,3.45812371134658,3.8678708749004107,3.0284612877021875,3.302509259664767,328.0,0.0005267964144369016,0.0006999300069993001,0.25070194221616177,0.7357455493504468,0.0028865556955446664,4,36,3.5814422063383553,3.3705428975663554
17,0,0.0,0.1,all,19,22,3.396077278777204,2.5992068831878683,0.6279973319184452,0.3691690528712815,0.7968703955893357,1.576782259659216,1.546263893343231,3.1128316615697202,3.6774707059421456,2.459108979177697,2.764414002155938,365.0,4.794062957706685e-05,9.999000099990002e-05,0.48500824729965425,1.1149703519599206,0.0012614237725646644,4,37,2.9602806362838456,2.9693755995071514
17,0,0.0,0.1,excl_censored,19,21,3.396077278777204,2.6084684133832927,0.6279973319184452,0.375657629801019,0.7876088653939113,1.541415598893615,1.5107914479222186,3.1210745586343425,3.6677794686363425,2.46328113407902,2.7819417756366684,347.0,6.852701193915714e-05,0.00019998000199980003,0.4624198174662202,1.1111330415103464,0.002022340295259568,4,36,2.9602806362838456,2.9850606231300176
17,1,0.1,0.2,all,19,22,3.4416844221231524,2.717415090082863,0.6174282758070033,0.34608756048413875,0.7242693320402895,1.4770499785323623,1.4484619144317359,3.198858166650357,3.7341257305471536,2.593663633614628,2.860641795588794,367.0,3.8261427560407155e-05,0.00019998000199980003,0.43283617693328724,1.0318754543720077,0.0012614237725646644,4,37,3.0802577448278776,3.0501109465635508
17,1,0.1,0.2,excl_censored,19,21,3.4416844221231524,2.7323524604345764,0.6174282758070033,0.3472912916200107,0.709331961688576,1.4358346631744778,1.4073081466875677,3.183472564329842,3.7397117857519593,2.59538897940402,2.8791998541896286,348.0,6.112456655667056e-05,9.999000099990002e-05,0.4175193502017783,1.023406889421107,0.002022340295259568,4,36,3.0802577448278776,3.0680659641709576
17,2,0.2,0.3,all,19,22,3.5007747315417466,2.899590105965253,0.6479878325745785,0.342823684959162,0.6011846255764937,1.1856994913090306,1.1627504688965977,3.237798423234759,3.8100223009520318,2.769378209858915,3.0454103505210157,346.0,0.0003587519020525188,9.999000099990002e-05,0.2908127982509605,0.9425184377990732,0.0020211374763522186,4,37,3.12332280097635,3.1841192169357666
17,2,0.2,0.3,excl_censored,19,21,3.5007747315417466,2.9159937554111344,0.6479878325745785,0.3423284117592578,0.5847809761306122,1.1455888309338136,1.1228287879351286,3.2346282287798735,3.809123406452737,2.782475103416825,3.0696179771150285,327.0,0.0005824376923117234,0.0004999500049995,0.2804669477786438,0.9358657783020636,0.0030654615384827547,4,36,3.12332280097635,3.201591598861712
17,3,0.3,0.4,all,19,22,3.5628028073712534,2.9815053987732436,0.5839641344721999,0.3859215788026156,0.5812974085980098,1.1925783343903154,1.169496173079535,3.3379148693960237,3.841189096214529,2.8286234306286313,3.14037570168828,341.0,0.0005860668055800342,0.00019998000199980003,0.307249207779819,0.9077541815543665,0.002346419927533176,4,37,3.2241482901270824,3.253777809528563
17,3,0.3,0.4,excl_censored,19,21,3.5628028073712534,2.9956694830270174,0.5839641344721999,0.3895483110004452,0.567133324344236,1.1542935172781135,1.1313605334911312,3.333265759547237,3.8281527579160213,2.838170381354497,3.1557951833160076,322.0,0.0009523299145770314,0.00039996000399960006,0.2922146216874292,0.8844711106154751,0.003283896257162177,4,36,3.2241482901270824,3.2696033145309125
17,4,0.4,0.5,all,19,22,3.6109576393003304,2.9751717607587107,0.8111977902224418,0.420114264372107,0.6357858785416197,1.0068427717899,0.9873554923359019,3.2927886461594076,4.0095335246165,2.8020504962294313,3.1456045782102957,322.0,0.0032690189024478997,0.000999900009999,0.247391589506214,1.0657203897476466,0.005448364837413166,4,37,3.074914884342817,3.2908733607034226
17,4,0.4,0.5,excl_censored,19,21,3.6109576393003304,2.983860370558058,0.8111977902224418,0.4284587857258801,0.6270972687422725,0.9813699045960562,0.9618724892729558,3.2894910993469657,3.9890756306675015,2.8135170048702856,3.1651159502196604,303.0,0.0052765306533810175,0.0016998300169983002,0.24055063283370806,1.0478130756941222,0.007964574571141159,4,36,3.074914884342817,3.3047112053070617
17,5,0.5,0.6,all,19,22,3.7560596045360155,2.987573115276263,0.9799026431160022,0.37761706862116307,0.7684864892597525,1.0657449186011203,1.0451175975959373,3.3941267259892944,4.257662900811258,2.830712393026175,3.1374695754101385,343.0,0.0004825316312145502,9.999000099990002e-05,0.3748975968429738,1.2669174920636395,0.0023254536444074713,4,37,3.245772989080189,3.3542878125930082
17,5,0.5,0.6,excl_censored,19,21,3.7560596045360155,2.9734968442945853,0.9799026431160022,0.3809820423458642,0.7825627602414302,1.073688211347511,1.0523566574796797,3.3985534627566087,4.239557023405964,2.8160387805408758,3.1351108897392863,331.0,0.00038816904837232226,0.00019998000199980003,0.3759941853376807,1.2909489838057833,0.0027208081230413886,4,36,3.245772989080189,3.356263173890272
17,6,0.6,0.7,all,19,22,3.60595074313832,3.0419349539984775,0.5396572726856886,0.4070255344376372,0.5640157891398427,1.192711256273565,1.1696265222811733,3.3894671778907717,3.864256746833497,2.88417748775436,3.210122747720133,333.0,0.0012429900388831849,0.0007999200079992001,0.27867553824200786,0.8655240762792874,0.0031668536022501524,4,37,3.314399868078744,3.3021090171697183
17,6,0.6,0.7,excl_censored,19,21,3.60595074313832,3.033555936786808,0.5396572726856886,0.4151282594554892,0.5723948063515123,1.1970391621199394,1.173256927110934,3.3708779880916477,3.847144686291183,2.86114670739918,3.2125364039483757,321.0,0.0010485701095385488,0.0006999300069993001,0.27921390760911463,0.865121684263832,0.003355424350523356,4,36,3.314399868078744,3.3044483144398904
17,7,0.7,0.8,all,19,22,3.5810974670201783,3.0870057458968785,0.49140504396395773,0.4172542249595056,0.4940917211232998,1.0907379796145642,1.0696269219446048,3.37811448638121,3.8146619368262518,2.9239212338339193,3.257914218131273,332.0,0.0013615386422443356,0.0010998900109989002,0.23028346925521975,0.7718401523727274,0.0033411991220719892,4,37,3.277137635412152,3.3201737227423265
17,7,0.7,0.8,excl_censored,19,21,3.5810974670201783,3.0949855867309384,0.49140504396395773,0.4258346910468454,0.4861118802892399,1.0612270762153924,1.0401430945687289,3.372325874927109,3.8046768438068956,2.927211732101455,3.2818728519586857,313.0,0.0022097656717117685,0.0021997800219978004,0.22200561243469086,0.7699740542353809,0.004777871722620041,4,36,3.277137635412152,3.331305518141235
17,8,0.8,0.9,all,19,22,3.5558169767306254,3.0943081552026497,0.5036512407472707,0.4146833051432765,0.4615088215279757,1.007884607027411,0.9883771630204288,3.3507203529486222,3.7821081354595907,2.9376574170292082,3.2579657392055412,320.0,0.003865297976228013,0.0021997800219978004,0.20263816196188314,0.7407783264436786,0.006016027978565001,4,37,3.4312685088610877,3.294871025321508
17,8,0.8,0.9,excl_censored,19,21,3.5558169767306254,3.096842718351811,0.5036512407472707,0.4247492920577158,0.45897425837881434,0.9895949191899394,0.9699340929808677,3.3316509251635438,3.782784928324555,2.917019214493533,3.271117376841863,304.0,0.004851493247946607,0.0031996800319968005,0.17897156206608175,0.7354304617886588,0.007406859920529171,4,36,3.4312685088610877,3.301920711328487
17,9,0.9,1.0,all,19,22,3.644639695216959,3.220984679858319,0.47812192366679446,0.3579015941180986,0.4236550153586398,1.0142330858432977,0.9946027680527822,3.445643093721314,3.85431552697062,3.0777047076041018,3.371343003337913,321.0,0.0035558034883858606,0.0017998200179982,0.18403549152746004,0.6895817645781347,0.005712134117888933,4,37,3.5817195193054086,3.3995388942914486
17,9,0.9,1.0,excl_censored,19,21,3.644639695216959,3.2222200532461835,0.47812192366679446,0.36669193421832735,0.4224196419707753,0.9982780491053524,0.978444710381405,3.4482209033348403,3.8574553420169915,3.0770062034395393,3.3781676004176813,305.0,0.004457673402773676,0.0035996400359964,0.1660308900005298,0.6762900265205734,0.007047704984622412,4,36,3.5817195193054086,3.405219368057512
18,0,0.0,0.1,all,19,22,3.5133883913330552,2.571571313610587,0.7880701279496132,0.40936935510924516,0.9418170777224684,1.5341447679660662,1.5044516434247874,3.175617587033344,3.82924097142371,2.413796594320911,2.7662287259132814,353.0,0.00017562966379730592,9.999000099990002e-05,0.5564344905095365,1.3060841343919056,0.0017639846850529771,4,37,2.918155332935263,3.0177385676491864
18,0,0.0,0.1,excl_censored,19,21,3.5133883913330552,2.582920469682711,0.7880701279496132,0.41591714933589286,0.9304679216503442,1.4991379812447272,1.469353782941852,3.185656442700925,3.8605308004502077,2.4290075051137423,2.7854343476848977,335.0,0.0002558466624784525,9.999000099990002e-05,0.5461497186006021,1.3283931015734298,0.0026423869060276874,4,36,2.918155332935263,3.036752443525664
18,1,0.1,0.2,all,19,22,3.5662403391128676,2.6907188461076226,0.8231688839348371,0.42071141311070953,0.8755214930052451,1.3706008346078433,1.3440730765186593,3.231211066582281,3.9521570726955857,2.532399210894731,2.87440361683832,365.0,4.794062957706685e-05,9.999000099990002e-05,0.49864099337513296,1.305738667609119,0.0012614237725646644,4,37,3.086516241938008,3.097522056480004
18,1,0.1,0.2,excl_censored,19,21,3.5662403391128676,2.7117369371255102,0.8231688839348371,0.4190982442242563,0.8545034019873574,1.3289858700043982,1.3025821772228539,3.230724225022309,3.948052438657478,2.5548920279424427,2.89940132175561,346.0,7.677223792630805e-05,9.999000099990002e-05,0.47463957639627535,1.2584420417482214,0.002022340295259568,4,36,3.086516241938008,3.1210826987507825
18,2,0.2,0.3,all,19,22,3.62268539068506,2.899759384490814,0.8972100558353395,0.43100212233575397,0.7229260061942462,1.052752424320828,1.0323765709468764,3.2835340281310117,4.04879492911027,2.733576563297168,3.0866705014828404,342.0,0.0005319567266736574,0.0010998900109989002,0.34499409867400627,1.1745982559995511,0.002346419927533176,4,37,3.1017042968305395,3.2491597755268073
18,2,0.2,0.3,excl_censored,19,21,3.62268539068506,2.9204030087621,0.8972100558353395,0.4303564718675352,0.7022823819229602,1.0149412679854788,0.9947768719327872,3.2798867864004295,4.037104004796484,2.763475164678154,3.1159529008642446,323.0,0.0008643278263233195,0.0011998800119988001,0.2881576545383957,1.1921182550407,0.0032012141715678497,4,36,3.1017042968305395,3.2709074561027243
18,3,0.3,0.4,all,19,22,3.7352125959942466,2.960778706022587,0.8188794280692504,0.4871113240893862,0.7744338899716596,1.1711611148769185,1.1484934803954296,3.4033477954161464,4.136834108264564,2.763353802101697,3.1647794617924125,344.0,0.00043741672787535964,9.999000099990002e-05,0.38367180437178444,1.200225212000588,0.0022722946902616085,4,37,3.2429534981775805,3.327955590910196
18,3,0.3,0.4,excl_censored,19,21,3.7352125959942466,2.9763296787149454,0.8188794280692504,0.49351289506470614,0.7588829172793012,1.136564117591653,1.1139833735335407,3.4224145560611454,4.1304870091545105,2.779937303308752,3.1871087481126326,325.0,0.0007104983619273451,0.0005999400059994001,0.3952710302340987,1.2018263103700266,0.003193251064842001,4,36,3.2429534981775805,3.34722634956095
18,4,0.4,0.5,all,19,22,3.757021822255021,2.941021679103479,1.0802492212127206,0.5016148593049616,0.816000143151542,0.9938862470823623,0.9746497390743165,3.34060313237079,4.248932254102324,2.7399502894321084,3.144921030307825,319.0,0.0041990725091181425,0.0007999200079992001,0.34293646648052106,1.3548304950125534,0.006362231074421428,4,37,3.010741656051316,3.352511484835586
18,4,0.4,0.5,excl_censored,19,21,3.757021822255021,2.951696451932513,1.0802492212127206,0.5114353111860134,0.8053253703225081,0.9691982254401933,0.9499426315572755,3.3331470246606583,4.243385607123499,2.749997526918738,3.163061978248554,300.0,0.006760919251259012,0.0012998700129987,0.3313058561922527,1.3548059437123,0.009624084343429198,4,36,3.010741656051316,3.3701687080339693
18,5,0.5,0.6,all,19,22,3.90898029053915,2.977540230182397,1.2578155812886693,0.4630180899030457,0.9314400603567532,1.0128905968521975,0.9932862627195743,3.438394869490105,4.530300325250347,2.7892163422112044,3.169682686591538,335.0,0.0010339727105669948,0.00029997000299970003,0.43457349258036543,1.593394624406118,0.002933255916502113,4,37,3.2668968017464013,3.424565496683
18,5,0.5,0.6,excl_censored,19,21,3.90898029053915,2.9577809841089993,1.2578155812886693,0.4648506823183655,0.9511993064301509,1.0238340149373868,1.0034929417929355,3.426598903227954,4.538124307476861,2.7684865073163927,3.157322541706179,324.0,0.000783917669656603,0.00019998000199980003,0.45072088805611,1.6184690968447482,0.0031996639577820535,4,36,3.2668968017464013,3.4254566383207563
18,6,0.6,0.7,all,19,22,3.761668655264043,3.0355636130860897,0.7292317401512802,0.5131402938350509,0.7261050421779531,1.166864362645441,1.1442798911103678,3.4637548159090654,4.093294562962334,2.8335531053901617,3.256679697054163,332.0,0.0013615386422443356,0.00039996000399960006,0.3441882702081268,1.1094520509583257,0.0033411991220719892,4,37,3.327942782725695,3.37681980559481
18,6,0.6,0.7,excl_censored,19,21,3.761668655264043,3.0252111237498847,0.7292317401512802,0.5234528526963433,0.7364575315141582,1.1701492764669141,1.1469012775967105,3.4481683222464685,4.0971228293835535,2.8083623320414097,3.253984274688616,319.0,0.0012685916016233966,0.0008999100089991,0.361620090445188,1.119209779898823,0.003650623314024163,4,36,3.327942782725695,3.3802601921628224
18,7,0.7,0.8,all,19,22,3.7157068231135333,3.0638326634888657,0.6649036341643298,0.5088217466160347,0.6518741596246675,1.1123222934966168,1.0907934749128112,3.4435164099582156,4.011964016063133,2.8763461642309576,3.276001082087357,340.0,0.0006452654800716234,0.0005999400059994001,0.3103900808521305,1.0105182076222343,0.002346419927533176,4,37,3.281348186462929,3.375063661893527
18,7,0.7,0.8,excl_censored,19,21,3.7157068231135333,3.073132131079619,0.6649036341643298,0.5194678604776923,0.6425746920339144,1.0839235862129446,1.0623886805265947,3.427489235672204,4.033054643056868,2.870245031756765,3.2952930379280176,321.0,0.0010485701095385488,0.0010998900109989002,0.27835556421334445,1.0232030082347532,0.003355424350523356,4,36,3.281348186462929,3.3891336568327066
18,8,0.8,0.9,all,19,22,3.6629840833095844,3.060757518008408,0.6948104123869588,0.5147408262523429,0.6022265653011765,0.9961539492423159,0.9768735502247227,3.3746983101100545,3.964985258663529,2.86159451452977,3.2815397837382783,325.0,0.002530482792477342,0.0020997900209979003,0.2500261089584888,0.9790857704805734,0.004686079245328411,4,37,3.4404017829635034,3.3289663742490014
18,8,0.8,0.9,excl_censored,19,21,3.6629840833095844,3.064061979191236,0.6948104123869588,0.5272132249003415,0.5989221041183486,0.978077471998043,0.958645469243115,3.3684297464616866,3.9849000395572416,2.8586868734128172,3.29419408433885,308.0,0.0034438069596774688,0.003999600039996,0.2384801145641766,0.973354591911849,0.006041766595925383,4,36,3.4404017829635034,3.3383442226123345
18,9,0.9,1.0,all,19,22,3.8309349248466567,3.2374308377643057,0.6380601857590652,0.44084981940757884,0.5935040870823509,1.0972935358811196,1.0760555964769687,3.565836374822732,4.106905208958737,3.057956061109728,3.41540466045427,335.0,0.0010339727105669948,0.0005999400059994001,0.2758619243342521,0.9322815428731936,0.002933255916502113,4,37,3.6887121995477448,3.493416032559735
18,9,0.9,1.0,excl_censored,19,21,3.8309349248466567,3.237621680963922,0.6380601857590652,0.45173570824902665,0.5933132438827347,1.0827868294286087,1.061274508314133,3.5608302549716067,4.112611086278326,3.049748855391447,3.433402289089507,320.0,0.0011537424302101517,0.0011998800119988001,0.2615421540480565,0.9087831194466549,0.0035228776494966468,4,36,3.6887121995477448,3.5006380576149407
19,0,0.0,0.1,all,19,22,3.742920832356564,2.681123021391458,0.9383633634746005,0.4884597466988482,1.061797810965106,1.4518369766206174,1.4237369061053795,3.304717714113754,4.138186886112463,2.4954936008844006,2.886308881741346,335.0,0.0010339727105669948,0.00019998000199980003,0.5908602707449936,1.5147666846296302,0.002933255916502113,4,37,3.1037243907290013,3.1806839114181296
19,0,0.0,0.1,excl_censored,19,21,3.742920832356564,2.693227123094815,0.9383633634746005,0.4971299689512933,1.0496937092617489,1.4190701755019242,1.3908767283065218,3.327725437740177,4.144730743833159,2.5011088772399805,2.919222822202846,319.0,0.0012685916016233966,0.00019998000199980003,0.5749181918397207,1.4815479221152097,0.003650623314024163,4,36,3.1037243907290013,3.201621328801384
19,1,0.1,0.2,all,19,22,3.8241007285661497,2.8140085823241745,0.9277955791007175,0.4908445801849952,1.0100921462419752,1.3913786470999134,1.3644487378012053,3.436029179142151,4.24764812915109,2.630369675837728,3.0245334877896366,353.0,0.00017562966379730592,0.00019998000199980003,0.5862764913005002,1.468870832803544,0.0017639846850529771,4,37,3.301935284880638,3.2799557166044897
19,1,0.1,0.2,excl_censored,19,21,3.8241007285661497,2.836562003580029,0.9277955791007175,0.49114646458351535,0.9875387249861207,1.3505012078665366,1.3236700580413736,3.4418498894460283,4.232098555969671,2.6560041234426643,3.0492591545230336,334.0,0.00028424439189605354,0.00019998000199980003,0.5361301050764179,1.4399587974533328,0.0026423869060276874,4,36,3.301935284880638,3.306054854955969
19,2,0.2,0.3,all,19,22,3.9155291220468142,3.077786272005668,1.0137026603049901,0.5153495697314633,0.8377428500411463,1.066275002133473,1.0456374214470188,3.5227217782460176,4.385155261734012,2.8920456942873196,3.296701765152598,322.0,0.0032690189024478997,0.0006999300069993001,0.38663142178902327,1.36911048489333,0.005448364837413166,4,37,3.3319993682307487,3.4804960494619235
19,2,0.2,0.3,excl_censored,19,21,3.9155291220468142,3.096771986408597,1.0137026603049901,0.5201325534480851,0.8187571356382173,1.0322393788336175,1.0117313117044728,3.5202767238704498,4.378098237779379,2.8972148284337016,3.3329694810720336,305.0,0.004457673402773676,0.0010998900109989002,0.35626213000813456,1.353274834168275,0.007047704984622412,4,36,3.3319993682307487,3.5027574322374173
19,3,0.3,0.4,all,19,22,4.016699173290298,3.128780794652972,0.9313095721033324,0.5754678225354396,0.8879183786373255,1.1672750914176977,1.144682670293484,3.6526915450826243,4.472920189231948,2.8960593907013568,3.3616308287799757,327.0,0.002126574788868804,0.00029997000299970003,0.4260275028020355,1.3716389557460213,0.00421103918587882,4,37,3.4623458488666228,3.5486777940382312
19,3,0.3,0.4,excl_censored,19,21,4.016699173290298,3.1406003748097726,0.9313095721033324,0.5869363239210419,0.8760987984805251,1.1385043803060781,1.1158850879821163,3.648315624474399,4.437928476540955,2.9178293647241964,3.3802052339826876,310.0,0.002889679595292828,0.0010998900109989002,0.39590903794652516,1.36230971288807,0.0055570761447939,4,36,3.4623458488666228,3.5672363546681773
19,4,0.4,0.5,all,19,22,4.045892259801219,3.137533594588391,1.1871272648840454,0.6490417758462274,0.9083586652128282,0.9698231862422014,0.9510524148955781,3.577352205151994,4.594286828564675,2.889735176909093,3.413887222236472,320.0,0.003865297976228013,0.001999800019998,0.38842333832409476,1.5536810460252979,0.006016027978565001,4,37,3.207197355933413,3.596456826849571
19,4,0.4,0.5,excl_censored,19,21,4.045892259801219,3.145650965973546,1.1871272648840454,0.6639246112645478,0.9002412938276732,0.9491763785904551,0.9303185697442872,3.5817062744197368,4.601145907611195,2.8811894576230546,3.4367599829287614,304.0,0.004851493247946607,0.001999800019998,0.33050829015230765,1.5105910608107291,0.007406859920529171,4,36,3.207197355933413,3.6139398277203885
19,5,0.5,0.6,all,19,22,4.173082377089999,3.1849458777904904,1.3511497032662492,0.5555152472473657,0.9881364992995088,0.983839186904382,0.9647971381255874,3.637269447841425,4.823941623426393,2.966621076285125,3.4167615893083076,332.0,0.0013615386422443356,0.0010998900109989002,0.41032095785239925,1.7111202863024866,0.0033411991220719892,4,37,3.481656114446204,3.660290541035565
19,5,0.5,0.6,excl_censored,19,21,4.173082377089999,3.1586156260199,1.3511497032662492,0.5549884967850458,1.014466751070099,1.0011049693613314,0.9812154666587884,3.670276431475232,4.7990103854809005,2.9351799595521113,3.3977669327383486,321.0,0.0010485701095385488,0.0007999200079992001,0.431301465173588,1.6759087568424753,0.003355424350523356,4,36,3.481656114446204,3.6581352459261955
19,6,0.6,0.7,all,19,22,4.042579052350104,3.227161969129094,0.8266554546851498,0.6048865044534297,0.8154170832210097,1.1391206602157438,1.1170731635664066,3.69423808812887,4.415190879534313,2.9923523590907384,3.485362653102295,328.0,0.0019476215396976057,0.000999900009999,0.38022244549366074,1.2570252213081878,0.004015714514840424,4,37,3.593721374218978,3.6062616167193546
19,6,0.6,0.7,excl_censored,19,21,4.042579052350104,3.2092483404753294,0.8266554546851498,0.6138153806468963,0.8333307118747744,1.1534100947698605,1.1304946624234393,3.68427982978364,4.408717710641111,2.96257947234801,3.4702346375272417,314.0,0.002017988592121406,0.0004999500049995,0.38719144652733534,1.2818573076353865,0.004484419093603124,4,36,3.593721374218978,3.6063425457710543
19,7,0.7,0.8,all,19,22,4.032774933718593,3.254546855473159,0.760194114152223,0.6508320423824786,0.778228078245434,1.1063447124376729,1.0849315889711373,3.7184032096534763,4.39542328032899,2.985531249499229,3.543604245024955,336.0,0.0009421334173269092,0.0006999300069993001,0.35187211152824666,1.2074300087505077,0.0028549497494754824,4,37,3.544749487977416,3.622804232679814
19,7,0.7,0.8,excl_censored,19,21,4.032774933718593,3.2633794628088544,0.760194114152223,0.6655518908110246,0.7693954709097386,1.0806838174571218,1.059213278037444,3.7371588456596423,4.375631926969046,3.0075027462123476,3.55356140362423,319.0,0.0012685916016233966,0.0015998400159984002,0.31848509745819303,1.1905582496662226,0.003650623314024163,4,36,3.544749487977416,3.6381859585480436
19,8,0.8,0.9,all,19,22,3.9430370637782572,3.2884226370013976,0.7445834651602228,0.6257042355237692,0.6546144267768597,0.9582336222574521,0.9396871650524691,3.649654295203303,4.295415784385412,3.0438453025973637,3.5415951477844207,318.0,0.004558785928601043,0.0044995500449955,0.2601177140800063,1.073202315594734,0.00685531718586623,4,37,3.707287136077902,3.5792933427434064
19,8,0.8,0.9,excl_censored,19,21,3.9430370637782572,3.294038575276457,0.7445834651602228,0.6405876477512028,0.6489984885018001,0.9381297789943722,0.9194914390143516,3.6394376500233085,4.282355524542343,3.035316809897482,3.581235941736995,300.0,0.006760919251259012,0.004999500049995001,0.24559171413725234,1.074884803475352,0.009624084343429198,4,36,3.707287136077902,3.5906490485633578
19,9,0.9,1.0,all,19,22,4.1874507594337125,3.484068971159857,0.691568230951318,0.5423736546204786,0.7033817882738553,1.142333475357835,1.1202237951896188,3.9011618216177095,4.487142814175661,3.27550217997363,3.711744615890407,331.0,0.0014904403708231285,0.0012998700129987,0.32962464518226703,1.0773226366233526,0.0035486675495788773,4,37,4.045432847012274,3.784577038019144
19,9,0.9,1.0,excl_censored,19,21,4.1874507594337125,3.4834722066514647,0.691568230951318,0.5557602124421107,0.7039785527822477,1.1285560245389534,1.1061343816673186,3.8923114356694835,4.4922874782530435,3.253631914703459,3.707021378340237,315.0,0.001841595484321759,0.0006999300069993001,0.3166250872327451,1.085039505762588,0.004333165845462963,4,36,4.045432847012274,3.792576371690894
20,0,0.0,0.1,all,19,22,3.848945288083526,2.753438001805676,1.0030052870402566,0.4882692801207352,1.0955072862778499,1.4229891447333003,1.3954474193513653,3.390203558437669,4.276581465276504,2.5717764875370523,2.96790528948193,336.0,0.0009421334173269092,9.999000099990002e-05,0.5997117759106582,1.5841001068538643,0.0028549497494754824,4,37,3.1577283792621924,3.2722887296287326
20,0,0.0,0.1,excl_censored,19,21,3.848945288083526,2.764882766710337,1.0030052870402566,0.49729421405753543,1.084062521373189,1.3917760883324946,1.3641249077695974,3.4195137340517405,4.26609175487523,2.573012346960625,2.981756384286336,320.0,0.0011537424302101517,0.00019998000199980003,0.6147573898216713,1.5385354866217806,0.0035228776494966468,4,36,3.1577283792621924,3.293377362707092
20,1,0.1,0.2,all,19,22,3.9306915216121783,2.9976393487164903,1.0183540567502312,0.5268982240045683,0.933052172895688,1.1772886761388193,1.1545024436974227,3.4931626000401836,4.38159481611524,2.793656839761148,3.2242827801393332,340.0,0.0006452654800716234,0.0004999500049995,0.44726901835703997,1.4286198093318772,0.002346419927533176,4,37,3.372416953433327,3.4362577505043483
20,1,0.1,0.2,excl_censored,19,21,3.9306915216121783,3.022423059526744,1.0183540567502312,0.5266061704489128,0.9082684620854344,1.1378392648782825,1.115233186768118,3.5222214466131683,4.3649881794195675,2.812989493055976,3.2591324241908595,322.0,0.0009523299145770314,0.00039996000399960006,0.42996587671489467,1.4207384910982195,0.003283896257162177,4,36,3.372416953433327,3.4628987596377696
20,2,0.2,0.3,all,19,22,4.1631068164173755,3.3663851077807334,1.134320477688657,0.5210660279420333,0.796721708636642,0.9261381004178667,0.9082128468613918,3.697737640517556,4.692709478704893,3.1723927021283194,3.5805638291420046,313.0,0.006811132003560291,0.0029997000299970002,0.26179980030601674,1.3187780315308055,0.009173241755636757,4,37,3.647431455855206,3.7451290826942016
20,2,0.2,0.3,excl_censored,19,21,4.1631068164173755,3.385216019549761,1.134320477688657,0.5262071464262251,0.7778907968676143,0.8951242292301698,0.8773403041461266,3.7072249556164567,4.708173119500824,3.181342285595583,3.6135458851959013,296.0,0.00932072835933322,0.005599440055994401,0.2597701037238495,1.310931974431745,0.012223906045027173,4,36,3.647431455855206,3.7666344471959525
20,3,0.3,0.4,all,19,22,4.232610989135833,3.2128633169518053,1.1059777413404859,0.6926606976767945,1.0197476721840277,1.1241435679690108,1.1023859505244493,3.7873413114428662,4.782513214076983,2.9368746921899187,3.511295500660728,343.0,0.0004825316312145502,0.0004999500049995,0.5071271352687856,1.6068875841262635,0.0023254536444074713,4,37,3.605748810585917,3.6940434195723486
20,3,0.3,0.4,excl_censored,19,21,4.232610989135833,3.2297196797045085,1.1059777413404859,0.7051270951496028,1.0028913094313245,1.0935344149845911,1.0718085656802616,3.8037287459244995,4.780652680971968,2.9562605905283084,3.539607581681185,324.0,0.000783917669656603,0.0004999500049995,0.4479020098721363,1.623145687134705,0.0031996639577820535,4,36,3.605748810585917,3.7172424118064407
20,4,0.4,0.5,all,19,22,4.238996723620141,3.438146701114299,1.4962582984738422,0.7484893073148078,0.8008500225058417,0.6931356370590676,0.6797201085998598,3.693003628633266,4.966125557925024,3.1471085342002887,3.740321241668995,286.0,0.04549565110727115,0.019698030196980302,0.12744244528118534,1.5677079420407984,0.04892005495405499,4,37,3.261521241721994,3.868488654227279
20,4,0.4,0.5,excl_censored,19,21,4.238996723620141,3.432908971766481,1.4962582984738422,0.7665600657100365,0.80608775185366,0.6887501758813166,0.6750663975525487,3.6561100006065885,4.961674201484789,3.1185024612211767,3.775415841812537,274.0,0.04504720324370858,0.027097290270972903,0.1445114318824539,1.6157186650179562,0.04909776920295214,4,36,3.261521241721994,3.8773872552497446
20,5,0.5,0.6,all,19,22,4.5000502124599855,3.37412028487789,1.62706925500223,0.591040762101021,1.1259299275820953,0.9482187833878708,0.929866161773912,3.916372266687868,5.275241165793722,3.129383450324768,3.6153298490051484,333.0,0.0012429900388831849,0.00029997000299970003,0.4730806111869493,1.9222249558601254,0.0031668536022501524,4,37,3.5500767679409027,3.933278195467289
20,5,0.5,0.6,excl_censored,19,21,4.5000502124599855,3.3376502218119013,1.62706925500223,0.5797164207932568,1.1623999906480842,0.9717455246006158,0.9524393221251068,3.901505767484572,5.2855595400848445,3.1085131441637235,3.5702848628786206,324.0,0.000783917669656603,0.00019998000199980003,0.45389476431339965,1.9704458953091333,0.0031996639577820535,4,36,3.5500767679409027,3.927536156195167
20,6,0.6,0.7,all,19,22,4.188095153501969,3.5137977132210327,0.9102931724455093,0.6916862980097933,0.6742974402809363,0.8428306980204364,0.826517845800686,3.8216378683292356,4.598725874667074,3.244790739556518,3.7894882939239802,300.0,0.017978355175496313,0.011198880111988802,0.20844691566197457,1.1478828309037843,0.020966011866468005,4,37,3.6900547311854344,3.8410037481799564
20,6,0.6,0.7,excl_censored,19,21,4.188095153501969,3.4934958573098647,0.9102931724455093,0.7020188116659006,0.6945992961921044,0.8602911947467123,0.843199316705387,3.8085563828510938,4.603367043369778,3.210473908707349,3.796061734811417,291.0,0.013715065414385651,0.0100989901009899,0.19974052491238467,1.1873100423565102,0.0167256895297386,4,36,3.6900547311854344,3.8382500554250782
20,7,0.7,0.8,all,19,22,4.247148591530184,3.5434267673488975,0.8258545719956195,0.7245698528137662,0.7037218241812866,0.9104157336226525,0.8927947839396334,3.904673158660302,4.637013665219372,3.256507625239492,3.834792777448473,315.0,0.005811549664936521,0.0057994200579942,0.25450078648460517,1.1782627262008802,0.008185281218220451,4,37,3.9264676224827535,3.863387611643736
20,7,0.7,0.8,excl_censored,19,21,4.247148591530184,3.5657595617671647,0.8258545719956195,0.7346634158348162,0.6813890297630194,0.8744829916516569,0.8571091573804319,3.9090082677548894,4.6277501878132945,3.270546347862889,3.8783999856979987,296.0,0.00932072835933322,0.0091990800919908,0.21059363228009978,1.166112549152697,0.012223906045027173,4,36,3.9264676224827535,3.885302876284804
20,8,0.8,0.9,all,19,22,4.134019578955783,3.450037452257742,0.9647238635704243,0.6964676127659178,0.6839821266980413,0.8229764042982585,0.8070478287311954,3.7397907910894626,4.581335787164589,3.1729385645404706,3.726560840126218,303.0,0.014505442479429857,0.0115988401159884,0.2014578219401621,1.2013668715476526,0.017371787400514798,4,37,3.7567375008265054,3.7681147553114642
20,8,0.8,0.9,excl_censored,19,21,4.134019578955783,3.4443267381282605,0.9647238635704243,0.7131389410927461,0.6896928408275227,0.8193686196266912,0.803089772879141,3.7400427848629225,4.57811826058233,3.1642239325286314,3.7452959960393346,292.0,0.012712449388077474,0.015798420157984203,0.19954815891952196,1.2020592908731342,0.01579186259388506,4,36,3.7567375008265054,3.7736189860429814
20,9,0.9,1.0,all,19,22,4.469451197131245,3.6926944967902675,0.7587474387698737,0.5891946721579735,0.7767567003409774,1.1545468149126619,1.1322007475272555,4.14391397418327,4.793852568355399,3.459953979197372,3.928719005618224,341.0,0.0005860668055800342,0.00039996000399960006,0.37827493462258166,1.1690849160096388,0.002346419927533176,4,37,4.2411714551463175,4.032274752818765
20,9,0.9,1.0,excl_censored,19,21,4.469451197131245,3.6986106476214022,0.7587474387698737,0.6030749210215416,0.7708405495098427,1.1314870574946936,1.1090071821802294,4.151012582088971,4.803582614282819,3.4425627262637315,3.946667156456446,323.0,0.0008643278263233195,0.0005999400059994001,0.36008244787878724,1.20038953312585,0.0032012141715678497,4,36,4.2411714551463175,4.045158625693272
21,0,0.0,0.1,all,19,22,3.4914508539174083,2.2488611174662867,1.1037780310452405,0.5416693365547308,1.2425897364511216,1.464109240853978,1.435771642643901,3.000499381803568,3.9865869164347836,2.04062959572438,2.4679598868087886,353.0,0.00017562966379730592,0.00019998000199980003,0.7263089199267941,1.773887057825773,0.0017639846850529771,4,37,2.6488986784931443,2.843700434992337
21,0,0.0,0.1,excl_censored,19,21,3.4914508539174083,2.265115452208049,1.1037780310452405,0.5495205684780121,1.2263354017093593,1.4294207379644523,1.4010216504552249,3.042474716972764,3.9755620026792107,2.0481008357281345,2.5001594372102334,335.0,0.0002558466624784525,0.00029997000299970003,0.6866392075712355,1.762587691502657,0.0026423869060276874,4,36,2.6488986784931443,2.869705444634088
21,1,0.1,0.2,all,19,22,3.501194673622882,2.498585988106546,1.1365573447805075,0.5808476816902732,1.0026086855163356,1.1367865945151705,1.1147842733310058,3.035761491670662,4.052492081938997,2.2879375561973343,2.757218519950864,348.0,0.000293475164563048,0.00019998000199980003,0.5105647230405055,1.5940384573620079,0.001924427308610151,4,37,2.809364248892101,2.97984144707055
21,1,0.1,0.2,excl_censored,19,21,3.501194673622882,2.5305023209655397,1.1365573447805075,0.5750846568880768,0.9706923526573421,1.094923081196382,1.073169642497116,3.0491923459400287,4.018892454933107,2.32123995545361,2.8060970860315035,329.0,0.000476141421532243,0.00029997000299970003,0.45215232651996073,1.5730633618513468,0.0027208081230413886,4,36,2.809364248892101,3.0118275150984073
21,2,0.2,0.3,all,19,22,3.7520124539062802,2.90666735537455,1.2354202806003782,0.5381474053886462,0.8453450985317303,0.9113635227044067,0.8937242287165794,3.27300717288578,4.340864793821219,2.695183038220264,3.1291504790785263,309.0,0.00928542109010387,0.0034996500349965005,0.30211575350532266,1.4700028457290737,0.011904386012953681,4,37,3.1331386462759423,3.316280104252855
21,2,0.2,0.3,excl_censored,19,21,3.7520124539062802,2.926429510525219,1.2354202806003782,0.5431953822453379,0.8255829433810611,0.8809446409611004,0.8634424295512771,3.260673756832729,4.366663289983078,2.7101210802623927,3.16841661457197,292.0,0.012712449388077474,0.0052994700529947,0.2858766780397585,1.4390533771836374,0.01579186259388506,4,36,3.1331386462759423,3.3391861600040316
21,3,0.3,0.4,all,19,22,3.8851838799858793,2.7736961982851924,1.3485602234506082,0.7458169756486923,1.111487681700687,1.0415171411045523,1.0213587448251094,3.380411507047705,4.548396153817593,2.458366870386394,3.1075880013628967,344.0,0.00043741672787535964,0.0004999500049995,0.5178224243933115,1.811743850557492,0.0022722946902616085,4,37,3.099563077817054,3.309231291101019
21,3,0.3,0.4,excl_censored,19,21,3.8851838799858793,2.792546526138734,1.3485602234506082,0.7588457510942216,1.0926373538471452,1.012514804420267,0.9923986162529769,3.3599089780166644,4.524872502859923,2.4899662832178473,3.118146039982165,325.0,0.0007104983619273451,0.0007999200079992001,0.5080926079275023,1.8340073610859005,0.003193251064842001,4,36,3.099563077817054,3.335103290482692
21,4,0.4,0.5,all,19,22,3.9015577663173824,2.9754030322011005,1.813130910330831,0.8030105193714889,0.9261547341162819,0.6782703986020345,0.6651425844355435,3.22602045231442,4.8569254823991495,2.6692043625247113,3.3262892368698065,284.0,0.05144440275127602,0.020097990200979902,0.17677462441990122,1.8538148181288727,0.05516826032308421,4,37,2.783600386702513,3.471731424909309
21,4,0.4,0.5,excl_censored,19,21,3.9015577663173824,2.9718976345058645,1.813130910330831,0.8226684267990301,0.9296601318115179,0.6720784466887418,0.6587258947677734,3.2333655733422537,4.80256761142661,2.6443547460386045,3.3026157962854805,272.0,0.05117069698454882,0.0230976902309769,0.1980305639803377,1.8570028485664196,0.05531967241572846,4,36,2.783600386702513,3.483473509384538
21,5,0.5,0.6,all,19,22,4.240353581768869,2.907995811260883,1.9830763224636432,0.6370765851543171,1.3323577705079863,0.9343069985061131,0.9162236372447045,3.5108024660216044,5.257179915412999,2.6528948825977303,3.168462590311796,336.0,0.0009421334173269092,9.999000099990002e-05,0.5436120302441035,2.3224322833453828,0.0028549497494754824,4,37,3.0650936133075266,3.575195985084266
21,5,0.5,0.6,excl_censored,19,21,4.240353581768869,2.8722895355912623,1.9830763224636432,0.629848262279715,1.368064046177607,0.9505028053736301,0.9316186436774653,3.519562648795616,5.230669671285832,2.617022978881647,3.137046146509179,326.0,0.0006435112724156713,0.00029997000299970003,0.592853516778383,2.3585217529595996,0.003193251064842001,4,36,3.0650936133075266,3.572900662438748
21,6,0.6,0.7,all,19,22,3.867535267194536,3.0891074741353446,1.0252209573228943,0.7340770352224627,0.7784277930591914,0.8840787366557417,0.8669675353011144,3.438752985979002,4.3256588104531515,2.784138739429833,3.370487852496841,294.0,0.02716090572215357,0.007799220077992201,0.2302555233947633,1.3086746142959462,0.030178784135726187,4,37,3.1614895493718373,3.481015575950984
21,6,0.6,0.7,excl_censored,19,21,3.867535267194536,3.0689671299209302,1.0252209573228943,0.7459506788520378,0.7985681372736058,0.8980368671574669,0.8801950750947357,3.4441135479009195,4.326713748547356,2.767872198526714,3.3801059098895343,285.0,0.021327445140799244,0.0081991800819918,0.27209229087740966,1.3637559262351862,0.0242357331145446,4,36,3.1614895493718373,3.4801533779874543
21,7,0.7,0.8,all,19,22,3.87342075179919,3.137602658224789,0.9282946895432118,0.7749775154233782,0.7358180935744008,0.8664982364760524,0.8497273028668384,3.485365130867957,4.302384519883012,2.823867870102215,3.4791924007119244,304.0,0.01348711356572764,0.0082991700829917,0.2209121216544834,1.282708050159529,0.01629862666553189,4,37,3.4548782321163225,3.481155130720667
21,7,0.7,0.8,excl_censored,19,21,3.87342075179919,3.161176178746742,0.9282946895432118,0.7859915621621055,0.7122445730524478,0.831720284411145,0.8151960403499964,3.4715905943828997,4.290578559572081,2.8489742556887006,3.497718367056727,286.0,0.019847360665820553,0.0108989101089891,0.20136760724814107,1.225515175328151,0.022813058236575347,4,36,3.4548782321163225,3.504449475261136
21,8,0.8,0.9,all,19,22,3.7455682256045204,3.0423626355072413,1.0574190532516934,0.7883947884872883,0.7032055900972791,0.7623964233055402,0.7476403634996265,3.3048286917501866,4.236769748183146,2.7284523078835177,3.3714355109100693,298.0,0.020680072255280065,0.0192980701929807,0.16114079736613643,1.2781728081380686,0.023702088544733598,4,37,3.3538928204960863,3.369789269882726
21,8,0.8,0.9,excl_censored,19,21,3.7455682256045204,3.036533729217611,1.0574190532516934,0.8073783565395426,0.7090344963869093,0.7589761893682336,0.7438971922284674,3.307452811828311,4.212280053278689,2.704490414004258,3.3719576206186437,287.0,0.018457757131813437,0.018698130186981302,0.1614968421178806,1.3086284674196111,0.021462508292806323,4,36,3.3538928204960863,3.375484258835316
21,9,0.9,1.0,all,19,22,4.166349902117569,3.3299512679624654,0.9191868482237603,0.6488220759813258,0.836398634155104,1.0651241908073157,1.0445088838884644,3.8070891271877874,4.597821231588964,3.078107880585497,3.590185700830749,335.0,0.0010339727105669948,0.0011998800119988001,0.39568126243359747,1.3121513385804198,0.002933255916502113,4,37,3.8345475537811797,3.7049023194671165
21,9,0.9,1.0,excl_censored,19,21,4.166349902117569,3.334548657642251,0.9191868482237603,0.6644775008851744,0.8318012444753182,1.045813354896835,1.0250356061240502,3.780192144911555,4.6153980309478735,3.0681263253267423,3.61375878648792,316.0,0.0016794712381882463,0.0015998400159984002,0.3505521646106848,1.3238329410751757,0.004198678095470616,4,36,3.8345475537811797,3.717999437099899
22,0,0.0,0.1,all,19,22,4.6412173126251774,2.9742712839510577,1.5581084091975026,0.7612791133619625,1.6669460286741198,1.3927334900369628,1.3657773579717312,3.978400838928747,5.308217426739003,2.6884076982304737,3.3048226736534305,334.0,0.001134037511943275,0.00029997000299970003,0.9423212252189928,2.423092371059884,0.0030040728793199337,4,37,3.404309543635439,3.7837799733043207
22,0,0.0,0.1,excl_censored,19,21,4.6412173126251774,2.9883403935222885,1.5581084091975026,0.7771426976198735,1.652876919102889,1.364275922188726,1.3371711025425923,3.9386107997419924,5.317296578071304,2.7019510112459666,3.3255989415108638,318.0,0.001393916027072069,0.0004999500049995,0.9156524698769138,2.404530020134757,0.003742056448515622,4,36,3.404309543635439,3.814473306369574
22,1,0.1,0.2,all,19,22,4.680816509411855,3.3153077637087565,1.4872997529977274,0.7572471216052217,1.3655087457030985,1.1841720759882794,1.1612526164530224,4.053995940793082,5.3507717185209565,3.0308952994448406,3.630030513537723,329.0,0.0017825908825435677,0.00019998000199980003,0.6364541183070505,2.1132817493588756,0.003813028625761642,4,37,3.8080594286432548,3.963244507184997
22,1,0.1,0.2,excl_censored,19,21,4.680816509411855,3.3373665456076447,1.4872997529977274,0.7686703699236976,1.3434499638042103,1.1525099475876222,1.1296123989600535,4.0753762118505765,5.384709745526724,3.0606823799820524,3.6942932355347136,313.0,0.0022097656717117685,0.00039996000399960006,0.6080977197667029,2.0949465045315843,0.004777871722620041,4,36,3.8080594286432548,3.9941103728336884
22,2,0.2,0.3,all,19,22,4.992856589281029,3.873387313157528,1.6401281955131524,0.7827673078721769,1.119469276123501,0.8930139059770571,0.8757297658613721,4.324216187371287,5.72464932962408,3.5695969267177,4.218367468302555,309.0,0.00928542109010387,0.005099490050994901,0.37791559260939234,1.9056120360501996,0.011904386012953681,4,37,4.140793004091523,4.419341191065921
22,2,0.2,0.3,excl_censored,19,21,4.992856589281029,3.898940769575873,1.6401281955131524,0.792639308368175,1.0939158197051562,0.8634972235405438,0.8463416495629171,4.287351916238364,5.708867957734023,3.5949764531266584,4.227851226726822,292.0,0.012712449388077474,0.007499250074992501,0.3389087951050452,1.9050076169738357,0.01579186259388506,4,36,4.140793004091523,4.449412759474076
22,3,0.3,0.4,all,19,22,5.310747187383335,3.780711181671286,2.1932162222502245,0.9956120597468164,1.5300360057120486,0.9220033376239284,0.904158111734433,4.529060812282528,6.403089153252571,3.3877321632021458,4.179107096267256,332.0,0.0013615386422443356,0.0007999200079992001,0.6305260563301582,2.690698291386146,0.0033411991220719892,4,37,4.115712392296697,4.530188999672023
22,3,0.3,0.4,excl_censored,19,21,5.310747187383335,3.7982486324294125,2.1932162222502245,1.0167108024664133,1.5124985549539223,0.9002700231607856,0.8823838637602403,4.521446321861684,6.393232272695664,3.3927014409679246,4.237715585375963,315.0,0.001841595484321759,0.0012998700129987,0.5930470888384175,2.675653206165231,0.004333165845462963,4,36,4.115712392296697,4.561238007558728
22,4,0.4,0.5,all,19,22,5.311391280799372,3.9044171958596015,2.7582058278721515,1.1296746454827267,1.4069740849397703,0.6866629182770146,0.6733726682458466,4.318719477683347,6.6838413459006905,3.4627203440584013,4.382012786742342,298.0,0.020680072255280065,0.015498450154984501,0.25892574455786266,2.8673959963207887,0.023702088544733598,4,37,3.688243644214884,4.650287515330805
22,4,0.4,0.5,excl_censored,19,21,5.311391280799372,3.8872343977159836,2.7582058278721515,1.1546223639470299,1.4241568830833882,0.6863660573489506,0.672729645613541,4.3272711941477775,6.725226614992292,3.4526326350021392,4.378980851209981,287.0,0.018457757131813437,0.0163983601639836,0.3301095866526914,2.87214757830872,0.021462508292806323,4,36,3.688243644214884,4.660982836399006
22,5,0.5,0.6,all,19,22,5.720154166385012,3.9443519121836714,3.0851134560585636,0.9017882072102485,1.775802254201341,0.8079529994615906,0.7923151994720113,4.649882783186959,7.283916276722697,3.5865401325099016,4.323928222675423,317.0,0.004946189168062469,0.0004999500049995,0.648103474817591,3.3616747124590574,0.007300648218542389,4,37,4.24894373203281,4.823321521654723
22,5,0.5,0.6,excl_censored,19,21,5.720154166385012,3.880752685914452,3.0851134560585636,0.872035989309756,1.8394014804705603,0.8302179875206034,0.813723590417545,4.648049599894412,7.3925895755953865,3.5169791962129713,4.2521450329287225,310.0,0.002889679595292828,0.0006999300069993001,0.6596748357928256,3.4633445164666226,0.0055570761447939,4,36,4.24894373203281,4.810637795482986
22,6,0.6,0.7,all,19,22,5.159056783096338,4.132670080459321,1.362856987880581,1.036595463598106,1.0263867026370166,0.8565588842893181,0.8399803252385571,4.584320681366053,5.755128896940526,3.730516114732531,4.572208324807874,301.0,0.016747350182864072,0.010798920107989201,0.29871482324708754,1.7173415681950552,0.019702764921016556,4,37,4.364582463935649,4.634661913329538
22,6,0.6,0.7,excl_censored,19,21,5.159056783096338,4.090121735955158,1.362856987880581,1.0423230350936046,1.0689350471411796,0.8872066751358079,0.8695800524509905,4.601546297645347,5.786494449528918,3.676120814539392,4.515003781394523,292.0,0.012712449388077474,0.007999200079992,0.37431339557248444,1.8151646505961683,0.01579186259388506,4,36,4.364582463935649,4.623786263281837
22,7,0.7,0.8,all,19,22,5.271777232476799,4.127090714207347,1.1734476986546474,1.0536105346439262,1.1446865182694514,1.0307587631576005,1.0108085935480986,4.788809939440704,5.780936762738899,3.7046000890345834,4.565208684453693,325.0,0.002530482792477342,0.0012998700129987,0.4715371943134983,1.8257259089122309,0.004686079245328411,4,37,4.603138463473735,4.663438088533131
22,7,0.7,0.8,excl_censored,19,21,5.271777232476799,4.142601507012895,1.1734476986546474,1.0770526497016963,1.129175725463904,1.0048329970843963,0.9848694276058984,4.788681444078965,5.7938002378896885,3.7117153367804723,4.593282569452799,309.0,0.0031556734004143713,0.0024997500249975004,0.4635573738574358,1.7827028587261071,0.0057902264227786635,4,36,4.603138463473735,4.68738458917875
22,8,0.8,0.9,all,19,22,5.113397413059935,4.055610518416109,1.3026000653876397,1.0528139794433138,1.0577868946438258,0.900459985610116,0.8830317278241137,4.560152464587741,5.713381105342544,3.6269000164358736,4.505057548280143,311.0,0.007962602843590134,0.006999300069993001,0.32915647763808564,1.7371742085501387,0.010442757827659192,4,37,4.573532454756583,4.5428068225477505
22,8,0.8,0.9,excl_censored,19,21,5.113397413059935,4.049053198088511,1.3026000653876397,1.0783528526807127,1.064344214971424,0.8945157722320348,0.8767439356976235,4.576400891062462,5.683069911721653,3.620208286776674,4.511072962810835,299.0,0.007333398615540424,0.007599240075992401,0.32565585405357905,1.7866168419869874,0.010115032573159205,4,36,4.573532454756583,4.5525149496936415
22,9,0.9,1.0,all,19,22,5.8004823506708165,4.479783923013678,1.3582096794553244,0.8385963490361461,1.3206984276571383,1.1907924104090695,1.1677448153688939,5.261483187421465,6.430952112105785,4.154822284125442,4.86630952689097,340.0,0.0006452654800716234,0.0004999500049995,0.672548999692751,2.049920954393644,0.002346419927533176,4,37,5.116575251014346,5.089138107161865
22,9,0.9,1.0,excl_censored,19,21,5.8004823506708165,4.477067264924996,1.3582096794553244,0.8592063460587019,1.323415085745821,1.1778863989170765,1.1544846823823,5.25532399085522,6.439400091087842,4.113219857743615,4.837766433368772,324.0,0.000783917669656603,0.00029997000299970003,0.6611013330689129,2.040390167538484,0.0031996639577820535,4,36,5.116575251014346,5.104479895058695
23,0,0.0,0.1,all,19,22,5.6075477697712905,3.915001900202901,1.646478236326329,0.7641417039651901,1.6925458695683897,1.3526977695523934,1.3265165223997664,4.880959007139197,6.344541848866787,3.6260051775398296,4.257076147348064,333.0,0.0012429900388831849,9.999000099990002e-05,0.9313229277473133,2.4844629234475906,0.0031668536022501524,4,37,4.336846910651755,4.738542210473279
23,0,0.0,0.1,excl_censored,19,21,5.6075477697712905,3.923127960146738,1.646478236326329,0.7820376027314127,1.6844198096245524,1.3291643503115287,1.3027571115636176,4.907033964984429,6.334086841440854,3.62217169257655,4.277638936941401,317.0,0.0015305708692109107,0.00019998000199980003,0.9517545554640259,2.513317594803363,0.00394986030764106,4,36,4.336846910651755,4.766158531836916
23,1,0.1,0.2,all,19,22,5.674194385578258,4.3137759999227505,1.6547233885437922,0.7813187005416616,1.3604183856555077,1.0780511997451185,1.0571856926532774,4.967977870790799,6.410391064902326,4.016523411404901,4.657887357264115,318.0,0.004558785928601043,0.0007999200079992001,0.6009185621057582,2.203718188237546,0.00685531718586623,4,37,4.86565469727616,4.952706663113048
23,1,0.1,0.2,excl_censored,19,21,5.674194385578258,4.347064295302023,1.6547233885437922,0.7844644684962242,1.3271300902762349,1.0424069194207872,1.0216968481740167,4.979203460265825,6.41589190019543,4.056861476266855,4.6804953068170905,302.0,0.005734923839296028,0.0010998900109989002,0.5813527772709286,2.146753008221544,0.008527767790774762,4,36,4.86565469727616,4.989872909395133
23,2,0.2,0.3,all,19,22,5.965266335169346,4.8797927035944175,1.770073471093556,0.856649934128234,1.0854736315749287,0.7999558782024379,0.7844728612049713,5.185674516548814,6.736147803370406,4.54034837165504,5.236583536823614,299.0,0.019287909112540684,0.013598640135986401,0.2122381826823794,1.9428799353744097,0.022362793173960213,4,37,5.113767266641135,5.411903534614332
23,2,0.2,0.3,excl_censored,19,21,5.965266335169346,4.908900877976623,1.770073471093556,0.8665848272255429,1.0563654571927232,0.7705616968719113,0.7552525240863767,5.219843914520853,6.751774896807201,4.562963760860263,5.262652118885872,283.0,0.024578159693751576,0.018598140185981403,0.24785301477845395,1.9297385495080424,0.027771931857346412,4,36,5.113767266641135,5.443664159421171
23,3,0.3,0.4,all,19,22,6.346008412173925,4.766814349991591,2.2749886651805538,1.0317330648506295,1.5791940621823333,0.9175928294552503,0.8998329682399874,5.535313768020489,7.485872927962956,4.381062943828983,5.175227254177708,324.0,0.0027577220986616966,0.000999900009999,0.6145210779183651,2.8792954142730283,0.004880924068427782,4,37,5.17480278788451,5.533644983231935
23,3,0.3,0.4,excl_censored,19,21,6.346008412173925,4.778836851873577,2.2749886651805538,1.0556315106236989,1.5671715603003475,0.899116799954779,0.8812535522735583,5.507820329287487,7.498992788174626,4.3468666354241625,5.214678967520715,307.0,0.0037556942034487764,0.0013998600139986002,0.6182894638524228,2.791790413789301,0.006447543696907771,4,36,5.17480278788451,5.5619589602531025
23,4,0.4,0.5,all,19,22,6.33426613136576,4.919271762477473,2.9005497936169995,1.1923120362000308,1.4149943688882871,0.6562943827151756,0.643591910791656,5.317144188444432,7.7725311697277055,4.474573788371026,5.417476631437059,296.0,0.02372916549853407,0.022397760223977603,0.2543116406691917,2.913669745207838,0.02688857280287147,4,37,4.630677397453674,5.6770898832605186
23,4,0.4,0.5,excl_censored,19,21,6.33426613136576,4.896085445082411,2.9005497936169995,1.2166633505162707,1.4381806862833493,0.658892590762205,0.6458020094887836,5.27913410340708,7.827969709264334,4.434038895049031,5.393923233542194,286.0,0.019847360665820553,0.025097490250974904,0.2463878095891408,2.8984614809684017,0.022813058236575347,4,36,4.630677397453674,5.684615034801817
23,5,0.5,0.6,all,19,22,6.805023402737102,4.97474634306827,3.265134551411516,0.9180345646902721,1.8302770596688314,0.7895054932083828,0.7742247417269302,5.621649564208776,8.42762822457973,4.6051742973232495,5.36089026068805,313.0,0.006811132003560291,0.0014998500149985001,0.5718385476874224,3.436126105422899,0.009173241755636757,4,37,5.224658154113478,5.887600853596027
23,5,0.5,0.6,excl_censored,19,21,6.805023402737102,4.904090524733241,3.265134551411516,0.8772718981662807,1.9009328780038608,0.8138930222645024,0.7977229622195123,5.6541458447337005,8.438074596240071,4.556398591167903,5.291225756577133,306.0,0.004093045844708802,0.000999900009999,0.6753122570997713,3.589652113373913,0.006793437086653613,4,36,5.224658154113478,5.871742029304141
23,6,0.6,0.7,all,19,22,6.182612244963956,5.151119251744537,1.5036712295501884,1.0772852489861497,1.0314929932194188,0.798561755426475,0.7831057214504786,5.523939014565576,6.815829318813366,4.707676302930407,5.557467144124714,295.0,0.025394913667526966,0.014698530146985302,0.2765359469674456,1.8757793621178684,0.02853361086238985,4,37,5.3406911208075405,5.660310586742294
23,6,0.6,0.7,excl_censored,19,21,6.182612244963956,5.09772365705318,1.5036712295501884,1.0736435697510882,1.0848885879107755,0.8375826070294417,0.8209418929824991,5.531669336674134,6.802310703838425,4.661467862854668,5.57979405180416,287.0,0.018457757131813437,0.012198780121987801,0.3168789462101446,1.900429890464938,0.021462508292806323,4,36,5.3406911208075405,5.643307360255605
23,7,0.7,0.8,all,19,22,6.339622505426226,5.166090236067412,1.3316375837613657,1.130614962524407,1.1735322693588133,0.9560404867550176,0.9375364773339527,5.776218313945383,6.922710910766599,4.73487856375974,5.6725919522020485,315.0,0.005811549664936521,0.0037996200379962005,0.44884535272881176,1.9137637358761257,0.008185281218220451,4,37,5.575415187105991,5.724463568869119
23,7,0.7,0.8,excl_censored,19,21,6.339622505426226,5.17441412015133,1.3316375837613657,1.157844623595959,1.1652083852748953,0.9372655749329653,0.9186444045700587,5.76138726236761,6.954079921402522,4.7187472597960705,5.673706178299561,299.0,0.007333398615540424,0.0057994200579942,0.4186909940099651,1.9169871942250212,0.010115032573159205,4,36,5.575415187105991,5.744829538273674
23,8,0.8,0.9,all,19,22,6.121361245110575,5.074289559366917,1.4336789852339291,1.1377290687834356,1.0470716857436582,0.8162178895082933,0.8004201239049069,5.517769941006747,6.747228486255464,4.6124941266678094,5.566890677596068,307.0,0.010800936202851176,0.013398660133986601,0.2931584498497256,1.8342495441873217,0.013543493671286742,4,37,5.563354454725624,5.559103139034339
23,8,0.8,0.9,excl_censored,19,21,6.121361245110575,5.067000828069554,1.4336789852339291,1.1652989334080308,1.0543604170410203,0.8114492043052192,0.7953276969349168,5.5226268985496825,6.760725074455711,4.606732047457096,5.565446693506331,295.0,0.010082799765660759,0.016698330166983303,0.2807043496640476,1.8122442876903453,0.012968231209853066,4,36,5.563354454725624,5.56831842299053
23,9,0.9,1.0,all,19,22,6.817125248343978,5.523876743255349,1.4723391520148181,0.9072868510552886,1.2932485050886289,1.0763027880109977,1.0554711211462686,6.230995228866203,7.457802971708986,5.185616368344544,5.900564349966796,327.0,0.002126574788868804,0.0007999200079992001,0.5563673434543647,2.0693861342440396,0.00421103918587882,4,37,6.11358456779972,6.124225129701469
23,9,0.9,1.0,excl_censored,19,21,6.817125248343978,5.516562506729859,1.4723391520148181,0.9290275004057997,1.3005627416141188,1.068657706769192,1.04742609670093,6.204790753999873,7.500920793645917,5.133690412254265,5.925665758657485,312.0,0.0024181155429086843,0.000999900009999,0.5768392609209335,2.0583338971633944,0.005011638430898828,4,36,6.11358456779972,6.136634835796214
24,0,0.0,0.1,all,19,22,4.308151581200375,2.5582712355983603,1.9483630014862934,0.7916813191503768,1.7498803456020142,1.2105506485728554,1.1871206360198323,3.490552514887258,5.196318054301594,2.25203994345366,2.8896993732178644,334.0,0.001134037511943275,0.00039996000399960006,0.8578548869986085,2.7192597445742805,0.0030040728793199337,4,37,2.7875022334740085,3.4320767105966223
24,0,0.0,0.1,excl_censored,19,21,4.308151581200375,2.567011680948044,1.9483630014862934,0.8101435325020035,1.7411399002523305,1.1892190083752618,1.1655921406591971,3.489109920666752,5.183325181994004,2.23904817658329,2.9336980602304727,318.0,0.001393916027072069,0.0007999200079992001,0.8369623594495641,2.657787967647145,0.003742056448515622,4,36,2.7875022334740085,3.461447678022778
24,1,0.1,0.2,all,19,22,4.282527716867261,2.8202985835768164,2.0709912070535723,0.9601574243090379,1.4622291332904442,0.9292756164130589,0.9112896367405481,3.4471636241261745,5.203546977006805,2.4868703118921687,3.2515062207017102,311.0,0.007962602843590134,0.005499450054994501,0.5173674518474621,2.5047536270194026,0.010442757827659192,4,37,3.2318225333542894,3.5266839277229933
24,1,0.1,0.2,excl_censored,19,21,4.282527716867261,2.872520971346722,2.0709912070535723,0.9513146622485841,1.4100067455205387,0.890352151017533,0.8726630354344032,3.3989182679983805,5.213004545282153,2.5552995358142057,3.310811283258253,292.0,0.012712449388077474,0.0058994100589941,0.41298665333939877,2.398575378874478,0.01579186259388506,4,36,3.2318225333542894,3.5767688023706095
24,2,0.2,0.3,all,19,22,4.557478019959877,3.3739999037239325,2.1809119273644084,0.9486546867683365,1.1834781162359445,0.7229463046662068,0.708953795543635,3.6158246017794995,5.597777415390946,3.023192317860645,3.768382405190746,287.0,0.042745618218330034,0.026697330266973303,0.16102150437925017,2.267456707738615,0.04608691991194613,4,37,3.4264293716043763,3.976063858776936
24,2,0.2,0.3,excl_censored,19,21,4.557478019959877,3.404120418167488,2.1809119273644084,0.9612417135907858,1.153357601792389,0.6968541616571459,0.6830093769884609,3.6288869577284517,5.541095008548582,3.0432667555492343,3.830896582918538,271.0,0.054484881629885414,0.031296870312968704,0.1505839623155009,2.2703724026488086,0.05827260067367424,4,36,3.4264293716043763,4.010358157620483
24,3,0.3,0.4,all,19,22,4.997643991698162,3.2445997851250596,2.7123134978538364,1.1259343318030042,1.7530442065731022,0.8680992979407753,0.8512973760451474,3.991467006690936,6.287646370282611,2.821443752709052,3.7159620301527827,320.0,0.003865297976228013,0.0012998700129987,0.6148055951944246,3.151376424282541,0.006016027978565001,4,37,3.5155656643249755,4.11551806642477
24,3,0.3,0.4,excl_censored,19,21,4.997643991698162,3.257796328751072,2.7123134978538364,1.1519946567013493,1.7398476629470898,0.8506622004076925,0.8337616268896588,4.007167382270173,6.29400966008611,2.780941166887138,3.7743429548565732,304.0,0.004851493247946607,0.0017998200179982,0.5860367962640379,3.1075822164045515,0.007406859920529171,4,36,3.5155656643249755,4.147408224687158
24,4,0.4,0.5,all,19,22,5.004776212825982,3.4325501310446103,3.377897254605417,1.3197923724652745,1.572226081781372,0.6312093759346113,0.6189924202713608,3.7578138382108697,6.726939356530096,2.9212471341634894,3.968762299894559,289.0,0.037665560526646755,0.032996700329967,0.16827950950397044,3.3672914288500397,0.040940826659398646,4,37,2.912927945231505,4.296084841777002
24,4,0.4,0.5,excl_censored,19,21,5.004776212825982,3.4172448524698873,3.377897254605417,1.3503826460975503,1.587531360356095,0.6292705387493879,0.6167684750656252,3.803359283745501,6.690681659813231,2.907673337934958,4.011106644133202,282.0,0.02635874162747212,0.036696330366963306,0.22924608457039788,3.40607495543393,0.029699990566165773,4,36,2.912927945231505,4.3111438379065365
24,5,0.5,0.6,all,19,22,5.4785359618310325,3.4514498031162164,3.6987291671566305,0.9939886381397351,2.027086158714816,0.77472873642059,0.7597339866834173,4.135866694942316,7.239061282875939,3.044724227699524,3.8417618634135047,305.0,0.012532478993508352,0.0012998700129987,0.5886591413027418,3.866581528399699,0.015377274838660554,4,37,3.5311636349495967,4.483768227122918
24,5,0.5,0.6,excl_censored,19,21,5.4785359618310325,3.3766530309594467,3.6987291671566305,0.9529846870749145,2.101882930871586,0.7968155683272339,0.7809847954465604,4.142748718394528,7.4124195599780105,2.9828361944526405,3.781057445485276,299.0,0.007333398615540424,0.0015998400159984002,0.6900884415609462,3.969382877521182,0.010115032573159205,4,36,3.5311636349495967,4.4688122884761
24,6,0.6,0.7,all,19,22,4.915669887266691,3.6750822040626945,1.8177022278773447,1.167812710049372,1.2405876832039961,0.8253565329983372,0.8093818904241759,4.141920686423913,5.720828024890335,3.2211966868732724,4.146435012360314,294.0,0.02716090572215357,0.012898710128987101,0.2857911681467441,2.1560443309849777,0.030178784135726187,4,37,3.7530689819249172,4.303709741074236
24,6,0.6,0.7,excl_censored,19,21,4.915669887266691,3.6211002588364614,1.8177022278773447,1.1681871800187145,1.2945696284302293,0.8567270850993391,0.8397060171834583,4.1795394652782445,5.706476470313516,3.1389056373398883,4.12083640545913,287.0,0.018457757131813437,0.0105989401059894,0.3994775942104679,2.2155160543836403,0.021462508292806323,4,36,3.7530689819249172,4.289682149053699
24,7,0.7,0.8,all,19,22,4.983285687112055,3.7283580462165604,1.6073128529819574,1.2176364587951962,1.2549276408954944,0.8894365233007397,0.8722216228497577,4.324840017390063,5.696737861995632,3.2488587883840325,4.243754709211536,307.0,0.010800936202851176,0.0072992700729927005,0.39201593272429397,2.132534858536109,0.013543493671286742,4,37,3.9483324459104683,4.3489993321149045
24,7,0.7,0.8,excl_censored,19,21,4.983285687112055,3.7519228253540873,1.6073128529819574,1.2425550573039736,1.2313628617579675,0.8629001728235034,0.8457564607806524,4.3014563945057525,5.717378752541605,3.2579808701216684,4.280631014112182,290.0,0.014786888242683939,0.008999100089991,0.3807107318653934,2.1072499780644893,0.017762027919139868,4,36,3.9483324459104683,4.3799854889978596
24,8,0.8,0.9,all,19,22,4.604240615746867,3.636169206611236,1.6803914262546282,1.3385516058319056,0.9680714091356308,0.6428111517115295,0.6303696455493708,3.9295148595389082,5.346393460265543,3.0991391422539087,4.1860301845648,288.0,0.04013746459766851,0.048295170482951705,0.061455386614633324,1.9300626230650288,0.043509446718339846,4,37,3.8667479689385647,4.108359523483335
24,8,0.8,0.9,excl_censored,19,21,4.604240615746867,3.623576452099498,1.6803914262546282,1.3702712439805034,0.9806641636473685,0.6430366689586398,0.6302611059991966,3.896733027338994,5.33620142460973,3.0446898346139513,4.190517923071842,277.0,0.037027083054220644,0.050294970502949704,0.02887060944670327,1.919160104497048,0.04080119344817702,4,36,3.8667479689385647,4.114130147709045
24,9,0.9,1.0,all,19,22,5.5227047924619335,4.20909051453181,1.803106827843316,1.000231873215812,1.3136142779301236,0.919880256869891,0.9020761228659576,4.809938570982278,6.3629695988280695,3.814797483777156,4.62736095959437,308.0,0.010017680802657239,0.004399560043995601,0.48850468679828485,2.2252939975196546,0.012802147990616278,4,37,4.696627196185871,4.830942529506299
24,9,0.9,1.0,excl_censored,19,21,5.5227047924619335,4.197418993696776,1.803106827843316,1.0233964073607706,1.3252857987651572,0.9164407253700583,0.8982332937401896,4.780623250081281,6.401530121223534,3.7746732917596337,4.639166461240986,295.0,0.010082799765660759,0.004199580041995801,0.4118636565758743,2.241357417652555,0.012968231209853066,4,36,4.696627196185871,4.841407809435155
25,0,0.0,0.1,all,19,22,6.734639060051671,4.381390213216985,2.402022054269576,1.0776501824085765,2.3532488468346857,1.2977284303552217,1.2726111058967335,5.683084723165473,7.776970965939737,3.973853530600865,4.8523072012009125,327.0,0.002126574788868804,0.00019998000199980003,1.204965650914498,3.492071066179629,0.00421103918587882,4,37,4.910966312386441,5.532563826546207
25,0,0.0,0.1,excl_censored,19,21,6.734639060051671,4.395813157987991,2.402022054269576,1.1020848962620629,2.3388259020636797,1.2736090804708418,1.248305588805858,5.7349073813996405,7.757863360452187,3.941347079191718,4.881390179530495,311.0,0.002644304406362379,0.00029997000299970003,1.2355938683921248,3.4736125155634445,0.005262297326094287,4,36,4.910966312386441,5.572954255810661
25,1,0.1,0.2,all,19,22,7.003511580614057,5.053823914325225,2.3435869465049666,1.1247631526352235,1.949687666288832,1.087167371642131,1.0661254225135737,5.959674331931085,8.034643296345019,4.617132861235385,5.5482517588270115,317.0,0.004946189168062469,0.0013998600139986002,0.8383609820356327,3.085064445536523,0.007300648218542389,4,37,5.944015610968746,5.958777937917488
25,1,0.1,0.2,excl_censored,19,21,7.003511580614057,5.104456812086933,2.3435869465049666,1.1265547080574727,1.8990547685271242,1.0502400938102159,1.0293743965821984,6.02697223958298,8.099547036739391,4.66994201158724,5.610562946524046,301.0,0.006228927993530219,0.0014998500149985001,0.8015415580068788,3.052926239091573,0.009160188225779733,4,36,5.944015610968746,6.013451406711603
25,2,0.2,0.3,all,19,22,7.350126884756356,5.755503226470723,2.4600494124771046,1.2243249943538654,1.5946236582856326,0.8404058001718056,0.8241398814588028,6.357387750973187,8.453531732389255,5.288650219007896,6.256317241499475,307.0,0.010800936202851176,0.008799120087991202,0.47920907510574745,2.863575178837989,0.013543493671286742,4,37,6.11753872948911,6.535225050669467
25,2,0.2,0.3,excl_censored,19,21,7.350126884756356,5.794255427614395,2.4600494124771046,1.240657181468836,1.5558714571419605,0.8114087232721862,0.7952880201608182,6.337951671585662,8.45979576444892,5.311136740435271,6.340519776081662,290.0,0.014786888242683939,0.012798720127987202,0.3180802551587744,2.8010349979115374,0.017762027919139868,4,36,6.11753872948911,6.579489440897684
25,3,0.3,0.4,all,19,22,7.951707490854207,5.689758192437745,3.249889063456379,1.3978433819768408,2.2619492984164618,0.9291217513612406,0.9111387497219908,6.743252661448902,9.590278793361335,5.131979491001628,6.24758816559986,325.0,0.002530482792477342,0.0008999100089991,0.9209804338563239,3.9370994724823767,0.004686079245328411,4,37,6.295253834944202,6.785840735677931
25,3,0.3,0.4,excl_censored,19,21,7.951707490854207,5.700866446184221,3.249889063456379,1.4313678916698303,2.2508410446699862,0.9127411781722499,0.894607247480086,6.817401439620861,9.479685584648607,5.099517986781697,6.313451721186777,309.0,0.0031556734004143713,0.0008999100089991,0.9461160365935022,3.9157862397726917,0.0057902264227786635,4,36,6.295253834944202,6.822767287675603
25,4,0.4,0.5,all,19,22,7.952746268590554,5.84769209034107,4.018105910371518,1.5704661602774546,2.1050541782494836,0.7104350735092296,0.6966847172477606,6.488247993686032,9.846398168216323,5.224217939106153,6.497089090078336,296.0,0.02372916549853407,0.012798720127987202,0.430629190032341,4.150705773067937,0.02688857280287147,4,37,5.565178129693891,6.95920790734996
25,4,0.4,0.5,excl_censored,19,21,7.952746268590554,5.820762246552345,4.018105910371518,1.6040354290874113,2.1319840220382087,0.7105868108042067,0.6964691920465073,6.470726875047646,9.995024021784605,5.189124267244828,6.5337010286826995,284.0,0.02290274612044215,0.013598640135986401,0.46749697136945584,4.236047397963156,0.025952120249792807,4,36,5.565178129693891,6.974374271167894
25,5,0.5,0.6,all,19,22,8.55510704270221,5.9405524068313955,4.373503813725639,1.2206569125649522,2.614554635870814,0.8425108352964911,0.8262041739681718,6.981797629382616,10.695999707350643,5.4552686864073525,6.425539741547779,319.0,0.0041990725091181425,0.000999900009999,1.003533798600448,4.770674725185342,0.006362231074421428,4,37,6.404380157264713,7.233018003583076
25,5,0.5,0.6,excl_censored,19,21,8.55510704270221,5.851573854132885,4.373503813725639,1.1754218559695098,2.703533188569324,0.8641598464570972,0.8469911077857641,6.993086060252401,10.834051797083498,5.3717679217790195,6.347745013799919,312.0,0.0024181155429086843,0.0007999200079992001,1.0939341547013919,4.928229509307684,0.005011638430898828,4,36,6.404380157264713,7.21701566997427
25,6,0.6,0.7,all,19,22,7.80233349869819,6.20186467995212,2.1583016550074103,1.401231473292994,1.6004688187460703,0.8936828985221977,0.8763858101637035,6.836436108630434,8.746551385363642,5.620833945156197,6.7709587060679715,300.0,0.017978355175496313,0.0081991800819918,0.5510553150180193,2.761928143638795,0.020966011866468005,4,37,6.677517423950387,6.9723051280651545
25,6,0.6,0.7,excl_censored,19,21,7.80233349869819,6.136709558067947,2.1583016550074103,1.4012702226784706,1.665623940630243,0.9253468089843708,0.9069624352959397,6.924640584841443,8.740325945740633,5.550117505785199,6.7364000129590815,291.0,0.013715065414385651,0.006299370062993701,0.557718663483086,2.7657597222885126,0.0167256895297386,4,36,6.677517423950387,6.955699097191416
25,7,0.7,0.8,all,19,22,7.8597189422049665,6.256037434184822,1.7705360191148731,1.438374975359434,1.603681508020144,1.0021316550079724,0.982735558459431,7.097425745568706,8.641800339136276,5.69048799370584,6.865041940683668,321.0,0.0035558034883858606,0.0028997100289971,0.6415126580231214,2.5505997498178474,0.005712134117888933,4,37,6.843877142297389,7.015999321210026
25,7,0.7,0.8,excl_censored,19,21,7.8597189422049665,6.27178257068196,1.7705360191148731,1.4719517630882895,1.5879363715230062,0.9800504115257245,0.9605792112967366,7.123935140515003,8.659521993439888,5.685621773503114,6.901561281430999,305.0,0.004457673402773676,0.004299570042995701,0.5782897858003718,2.6161957441157058,0.007047704984622412,4,36,6.843877142297389,7.0462940365840545
25,8,0.8,0.9,all,19,22,7.60492611933316,6.159111076829299,1.8668146915047454,1.481665411996625,1.4458150425038614,0.8654996191659844,0.8487480136337395,6.819010555886355,8.415829355241835,5.547759887661354,6.772688544254828,310.0,0.008601304616119299,0.009999000099990002,0.4517134918175507,2.458496513767909,0.011170525475479608,4,37,6.832732040844075,6.828732751194549
25,8,0.8,0.9,excl_censored,19,21,7.60492611933316,6.1467522145074,1.8668146915047454,1.5170928398167292,1.4581739048257605,0.8619137375687075,0.8447896235772763,6.820678100069044,8.446567379146256,5.547623052393176,6.835130352954569,297.0,0.008610472967426036,0.009099090090990901,0.4337811148507366,2.4786503752527036,0.011480630623234714,4,36,6.832732040844075,6.840124016905808
25,9,0.9,1.0,all,19,22,8.710032360134438,6.794533768427531,2.1285311793856874,1.1816775350892528,1.915498591706907,1.1360486185370973,1.1140605807589599,7.864951804207058,9.703764120546095,6.334061218805723,7.298350910324666,334.0,0.001134037511943275,0.0006999300069993001,0.9181597071070696,2.9746677385206937,0.0030040728793199337,4,37,7.660243330998992,7.684577957404437
25,9,0.9,1.0,excl_censored,19,21,8.710032360134438,6.789549355981385,2.1285311793856874,1.2106221466228153,1.920483004153053,1.1243655346000967,1.102027146495459,7.8514978047806965,9.718654010360577,6.309907326851285,7.299172147423128,318.0,0.001393916027072069,0.0007999200079992001,0.9117049878785709,3.045370075619499,0.003742056448515622,4,36,7.660243330998992,7.706393833171319
26,0,0.0,0.1,all,19,22,7.876311043362823,5.324710413997868,2.8597334413853863,1.3034293590293393,2.5516006293649554,1.1783071632782984,1.1555012181825894,6.610024139130367,9.182626512159151,4.781291601523799,5.836538449644586,324.0,0.0027577220986616966,0.00039996000399960006,1.1995716484681767,3.9125464081236423,0.004880924068427782,4,37,5.644220235285354,6.600450215965008
26,0,0.0,0.1,excl_censored,19,21,7.876311043362823,5.326098339193641,2.8597334413853863,1.335600988435151,2.5502127041691818,1.1624727299182445,1.139377245217882,6.568523253650277,9.134504072991882,4.815198191284145,5.8905455629657215,308.0,0.0034438069596774688,0.0010998900109989002,1.2572936585756613,3.8660031352872437,0.006041766595925383,4,36,5.644220235285354,6.636697055717185
26,1,0.1,0.2,all,19,22,8.065442755480873,5.94552204005212,2.797863427296137,1.3776299887032553,2.119920715428753,0.9846931454909813,0.9656345684814784,6.858497594873034,9.282039449939264,5.446356201221012,6.552584693785556,315.0,0.005811549664936521,0.0037996200379962005,0.9168940383192209,3.4429062478306687,0.008185281218220451,4,37,6.777255291623916,6.944212866723987
26,1,0.1,0.2,excl_censored,19,21,8.065442755480873,6.015088474598997,2.797863427296137,1.3714829249479217,2.0503542808818764,0.945959131800501,0.9271652417647294,6.859667081275385,9.212220407927747,5.515963271610481,6.631509224060023,299.0,0.007333398615540424,0.004199580041995801,0.7033979561393294,3.3956236575052654,0.010115032573159205,4,36,6.777255291623916,7.012534698728328
26,2,0.2,0.3,all,19,22,8.40277142875251,6.699882064835395,2.906330228549364,1.5319607839812983,1.702889363917115,0.7494940348525849,0.7349876986941477,7.130958924663271,9.693006241950432,6.114142000838235,7.3342421744458886,293.0,0.029031895052936855,0.020397960203979604,0.37181340243752403,3.113365411092379,0.03207944204744404,4,37,6.819977114357197,7.561355516628314
26,2,0.2,0.3,excl_censored,19,21,8.40277142875251,6.746215987069486,2.906330228549364,1.5539167315412312,1.6565554416830244,0.7214722624365552,0.7071383764278819,7.165303156369964,9.745989514765995,6.136875528108164,7.4177927242797566,277.0,0.037027083054220644,0.027597240275972403,0.2778592252419885,3.138281695654339,0.04080119344817702,4,36,6.819977114357197,7.612313456036895
26,3,0.3,0.4,all,19,22,9.092323291131247,6.513875877197285,3.8635235315711274,1.7164491756334188,2.5784474139339624,0.8856663769776711,0.8685244471006839,7.705665723729731,10.936837391887655,5.879317722800559,7.211457988588513,316.0,0.005363128648524343,0.0022997700229977,0.928458675825411,4.649151933910034,0.007716731868380349,4,37,6.9839844751223525,7.787120917009313
26,3,0.3,0.4,excl_censored,19,21,9.092323291131247,6.5224444991404225,3.8635235315711274,1.758354807638371,2.569878791990825,0.8713774132539513,0.8540652792157933,7.689600982237437,10.953719814261103,5.818300439134137,7.276819997302998,300.0,0.006760919251259012,0.0023997600239976003,0.8923809260154754,4.480536943126512,0.009624084343429198,4,36,6.9839844751223525,7.827487197582034
26,4,0.4,0.5,all,19,22,9.06421072849229,6.6118779981468006,4.691615157266039,1.8890958149571346,2.452332730345489,0.7055608163679166,0.6919048005672471,7.294440095358271,11.5900173987605,5.899971466524869,7.412387982192952,298.0,0.020680072255280065,0.013498650134986502,0.5595830318994695,4.892521610383719,0.023702088544733598,4,37,6.119327456227936,7.92443270204517
26,4,0.4,0.5,excl_censored,19,21,9.06421072849229,6.5885365402632,4.691615157266039,1.9324936536859163,2.47567418822909,0.7032732271455079,0.6893009113744051,7.368736701778264,11.240724441570524,5.818462700086112,7.435218097816371,286.0,0.019847360665820553,0.0178982101789821,0.5059030238781794,4.804813718676975,0.022813058236575347,4,36,6.119327456227936,7.947276704499135
26,5,0.5,0.6,all,19,22,9.716768009704655,6.7437458688524945,5.066914664641828,1.4631331893915278,2.9730221408521604,0.8245019848801675,0.8085438819470029,7.905534000838183,12.335075189852914,6.1519417182785805,7.355927265878421,312.0,0.0073667083681546825,0.0006999300069993001,0.9846964955328587,5.559529448288436,0.009757229626694945,4,37,7.181612189440703,8.22309601463191
26,5,0.5,0.6,excl_censored,19,21,9.716768009704655,6.62780329203926,5.066914664641828,1.3918587329776104,3.0889647176653945,0.8508283532261057,0.8339244786586997,7.920978005439923,12.30996322410883,6.063315169279495,7.2099654610452735,305.0,0.004457673402773676,0.0008999100089991,1.0849691438529068,5.406686920220004,0.007047704984622412,4,36,7.181612189440703,8.196555904429172
26,6,0.6,0.7,all,19,22,8.915803548058822,6.9817488776150505,2.57679466479555,1.7232503992159132,1.9340546704437713,0.8955908473875119,0.8782568309864632,7.858586392201163,9.995953426631678,6.255442646782655,7.6763070949764876,300.0,0.017978355175496313,0.007899210078992101,0.6681585335571563,3.2322944009482173,0.020966011866468005,4,37,7.514628967683002,7.917303428376126
26,6,0.6,0.7,excl_censored,19,21,8.915803548058822,6.8968630696688695,2.57679466479555,1.718028569696407,2.0189404783899523,0.9313978787944899,0.9128932851760563,7.767085248324345,10.062554198731881,6.215839088105982,7.623872402756874,292.0,0.012712449388077474,0.006299370062993701,0.6879491657054727,3.4059157678962992,0.01579186259388506,4,36,7.514628967683002,7.893774333484217
26,7,0.7,0.8,all,19,22,8.950336677216496,7.040213661225556,2.0419069626682798,1.7235836106424298,1.9101230159909406,1.017526707056753,0.9978326417588804,8.049572661070432,9.897068855747643,6.393853071928399,7.786575232722059,323.0,0.003003459393580646,0.0036996300369963003,0.7688270529107017,3.099098930113356,0.0051561534653744995,4,37,7.624777855361729,7.957891513314291
26,7,0.7,0.8,excl_censored,19,21,8.950336677216496,7.0593503859081705,2.0419069626682798,1.7637510984460074,1.8909862913083257,0.994946759738475,0.9751796055714854,8.05164984346407,9.881562597769504,6.362760472408944,7.849070826519987,307.0,0.0037556942034487764,0.0029997000299970002,0.803423323506148,3.068762950002124,0.006447543696907771,4,36,7.624777855361729,7.994545654159391
26,8,0.8,0.9,all,19,22,8.544616437849792,6.870593409638127,2.2362698356822626,1.7989786704565323,1.6740230282116642,0.8317522217183979,0.8156537916206225,7.61192837503885,9.554835053382941,6.167247305006613,7.612435153376787,305.0,0.012532478993508352,0.0112988701129887,0.4883008966288785,2.854473170230247,0.015377274838660554,4,37,7.440944813074096,7.668567245375366
26,8,0.8,0.9,excl_censored,19,21,8.544616437849792,6.855455358371601,2.2362698356822626,1.8419682027180635,1.6891610794781906,0.8287216334537494,0.8122569652394365,7.607774104519582,9.54538608165407,6.111326692188025,7.632585504133086,294.0,0.010899867838734936,0.012198780121987801,0.47749153300859737,2.94718755249286,0.013885181960171893,4,36,7.440944813074096,7.681902655351482
26,9,0.9,1.0,all,19,22,9.86812278693277,7.674028579381126,2.5771536355099123,1.4109659062051372,2.194094207551643,1.0786782573659959,1.057800613675041,8.79239692160505,11.065372269951832,7.130565021918176,8.254903504585203,329.0,0.0017825908825435677,0.0005999400059994001,1.0038191219962298,3.477647264839963,0.003813028625761642,4,37,8.405922020609538,8.721601989612681
26,9,0.9,1.0,excl_censored,19,21,9.86812278693277,7.663733124061714,2.5771536355099123,1.4449628061135493,2.204389662871055,1.0699178328937693,1.048661187207138,8.822438254676028,11.062344135668809,7.058343650284958,8.286875989726243,314.0,0.002017988592121406,0.0006999300069993001,0.9916617837349808,3.607371002067068,0.004484419093603124,4,36,8.405922020609538,8.744695568738344
27,0,0.0,0.1,all,19,22,9.732502547199152,6.812704327932286,3.0969367160949473,1.5715884624868675,2.919798219266866,1.2169455984795772,1.1933918127025531,8.321271313064404,11.125407446323011,6.223741485933626,7.4513736242799915,324.0,0.0027577220986616966,0.0004999500049995,1.4112087846265087,4.334023520698014,0.004880924068427782,4,37,7.394494481901862,8.24916393739694
27,0,0.0,0.1,excl_censored,19,21,9.732502547199152,6.834423471019623,3.0969367160949473,1.6070121502393733,2.8980790761795285,1.1928860098001572,1.1691862877511474,8.358130934305356,11.043559134659311,6.182613386161586,7.509597318008643,308.0,0.0034438069596774688,0.0011998800119988001,1.532590845639496,4.396050586345464,0.006041766595925383,4,36,7.394494481901862,8.301735093349683
27,1,0.1,0.2,all,19,22,10.194678667273944,7.729087605651261,2.9650174399988685,1.62171029487692,2.465591061622683,1.0538580973100073,1.0334608438136845,8.893556111685767,11.481179552463603,7.103112107357093,8.441045353481224,316.0,0.005363128648524343,0.0014998500149985001,1.0071805006435766,3.8867874093679164,0.007716731868380349,4,37,8.950211926690674,8.863188494480271
27,1,0.1,0.2,excl_censored,19,21,10.194678667273944,7.824333980817861,2.9650174399988685,1.597460876435594,2.3703446864560833,1.010038305643029,0.9899713194382007,8.888729080655768,11.481080271162451,7.203581043264314,8.5386766821679,300.0,0.006760919251259012,0.0034996500349965005,0.8755394029113185,3.815920573777619,0.009624084343429198,4,36,8.950211926690674,8.950251682461593
27,2,0.2,0.3,all,19,22,10.543667266476426,8.61863591362808,3.1473005338408737,1.803596674445024,1.9250313528483467,0.7655326526239435,0.7507158916054155,9.112668738400417,11.942290621000835,7.903632087940338,9.423159175735512,295.0,0.025394913667526966,0.018998100189981004,0.3975188807490393,3.5270181754947734,0.02853361086238985,4,37,8.94577671524547,9.571798954105079
27,2,0.2,0.3,excl_censored,19,21,10.543667266476426,8.68094081581411,3.1473005338408737,1.8237151923892936,1.8627264506623167,0.7338704916813688,0.7192902832373681,9.188605843461268,11.90282001975411,7.967379398207665,9.48561594646675,279.0,0.03238441736663917,0.0254974502549745,0.29097504976736394,3.368537259572084,0.0361837065549041,4,36,8.94577671524547,9.634620231504625
27,3,0.3,0.4,all,19,22,11.277577473099678,8.423455229307537,4.113837014105039,1.9872663966182675,2.8541222437921405,0.9053898886217304,0.887866213358084,9.761745830137885,13.2762505379533,7.6201762227275225,9.28651168411563,310.0,0.008601304616119299,0.0016998300169983002,0.991439882074239,5.18292014147766,0.011170525475479608,4,37,9.155281931107062,9.809969170519771
27,3,0.3,0.4,excl_censored,19,21,11.277577473099678,8.436999605879933,4.113837014105039,2.0353013092724095,2.8405778672197446,0.8895630919307963,0.8718896530182639,9.731795920554733,13.320076404720947,7.605176052715941,9.302008545680863,294.0,0.010899867838734936,0.0016998300169983002,0.9918776971503585,4.98845755695266,0.013885181960171893,4,36,9.155281931107062,9.856384332998452
27,4,0.4,0.5,all,19,22,11.235797596737651,8.472776980017455,4.9879752121262015,2.020870997396211,2.763020616720196,0.7469789001383954,0.7325212440066845,9.312872964301059,13.6917465415651,7.699224371891971,9.297969661528967,299.0,0.019287909112540684,0.0091990800919908,0.6967128962158392,5.310422225704329,0.022362793173960213,4,37,8.06848027533753,9.93533315667701
27,4,0.4,0.5,excl_censored,19,21,11.235797596737651,8.455770070118612,4.9879752121262015,2.0691626904101845,2.7800275266190386,0.7419714348769719,0.7272302805416678,9.386360208553864,13.656178527029402,7.657149872329291,9.338059365836022,285.0,0.021327445140799244,0.012098790120987902,0.7020068042253442,5.229633346881284,0.0242357331145446,4,36,8.06848027533753,9.96603901969878
27,5,0.5,0.6,all,19,22,11.935658997067657,8.671012004741264,5.422299162811845,1.6355391649107731,3.2646469923263925,0.8426411579455673,0.826331974243395,10.013025471197302,14.64555284231577,8.052920434845355,9.326558667243711,312.0,0.0073667083681546825,0.0013998600139986002,1.084756474842338,5.866451537960233,0.009757229626694945,4,37,9.390877382438065,10.269629068076785
27,5,0.5,0.6,excl_censored,19,21,11.935658997067657,8.550787573352649,5.422299162811845,1.5731663506451403,3.3848714237150084,0.8673599614288572,0.8501276443143766,9.88329772132422,14.677263142675766,7.9043915844554835,9.235329352658228,305.0,0.004457673402773676,0.0010998900109989002,1.227906779041554,6.198571107894741,0.007047704984622412,4,36,9.390877382438065,10.243904179303858
27,6,0.6,0.7,all,19,22,11.054063533317004,8.950609050599677,2.8212278087841542,1.8891712333351642,2.1034544827173267,0.8892460127919712,0.8720347996411588,9.789366532261306,12.321220027451934,8.198125072812559,9.708599383070508,298.0,0.020680072255280065,0.008399160083991601,0.664371429528992,3.640838465642226,0.023702088544733598,4,37,9.689868764480275,9.950841383467429
27,6,0.6,0.7,excl_censored,19,21,11.054063533317004,8.867564833395553,2.8212278087841542,1.8942309378344042,2.186498699921451,0.9191606047465997,0.9008991357781242,9.89718451662736,12.353525872073703,8.077377295711761,9.682900411658945,289.0,0.015931854820559234,0.006199380061993801,0.6982668853240622,3.6473113904807852,0.01891021343686556,4,36,9.689868764480275,9.930183154900238
27,7,0.7,0.8,all,19,22,11.049453529691046,9.011282857214566,2.1576952837386716,1.9313373445314788,2.0381706724764808,0.9996250040194085,0.9802774232964521,10.162576884460952,11.983613650172039,8.302137712926386,9.829114224323252,321.0,0.0035558034883858606,0.0030996900309969004,0.7728746783520932,3.238362493978888,0.005712134117888933,4,37,9.76185549605642,9.976768052395261
27,7,0.7,0.8,excl_censored,19,21,11.049453529691046,9.044648031916628,2.1576952837386716,1.9725241214003006,2.0048054977744183,0.9721163020883332,0.952802733172671,10.149620138930953,12.032347923873058,8.243668836952994,9.887127385921572,304.0,0.004851493247946607,0.005599440055994401,0.7481908329360102,3.2869666376091846,0.007406859920529171,4,36,9.76185549605642,10.023050104170927
27,8,0.8,0.9,all,19,22,10.623861318769583,8.765409442280829,2.392561693684636,1.9617599646710866,1.858451876488754,0.85594072494692,0.839374130270528,9.602312539530004,11.618242351890588,8.019938009869046,9.584715247402587,310.0,0.008601304616119299,0.009099090090990901,0.5347614114765268,3.181711574233376,0.011170525475479608,4,37,9.572598135284533,9.632485952585467
27,8,0.8,0.9,excl_censored,19,21,10.623861318769583,8.752584923419791,2.392561693684636,2.0092605728413684,1.871276395349792,0.8509020417254508,0.833996703148124,9.58906313244136,11.631503122167489,7.968618646910879,9.622307629895866,296.0,0.00932072835933322,0.0115988401159884,0.5598442046127903,3.1544870671193124,0.012223906045027173,4,36,9.572598135284533,9.649090441869435
27,9,0.9,1.0,all,19,22,12.041755976152857,9.61407618593866,2.7306657218369406,1.5808072796865955,2.4276797902141958,1.1095749462321718,1.088099302111549,10.916184002101273,13.260411623608324,8.99265436360932,10.275761150599433,331.0,0.0014904403708231285,0.0006999300069993001,1.1085409497364755,3.8057788866038305,0.0035486675495788773,4,37,10.635699996078326,10.750276747384905
27,9,0.9,1.0,excl_censored,19,21,12.041755976152857,9.601729700413554,2.7306657218369406,1.618758157818598,2.440026275739303,1.1010351013727164,1.07916023180902,10.90508821031848,13.301369243399977,8.94418775272153,10.300549345293733,315.0,0.001841595484321759,0.0004999500049995,1.1227284516378722,3.7428373758726625,0.004333165845462963,4,36,10.635699996078326,10.774635757535433
28,0,0.0,0.1,all,19,22,11.116300720885938,7.9299863796204395,3.4798082390656693,1.7641883725799103,3.186314341265499,1.182170717784667,1.159289994214641,9.64878246423574,12.613571679270477,7.2515829889926735,8.67460753749917,324.0,0.0027577220986616966,0.0005999400059994001,1.4989021031053733,4.854694905987339,0.004880924068427782,4,37,8.52949393844003,9.501390224181684
28,0,0.0,0.1,excl_censored,19,21,11.116300720885938,7.944246543147342,3.4798082390656693,1.8064554263389274,3.1720541777385964,1.1618864520121246,1.1388026152171817,9.646767812329701,12.687300587105334,7.2053884150444505,8.700499164104468,308.0,0.0034438069596774688,0.0007999200079992001,1.4748578792163216,4.874119037969047,0.006041766595925383,4,36,8.52949393844003,9.55335875969908
28,1,0.1,0.2,all,19,22,11.69442628103461,8.988060184028297,3.426827477078901,1.8699135762138273,2.7063660970063133,1.001486808995114,0.9821031933371441,10.282079861610283,13.16665496517098,8.269175461496276,9.80298605515266,313.0,0.006811132003560291,0.0037996200379962005,0.963810754653002,4.438555644908141,0.009173241755636757,4,37,10.447888321005873,10.219996489304231
28,1,0.1,0.2,excl_censored,19,21,11.69442628103461,9.09736022707692,3.426827477078901,1.8426723759945152,2.5970660539576915,0.9579671676481203,0.9389347073637205,10.28809968562381,13.227494131523892,8.405563531939318,9.888523319277223,297.0,0.008610472967426036,0.004999500049995001,0.8534515746868556,4.3589116179435194,0.011480630623234714,4,36,10.447888321005873,10.317975300673593
28,2,0.2,0.3,all,19,22,12.19326502362064,9.926044314765171,3.534996913733371,2.1241770196738474,2.2672207088554686,0.7918885432688044,0.7765616682377953,10.656254584648648,13.696300872100503,9.10283785174831,10.820692910090532,302.0,0.01559097329501446,0.018098190180981903,0.4010772052425299,4.081653835111965,0.018560682494064833,4,37,10.26994511118599,11.053114322402214
28,2,0.2,0.3,excl_censored,19,21,12.19326502362064,9.999116549467155,3.534996913733371,2.148113305244324,2.1941484741534847,0.7594127617009699,0.744325090938699,10.681942830195322,13.810699863371218,9.135452723005347,10.881206517393421,285.0,0.021327445140799244,0.022497750224977502,0.28677780852317303,3.9631144567897203,0.0242357331145446,4,36,10.26994511118599,11.127047292857178
28,3,0.3,0.4,all,19,22,13.070358698760156,9.787086933610947,4.783955089926219,2.2985646871313845,3.283271765149209,0.8966611956061515,0.8793064627879679,11.25500792359178,15.44849929472448,8.893900799819134,10.735126805770738,316.0,0.005363128648524343,0.000999900009999,1.2754414079870082,5.833634609801383,0.007716731868380349,4,37,10.61287748357934,11.383816699501796
28,3,0.3,0.4,excl_censored,19,21,13.070358698760156,9.808126801563471,4.783955089926219,2.3531561328075647,3.262231897196685,0.8795910762271884,0.8621157568319462,11.276022959248346,15.392497027732492,8.846326120780603,10.808337166902238,300.0,0.006760919251259012,0.0024997500249975004,1.1490243281262644,5.715822278253232,0.009624084343429198,4,36,10.61287748357934,11.440443560415515
28,4,0.4,0.5,all,19,22,13.039490994007561,9.721399803986499,5.729264107805914,2.340070799737729,3.318091190021063,0.779954082859758,0.7648581973850529,11.006200031182606,15.814878175514098,8.843532992415028,10.727558967813474,303.0,0.014505442479429857,0.0066993300669933005,0.925251403178932,6.154038590895885,0.017371787400514798,4,37,9.440306216171313,11.455672965112468
28,4,0.4,0.5,excl_censored,19,21,13.039490994007561,9.708271614913084,5.729264107805914,2.3970287118071005,3.3312193790944775,0.7729794449495648,0.7576222374340106,10.909802241847508,16.002799904898616,8.785888712803796,10.823419020057285,288.0,0.017154059840394496,0.007999200079992,0.8958725544170238,6.241776068847893,0.02024077857273687,4,36,9.440306216171313,11.496189109295365
28,5,0.5,0.6,all,19,22,13.91615890842298,10.048476442602217,6.133403465164213,1.9606358655211136,3.8676824658207636,0.8773809695010952,0.8603994023494611,11.641862734112436,16.768542065212486,9.323979915405213,10.858649523110678,317.0,0.004946189168062469,0.0011998800119988001,1.4219765356851781,6.961019171056305,0.007300648218542389,4,37,10.963751993951123,11.935634946526513
28,5,0.5,0.6,excl_censored,19,21,13.91615890842298,9.906237818242769,6.133403465164213,1.8891644873932432,4.009921090180212,0.9034987661987517,0.8855484595855315,11.7052075304684,16.953230257214084,9.14035454564358,10.682691268645199,309.0,0.0031556734004143713,0.0005999400059994001,1.5606474175657838,7.213611117484688,0.0057902264227786635,4,36,10.963751993951123,11.90508348520362
28,6,0.6,0.7,all,19,22,12.917482972586624,10.335263636258038,3.250684118718643,2.2109677775018826,2.5822193363285866,0.9423118717090588,0.9240735774179157,11.564463439879932,14.316988724887,9.476915856515395,11.294440720342877,301.0,0.016747350182864072,0.0044995500449955,0.8334064709378114,4.343627948134127,0.019702764921016556,4,37,11.413864937287926,11.544662614261378
28,6,0.6,0.7,excl_censored,19,21,12.917482972586624,10.241107453407821,3.250684118718643,2.219911485723488,2.6763755191788032,0.9708819506293295,0.9515929052525879,11.572763290207392,14.308537415063796,9.313456789740075,11.093759236237664,291.0,0.013715065414385651,0.0045995400459954,1.0563548175344624,4.242422179429929,0.0167256895297386,4,36,11.413864937287926,11.523332590321068
28,7,0.7,0.8,all,19,22,12.843517511447681,10.443425432611663,2.4432529369624656,2.3394931677050974,2.4000920788360176,1.0050878487382304,0.9856345355368453,11.807962617187226,13.943684587045672,9.550576871295087,11.462419100153681,326.0,0.002320492605204538,0.0035996400359964,1.0627265338102254,3.845685440204086,0.004462485779239496,4,37,11.342427409292217,11.578715745886315
28,7,0.7,0.8,excl_censored,19,21,12.843517511447681,10.488541492842282,2.4432529369624656,2.387440176308057,2.3549760186053987,0.9755336813078428,0.9561522174407996,11.786116074267824,13.85402484016704,9.56134215752616,11.521066673219627,308.0,0.0034438069596774688,0.0032996700329967,0.9101958923290321,3.8587390326560906,0.006041766595925383,4,36,11.342427409292217,11.63656928972292
28,8,0.8,0.9,all,19,22,12.167025203657033,10.130487424276755,2.703155397605092,2.3884404856876738,2.0365377793802786,0.8022456460619112,0.7867183109768419,11.034668133172977,13.413782917194212,9.156306750693863,11.124012005443124,305.0,0.012532478993508352,0.014998500149985002,0.49882327868427645,3.559656485162589,0.015377274838660554,4,37,10.998949888043231,11.082389260848629
28,8,0.8,0.9,excl_censored,19,21,12.167025203657033,10.099671091845515,2.703155397605092,2.442937477873171,2.067354111811518,0.8045789563696458,0.788593943991441,11.01622575538198,13.437944805978908,9.080719532374092,11.174027621553188,294.0,0.010899867838734936,0.015498450154984501,0.6510593292657493,3.550575395883492,0.013885181960171893,4,36,10.998949888043231,11.090854784612958
28,9,0.9,1.0,all,19,22,13.887461191265738,11.187390772751536,3.1683639249801554,1.8776449340816244,2.7000704185142013,1.0564945510321213,1.0360462693992414,12.561107539773237,15.276004948376766,10.465200856429842,11.997502394722233,330.0,0.0016305036228348349,0.0006999300069993001,1.1949793837535636,4.38243246898864,0.003664053085022101,4,37,12.207902316177943,12.46358784783435
28,9,0.9,1.0,excl_censored,19,21,13.887461191265738,11.179460134022758,3.1683639249801554,1.9236359188262666,2.7080010572429796,1.0459845429898378,1.0252033931291125,12.568401930984894,15.279735158383314,10.36876669943883,11.980479673557255,314.0,0.002017988592121406,0.0016998300169983002,1.2035839220324178,4.303118114397108,0.004484419093603124,4,36,12.207902316177943,12.494411560661531
29,0,0.0,0.1,all,19,22,14.286010494764923,10.651700945839325,4.21138708437248,2.109528345060381,3.6343095489255983,1.1172204984371603,1.0955968758867636,12.322248885502283,16.042346466121668,9.81623663262239,11.537924312823757,327.0,0.002126574788868804,0.0006999300069993001,1.6867441063622155,5.568340665173358,0.00421103918587882,4,37,11.26779961090261,12.4513627504159
29,0,0.0,0.1,excl_censored,19,21,14.286010494764923,10.658428233159427,4.21138708437248,2.161381481327758,3.6275822616054967,1.1007906859500396,1.0789206723218931,12.420780527533715,16.068107101874354,9.76509511792665,11.587770961351552,311.0,0.002644304406362379,0.0013998600139986002,1.5109263879549675,5.652242041031461,0.005262297326094287,4,36,11.26779961090261,12.505277607035305
29,1,0.1,0.2,all,19,22,14.954376066730031,12.021650854878283,3.9107132604470394,2.0553759991502227,2.932725211851748,0.9599567772155393,0.9413769686242708,13.24358391868309,16.674651725333653,11.236658645149557,12.885855975769307,313.0,0.006811132003560291,0.0040995900409959,1.0276458244220044,4.822426861223237,0.009173241755636757,4,37,13.609029011563958,13.356036433214516
29,1,0.1,0.2,excl_censored,19,21,14.954376066730031,12.134923089653237,3.9107132604470394,2.0345545413993835,2.8194529770767947,0.9184805976829682,0.9002326387886046,13.236427775910936,16.62698701131075,11.29786914890569,13.010309608074913,297.0,0.008610472967426036,0.0072992700729927005,0.8874825718583095,4.64213648479155,0.011480630623234714,4,36,13.609029011563958,13.459178169564801
29,2,0.2,0.3,all,19,22,15.51888366030115,13.03301162549742,4.013924669319379,2.4287111527954686,2.48587203480373,0.7630866087206378,0.7483171904873351,13.826811477656962,17.313931666621905,12.071636848507731,14.000434766164208,296.0,0.02372916549853407,0.0187981201879812,0.32579115512744,4.456233189542986,0.02688857280287147,4,37,13.364263576316313,14.273729486524319
29,2,0.2,0.3,excl_censored,19,21,15.51888366030115,13.114250376921218,4.013924669319379,2.4578681585001285,2.4046332833799315,0.7313227270689733,0.7167931364649539,13.737877243236088,17.196137265877162,12.124362636401482,14.194993706564045,280.0,0.030256423160121886,0.024897510248975102,0.32742648272637487,4.3602649901459944,0.03390075424103293,4,36,13.364263576316313,14.355583143216725
29,3,0.3,0.4,all,19,22,16.51205822585439,12.791739397257123,5.409276025454849,2.5574883791386003,3.720318828597266,0.9016026564903705,0.8841522824937826,14.565069623572008,19.153377574457824,11.749831492633433,13.836410714456974,314.0,0.006293499750235036,0.0023997600239976003,1.4187589390339135,6.417934968535476,0.008740971875326438,4,37,13.8530533162173,14.587436750432996
29,3,0.3,0.4,excl_censored,19,21,16.51205822585439,12.812168452303075,5.409276025454849,2.618805729831788,3.6998897735513143,0.8852101075311422,0.8676231517523777,14.499784441251917,19.188854658908298,11.753729373551613,13.964215761004013,298.0,0.00794899579919988,0.001999800019998,1.353151885147785,6.646400937574504,0.010889035341369698,4,36,13.8530533162173,14.649234181242466
29,4,0.4,0.5,all,19,22,16.43417552703274,12.697188443202776,6.375234547497397,2.5664416399952144,3.7369870838299626,0.7912581520275833,0.775943478117372,14.175468139768716,19.47088099738397,11.708200419130346,13.788620823331398,301.0,0.016747350182864072,0.0053994600539946005,0.9846755467355834,6.927918791389834,0.019702764921016556,4,37,12.39657858526596,14.648680173595114
29,4,0.4,0.5,excl_censored,19,21,16.43417552703274,12.680696283075457,6.375234547497397,2.628625273026098,3.7534792439572815,0.7845515483214262,0.768964431467358,14.001552562397979,19.509244722852753,11.617545681582929,13.822549208245215,286.0,0.019847360665820553,0.007499250074992501,1.1722298387491754,7.191620541795531,0.022813058236575347,4,36,12.39657858526596,14.693267850476186
29,5,0.5,0.6,all,19,22,17.419664327349988,13.034591575779235,6.786531877368105,2.1309197068317345,4.385072751570753,0.9007059314603318,0.8832729134320673,14.9391414603102,20.764270232106078,12.210127677072265,13.94854008952512,325.0,0.002530482792477342,0.0004999500049995,1.7604335830004405,7.946410657016951,0.004686079245328411,4,37,14.225029307857,15.157689720415272
29,5,0.5,0.6,excl_censored,19,21,17.419664327349988,12.873563462399856,6.786531877368105,2.041782433467429,4.546100864950132,0.9277635969783934,0.9093312076344519,15.04397637555953,20.549567103095345,12.015942038038986,13.730927790089277,316.0,0.0016794712381882463,0.0004999500049995,1.9351639236111178,8.082336317547155,0.004198678095470616,4,36,14.225029307857,15.122731602739416
29,6,0.6,0.7,all,19,22,16.20719446280973,13.296829106905454,3.6174617738394157,2.337900601552845,2.9103653559042773,0.9710491540105332,0.9522546542554905,14.637229438491628,17.79395412995046,12.369314799099614,14.211057327489971,303.0,0.014505442479429857,0.0037996200379962005,1.0648433345693336,4.686642400478248,0.017371787400514798,4,37,14.477697745785155,14.663679571950382
29,6,0.6,0.7,excl_censored,19,21,16.20719446280973,13.188803827569984,3.6174617738394157,2.3386969951971137,3.018390635239747,1.0018353238232964,0.9819313107672044,14.63029069412691,17.84757740186604,12.249269384095266,14.202234529564986,293.0,0.011775259209823556,0.0030996900309969004,1.1243586243202766,4.923228922040452,0.014905391404839945,4,36,14.477697745785155,14.638632894144829
29,7,0.7,0.8,all,19,22,15.97031994827108,13.382746710170393,2.708090608229296,2.4770496332526992,2.5875732381006866,1.0005116732190842,0.9811469311567793,14.794852079156534,17.151952156309434,12.433065257446184,14.476427531444513,317.0,0.004946189168062469,0.0026997300269973002,1.0568585334831004,4.130509638986716,0.007300648218542389,4,37,14.443588243434643,14.596814963977312
29,7,0.7,0.8,excl_censored,19,21,15.97031994827108,13.426662312492889,2.708090608229296,2.5294294670805635,2.5436576357781906,0.9725022856698656,0.953181048206226,14.716690273309741,17.111997479806497,12.425200482190931,14.516659085504832,300.0,0.006760919251259012,0.0037996200379962005,0.9743633844196726,4.094888660020396,0.009624084343429198,4,36,14.443588243434643,14.65615651682674
29,8,0.8,0.9,all,19,22,15.364930600747437,12.9979102442233,3.12312034575016,2.5024831013364794,2.3670203565241366,0.8435445620569508,0.827217893113913,14.08592439995666,16.80166481583931,11.994845392454991,14.029128500611096,313.0,0.006811132003560291,0.0112988701129887,0.7601686973180963,4.101723416764322,0.009173241755636757,4,37,14.079291731315632,14.096501077347336
29,8,0.8,0.9,excl_censored,19,21,15.364930600747437,12.97299952838951,3.12312034575016,2.5614855445941798,2.3919310723579272,0.8418156906778097,0.8250908756312307,13.990370846185598,16.740158248703587,11.907908398045386,14.041277091407892,299.0,0.007333398615540424,0.011198880111988802,0.7645393964753806,4.077364977183487,0.010115032573159205,4,36,14.079291731315632,14.112486238475512
29,9,0.9,1.0,all,19,22,17.31512811803171,14.033920704331365,3.808471017653604,2.001215436306054,3.2812074137003435,1.1029142733263193,1.0815675454554872,15.684200022325797,19.09198620243623,13.21984287828668,14.82853478978469,330.0,0.0016305036228348349,0.00029997000299970003,1.5532528639725292,5.135411229900564,0.003664053085022101,4,37,15.112050568223694,15.602310472026971
29,9,0.9,1.0,excl_censored,19,21,17.31512811803171,14.022117086135742,3.808471017653604,2.0498507181834427,3.2930110318959667,1.092700772393659,1.0709914855249107,15.777585897390995,19.09160102742669,13.172893543616258,14.929439940100456,314.0,0.002017988592121406,0.0006999300069993001,1.5464145846898023,5.1886142501754895,0.004484419093603124,4,36,15.112050568223694,15.63899141051551
30,0,0.0,0.1,all,19,22,17.12519207171532,13.796236981733704,4.106083747616747,2.1001065871221805,3.328955089981614,1.0445732483720649,1.0243557016293796,15.245075686378316,18.867368647989064,12.950410162508762,14.6665549049869,326.0,0.002320492605204538,0.001999800019998,1.389709936163045,5.355512968815871,0.004462485779239496,4,37,14.500438671309453,15.429570493932289
30,0,0.0,0.1,excl_censored,19,21,17.12519207171532,13.785924627541501,4.106083747616747,2.151398033778526,3.3392674441738173,1.034352569009954,1.0138025179700212,15.313496168373987,18.92072771395761,12.912748183262536,14.70463870438479,310.0,0.002889679595292828,0.0021997800219978004,1.4033856140659804,5.295229143843149,0.0055570761447939,4,36,14.500438671309453,15.468925329325685
30,1,0.1,0.2,all,19,22,18.42563585717576,15.719078806925213,3.806286537223793,1.9737542988346615,2.706557050250547,0.9131913905548609,0.8955167184796055,16.69052701364786,20.029947872544138,14.962120087457649,16.583946326825487,306.0,0.011638166276085082,0.005499450054994501,0.845085908798626,4.584830789602748,0.014457349411285816,4,37,17.535297173159947,16.912584495839305
30,1,0.1,0.2,excl_censored,19,21,18.42563585717576,15.85689756951172,3.806286537223793,1.91094993975889,2.56873828766404,0.866679524239641,0.8494607257448137,16.738775416471448,20.16282364946619,15.07835879989121,16.696089844906588,290.0,0.014786888242683939,0.0086991300869913,0.7669011804657374,4.400767334039161,0.017762027919139868,4,36,17.535297173159947,17.026131709817935
30,2,0.2,0.3,all,19,22,19.239978390014496,16.794991776759414,4.093584121552664,2.427262690542808,2.4449866132550824,0.7403409466118881,0.7260117670000451,17.443081542700394,21.064109677554193,15.841541074585459,17.861220077542196,290.0,0.03532438905919525,0.0245975402459754,0.508305302007518,4.426302431147946,0.038500696522283655,4,37,17.2198236928463,18.004597668313444
30,2,0.2,0.3,excl_censored,19,21,19.239978390014496,16.874790967353352,4.093584121552664,2.4574551140187544,2.365187422661144,0.7093939033479644,0.6952999847384022,17.488420259765267,20.93177636809635,15.920188126182236,17.97918274299177,274.0,0.04504720324370858,0.0332966703329667,0.34556694365500906,4.243718640708675,0.04909776920295214,4,36,17.2198236928463,18.084747359814187
30,3,0.3,0.4,all,19,22,20.140549383496598,16.38257776277423,5.620922401690014,2.6036373016473027,3.757971620722369,0.8800992796098368,0.8630651000044851,18.00908155788388,22.982806373570686,15.340279280752993,17.468505149732586,321.0,0.0035558034883858606,0.0012998700129987,1.4466535647947183,6.708355985293152,0.005712134117888933,4,37,17.625937153688255,18.177929741965283
30,3,0.3,0.4,excl_censored,19,21,20.140549383496598,16.395913603292804,5.620922401690014,2.6671642895063155,3.7446357802037937,0.8657098122355985,0.8485102795421761,18.07319327604543,22.84057397803928,15.37732150819768,17.501327419970725,305.0,0.004457673402773676,0.0021997800219978004,1.3667688385667702,6.732782500355802,0.007047704984622412,4,36,17.625937153688255,18.23557987057865
30,4,0.4,0.5,all,19,22,20.03191787377472,16.149692186468332,6.767339452755208,2.579016313791767,3.882225687306388,0.7808536978845082,0.7657404005060984,17.536554619682363,23.324636343478844,15.162690538679636,17.309474658137958,309.0,0.00928542109010387,0.0059994000599940004,1.2307464287139929,7.181024875874224,0.011904386012953681,4,37,15.865872056579196,18.17395079669476
30,4,0.4,0.5,excl_censored,19,21,20.03191787377472,16.126438051340607,6.767339452755208,2.6403408810704407,3.9054798224341134,0.7754951163733669,0.7600879286308496,17.523832535471904,23.42651971040944,15.101370045714038,17.24596578458923,295.0,0.010082799765660759,0.0057994200579942,1.0544709976327338,7.194251069888677,0.012968231209853066,4,36,15.865872056579196,18.21661529037654
30,5,0.5,0.6,all,19,22,21.08998845609173,16.453651669768576,7.301170433406722,2.1785066449792683,4.636336786323156,0.8896518184885578,0.8724327510339405,18.47952919065169,24.848299451941422,15.613704030055072,17.332819637760593,330.0,0.0016305036228348349,0.0006999300069993001,1.8160408765679616,8.200757665370343,0.003664053085022101,4,37,17.894890539987255,18.678663655154118
30,5,0.5,0.6,excl_censored,19,21,21.08998845609173,16.272150520779604,7.301170433406722,2.0548017307472968,4.817837935312127,0.9191779503795343,0.9009161367958349,18.535954720966416,24.743075470254894,15.404307054664104,17.18765762861666,321.0,0.0010485701095385488,0.00019998000199980003,2.0817790916894,8.705726615897479,0.003355424350523356,4,36,17.894890539987255,18.634593873393484
30,6,0.6,0.7,all,19,22,19.637866514727914,16.692321116598325,3.721304498539884,2.42803798590181,2.945545398129589,0.9523654609472366,0.9339325810579352,17.97734493673781,21.307819355454466,15.729501717837792,17.71248103663161,304.0,0.01348711356572764,0.0047995200479952005,1.0719425820111785,4.820572204739563,0.01629862666553189,4,37,18.04615184873265,18.058538404055753
30,6,0.6,0.7,excl_censored,19,21,19.637866514727914,16.57071989479559,3.721304498539884,2.4183797228737114,3.0671466199323234,0.9879731553117624,0.9683445495770917,18.099661480071713,21.222745735241734,15.53995666659823,17.61585367011465,295.0,0.010082799765660759,0.0024997500249975004,1.2279103504710183,4.949693069897619,0.012968231209853066,4,36,18.04615184873265,18.02555483821131
30,7,0.7,0.8,all,19,22,19.360436659952963,16.74119089461099,2.752693169150066,2.5834686295598988,2.6192457653419723,0.9836032204051174,0.964565738719857,18.181695505209134,20.62936606698145,15.78034302836849,17.8388516449141,322.0,0.0032690189024478997,0.0036996300369963003,1.0141718980570633,4.2100980975558935,0.005448364837413166,4,37,17.90049099118823,17.960879250156633
30,7,0.7,0.8,excl_censored,19,21,19.360436659952963,16.785532461723577,2.752693169150066,2.638675242476177,2.5749041982293868,0.9560457706113213,0.9370514837779839,18.1513246303928,20.601439690705288,15.769366931092135,17.945616434755653,305.0,0.004457673402773676,0.004199580041995801,0.9513439444175174,4.144099410033242,0.007047704984622412,4,36,17.90049099118823,18.020625396404128
30,8,0.8,0.9,all,19,22,18.657525315095892,16.21232621166982,3.3240195658907745,2.7926589338175276,2.4451991034260736,0.8018546756248777,0.7863349077095574,17.199529878578318,20.128951034120053,15.059342485731072,17.345866657422874,304.0,0.01348711356572764,0.014698530146985302,0.6016283081626629,4.31715591548942,0.01629862666553189,4,37,17.305643927444475,17.349772484696757
30,8,0.8,0.9,excl_censored,19,21,18.657525315095892,16.18265364824248,3.3240195658907745,2.8580679605447314,2.4748716668534136,0.8015623550066736,0.7856372751058788,17.24686841562953,20.160559634023226,14.918523045702681,17.370005635427816,291.0,0.013715065414385651,0.0143985601439856,0.6855430843886591,4.363078752975346,0.0167256895297386,4,36,17.305643927444475,17.364059219170443
30,9,0.9,1.0,all,19,22,20.62874996231043,17.255107836535334,4.171558469276021,2.171588057502199,3.3736421257750955,1.0376302227194576,1.0175470571184357,18.95796650444186,22.488686898950597,16.386429333713316,18.152591237134526,330.0,0.0016305036228348349,0.0014998500149985001,1.378276255740931,5.385692788535551,0.003664053085022101,4,37,18.274012778602348,18.877366772250436
30,9,0.9,1.0,excl_censored,19,21,20.62874996231043,17.239178778707338,4.171558469276021,2.2238981879250987,3.389571183603092,1.0292232988291201,1.00877515381927,18.914408452036064,22.59177534819731,16.38704757312529,18.254107625995395,315.0,0.001841595484321759,0.0018998100189981002,1.475325297540638,5.460608929383591,0.004333165845462963,4,36,18.274012778602348,18.91313757006508
31,0,0.0,0.1,all,19,22,21.17964776552771,16.824550458710945,5.059651592511685,2.6512603603506295,4.355097306816766,1.102631802289752,1.081290541600273,18.92898767022724,23.297608278923597,15.842125478185206,17.939101435377484,326.0,0.002320492605204538,0.0008999100089991,1.8780840757484474,6.733975067671915,0.004462485779239496,4,37,17.7603982338983,18.959779045974976
31,0,0.0,0.1,excl_censored,19,21,21.17964776552771,16.83442652278085,5.059651592511685,2.716318736243214,4.345221242746863,1.0859757404319768,1.0644000634697521,18.91283931010399,23.48046563497781,15.74356127958662,18.012832437968463,310.0,0.002889679595292828,0.0008999100089991,1.9239746097290178,6.814834163380821,0.0055570761447939,4,36,17.7603982338983,19.024851988550868
31,1,0.1,0.2,all,19,22,22.43143931845475,18.68051073672548,4.600212149892905,2.5916311324362167,3.7509285817292692,1.0253009376248021,1.005456403348193,20.38144741886873,24.512753694018144,17.623808241386374,19.747180434593528,313.0,0.006811132003560291,0.0012998700129987,1.4179447127192002,6.009047285582686,0.009173241755636757,4,37,20.983238770606103,20.357719680437196
31,1,0.1,0.2,excl_censored,19,21,22.43143931845475,18.832040617361578,4.600212149892905,2.5538154560935133,3.599398701093172,0.9812070730037643,0.9617128927454114,20.35737683084884,24.391532994107557,17.780000622232162,19.948652274960416,297.0,0.008610472967426036,0.0030996900309969004,1.262101756407755,5.793780584313683,0.011480630623234714,4,36,20.983238770606103,20.492701248133578
31,2,0.2,0.3,all,19,22,23.28697169079433,19.80448305571073,4.8953878462189735,3.0715549505636095,3.4824886350836017,0.8668171776244622,0.8500400709607628,21.16503355510279,25.40879319534294,18.55588152032829,21.1141267290568,305.0,0.012532478993508352,0.0081991800819918,1.0970566303355846,5.882326684753742,0.015377274838660554,4,37,20.578409085868827,21.509120351547374
31,2,0.2,0.3,excl_censored,19,21,23.28697169079433,19.907594010732428,4.8953878462189735,3.1081467356123436,3.3793776800619035,0.8335565653960509,0.8169958389312287,21.080335942978483,25.37519529073548,18.667551814618104,21.171267807042902,289.0,0.015931854820559234,0.0115988401159884,0.9297186353025192,5.881433313674539,0.01891021343686556,4,36,20.578409085868827,21.61661944463883
31,3,0.3,0.4,all,19,22,24.27741890220982,19.41098150960239,6.569229322220742,3.2124897356695183,4.8664373926074305,0.9641792874336802,0.9455177528381896,21.835170765374176,27.420094254185134,18.205951008025128,20.777405208934486,319.0,0.0041990725091181425,0.00039996000399960006,2.0575722694831393,8.341982016412578,0.006362231074421428,4,37,21.117849571307012,21.725436596432733
31,3,0.3,0.4,excl_censored,19,21,24.27741890220982,19.446636530633505,6.569229322220742,3.28735885427038,4.830782371576316,0.945044009715089,0.9262683009128024,21.917476752235274,27.474817194840377,18.12873567190903,20.864232072573664,303.0,0.0052765306533810175,0.0010998900109989002,1.9770519785363598,8.179263168386864,0.007964574571141159,4,36,21.117849571307012,21.810525777779503
31,4,0.4,0.5,all,19,22,24.099382705793868,19.07525666103801,7.787495110486466,3.1901124368954954,5.024126044755857,0.8684274998695146,0.8516192256784917,21.196735619892586,27.756272635991618,17.86445982361128,20.361650750283086,319.0,0.0041990725091181425,0.0020997900209979003,1.6687315859361616,9.005671732893841,0.006362231074421428,4,37,19.06731738445065,21.656071578786953
31,4,0.4,0.5,excl_censored,19,21,24.099382705793868,19.06381510137532,7.787495110486466,3.268429932474534,5.035567604418549,0.8591935897510807,0.8421235184315229,21.240723876181484,28.060732182596002,17.72767590154846,20.559495417848794,304.0,0.004851493247946607,0.0040995900409959,1.7649542323649472,8.935424961875482,0.007406859920529171,4,36,19.06731738445065,21.721086638921186
31,5,0.5,0.6,all,19,22,25.19769899438901,19.4618506151051,8.37588956296093,2.690629485131359,5.735848379283912,0.9523093240469933,0.9338775306783418,22.25449061512872,29.16951805860048,18.37723698654452,20.59528566900975,336.0,0.0009421334173269092,0.00039996000399960006,2.369570894617982,9.956456632480766,0.0028549497494754824,4,37,21.345849612736952,22.20361070202042
31,5,0.5,0.6,excl_censored,19,21,25.19769899438901,19.276520817269883,8.37588956296093,2.609222601267444,5.921178177119128,0.9758818259185834,0.9564934452711944,22.236715101784004,29.230899402338395,18.25776101196695,20.394965722985273,326.0,0.0006435112724156713,0.00019998000199980003,2.4920773852189306,10.03558450554695,0.003193251064842001,4,36,21.345849612736952,22.171661655697523
31,6,0.6,0.7,all,19,22,23.621740015742326,19.74276484854084,4.475811569935155,2.9819729573786242,3.878975167201485,1.0354418132498373,1.0154010039611308,21.699514576720095,25.605853166623437,18.549663421793795,20.964669715397097,312.0,0.0073667083681546825,0.0025997400259974,1.6573497083783044,6.1911371128112895,0.009757229626694945,4,37,21.630206034190795,21.530623319736208
31,6,0.6,0.7,excl_censored,19,21,23.621740015742326,19.619127342424328,4.475811569935155,2.9972752416223107,4.002612673317998,1.0615290264474666,1.04043904578957,21.70547965530851,25.585293799506204,18.433575512094695,20.834784985661358,300.0,0.006760919251259012,0.0017998200179982,1.6461441483477464,6.28563832625694,0.009624084343429198,4,36,21.630206034190795,21.50816417647922
31,7,0.7,0.8,all,19,22,23.28968624902642,19.703577357592554,3.2251931562278306,3.2160071932104732,3.5861088914338666,1.1136119098757213,1.092058130974901,21.896249765559727,24.772584637373143,18.432424268257932,21.06802787670153,331.0,0.0014904403708231285,0.0013998600139986002,1.642514176731963,5.489395667247045,0.0035486675495788773,4,37,21.297644940030672,21.372761103740956
31,7,0.7,0.8,excl_censored,19,21,23.28968624902642,19.76493184473545,3.2251931562278306,3.2822066299491643,3.52475440429097,1.082765839667432,1.061253935568079,21.80671635198341,24.64334772658002,18.493124542010147,21.198244452200733,314.0,0.002017988592121406,0.0023997600239976003,1.5853714793864653,5.46387012325113,0.004484419093603124,4,36,21.297644940030672,21.454917436411773
31,8,0.8,0.9,all,19,22,22.522972519411724,19.20745083858699,3.902133249370615,3.2765063789490143,3.315521680824734,0.9264149963636615,0.9084843835308164,20.79366757206113,24.31476269268258,17.880801798147807,20.56700774491249,320.0,0.003865297976228013,0.0051994800519948,1.1184628894176538,5.448709244900331,0.006016027978565001,4,37,20.674450722373315,20.75142144400657
31,8,0.8,0.9,excl_censored,19,21,22.522972519411724,19.19380669911192,3.902133249370615,3.3567794683502385,3.329165820299803,0.9183030304931588,0.9000585994237582,20.8652502085003,24.208346341301407,17.844258336236283,20.59390843625607,305.0,0.004457673402773676,0.005599440055994401,1.0864045808713603,5.585311730571206,0.007047704984622412,4,36,20.674450722373315,20.78635043501888
31,9,0.9,1.0,all,19,22,24.963938336444972,20.43869181802887,4.9095440553262035,2.5354318849231605,4.5252465184161,1.1848711197118662,1.161938130298088,23.007859602215547,27.090377058629258,19.429254523477127,21.544006768994635,337.0,0.0008579010720209487,0.00039996000399960006,2.219824271388259,6.847343271221347,0.0028360366017221444,4,37,21.94740814018017,22.59936258995592
31,9,0.9,1.0,excl_censored,19,21,24.963938336444972,20.43204808040146,4.9095440553262035,2.597848334405238,4.531890256043511,1.1713199350034875,1.1480486780166632,22.871613083910383,27.19925560929798,19.433145570158057,21.547200630690156,320.0,0.0011537424302101517,0.00029997000299970003,2.1248724955881504,6.910150665296455,0.0035228776494966468,4,36,21.94740814018017,22.655505708893454
32,0,0.0,0.1,all,19,22,24.559490710258203,19.212848784103542,6.10564645727182,3.1505111497991547,5.3466419261546605,1.1259139313106048,1.1041220487691092,21.877315379113305,27.16781232524988,17.983705839046863,20.50728722671618,330.0,0.0016305036228348349,0.0007999200079992001,2.2120849889213594,8.234259787740266,0.003664053085022101,4,37,20.208971708470497,21.850732700305453
32,0,0.0,0.1,excl_censored,19,21,24.559490710258203,19.222878268675473,6.10564645727182,3.227953359065965,5.33661244158273,1.1093299217104706,1.0872902543917196,21.865028820862054,27.29545945883125,17.91336816966529,20.578702900255735,314.0,0.002017988592121406,0.0016998300169983002,2.1480631345557963,8.26194402934546,0.004484419093603124,4,36,20.208971708470497,21.929857786200245
32,1,0.1,0.2,all,19,22,25.9125498817054,21.311741397764585,5.407302182308163,3.004759412630394,4.600808483940813,1.0738412329246771,1.0530572090616188,23.49729267249369,28.22579562488873,20.136001649543473,22.639982406863478,316.0,0.005363128648524343,0.0023997600239976003,1.8435800241423017,7.098047983122106,0.007716731868380349,4,37,24.004577098988054,23.383201354250573
32,1,0.1,0.2,excl_censored,19,21,25.9125498817054,21.510038937560925,5.407302182308163,2.927741768684202,4.402510944144474,1.0274183490052418,1.0070060639256675,23.570798723469164,28.095456128421652,20.36817631124588,22.852740614229294,299.0,0.007333398615540424,0.0031996800319968005,1.5858109763693857,6.942290820138991,0.010115032573159205,4,36,24.004577098988054,23.55641547347861
32,2,0.2,0.3,all,19,22,26.97218902871644,22.504589552677405,5.941720136529672,3.5399513713916937,4.467599476039034,0.9307141273532727,0.912700305533532,24.397475536947894,29.56701563474701,21.14417665528638,23.98089871468607,309.0,0.00928542109010387,0.004999500049995001,1.532384430897364,7.553282816812045,0.011904386012953681,4,37,23.374603386006434,24.704706707040263
32,2,0.2,0.3,excl_censored,19,21,26.97218902871644,22.621977353172795,5.941720136529672,3.5832252101451787,4.350211675543644,0.897750814522152,0.8799147056243609,24.54104161205776,29.567897662937337,21.22676218496145,24.21834135322792,293.0,0.011775259209823556,0.0052994700529947,1.4098195277786407,7.429641918870248,0.014905391404839945,4,36,23.374603386006434,24.834297289394875
32,3,0.3,0.4,all,19,22,28.054644935337347,21.926217016079224,7.846084636201602,3.70306346767845,6.128427919258122,1.0243032669863785,1.0044780424640614,25.129973424615763,31.76589621921844,20.474218042622955,23.511191131593794,324.0,0.0027577220986616966,0.00029997000299970003,2.6632234544447075,10.207535673121724,0.004880924068427782,4,37,24.00070525998718,24.848978569870372
32,3,0.3,0.4,excl_censored,19,21,28.054644935337347,21.964149185813174,7.846084636201602,3.790128701570797,6.090495749524173,1.005067051174205,0.9850988316144527,25.14011639548784,31.67162584057959,20.440289727419337,23.579860486873876,308.0,0.0034438069596774688,0.0006999300069993001,2.63364806763114,10.481527865086942,0.006041766595925383,4,36,24.00070525998718,24.952293489820487
32,4,0.4,0.5,all,19,22,27.872315390146007,21.420378451463232,9.184643109789517,3.5952081593591467,6.451936938682774,0.9523820201913231,0.9339488198005232,24.43453668127422,32.25234086169714,20.014116082504326,22.958561250218608,324.0,0.0027577220986616966,0.0010998900109989002,2.583192215027094,11.195372479145377,0.004880924068427782,4,37,21.665435262378548,24.707042629606786
32,4,0.4,0.5,excl_censored,19,21,27.872315390146007,21.410290686430262,9.184643109789517,3.68367304048569,6.462024703715745,0.9415749297863345,0.9228681431018378,24.260235063956262,32.294701693812044,19.89679923865538,23.04923531587475,309.0,0.0031556734004143713,0.0010998900109989002,2.696381276168218,11.261786485006423,0.0057902264227786635,4,36,21.665435262378548,24.79245432717488
32,5,0.5,0.6,all,19,22,29.06569126404163,21.90456599234111,9.98986723947036,3.1932022135614826,7.16112527170052,0.9973866353523851,0.9780823778939518,25.46860209208923,33.85873752923796,20.550590919728588,23.24679126845127,334.0,0.001134037511943275,0.00019998000199980003,3.1961520831653862,12.604487665008547,0.0030040728793199337,4,37,24.20636392921344,25.33305757112004
32,5,0.5,0.6,excl_censored,19,21,29.06569126404163,21.708330580615787,9.98986723947036,3.1331812611309333,7.357360683425842,1.0160004839451167,0.9958150438667369,25.4170792359267,33.89489104138604,20.481842139080072,23.070290289839015,323.0,0.0008643278263233195,0.00029997000299970003,3.422597901825403,12.314932305351707,0.0032012141715678497,4,36,24.20636392921344,25.313822791468578
32,6,0.6,0.7,all,19,22,27.209374843649936,22.141196339566115,5.561521657830268,3.6035238568215933,5.068178504083821,1.0989832363854217,1.0777125931005425,24.797022981516513,29.648742976477717,20.680628659410424,23.595088405537467,316.0,0.005363128648524343,0.0007999200079992001,2.3056366159010446,8.05986283179952,0.007716731868380349,4,37,24.644060767244532,24.473194552184463
32,6,0.6,0.7,excl_censored,19,21,27.209374843649936,22.016463648954403,5.561521657830268,3.643522740033237,5.192911194695533,1.1163478607489985,1.0941687641778264,24.855017139530574,29.54946605857336,20.547098340627812,23.677249569622493,302.0,0.005734923839296028,0.0017998200179982,2.2331447960232715,7.944509800843723,0.008527767790774762,4,36,24.644060767244532,24.465211544122585
32,7,0.7,0.8,all,19,22,26.85260261058539,21.976729624699406,4.029476151700274,3.7760626576786187,4.875872985885984,1.2518056233306352,1.2275771273952034,25.191772016590253,28.585811077368664,20.499560869163147,23.49364480691643,339.0,0.0007099870380201763,0.00029997000299970003,2.3843511253764964,7.213482574525558,0.002513228453168766,4,37,23.974254760188664,24.26460762983121
32,7,0.7,0.8,excl_censored,19,21,26.85260261058539,22.05210727198618,4.029476151700274,3.852315188576647,4.800495338599209,1.2192578446494562,1.1950341788617187,25.102308584120816,28.568300008859268,20.57438065285143,23.692744140988005,322.0,0.0009523299145770314,0.0004999500049995,2.409621383771164,7.030099657764938,0.003283896257162177,4,36,23.974254760188664,24.372130090891048
32,8,0.8,0.9,all,19,22,25.789715816989887,21.366905233435343,4.791719658491932,3.9276079741894554,4.4228105835545435,1.017247463619239,0.9975588030330601,23.71506899428252,27.953711074135782,19.838120367934714,22.933611246435518,325.0,0.002530482792477342,0.0021997800219978004,1.7954567433428485,7.010933413713866,0.004686079245328411,4,37,22.952675515828453,23.466643610677615
32,8,0.8,0.9,excl_censored,19,21,25.789715816989887,21.343777962175974,4.791719658491932,4.023065262489416,4.445937854813913,1.009540983967582,0.989483878325842,23.759215742508882,28.07195716036113,19.736706307080972,23.05629069386311,310.0,0.002889679595292828,0.0027997200279972004,1.6520678959185147,7.1073586789131316,0.0055570761447939,4,36,22.952675515828453,23.511478768477488
32,9,0.9,1.0,all,19,22,28.893903098709433,22.87465982480349,6.133955674052379,2.923973971687298,6.019243273905943,1.2842056980505039,1.2593501038946877,26.449258297113968,31.62560890974163,21.694874143035225,24.089898468911326,345.0,0.0003962642764906895,0.00019998000199980003,3.328940838517779,8.948389649488455,0.002201468202726053,4,37,24.909819094876003,25.7456053686933
32,9,0.9,1.0,excl_censored,19,21,28.893903098709433,22.86707200629996,6.133955674052379,2.9959597784682104,6.0268310924094735,1.2692522818952696,1.2440353491423835,26.382138889530694,31.673664302679118,21.706077918263567,24.22285294235617,328.0,0.0005267964144369016,0.00019998000199980003,3.101141790789943,9.042210893819659,0.0028865556955446664,4,36,24.909819094876003,25.820927628563183
33,0,0.0,0.1,all,19,22,29.984073192186404,24.095355242891614,6.663092886874572,3.4878946508235944,5.88871794929479,1.1324156316369414,1.1104979097342909,27.076887301792567,32.78096744719321,22.735070523554413,25.62867224507759,328.0,0.0019476215396976057,0.000999900009999,2.3966475155063414,8.80418254941909,0.004015714514840424,4,37,25.557532365018655,26.96121828473196
33,0,0.0,0.1,excl_censored,19,21,29.984073192186404,24.112228100780772,6.663092886874572,3.573108329452901,5.871845091405632,1.1146698907619226,1.0925241313428116,26.92991514608269,32.72595502878045,22.73985641928056,25.589124793471385,312.0,0.0024181155429086843,0.0012998700129987,2.455427468679518,8.904476098977916,0.005011638430898828,4,36,25.557532365018655,27.05066809188509
33,1,0.1,0.2,all,19,22,31.409254782953404,26.39221125352839,6.245659797433578,3.3986426313979368,5.017043529425013,1.019365115367427,0.9996354679732187,28.748059528040223,34.04404065936108,25.077167022242225,27.804958507308513,316.0,0.005363128648524343,0.0030996900309969004,2.0275840704728494,8.18820730503248,0.007716731868380349,4,37,29.547707973232676,28.6273961232651
33,1,0.1,0.2,excl_censored,19,21,31.409254782953404,26.60955284246773,6.245659797433578,3.322217205666041,4.799701940485676,0.9739368146257888,0.9545870765868659,28.649996254341417,34.062630319373206,25.308184320190108,28.030909639726712,299.0,0.007333398615540424,0.003999600039996,1.7062817543471311,7.833119079815121,0.010115032573159205,4,36,29.547707973232676,28.81626718541684
33,2,0.2,0.3,all,19,22,32.49972985747505,27.61462211601378,6.719007454660355,4.032778401835557,4.8851077414612725,0.8980016230777753,0.8806209465020763,29.622868979940478,35.43574094080322,25.982639775966085,29.34653593062562,306.0,0.011638166276085082,0.0066993300669933005,1.531640948667092,8.160106418722961,0.014457349411285816,4,37,28.707714513978257,30.00501880509232
33,2,0.2,0.3,excl_censored,19,21,32.49972985747505,27.73987388967775,6.719007454660355,4.088284941513865,4.759855967797304,0.8664115611185442,0.8491980863943347,29.630431326359023,35.42362171394079,26.078540182990814,29.457061554464733,290.0,0.014786888242683939,0.007799220077992201,1.2295596466331615,8.131344485416953,0.017762027919139868,4,36,28.707714513978257,30.144482247759598
33,3,0.3,0.4,all,19,22,33.5011051528732,26.759923163260115,8.638613991966976,4.144776609835336,6.741181989613086,1.019836273766989,1.0000975071779505,30.19035703870593,37.554438324982094,25.166974160050223,28.518041278892525,320.0,0.003865297976228013,0.00019998000199980003,3.0004394896220585,11.203777020634911,0.006016027978565001,4,37,29.362067888835547,29.940298268674894
33,3,0.3,0.4,excl_censored,19,21,33.5011051528732,26.79641533155255,8.638613991966976,4.243509164936683,6.7046898213206525,1.0014078781942823,0.9815123574354555,30.17538910092004,37.731952420791245,25.103363056828186,28.668117745036945,304.0,0.004851493247946607,0.0005999400059994001,2.844600815493293,11.050896368143379,0.007406859920529171,4,36,29.362067888835547,30.04992911977367
33,4,0.4,0.5,all,19,22,33.29345458828984,26.078291611791823,10.125274906871018,4.155570396840852,7.215162976498018,0.9589068122947758,0.9403473256051995,29.45214159997868,38.36548713842275,24.445118621541774,27.79713830000546,321.0,0.0035558034883858606,0.0011998800119988001,2.7888473253985544,12.450788525042707,0.005712134117888933,4,37,26.492299135453855,29.738617732300316
33,4,0.4,0.5,excl_censored,19,21,33.29345458828984,26.064525052953226,10.125274906871018,4.257678442551634,7.228929535336615,0.9483580953297434,0.9295165437669007,29.345234173846876,38.17134339051237,24.385284683032218,27.925128067597246,306.0,0.004093045844708802,0.0014998500149985001,2.6573443835066857,12.439038861938014,0.006793437086653613,4,36,26.492299135453855,29.832262965214152
33,5,0.5,0.6,all,19,22,34.60875898826905,26.598459593400502,11.005876661794954,3.6626420454097426,8.01029939486855,1.0081690328138841,0.9886560837916799,30.496570883615995,40.19532668002604,25.112262198164167,28.202801552853142,335.0,0.0010339727105669948,0.00019998000199980003,3.3568710555537105,13.379074167898043,0.002933255916502113,4,37,29.420963170130992,30.406721058145912
33,5,0.5,0.6,excl_censored,19,21,34.60875898826905,26.37306346315751,11.005876661794954,3.5933459604851126,8.235695525111542,1.0280741142052559,1.0076488006779991,30.281216653026284,40.22659436602148,24.931473500907813,27.91903039347589,322.0,0.0009523299145770314,9.999000099990002e-05,3.732428874117647,14.04737013494022,0.003283896257162177,4,36,29.420963170130992,30.381025022858207
33,6,0.6,0.7,all,19,22,32.636374510112525,26.694902451869044,6.482242430631591,4.156184351068685,5.94147205824348,1.1091533529723454,1.0876858687212676,29.775230589441218,35.46914609073788,25.06875976218992,28.447648127659324,319.0,0.0041990725091181425,0.0006999300069993001,2.4930055882110476,9.281819025297036,0.006362231074421428,4,37,29.675586448648474,29.423692536180077
33,6,0.6,0.7,excl_censored,19,21,32.636374510112525,26.556277738985344,6.482242430631591,4.20638246519041,6.080096771127181,1.124856409166054,1.102508268586596,29.89428855408055,35.51803239280745,24.830548788512832,28.39287083347214,305.0,0.004457673402773676,0.000999900009999,2.904895432040595,9.408363518338918,0.007047704984622412,4,36,29.675586448648474,29.41862784489545
33,7,0.7,0.8,all,19,22,32.07328215202465,26.42431318268024,4.680955825413782,4.523089812681744,5.648968969344413,1.228938451274432,1.2051525457658945,30.073843809477992,34.09411159283666,24.636295906906636,28.297629987897068,341.0,0.0005860668055800342,0.0005999400059994001,2.9163880185739015,8.407018150893714,0.002346419927533176,4,37,28.684866002953182,29.080750997178946
33,7,0.7,0.8,excl_censored,19,21,32.07328215202465,26.51281228010734,4.680955825413782,4.615228839569672,5.560469871917313,1.1967062335795202,1.1729306130448278,30.08014916437638,34.133817520044886,24.701674955352992,28.524626273625078,324.0,0.000783917669656603,0.0005999400059994001,2.743461913794441,8.299751012312818,0.0031996639577820535,4,36,28.684866002953182,29.206165409969724
33,8,0.8,0.9,all,19,22,30.82918211824956,25.68967143800428,5.4370813421227755,4.469264662694647,5.13951068024528,1.0404776170184067,1.0203393405599859,28.426153554030584,33.22963057767486,23.897894459901707,27.435001708210624,327.0,0.002126574788868804,0.0026997300269973002,2.0456100293981967,8.249229137628863,0.00421103918587882,4,37,27.768129232780197,28.10418148518149
33,8,0.8,0.9,excl_censored,19,21,30.82918211824956,25.674123434280027,5.4370813421227755,4.579023777266727,5.155058683969532,1.0302190233991402,1.0097510957819387,28.61285096131084,33.29026070997413,23.849401209436092,27.583797693039244,311.0,0.002644304406362379,0.0024997500249975004,2.10970364154553,8.066855811101247,0.005262297326094287,4,36,27.768129232780197,28.162181539875036
33,9,0.9,1.0,all,19,22,34.24088072977594,27.286956802606415,6.919246166701843,3.305325176113767,6.953923927169523,1.3146521023976239,1.2892072229963796,31.48682327179935,37.53764908679031,25.985403722330464,28.64277048038706,348.0,0.000293475164563048,0.00019998000199980003,3.790557709409331,10.383218011795156,0.001924427308610151,4,37,30.028356365658052,30.561523190823017
33,9,0.9,1.0,excl_censored,19,21,34.24088072977594,27.274655822564654,6.919246166701843,3.386434391790776,6.966224907211284,1.3000252971527837,1.274196979990808,31.346853162506918,37.56181585251616,25.848444992842605,28.772687177365093,331.0,0.00038816904837232226,0.00039996000399960006,3.6684473614560726,10.523442130819621,0.0027208081230413886,4,36,30.028356365658052,30.645307796582458
34,0,0.0,0.1,all,19,22,35.00054247736179,28.889663685824896,7.725469076087538,3.974024635049567,6.110878791536894,1.0177761481986494,0.9980772550077077,31.613542639900746,38.21983554095428,27.287417552131593,30.5284359563172,327.0,0.002126574788868804,0.0030996900309969004,2.3087654487375766,9.555229324152295,0.00421103918587882,4,37,29.94479536478716,31.913614235104678
34,0,0.0,0.1,excl_censored,19,21,35.00054247736179,28.905379018627926,7.725469076087538,4.071462924312813,6.095163458733865,1.0021000285855584,0.9821907564944545,31.660002107605365,38.332397608378784,27.287431297910576,30.699438065497556,311.0,0.002644304406362379,0.0030996900309969004,2.3092107475084567,10.049320371572925,0.005262297326094287,4,36,29.94479536478716,32.00678013894199
34,1,0.1,0.2,all,19,22,36.571720258395615,30.925372696600075,7.307007411944205,3.9417246714208747,5.64634756179554,0.9827718089765068,0.9637504191253486,33.456105766877585,39.7706337136874,29.329364258593632,32.526438120092536,315.0,0.005811549664936521,0.0030996900309969004,2.15377530311578,9.221091206560882,0.008185281218220451,4,37,34.24592462046233,33.465869885212676
34,1,0.1,0.2,excl_censored,19,21,36.571720258395615,31.148421402803642,7.307007411944205,3.894202267373839,5.423298855591973,0.9401998817011067,0.9215204138527403,33.27529774044204,39.65575449151672,29.61933299618819,32.77115434932835,299.0,0.007333398615540424,0.004899510048995101,1.8254139643914824,9.087488263396857,0.010115032573159205,4,36,34.24592462046233,33.666550996848436
34,2,0.2,0.3,all,19,22,37.865455786418295,32.20292579812102,7.950438980583993,4.725446955657536,5.662529988297273,0.8822176942646826,0.865142513085366,34.3981261751451,41.475536202384234,30.344754496146468,34.1918457542289,307.0,0.010800936202851176,0.0065993400659934,1.5932296355999844,9.701441318707326,0.013543493671286742,4,37,33.24819595034356,34.99770928916855
34,2,0.2,0.3,excl_censored,19,21,37.865455786418295,32.327447781797524,7.950438980583993,4.805013958689098,5.538008004620771,0.853588712548609,0.8366299964052591,34.37550215251084,41.35142041984553,30.34989509405244,34.42122156094733,291.0,0.013715065414385651,0.0091990800919908,1.458009972241319,9.364547100230304,0.0167256895297386,4,36,33.24819595034356,35.147979987731155
34,3,0.3,0.4,all,19,22,38.86967065022555,31.08589144707894,9.772698632701676,4.764185582745174,7.7837792031466115,1.0373648769802737,1.0172868471032361,34.91942121522231,43.54307317059315,29.259535980670424,33.17731872598145,319.0,0.0041990725091181425,0.0005999400059994001,3.3075159403665655,12.781432993698672,0.006362231074421428,4,37,33.77503578640208,34.79224894714632
34,3,0.3,0.4,excl_censored,19,21,38.86967065022555,31.109918070081005,9.772698632701676,4.880471528881325,7.759752580144546,1.0208801918563866,1.00059780393871,35.17399066590311,43.4813282363706,29.187530020891618,33.18310852027446,303.0,0.0052765306533810175,0.0010998900109989002,3.4031714544259963,13.149082824669351,0.007964574571141159,4,36,33.77503578640208,34.909218852232726
34,4,0.4,0.5,all,19,22,38.63198933204465,30.218292579992365,11.408552761754544,4.859967272488478,8.413696752052282,0.9861705841171159,0.9670834115213007,34.19451832343328,44.18416779072341,28.36056170213729,32.38390549888225,324.0,0.0027577220986616966,0.000999900009999,3.5770728124256475,13.926185993339343,0.004880924068427782,4,37,30.68474272121012,34.48841251848216
34,4,0.4,0.5,excl_censored,19,21,38.63198933204465,30.17963561355102,11.408552761754544,4.976517481510974,8.452353718493626,0.9780367273520307,0.9586055340933811,34.02878074054602,44.113973442483115,28.092002274098736,32.32628631586028,309.0,0.0031556734004143713,0.0013998600139986002,3.4645406502598664,14.15411143749857,0.0057902264227786635,4,36,30.68474272121012,34.5844770641272
34,5,0.5,0.6,all,19,22,39.9598076649144,30.796409672941305,12.31106315908159,4.356025149771808,9.163397991973095,1.0234179660219767,1.0036098763570351,35.206231953209375,46.16125375972144,29.067022965135035,32.632430744769906,330.0,0.0016305036228348349,0.0004999500049995,3.9364395706633446,15.278130506944555,0.003664053085022101,4,37,33.93850490159555,35.16225240085677
34,5,0.5,0.6,excl_censored,19,21,39.9598076649144,30.528100235098243,12.31106315908159,4.273258114513207,9.431707429816157,1.0453665377748513,1.0245976661634304,35.338142558313514,45.816558160705846,28.795962480686416,32.329154171475096,318.0,0.001393916027072069,0.00029997000299970003,4.437988794947103,15.771769140601014,0.003742056448515622,4,36,33.93850490159555,35.12701197122375
34,6,0.6,0.7,all,19,22,37.94470638984454,30.76522240254345,7.634367610556712,4.894043166242106,7.17948398730109,1.1380653866112134,1.1160383146122865,34.944844750126535,41.26327243392894,28.84738947293715,32.805282248208876,321.0,0.0035558034883858606,0.0012998700129987,3.3530940239993217,10.870286236344768,0.005712134117888933,4,37,34.25867438242259,34.07431396576519
34,6,0.6,0.7,excl_censored,19,21,37.94470638984454,30.606803257040227,7.634367610556712,4.956764003450393,7.337903132804314,1.1524808215001527,1.1295838515365735,34.65022941239282,41.280861103852644,28.710621770903423,32.70615686031155,306.0,0.004093045844708802,0.000999900009999,3.320660271214624,11.224613118008826,0.006793437086653613,4,36,34.25867438242259,34.073822007644466
34,7,0.7,0.8,all,19,22,37.15849063151383,30.277825300518987,5.673024449177129,5.2592666333401015,6.880665330994841,1.2615505925788844,1.237133484335422,34.64818365316924,39.537022086848914,28.33969448762678,32.48618660512637,340.0,0.0006452654800716234,0.00019998000199980003,3.5565943932473845,10.083123964895345,0.002346419927533176,4,37,32.862504557137775,33.531715145449446
34,7,0.7,0.8,excl_censored,19,21,37.15849063151383,30.3530934420664,5.673024449177129,5.376989076169257,6.805397189447429,1.2330413967274798,1.2085438855342185,34.6925946514464,39.62317631977168,28.349110154137765,32.820065414554634,323.0,0.0008643278263233195,0.00029997000299970003,3.355890990832994,10.117267011227286,0.0032012141715678497,4,36,32.862504557137775,33.66600739037795
34,8,0.8,0.9,all,19,22,35.80202288317186,29.544991225130172,6.41952549855996,5.216511862368502,6.2570316580416865,1.0782737326940983,1.0574039185129223,32.963607553516624,38.52668203485389,27.552432348769266,31.563629719092045,328.0,0.0019476215396976057,0.0013998600139986002,2.695659573365585,9.714372428527897,0.004015714514840424,4,37,31.792851049002287,32.51504966316541
34,8,0.8,0.9,excl_censored,19,21,35.80202288317186,29.520252166005402,6.41952549855996,5.3440114263137115,6.281770717166456,1.0686832634209282,1.0474511456046185,32.9837841936535,38.68900710406887,27.244795385405936,31.798860042247973,312.0,0.0024181155429086843,0.0017998200179982,2.8096736208338684,9.857291685399206,0.005011638430898828,4,36,31.792851049002287,32.58312016862138
34,9,0.9,1.0,all,19,22,39.418123486183596,31.254808318767708,7.8559308836150885,3.8784956432294364,8.163315167415888,1.3496479937035515,1.3235257744705795,36.20330101951761,42.94965465323849,29.74273321548311,32.91334406617062,348.0,0.000293475164563048,9.999000099990002e-05,4.417858318779704,12.00355657147763,0.001924427308610151,4,37,34.58387516047246,35.08688185428346
34,9,0.9,1.0,excl_censored,19,21,39.418123486183596,31.221281330387846,7.8559308836150885,3.971007317487123,8.19684215579575,1.337947484663791,1.311365746557888,35.99546951458286,43.000803924334484,29.526622354690126,32.967436803725484,332.0,0.0003501162650486686,9.999000099990002e-05,4.480622604766451,12.093339932438147,0.0026423869060276874,4,36,34.58387516047246,35.17377093149287
35,0,0.0,0.1,all,19,22,39.684279111180444,33.611952748111975,7.9638764888969,4.029093295735041,6.07232636306847,0.984886857573581,0.9658245312979632,36.12806221998081,43.08806352021287,31.96193731028032,35.29020065572097,326.0,0.002320492605204538,0.0025997400259974,2.297679248048983,9.892408606151697,0.004462485779239496,4,37,34.862503853719105,36.594979679892305
35,0,0.0,0.1,excl_censored,19,21,39.684279111180444,33.65227614014067,7.9638764888969,4.124040783103549,6.032002971039773,0.9659671019698344,0.9467757025929503,35.99962295267874,43.06811452048688,31.953817113546467,35.35500195106778,310.0,0.002889679595292828,0.0040995900409959,2.276304698749822,9.837270371686907,0.0055570761447939,4,36,34.862503853719105,36.70136351779184
35,1,0.1,0.2,all,19,22,41.378543806188645,35.60876378593598,7.369514792389088,3.9203126694710146,5.769780020252668,0.9992317212102085,0.9798917524125915,38.198584328460186,44.64809542362932,34.05751184283688,37.227677354194384,312.0,0.0073667083681546825,0.0028997100289971,2.2600744190379864,9.145057368149375,0.009757229626694945,4,37,39.04898070792415,38.19970845341835
35,1,0.1,0.2,excl_censored,19,21,41.378543806188645,35.84921728911895,7.369514792389088,3.847297857403073,5.529326517069698,0.9550935068090223,0.9361181391240748,38.02799942443549,44.53327187139385,34.30769690919106,37.54100403960368,296.0,0.00932072835933322,0.0037996200379962005,1.845774477225644,9.11364013989587,0.012223906045027173,4,36,39.04898070792415,38.4119436821496
35,2,0.2,0.3,all,19,22,42.427665991319024,36.49542592050287,8.082672718385021,4.73902384162151,5.932240070816157,0.912705480194216,0.8950402128356183,38.98796468494212,46.20244531049593,34.65219030579373,38.494544967777244,306.0,0.011638166276085082,0.005499450054994501,1.7398657724010755,9.911580269363517,0.014457349411285816,4,37,37.714363192700496,39.40993435987358
35,2,0.2,0.3,excl_censored,19,21,42.427665991319024,36.64374402887574,8.082672718385021,4.803447146025731,5.783921962443287,0.8811249762686968,0.8636191820381929,38.87291981459625,45.94774375866065,34.64155760589582,38.793814447914926,290.0,0.014786888242683939,0.009099090090990901,2.015557762830171,9.773000179692065,0.017762027919139868,4,36,37.714363192700496,39.577411824184715
35,3,0.3,0.4,all,19,22,43.09927686389497,34.71088004909484,10.193503403495281,4.969776832567482,8.388396814800132,1.0717722572833288,1.051028278110103,39.115369136856366,47.89336592286267,32.80037928051586,37.00988947319026,328.0,0.0019476215396976057,0.0006999300069993001,4.0600968535611655,13.687599897851756,0.004015714514840424,4,37,37.3809791539457,38.72977580752183
35,3,0.3,0.4,excl_censored,19,21,43.09927686389497,34.749918318806664,10.193503403495281,5.08904821804651,8.349358545088307,1.0531740680377508,1.0322500799310406,39.221208191682464,48.227882405417645,32.76657036923311,36.94034594260966,312.0,0.0024181155429086843,0.0004999500049995,3.602601017401022,13.686346417203586,0.005011638430898828,4,36,37.3809791539457,38.864184124810045
35,4,0.4,0.5,all,19,22,42.50283405745546,33.313988243273236,11.934870280000622,4.917708674992926,9.188845814182223,1.0353726881040886,1.0153332167214286,37.58492460816059,48.38410460528687,31.425818074430538,35.56833342024147,329.0,0.0017825908825435677,0.0008999100089991,4.284008217822302,15.280597015780335,0.003813028625761642,4,37,33.99069172849805,37.959427608910076
35,4,0.4,0.5,excl_censored,19,21,42.50283405745546,33.31013311313806,11.934870280000622,5.039117802735973,9.192700944317401,1.0224424032561352,1.0021289780258809,37.85661693042849,48.17106195059046,31.307139054787278,35.510004122094955,314.0,0.002017988592121406,0.0007999200079992001,3.8410211343745084,15.392031937519967,0.004484419093603124,4,36,33.99069172849805,38.086218765376685
35,5,0.5,0.6,all,19,22,43.60417395580197,33.3834713583504,13.105675180392815,4.4261246201309605,10.22070259745157,1.0784234406944213,1.0575507289390453,38.71375066348305,49.91088415187046,31.633902560319076,35.228287688192495,341.0,0.0005860668055800342,0.00029997000299970003,4.974667352963401,16.66382256428504,0.002346419927533176,4,37,36.81676392706866,38.26077349555868
35,5,0.5,0.6,excl_censored,19,21,43.60417395580197,33.15865751864143,13.105675180392815,4.404838810473718,10.445516437160542,1.0915666188565747,1.0698798648395567,38.61452168698658,50.092944755101406,31.41827558151349,35.03553880949772,327.0,0.0005824376923117234,9.999000099990002e-05,4.970781282701624,17.15357280505051,0.0030654615384827547,4,36,36.81676392706866,38.26511270398424
35,6,0.6,0.7,all,19,22,41.36912850204095,33.2901266013106,8.489095859782115,5.06230280277964,8.079001900730354,1.1776950884660484,1.1549009899796088,37.86431750746046,45.143790464949426,31.192809504674326,35.32263978249131,330.0,0.0016305036228348349,0.0008999100089991,3.831063515981514,12.407991820919198,0.003664053085022101,4,37,37.03755765704546,37.033675571335934
35,6,0.6,0.7,excl_censored,19,21,41.36912850204095,33.192531743837016,8.489095859782115,5.166065551465637,8.176596758203935,1.1779544355728873,1.1545513673164722,37.65485813846894,45.19275737559559,31.11229996223885,35.39174570768292,315.0,0.001841595484321759,0.0006999300069993001,3.845629566676185,12.479228745321366,0.004333165845462963,4,36,37.03755765704546,37.080732709199275
35,7,0.7,0.8,all,19,22,40.5548297980192,32.52286922879244,6.354058829596252,5.094650811680683,8.031960569226761,1.4065164343148906,1.3792935355862153,37.872869973261174,43.28525192282068,30.594013647280416,34.78982989033764,350.0,0.00023945583903370752,9.999000099990002e-05,4.466889055706088,11.526076680409798,0.0018780850120290785,4,37,35.51510557834623,36.3239045103355
35,7,0.7,0.8,excl_censored,19,21,40.5548297980192,32.64918338605331,6.354058829596252,5.185043257824382,7.90564641196589,1.3705105083250475,1.3432818227291856,37.857246951143075,43.43536784991861,30.60896780120359,34.840844682938254,332.0,0.0003501162650486686,0.00019998000199980003,4.182215070735353,11.350609806261641,0.0026423869060276874,4,36,35.51510557834623,36.50317208211388
35,8,0.8,0.9,all,19,22,39.151583100702574,31.653433164021433,7.181187554774223,5.177494476677548,7.498149936681141,1.2126083971159445,1.1891385571717648,36.07255992271674,42.443669285375094,29.600445150103496,33.7507231113278,341.0,0.0005860668055800342,0.00029997000299970003,3.6966517935256076,11.209854810882437,0.002346419927533176,4,37,34.24039364032385,35.22416308001419
35,8,0.8,0.9,excl_censored,19,21,39.151583100702574,31.639955928959125,7.181187554774223,5.304957654906218,7.511627171743449,1.1991463504451265,1.1753222507674088,36.08880757213159,42.323273630290714,29.467236599433537,33.77416780424841,324.0,0.000783917669656603,0.0006999300069993001,3.7731772987909196,11.440730608237857,0.0031996639577820535,4,36,34.24039364032385,35.31548830167208
35,9,0.9,1.0,all,19,22,42.9208804362746,33.48955661847662,8.802366466235943,3.7281315609319434,9.431323817797981,1.434186397056706,1.4064279506620598,39.290281854604956,46.90326645473718,32.01715153117767,35.101236175524654,351.0,0.0002160881239189897,9.999000099990002e-05,5.427514595799305,13.763334872355381,0.0017639846850529771,4,37,37.6293749034611,37.88512092653672
35,9,0.9,1.0,excl_censored,19,21,42.9208804362746,33.485959790794496,8.802366466235943,3.8201589409061416,9.434920645480105,1.4162223987142057,1.3880855298655792,39.30340229612342,46.750508428237936,31.873437506092436,35.145412418014935,335.0,0.0002558466624784525,9.999000099990002e-05,5.3619623155374345,13.555333666912208,0.0026423869060276874,4,36,37.6293749034611,38.005121785612715
36,0,0.0,0.1,all,19,22,47.204630198954135,40.929902936637326,8.859566434812713,4.961606372532621,6.274727262316809,0.8920073638559513,0.8747427052006748,43.208009101296426,50.94527425606825,38.87395029476507,42.906106452058154,322.0,0.0032690189024478997,0.007699230076992301,1.7631643316398324,10.76683267603075,0.005448364837413166,4,37,42.252566986065446,44.00906947140238
36,0,0.0,0.1,excl_censored,19,21,47.204630198954135,40.968979219559785,8.859566434812713,5.080663539810879,6.23565097939435,0.8751737307268403,0.857786173162731,43.30904538875485,51.00945367314819,38.82167678210823,43.04176707456632,306.0,0.004093045844708802,0.006999300069993001,1.7866313107241822,10.444435807189706,0.006793437086653613,4,36,42.252566986065446,44.11739637351728
36,1,0.1,0.2,all,19,22,49.28237122562322,43.08861606767853,8.053475034105336,4.722702011991044,6.193755157944693,0.9563495496607306,0.9378395583769745,45.83004760938597,52.761962368478045,41.28295512216034,45.076226265240535,313.0,0.006811132003560291,0.003999600039996,2.2131446492215967,10.186078549548464,0.009173241755636757,4,37,47.37059453950897,45.80627644912792
36,1,0.1,0.2,excl_censored,19,21,49.28237122562322,43.304189355933964,8.053475034105336,4.727114388767588,5.978181869689259,0.9171917152353191,0.8989693632770015,45.489695594067626,52.7382674604424,41.41070512011601,45.27824093820337,297.0,0.008610472967426036,0.004999500049995001,1.8554216398096137,9.855144633818469,0.011480630623234714,4,36,47.37059453950897,46.007518100094956
36,2,0.2,0.3,all,19,22,50.69400598035543,44.15189927675771,8.98093846932421,5.690201020229922,6.542106703597717,0.8848691755277973,0.8677426753562916,46.75776610055375,54.74694664838572,41.89896525973105,46.54952586969631,301.0,0.016747350182864072,0.0071992800719928,1.8501236090956714,11.009979399056558,0.019702764921016556,4,37,45.843130939508264,47.328523620469994
36,2,0.2,0.3,excl_censored,19,21,50.69400598035543,44.292217915718005,8.98093846932421,5.791587323955371,6.401788064637422,0.8565462108979203,0.8395287365092199,46.702144819270686,54.446983583405604,41.83437620949481,46.8019143997057,285.0,0.021327445140799244,0.011998800119988001,1.6620062984649866,11.19204513738586,0.0242357331145446,4,36,45.843130939508264,47.498615724966626
36,3,0.3,0.4,all,19,22,51.49017089721097,42.126600453494966,11.30475109075478,5.966740257044835,9.363570443716007,1.0591724255196215,1.0386723140579515,47.123861906980885,56.53482833448449,39.7746279981687,44.64173480976255,322.0,0.0032690189024478997,0.0005999400059994001,4.28041753829634,15.286144793289814,0.005448364837413166,4,37,44.98220460363951,46.62620644890108
36,3,0.3,0.4,excl_censored,19,21,51.49017089721097,42.15582673665896,11.30475109075478,6.112475546191928,9.334344160552014,1.042309279411696,1.0216011480326557,47.10357736998679,57.00312088676907,39.694054154010836,44.74131473138472,306.0,0.004093045844708802,0.0005999400059994001,4.1195624159910125,15.089857291423352,0.006793437086653613,4,36,44.98220460363951,46.768244169508016
36,4,0.4,0.5,all,19,22,50.580455523090166,40.254092672769865,13.152671487613336,5.8920646133685555,10.3263628503203,1.0402777507970182,1.0201433427170759,45.332710557800816,56.65646188872899,37.935859465232284,42.7590609224697,323.0,0.003003459393580646,0.0005999400059994001,4.552566561701867,16.982322531988224,0.0051561534653744995,4,37,41.285373658494166,45.445329705558756
36,4,0.4,0.5,excl_censored,19,21,50.580455523090166,40.234175886239576,13.152671487613336,6.036810698357695,10.34627963685059,1.028859309366806,1.0084183959356774,45.490332678084364,56.241467378164096,37.78794552098131,42.91588634572216,308.0,0.0034438069596774688,0.0008999100089991,4.249200016905115,16.916503563169,0.006041766595925383,4,36,41.285373658494166,45.57791260877133
36,5,0.5,0.6,all,19,22,51.41922120738193,40.1982800041242,14.242320750355091,5.195218949878183,11.22094120325773,1.0789695353852182,1.0580862540551816,45.837364909247206,58.28086305180456,38.14672489146093,42.390397428293326,336.0,0.0009421334173269092,9.999000099990002e-05,5.405764872366176,18.131987757278896,0.0028549497494754824,4,37,44.21899082840096,45.525713505875274
36,5,0.5,0.6,excl_censored,19,21,51.41922120738193,39.95310360231331,14.242320750355091,5.191458371509693,11.466117605068618,1.0919184966580886,1.0702247516913717,45.96865365972212,58.233605993118324,37.773975060176426,42.12325538544037,321.0,0.0010485701095385488,0.00019998000199980003,5.187460923364268,18.62221671767857,0.003355424350523356,4,36,44.21899082840096,45.53067820208978
36,6,0.6,0.7,all,19,22,49.13649722626212,39.72285119544547,9.7121594933608,5.9558187675995855,9.41364603081665,1.1894558824605905,1.1664341557032887,45.01912965814449,53.52870506653912,37.44608254209167,42.16921559144277,329.0,0.0017825908825435677,0.00019998000199980003,4.405771638074314,14.36904442380186,0.003813028625761642,4,37,44.33425261890592,44.05835576008532
36,6,0.6,0.7,excl_censored,19,21,49.13649722626212,39.62383167768807,9.7121594933608,6.084313738869603,9.512665548574056,1.1875591371080128,1.163965246966794,44.774543384661996,53.41846672657248,37.18375940132486,42.15732722673739,314.0,0.002017988592121406,0.0010998900109989002,4.657347339842489,14.431256793319568,0.004484419093603124,4,36,44.33425261890592,44.12102505707794
36,7,0.7,0.8,all,19,22,48.22115915039932,38.59200867627794,7.31591679335265,5.92187312148146,9.629150474121381,1.4585296795075369,1.430300072807391,45.00010093044272,51.45135847150859,36.2767409287722,41.09861132552412,348.0,0.000293475164563048,0.00019998000199980003,5.522040146512986,13.719868902931978,0.001924427308610151,4,37,42.361024382669825,43.129246410946564
36,7,0.7,0.8,excl_censored,19,21,48.22115915039932,38.722737589025925,7.31591679335265,6.035497511138392,9.498421561373398,1.423472912702154,1.395191993906747,44.96808884709549,51.303207296515154,36.25181456480301,41.493424709619646,330.0,0.0004300596815876974,9.999000099990002e-05,5.384510954552104,13.454213317707504,0.0027208081230413886,4,36,42.361024382669825,43.331539324901456
36,8,0.8,0.9,all,19,22,46.757282514989335,37.779420837145175,8.22983470574831,6.196532106521928,8.97786167784416,1.2457795189275773,1.2216676572709144,43.328927924740064,50.47621949165427,35.26157886196099,40.31221896455275,340.0,0.0006452654800716234,0.00029997000299970003,4.626432680488026,13.418317578701176,0.002346419927533176,4,37,40.948011165582116,42.04712382539628
36,8,0.8,0.9,excl_censored,19,21,46.757282514989335,37.74461330515762,8.22983470574831,6.3473516933896255,9.012669209831714,1.234642492963248,1.210113171910998,43.25004631120279,50.35084454409607,35.15774067542721,40.33942837006787,324.0,0.000783917669656603,0.000999900009999,4.546125036901706,13.539109917199102,0.0031996639577820535,4,36,40.948011165582116,42.14536673696608
36,9,0.9,1.0,all,19,22,50.793974282485365,39.726134548770894,10.09415977803464,4.574735840144437,11.067839733714472,1.4495825767667128,1.4215261397970345,46.55005944562525,55.2755458229463,37.925681921127826,41.65308327390718,351.0,0.0002160881239189897,9.999000099990002e-05,6.4002326408472285,15.99622577306223,0.0017639846850529771,4,37,44.642345851120275,44.8781375144784
36,9,0.9,1.0,excl_censored,19,21,50.793974282485365,39.70797408578945,10.09415977803464,4.686896624809902,11.086000196695913,1.43327335940604,1.4047977297489664,46.50983337474026,55.046092607667596,37.827859471470845,41.647151777234185,335.0,0.0002558466624784525,0.00029997000299970003,6.366168394115948,15.697919432564166,0.0026423869060276874,4,36,44.642345851120275,45.01065510456443
37,0,0.0,0.1,all,19,22,55.13252684963511,48.188232039591554,9.623061562127061,5.850013770171781,6.944294810043559,0.8879070587079249,0.8707217607974489,50.698263531013374,59.078024534558125,45.801831240900405,50.651224902169496,320.0,0.003865297976228013,0.0064993500649935,2.0727594256327304,11.649393240358236,0.006016027978565001,4,37,50.05001485122314,51.552947448897
37,0,0.0,0.1,excl_censored,19,21,55.13252684963511,48.24927047142857,9.623061562127061,5.987297447432987,6.883256378206546,0.8690595516427145,0.8517934678352433,50.91660085538847,59.070562216327914,45.743578854243594,50.65132354812319,304.0,0.004851493247946607,0.009499050094990502,1.8429498759409602,11.645268702893599,0.007406859920529171,4,36,50.05001485122314,51.68201751772706
37,1,0.1,0.2,all,19,22,57.296664204244756,50.303882086626345,8.609702938379643,5.526935602292628,6.992782117618411,0.9824574894673799,0.963442183219624,53.4696111823355,60.733956542858614,48.16985482052721,52.54121041162431,311.0,0.007962602843590134,0.0038996100389961006,2.447635085570356,11.059279198841054,0.010442757827659192,4,37,55.521687293640994,53.33068315167206
37,1,0.1,0.2,excl_censored,19,21,57.296664204244756,50.5279527517377,8.609702938379643,5.560087319011158,6.7687114525070555,0.9442645777858423,0.9255043543861236,53.58676835714449,60.968461603064746,48.29200884793343,52.821338356947464,295.0,0.010082799765660759,0.005499450054994501,2.1913108743525607,11.051131884117007,0.012968231209853066,4,36,55.521687293640994,53.54546884701607
37,2,0.2,0.3,all,19,22,58.9272497829243,51.558288423031286,9.465175710163411,6.411937427923997,7.368961359893014,0.9248359273032254,0.9069358770973565,54.441413948847696,62.97209933300604,48.952732669894104,54.32525707698287,307.0,0.010800936202851176,0.0058994100589941,2.4757740822944636,12.231329242866817,0.013543493671286742,4,37,54.136974006919615,55.06357284201544
37,2,0.2,0.3,excl_censored,19,21,58.9272497829243,51.71462977292996,9.465175710163411,6.527171224197904,7.212620009994339,0.8955783638209118,0.8777854161953308,54.808989789348466,62.9215529730878,49.15130951599153,54.550794356838736,291.0,0.013715065414385651,0.008099190080991902,2.317406979727981,11.979142860298582,0.0167256895297386,4,36,54.136974006919615,55.252140974428116
37,3,0.3,0.4,all,19,22,59.59824408605344,49.59328744505551,11.451921474496356,6.723104515177245,10.004956640997932,1.0860354950393842,1.0650154531999123,55.046693651921494,64.99823817302219,46.95184953907453,52.30626890948574,324.0,0.0027577220986616966,0.0005999400059994001,4.6725636897349645,16.08245730828901,0.004880924068427782,4,37,53.058152136558626,54.35638791567573
37,3,0.3,0.4,excl_censored,19,21,59.59824408605344,49.613297289284176,11.451921474496356,6.8884607816108385,9.984946796769265,1.069907409173591,1.048650970580738,54.72667718862515,65.05200381533112,46.940399474066396,52.61331432349245,308.0,0.0034438069596774688,0.0012998700129987,4.160972490626088,15.88309919661972,0.006041766595925383,4,36,53.058152136558626,54.50036867121525
37,4,0.4,0.5,all,19,22,58.3374154858491,47.27888239824429,13.031933715345778,6.565601320879628,11.058533087604808,1.097137155588862,1.0759022429000453,53.33666539286918,64.31542254311613,44.6977730808138,50.10498356931774,324.0,0.0027577220986616966,0.000999900009999,4.96995472646139,18.0749645029004,0.004880924068427782,4,37,49.20732152666878,52.74910867259006
37,4,0.4,0.5,excl_censored,19,21,58.3374154858491,47.241528419514374,13.031933715345778,6.725343474818255,11.095887066334726,1.0867264961334544,1.0651359034950414,52.88514030004471,64.62980428602383,44.59624722830157,50.079349175822635,309.0,0.0031556734004143713,0.0007999200079992001,5.282274975586824,17.858691181613214,0.0057902264227786635,4,36,49.20732152666878,52.87926958150721
37,5,0.5,0.6,all,19,22,58.955924185948085,47.01595591037855,14.340799952872361,5.791845299913514,11.939968275569534,1.1233058402719767,1.1015644369118738,53.264788687095844,65.90547062979648,44.70538952950063,49.54827894604066,332.0,0.0013615386422443356,0.00039996000399960006,5.463629653097617,19.248326676960065,0.0033411991220719892,4,37,52.15329220684997,52.5919032630795
37,5,0.5,0.6,excl_censored,19,21,58.955924185948085,46.79687156913259,14.340799952872361,5.840718531555669,12.159052616815494,1.1320083859848624,1.109518153150726,53.42826452082773,65.47906000838476,44.4715549213733,49.38246221939993,318.0,0.001393916027072069,0.00039996000399960006,5.906329174864955,18.876158950737974,0.003742056448515622,4,36,52.15329220684997,52.618991490483275
37,6,0.6,0.7,all,19,22,56.94095249044102,46.190357503989055,10.267327297062232,6.593222590380229,10.750594986451965,1.266427224419103,1.2419157297529269,52.44982372933382,61.22132476746419,43.61745904000686,48.85602368780477,337.0,0.0008579010720209487,0.0004999500049995,5.334599468155555,15.795193945978006,0.0028360366017221444,4,37,51.85737965946197,51.09828226400786
37,6,0.6,0.7,excl_censored,19,21,56.94095249044102,46.131382642881476,10.267327297062232,6.750094128351825,10.809569847559544,1.257302658285529,1.2323231352732336,52.570774850454,61.34693618906957,43.35936415646,49.044462404964186,322.0,0.0009523299145770314,0.0004999500049995,5.6429957444137235,16.277064685128398,0.003283896257162177,4,36,51.85737965946197,51.20021150502897
37,7,0.7,0.8,all,19,22,55.78191895366861,44.688195597493696,7.748119359091897,6.581346071055021,11.093723356174912,1.5529648396172984,1.5229074556247053,52.10280433602729,58.99261975578685,42.08489053414724,47.51701781777322,353.0,0.00017562966379730592,0.00019998000199980003,6.645566449154323,15.360071335798635,0.0017639846850529771,4,37,49.84324413556138,49.827669911414034
37,7,0.7,0.8,excl_censored,19,21,55.78191895366861,44.817831192417124,7.748119359091897,6.715029222703157,10.964087761251484,1.5179765885066987,1.4878181132383537,52.14153501922205,59.045445464064734,42.255780808134645,47.81067206825078,335.0,0.0002558466624784525,0.00019998000199980003,6.177847542485097,15.278324955907328,0.0026423869060276874,4,36,49.84324413556138,50.04605385050604
37,8,0.8,0.9,all,19,22,54.52221949688808,43.93115970041512,8.72640888246867,6.81493973129326,10.591059796472955,1.3655459056023491,1.3391159848487553,50.60484981278549,58.495424245012494,41.14373945493386,46.7027799939348,349.0,0.0002651788368361755,0.0004999500049995,5.755153954710904,15.362113911897486,0.001924427308610151,4,37,48.29507391318012,48.89803751884555
37,8,0.8,0.9,excl_censored,19,21,54.52221949688808,43.86359031762241,8.72640888246867,6.975679741915879,10.658629179265667,1.3571350237150948,1.3301720762240663,50.660109091767644,58.23861021681332,41.099458119352896,46.81882864580771,333.0,0.00031557506851314537,0.00029997000299970003,5.7618000902020565,15.484387169919048,0.0026423869060276874,4,36,48.29507391318012,48.996590873839544
37,9,0.9,1.0,all,19,22,58.31790904238387,45.96520289715537,10.275761489204829,5.312790311490568,12.352706145228495,1.5448982231360553,1.5149969672043897,53.79698853115142,63.07199939577351,43.91270071257741,48.083078148629006,357.0,0.00011512019127576662,9.999000099990002e-05,7.209376889998946,17.447439871536204,0.0017639846850529771,4,37,51.93455460520195,51.66314911140281
37,9,0.9,1.0,excl_censored,19,21,58.31790904238387,45.94802853245882,10.275761489204829,5.443364252943062,12.369880509925046,1.5271251543243325,1.4967849194702068,54.103168019898796,62.70286935516724,43.73786573750942,48.26980044092868,341.0,0.0001340811834087878,9.999000099990002e-05,7.309127049376012,17.500876622667228,0.002145298934540605,4,36,51.93455460520195,51.81140701572558
38,0,0.0,0.1,all,19,22,62.53147682029042,54.64936502735406,10.86139839676282,6.209254465987448,7.882111792936364,0.9088885422233445,0.8912971510835378,57.53083590500597,67.1144708405073,52.11577068704965,57.22300054962166,323.0,0.003003459393580646,0.0071992800719928,2.6276266964828183,13.165041043967644,0.0051561534653744995,4,37,56.523492778953795,58.49432754247275
38,0,0.0,0.1,excl_censored,19,21,62.53147682029042,54.70264870381628,10.86139839676282,6.357436488511543,7.828828116474142,0.8912948995448294,0.8735870538585083,57.532000456426275,66.83585174284184,51.959180449281554,57.32577212858431,307.0,0.0037556942034487764,0.006399360063993601,2.1712944662783307,13.283760830358185,0.006447543696907771,4,36,56.523492778953795,58.63221420138456
38,1,0.1,0.2,all,19,22,64.12810305916338,56.53268505231042,9.595040448298331,5.513383976695972,7.5954180068529595,0.9900205532142956,0.9708588650875672,59.58438951812577,68.26059665125182,54.448434684765786,58.87556543878567,317.0,0.004946189168062469,0.0029997000299970002,2.610424709527875,12.045154282634682,0.007300648218542389,4,37,62.17625908239305,59.822918728253015
38,1,0.1,0.2,excl_censored,19,21,64.12810305916338,56.74819260294236,9.595040448298331,5.5537760188045695,7.379910456221019,0.9539868979767517,0.9350335158977434,59.747369235018056,67.9909173790011,54.54484339420409,59.07456452417212,301.0,0.006228927993530219,0.0051994800519948,2.409630493125305,12.106899764451825,0.009160188225779733,4,36,62.17625908239305,60.04002684600893
38,2,0.2,0.3,all,19,22,65.5686444921605,58.05075720343111,10.08439724974545,6.590251965210741,7.517887288729391,0.89649767823384,0.8791461102680237,61.13024178736578,69.93436305039738,55.36828047319695,60.72867386808202,304.0,0.01348711356572764,0.008799120087991202,2.264465253650263,12.642114357833611,0.01629862666553189,4,37,60.767863333004215,61.61755271606804
38,2,0.2,0.3,excl_censored,19,21,65.5686444921605,58.2094767083037,10.08439724974545,6.709773435583993,7.359167783856805,0.8680905467668292,0.850843714711859,61.184213284574476,70.23273737332735,55.477776687723,61.094336643876495,288.0,0.017154059840394496,0.0098990100989901,2.0493501246077868,12.669268662591644,0.02024077857273687,4,36,60.767863333004215,61.80921674703919
38,3,0.3,0.4,all,19,22,66.05724674855891,54.842813813486515,12.448818480601531,7.242729359463064,11.214432935072395,1.1227228950261843,1.1009927744772903,61.00509475557103,71.72349362222167,52.00304120522352,57.899549362471866,329.0,0.0017825908825435677,0.0004999500049995,5.265634502701275,17.47635965707227,0.003813028625761642,4,37,58.26126572396517,60.23201430333681
38,3,0.3,0.4,excl_censored,19,21,66.05724674855891,54.83236216222205,12.448818480601531,7.421419111472058,11.224884586336863,1.1092755904157057,1.087237002526652,60.85526746563274,71.95372439845627,51.77613890254978,58.0742543792443,314.0,0.002017988592121406,0.00019998000199980003,4.987654983327186,17.72562694176703,0.004484419093603124,4,36,58.26126572396517,60.375617520372835
38,4,0.4,0.5,all,19,22,63.94564628652007,51.053292673584366,14.589110127231153,7.212507201761368,12.892353612935707,1.1474237682780304,1.1252155663113588,57.951024315009015,70.71416894493336,48.325020768136255,54.030047567089774,336.0,0.0009421334173269092,0.0004999500049995,5.995983914441299,20.789435945549577,0.0028549497494754824,4,37,53.42195087500311,57.41761931791148
38,4,0.4,0.5,excl_censored,19,21,63.94564628652007,51.03593340444403,14.589110127231153,7.390149666321588,12.909712882076043,1.134158759716507,1.1116258042254505,58.22583289910791,70.55873830522245,47.95602955000599,54.10929718853839,321.0,0.0010485701095385488,0.00019998000199980003,6.148993439779941,20.191217644183528,0.003355424350523356,4,36,53.42195087500311,57.58427992881093
38,5,0.5,0.6,all,19,22,64.22679249358379,49.617034704158,16.731061992216894,6.3449792893521195,14.609757789425785,1.1894155314224744,1.1663945856530071,57.70314196924747,71.69276634688254,47.05236964940552,52.24136177501045,336.0,0.0009421334173269092,0.00029997000299970003,7.335926744947128,23.272778704635826,0.0028549497494754824,4,37,55.47216859696568,56.48635531031636
38,5,0.5,0.6,excl_censored,19,21,64.22679249358379,49.46409801670122,16.731061992216894,6.459984506937291,14.762694476882565,1.1874487240294795,1.1638570275255826,57.648780934158665,72.21380572292894,47.022119625985724,52.25096213217905,321.0,0.0010485701095385488,0.00019998000199980003,7.558920447928426,22.86230611670286,0.003355424350523356,4,36,55.47216859696568,56.58795670391542
38,6,0.6,0.7,all,19,22,62.09184006479226,47.849230913605446,13.102254858202002,7.679929222903009,14.242609151186812,1.3519031230553507,1.3257372561575052,56.497095189856154,67.97768754382096,44.745365992648125,51.27323514848691,343.0,0.0004825316312145502,9.999000099990002e-05,7.869722606207366,20.511308854047822,0.0023254536444074713,4,37,54.755597454444455,54.41636895979987
38,6,0.6,0.7,excl_censored,19,21,62.09184006479226,47.90240310056652,13.102254858202002,7.865435036307263,14.189436964225742,1.3296771586110714,1.3032597316187984,56.26277615000991,67.79315923927868,44.73401571274312,51.2770450531234,327.0,0.0005824376923117234,0.00029997000299970003,7.57387872284039,20.759576006569553,0.0030654615384827547,4,36,54.755597454444455,54.629806570143664
38,7,0.7,0.8,all,19,22,60.737221182909195,45.664572457849786,10.397281546888783,6.959860080034979,15.072648725059409,1.7292153830872257,1.6957466982532792,56.10499268206447,65.26084008984681,42.884638619891945,48.4636555035431,370.0,2.714688426846263e-05,0.00019998000199980003,9.899718687201494,20.442166839698917,0.0012614237725646644,4,37,52.41793277456572,52.674488255397485
38,7,0.7,0.8,excl_censored,19,21,60.737221182909195,45.88395063953036,10.397281546888783,7.053361339102525,14.853270543378834,1.6884051964567992,1.6548607223550085,56.250171940312256,65.28853049849648,43.022859620388324,49.0643289137337,352.0,3.8423130992554465e-05,9.999000099990002e-05,9.542858039406669,20.041924383849402,0.002022340295259568,4,36,52.41793277456572,52.99717874464303
38,8,0.8,0.9,all,19,22,59.045191508489886,44.652376977026755,11.46973243473495,7.676435207539285,14.39281453146313,1.4969155457862786,1.4679429868355764,54.25352081059953,64.01888981692116,41.47316199451669,47.67666675448138,357.0,0.00011512019127576662,9.999000099990002e-05,8.54067310129401,20.281459988871553,0.0017639846850529771,4,37,50.367108875616246,51.425472882525185
38,8,0.8,0.9,excl_censored,19,21,59.045191508489886,44.64643171901123,11.46973243473495,7.865953462586771,14.398759789478653,1.4782133987774324,1.4488449206560265,54.060714299247856,64.13808155553254,41.33579628678593,48.06818866745481,341.0,0.0001340811834087878,9.999000099990002e-05,8.016019150821952,20.35219078491982,0.002145298934540605,4,36,50.367108875616246,51.61014636827997
38,9,0.9,1.0,all,19,22,63.65546274223317,47.225096219356594,13.008165958882323,5.832817204489508,16.430366522876575,1.6732833006109007,1.64089717221198,58.12269172807849,69.17855141702512,44.916745529355815,49.59701423539082,361.0,7.467752166289718e-05,0.00019998000199980003,9.99993866479013,22.707671996325836,0.0015721583507978356,4,37,55.37836732987631,54.780876746182976
38,9,0.9,1.0,excl_censored,19,21,63.65546274223317,47.28502032867875,13.008165958882323,5.969915795382309,16.37044241355442,1.6460308123874379,1.613328213465833,57.821733822667355,69.43113094217402,44.79940989178747,49.88573591799892,344.0,9.615654461282442e-05,9.999000099990002e-05,10.322188498759418,22.369342316511467,0.002024348307638409,4,36,55.37836732987631,55.025715269032744
39,0,0.0,0.1,all,19,22,87.2270114670677,79.40863736748592,11.158432914887062,6.8133496183575115,7.818374099581774,0.8609689978687369,0.8443050817809549,82.12309264995014,91.93368477154087,76.69121035168592,82.10867865808264,323.0,0.003003459393580646,0.009099090090990901,2.3003315512625795,13.24898366860952,0.0051561534653744995,4,37,82.67054254320853,83.07083972394979
39,0,0.0,0.1,excl_censored,19,21,87.2270114670677,79.51902864195236,11.158432914887062,6.961416355866224,7.707982825115337,0.8385940417878027,0.8219332330105616,82.41368434286807,91.85662990873583,76.56568054171423,82.40143239904431,307.0,0.0037556942034487764,0.012098790120987902,1.8142737350087885,13.306396707949617,0.006447543696907771,4,36,82.67054254320853,83.23696247729032
39,1,0.1,0.2,all,19,22,89.940737919948,82.07468249868812,9.411863178949078,5.243488723486742,7.866055421259887,1.0540759964761326,1.0336745255765944,85.78496998972686,94.12914142137392,79.95381355216684,84.22364719362757,322.0,0.0032690189024478997,0.0017998200179982,3.0538847075383178,12.491379101321526,0.005448364837413166,4,37,89.42982563692482,85.31885764601218
39,1,0.1,0.2,excl_censored,19,21,89.940737919948,82.45442848478021,9.411863178949078,5.053484013102615,7.486309435167797,1.0057907249979088,0.9858081278125199,85.55644190545887,93.83404141575335,80.49726373295242,84.6135301580291,305.0,0.004457673402773676,0.0031996800319968005,2.4520345633393132,11.969750559994186,0.007047704984622412,4,36,89.42982563692482,85.63049211421378
39,2,0.2,0.3,all,19,22,90.98925022548784,82.77638851594592,10.282108167245767,6.17252316591231,8.212861709541912,0.9864983684400974,0.9674048516315793,86.45847770000375,95.3827110091353,80.32950514650211,85.17077563411256,314.0,0.006293499750235036,0.003999600039996,2.8799444930054823,13.23545353552072,0.008740971875326438,4,37,86.81526610291696,86.5571685736057
39,2,0.2,0.3,excl_censored,19,21,90.98925022548784,83.02075684694957,10.282108167245767,6.21495032077876,7.96849337853827,0.9496536524598048,0.9307863613513319,86.37786408696019,95.34077909208389,80.54890663912586,85.9456775728375,297.0,0.008610472967426036,0.0057994200579942,2.7784480372924274,13.132084288105652,0.011480630623234714,4,36,86.81526610291696,86.80473843495948
39,3,0.3,0.4,all,19,22,90.95018135295498,78.55928549469135,12.608470073284003,7.3612799018282224,12.390895858263633,1.223582377380714,1.1999001378185066,85.93623718912659,96.70789408860213,75.82396800898847,81.49472628643426,346.0,0.0003587519020525188,0.00019998000199980003,6.416651149932781,19.05944308520084,0.0020211374763522186,4,37,83.6779302504999,84.36881096182039
39,3,0.3,0.4,excl_censored,19,21,90.95018135295498,78.57114792430585,12.608470073284003,7.54285180250502,12.379033428649137,1.2066470815353625,1.1826739607101566,85.77007185208217,97.0962144515274,75.70000995749143,81.79734168935425,330.0,0.0004300596815876974,0.00029997000299970003,6.418510784326707,18.872996845535784,0.0027208081230413886,4,36,83.6779302504999,84.53710641984908
39,4,0.4,0.5,all,19,22,88.39982656459367,74.42384274539788,14.833610489922574,7.359819193599883,13.97598381919579,1.2223856132591309,1.1987265368734703,82.12179187518501,95.07594200523893,71.45450742159804,77.67270128652353,341.0,0.0005860668055800342,9.999000099990002e-05,7.144963237712897,21.412111763959633,0.002346419927533176,4,37,78.52214681594525,81.15763940168249
39,4,0.4,0.5,excl_censored,19,21,88.39982656459367,74.52668836010284,14.833610489922574,7.525353925091228,13.873138204490829,1.1983075283361024,1.174500093998299,82.22222368538127,95.07186080743826,71.58512930639581,77.90326729533339,325.0,0.0007104983619273451,0.00039996000399960006,6.46748692490557,20.984210479417857,0.003193251064842001,4,36,78.52214681594525,81.40468258404606
39,5,0.5,0.6,all,19,22,88.36992204565533,72.96701767250912,16.891611876409073,6.739626164874761,15.402904373146214,1.2326368009982092,1.208779314527276,81.16164267639367,96.0493983883638,70.32608743518087,75.87821176486013,336.0,0.0009421334173269092,0.00019998000199980003,7.751305871511641,23.783158815901395,0.0028549497494754824,4,37,80.23565888813098,80.0908181651386
39,5,0.5,0.6,excl_censored,19,21,88.36992204565533,72.92469567475959,16.891611876409073,6.903065499100934,15.445226370895739,1.2201572153233118,1.1959156812440408,81.40466441408063,96.18070649089593,70.21937666743617,75.91060928481348,320.0,0.0011537424302101517,0.00019998000199980003,7.847604865031831,23.333245903680805,0.0035228776494966468,4,36,80.23565888813098,80.26401368013553
39,6,0.6,0.7,all,19,22,86.46524041693864,71.10702861299838,13.251784437949164,7.926133370898722,15.358211803940264,1.4329161700298088,1.405182308674393,80.36043269898204,92.32636506572854,68.02187941527735,74.35602448359013,346.0,0.0003587519020525188,9.999000099990002e-05,8.717007073267604,21.82470065752929,0.0020211374763522186,4,37,79.73917652795542,78.06047273772909
39,6,0.6,0.7,excl_censored,19,21,86.46524041693864,71.21579399455689,13.251784437949164,8.105029231528247,15.249446422381752,1.4052667179256721,1.3773475116092682,80.53185650907646,92.1357027762423,67.94353052814374,74.67964198797306,330.0,0.0004300596815876974,9.999000099990002e-05,8.562898081604914,21.71303362992055,0.0027208081230413886,4,36,79.73917652795542,78.31707043599187
39,7,0.7,0.8,all,19,22,84.6597403551308,69.43895486007622,10.810154996533791,7.297429829852112,15.220785495054571,1.6746418925377133,1.642229468811177,79.53127869322125,89.49359389062627,66.52482360923918,72.44508440530313,369.0,3.0456795030823535e-05,9.999000099990002e-05,9.481290707188734,20.889347890627644,0.0012614237725646644,4,37,77.45687472006405,76.3882317510515
39,7,0.7,0.8,excl_censored,19,21,84.6597403551308,69.7005853349139,10.810154996533791,7.371153203793341,14.959155020216897,1.6326512972540643,1.6002145165139174,79.96565178990556,89.3538894913554,66.71398565612047,72.98867629582188,350.0,4.8530233324764584e-05,9.999000099990002e-05,9.116689701760349,20.470741758162173,0.002022340295259568,4,36,77.45687472006405,76.73388499723393
39,8,0.8,0.9,all,19,22,82.86740260672309,68.28031808712062,11.589040927981278,8.371687787884154,14.58708451960247,1.4607147660518043,1.4324428673540273,77.50957564954011,87.8922129880635,64.62750782689413,71.6797346629008,353.0,0.00017562966379730592,9.999000099990002e-05,8.164833714086193,20.606833899751077,0.0017639846850529771,4,37,74.7851783414338,75.06775497509884
39,8,0.8,0.9,excl_censored,19,21,82.86740260672309,68.33757691973126,11.589040927981278,8.574011848681655,14.529825686991828,1.4364860221947222,1.407946564800125,77.82419915839405,87.6733844268762,64.86618869478161,72.0922655864072,336.0,0.00023012619213611232,0.00019998000199980003,8.356503838351198,20.774185203532152,0.0026423869060276874,4,36,74.7851783414338,75.28969587434334
39,9,0.9,1.0,all,19,22,87.2551858909346,70.64247294780837,12.699850020637902,6.308240607833585,16.612712943126226,1.696701301050264,1.6638619210299364,81.63769178798326,92.70492774799474,68.0240004869454,73.10787300806048,368.0,3.414794323756137e-05,9.999000099990002e-05,10.500954929402377,22.719461470696483,0.0012614237725646644,4,37,80.06256735938899,78.15493695518879
39,9,0.9,1.0,excl_censored,19,21,87.2551858909346,70.73452587099925,12.699850020637902,6.448864329105255,16.52066001993535,1.6663998261768413,1.6332925448620697,81.77185926347812,92.59587895688252,68.17667879393304,73.36941138145292,351.0,4.319710742605304e-05,9.999000099990002e-05,9.955993165566603,22.487624230018085,0.002022340295259568,4,36,80.06256735938899,78.41731404947737
