layer,head,component,succ_mean,fail_mean,delta,n_succ,n_fail
0,0,benign_puzzle_scaffold,0.2727572045253511,0.23386519091910257,0.038892013606248554,6,16
0,0,final_answer_cue,0.7255694376715955,0.7677451934861046,-0.04217575581450905,6,16
0,0,harmful_instruction,0.0,0.010747097736204022,-0.010747097736204022,6,16
0,0,injected_reasoning,0.0,0.00014735465145723748,-0.00014735465145723748,6,16
0,1,benign_puzzle_scaffold,0.250044078485162,0.22635247178013418,0.023691606705027846,6,16
0,1,final_answer_cue,0.7459633600775472,0.7749734021236019,-0.02901004204605473,6,16
0,1,harmful_instruction,0.0,0.010634932034908125,-0.010634932034908125,6,16
0,1,injected_reasoning,0.0,0.00012852104962206198,-0.00012852104962206198,6,16
0,2,benign_puzzle_scaffold,0.32662433629947046,0.31392075943150743,0.012703576867963029,6,16
0,2,final_answer_cue,0.6611938135298671,0.6881546741222315,-0.026960860592364466,6,16
0,2,harmful_instruction,0.0,0.011887940070390778,-0.011887940070390778,6,16
0,2,injected_reasoning,0.0,0.0003128123183419103,-0.0003128123183419103,6,16
0,3,benign_puzzle_scaffold,0.21997943105340725,0.19439763740926208,0.025581793644145173,6,16
0,3,final_answer_cue,0.7805026508193995,0.8073160934715264,-0.02681344265212693,6,16
0,3,harmful_instruction,0.0,0.009719286419512752,-0.009719286419512752,6,16
0,3,injected_reasoning,0.0,8.425699828828992e-05,-8.425699828828992e-05,6,16
0,4,benign_puzzle_scaffold,0.28928845112851237,0.27096227886019,0.018326172268322394,6,16
0,4,final_answer_cue,0.7042068478911675,0.7318383924494197,-0.02763154455825223,6,16
0,4,harmful_instruction,0.0,0.010840767178372393,-0.010840767178372393,6,16
0,4,injected_reasoning,0.0,0.0002881809629560853,-0.0002881809629560853,6,16
0,5,benign_puzzle_scaffold,0.20749169328802253,0.1789598900973126,0.028531803190709915,6,16
0,5,final_answer_cue,0.8005309601017939,0.824513976104942,-0.023983016003148117,6,16
0,5,harmful_instruction,0.0,0.014128417594598059,-0.014128417594598059,6,16
0,5,injected_reasoning,0.0,0.00014772477961530353,-0.00014772477961530353,6,16
0,6,benign_puzzle_scaffold,0.386295918563317,0.29671408870131954,0.08958182986199748,6,16
0,6,final_answer_cue,0.6332855163916828,0.7101526270674919,-0.07686711067580909,6,16
0,6,harmful_instruction,0.0,0.013699463090327175,-0.013699463090327175,6,16
0,6,injected_reasoning,0.0,0.00013657156105880677,-0.00013657156105880677,6,16
0,7,benign_puzzle_scaffold,0.565041463296401,0.4662997535063379,0.09874170979006314,6,16
0,7,final_answer_cue,0.41911096215784066,0.5366178197635058,-0.1175068576056651,6,16
0,7,harmful_instruction,0.0,0.004841379315301808,-0.004841379315301808,6,16
0,7,injected_reasoning,0.0,0.000510045234757208,-0.000510045234757208,6,16
0,8,benign_puzzle_scaffold,0.7674480224754294,0.7931470384402092,-0.025699015964779748,6,16
0,8,final_answer_cue,0.14279184603048756,0.20812025327609013,-0.06532840724560257,6,16
0,8,harmful_instruction,0.0,0.002035739340298238,-0.002035739340298238,6,16
0,8,injected_reasoning,0.0,0.004489345236064252,-0.004489345236064252,6,16
0,9,benign_puzzle_scaffold,0.7396219608508662,0.6358877035040695,0.10373425734679664,6,16
0,9,final_answer_cue,0.24448696768162673,0.3714299340190068,-0.1269429663373801,6,16
0,9,harmful_instruction,0.0,0.0054852244054367895,-0.0054852244054367895,6,16
0,9,injected_reasoning,0.0,0.0011764241209873477,-0.0011764241209873477,6,16
0,10,benign_puzzle_scaffold,0.22584676552608493,0.20133624794867822,0.024510517577406715,6,16
0,10,final_answer_cue,0.7693917053835572,0.7998506916456827,-0.03045898626212551,6,16
0,10,harmful_instruction,0.0,0.009016796784626451,-0.009016796784626451,6,16
0,10,injected_reasoning,0.0,0.00010244042722504644,-0.00010244042722504644,6,16
0,11,benign_puzzle_scaffold,0.19123425512606085,0.1808596632754158,0.010374591850645043,6,16
0,11,final_answer_cue,0.8109822715050375,0.8219960116510676,-0.011013740146030071,6,16
0,11,harmful_instruction,0.0,0.012170873080668748,-0.012170873080668748,6,16
0,11,injected_reasoning,0.0,0.00011309608347252779,-0.00011309608347252779,6,16
0,12,benign_puzzle_scaffold,0.27081711499627126,0.25872401450004623,0.012093100496225029,6,16
0,12,final_answer_cue,0.7215788521541131,0.742757240389563,-0.02117838823544993,6,16
0,12,harmful_instruction,0.0,0.008741044944313409,-0.008741044944313409,6,16
0,12,injected_reasoning,0.0,0.00013271274012687648,-0.00013271274012687648,6,16
0,13,benign_puzzle_scaffold,0.6807407025129208,0.6744424371726934,0.006298265340227482,6,16
0,13,final_answer_cue,0.2856797476624029,0.3277347781999245,-0.04205503053752163,6,16
0,13,harmful_instruction,0.0,0.003771525579206257,-0.003771525579206257,6,16
0,13,injected_reasoning,0.0,0.0008003715991754864,-0.0008003715991754864,6,16
0,14,benign_puzzle_scaffold,0.6267272821833284,0.6451292754731185,-0.018401993289790086,6,16
0,14,final_answer_cue,0.3360088535567724,0.355065744874844,-0.01905689131807159,6,16
0,14,harmful_instruction,0.0,0.0034130479389633058,-0.0034130479389633058,6,16
0,14,injected_reasoning,0.0,0.0005362976488081064,-0.0005362976488081064,6,16
0,15,benign_puzzle_scaffold,0.2573121533277102,0.2333972237715276,0.023914929556182574,6,16
0,15,final_answer_cue,0.7285816868769457,0.7691784929920564,-0.04059680611511074,6,16
0,15,harmful_instruction,0.0,0.010965243347130017,-0.010965243347130017,6,16
0,15,injected_reasoning,0.0,0.00030891388810527873,-0.00030891388810527873,6,16
0,16,benign_puzzle_scaffold,0.09065706656904197,0.0642209373097105,0.026436129259331476,6,16
0,16,final_answer_cue,0.9214241273663256,0.9390129680154874,-0.017588840649161774,6,16
0,16,harmful_instruction,0.0,0.014073176103020411,-0.014073176103020411,6,16
0,16,injected_reasoning,0.0,2.7407466195502504e-05,-2.7407466195502504e-05,6,16
0,17,benign_puzzle_scaffold,0.6452327108351709,0.666065406734929,-0.020832695899758114,6,16
0,17,final_answer_cue,0.30906443580559334,0.334477292281337,-0.02541285647574365,6,16
0,17,harmful_instruction,0.0,0.004191351505624151,-0.004191351505624151,6,16
0,17,injected_reasoning,0.0,0.0011972695059120878,-0.0011972695059120878,6,16
0,18,benign_puzzle_scaffold,0.0430565498139338,0.02860731529911373,0.01444923451482007,6,16
0,18,final_answer_cue,0.9690425625045509,0.9744043458202651,-0.005361783315714241,6,16
0,18,harmful_instruction,0.0,0.013559292919252782,-0.013559292919252782,6,16
0,18,injected_reasoning,0.0,1.4985232783974849e-05,-1.4985232783974849e-05,6,16
0,19,benign_puzzle_scaffold,0.09199452126293145,0.06333111424135188,0.028663407021579573,6,16
0,19,final_answer_cue,0.9218947366866325,0.9402278467092411,-0.018333110022608623,6,16
0,19,harmful_instruction,0.0,0.014109892267306398,-0.014109892267306398,6,16
0,19,injected_reasoning,0.0,1.983203906418712e-05,-1.983203906418712e-05,6,16
0,20,benign_puzzle_scaffold,0.5773599628843843,0.5960628296117274,-0.018702866727343115,6,16
0,20,final_answer_cue,0.38473006990391206,0.406155420175462,-0.02142535027154996,6,16
0,20,harmful_instruction,0.0,0.005109148416874875,-0.005109148416874875,6,16
0,20,injected_reasoning,0.0,0.0003339289208003441,-0.0003339289208003441,6,16
0,21,benign_puzzle_scaffold,0.4112729265521187,0.43053009734060443,-0.01925717078848571,6,16
0,21,final_answer_cue,0.5646578011428434,0.5697506833814622,-0.005092882238618812,6,16
0,21,harmful_instruction,0.0,0.006298226667598621,-0.006298226667598621,6,16
0,21,injected_reasoning,0.0,0.0006582753377244334,-0.0006582753377244334,6,16
0,22,benign_puzzle_scaffold,0.2762844827463781,0.3250694831389356,-0.048785000392557454,6,16
0,22,final_answer_cue,0.7121623551515426,0.6778534432297976,0.03430891192174501,6,16
0,22,harmful_instruction,0.0,0.010240507793255731,-0.010240507793255731,6,16
0,22,injected_reasoning,0.0,0.00011709294742630501,-0.00011709294742630501,6,16
0,23,benign_puzzle_scaffold,0.36950055355657585,0.35024486713754954,0.019255686419026308,6,16
0,23,final_answer_cue,0.6187140069938764,0.6505457805781316,-0.03183177358425526,6,16
0,23,harmful_instruction,0.0,0.006778096399021555,-0.006778096399021555,6,16
0,23,injected_reasoning,0.0,0.0002592877888598242,-0.0002592877888598242,6,16
0,24,benign_puzzle_scaffold,0.6872924440265429,0.6576594711565507,0.029632972869992225,6,16
0,24,final_answer_cue,0.2669306400955875,0.34447630983236704,-0.07754566973677957,6,16
0,24,harmful_instruction,0.0,0.004269978459316102,-0.004269978459316102,6,16
0,24,injected_reasoning,0.0,0.0010662348656358682,-0.0010662348656358682,6,16
0,25,benign_puzzle_scaffold,0.2278325682097391,0.21967367454570838,0.00815889366403072,6,16
0,25,final_answer_cue,0.7663235517327144,0.7828171467467782,-0.016493595014063778,6,16
0,25,harmful_instruction,0.0,0.009972570267141642,-0.009972570267141642,6,16
0,25,injected_reasoning,0.0,0.0004085811165759776,-0.0004085811165759776,6,16
0,26,benign_puzzle_scaffold,0.29377636344382313,0.21895147080777522,0.07482489263604791,6,16
0,26,final_answer_cue,0.7063513685013011,0.7828038990068781,-0.07645253050557699,6,16
0,26,harmful_instruction,0.0,0.010930173652819924,-0.010930173652819924,6,16
0,26,injected_reasoning,0.0,0.00010557117945168974,-0.00010557117945168974,6,16
0,27,benign_puzzle_scaffold,0.6365994321776248,0.7222991718852734,-0.08569973970764855,6,16
0,27,final_answer_cue,0.28197914863224366,0.2775721687543994,0.004406979877844275,6,16
0,27,harmful_instruction,0.0,0.002075182839970758,-0.002075182839970758,6,16
0,27,injected_reasoning,0.0,0.00031959159458016433,-0.00031959159458016433,6,16
0,28,benign_puzzle_scaffold,0.20948074776159897,0.15395554452221102,0.05552520323938795,6,16
0,28,final_answer_cue,0.8038233935782851,0.8498311665345608,-0.04600777295627567,6,16
0,28,harmful_instruction,0.0,0.010971776558826309,-0.010971776558826309,6,16
0,28,injected_reasoning,0.0,3.966806453814751e-05,-3.966806453814751e-05,6,16
0,29,benign_puzzle_scaffold,0.2370786027893899,0.17002342859325842,0.06705517419613147,6,16
0,29,final_answer_cue,0.7689979831210269,0.8321436153869315,-0.06314563226590464,6,16
0,29,harmful_instruction,0.0,0.011954639531355764,-0.011954639531355764,6,16
0,29,injected_reasoning,0.0,7.159373095148625e-05,-7.159373095148625e-05,6,16
0,30,benign_puzzle_scaffold,0.18737343418139144,0.17181449645068497,0.015558937730706462,6,16
0,30,final_answer_cue,0.8182189715214445,0.8315315494080331,-0.013312577886588572,6,16
0,30,harmful_instruction,0.0,0.011388550634802314,-0.011388550634802314,6,16
0,30,injected_reasoning,0.0,0.00011040369064430765,-0.00011040369064430765,6,16
0,31,benign_puzzle_scaffold,0.18257080580710996,0.1648461371972787,0.017724668609831268,6,16
0,31,final_answer_cue,0.8307175151829633,0.8399952379978286,-0.009277722814865275,6,16
0,31,harmful_instruction,0.0,0.011905903100202862,-0.011905903100202862,6,16
0,31,injected_reasoning,0.0,0.00010737716103354548,-0.00010737716103354548,6,16
0,32,benign_puzzle_scaffold,0.17609608433879068,0.17287472952228353,0.0032213548165071493,6,16
0,32,final_answer_cue,0.83014389903771,0.8310714432258202,-0.0009275441881101409,6,16
0,32,harmful_instruction,0.0,0.011367806291886008,-0.011367806291886008,6,16
0,32,injected_reasoning,0.0,0.00025085724058869025,-0.00025085724058869025,6,16
0,33,benign_puzzle_scaffold,0.8249846329470651,0.938209053993659,-0.1132244210465938,6,16
0,33,final_answer_cue,0.06090637900702645,0.05596671194343785,0.004939667063588601,6,16
0,33,harmful_instruction,0.0,0.0008154159868695933,-0.0008154159868695933,6,16
0,33,injected_reasoning,0.0,0.0037135377985937313,-0.0037135377985937313,6,16
0,34,benign_puzzle_scaffold,0.30938216999893225,0.30211666252501185,0.007265507473920407,6,16
0,34,final_answer_cue,0.6817949613388959,0.7009130051025292,-0.01911804376363324,6,16
0,34,harmful_instruction,0.0,0.011306121334233619,-0.011306121334233619,6,16
0,34,injected_reasoning,0.0,0.0007774015775653044,-0.0007774015775653044,6,16
0,35,benign_puzzle_scaffold,0.490489583882954,0.479880659797573,0.010608924085381,6,16
0,35,final_answer_cue,0.4793613846110836,0.5203395150872925,-0.04097813047620891,6,16
0,35,harmful_instruction,0.0,0.008635030815378197,-0.008635030815378197,6,16
0,35,injected_reasoning,0.0,0.0007264258281782279,-0.0007264258281782279,6,16
0,36,benign_puzzle_scaffold,0.2274715523985589,0.2307228285573277,-0.003251276158768801,6,16
0,36,final_answer_cue,0.7707790529618092,0.7724585719986852,-0.0016795190368760204,6,16
0,36,harmful_instruction,0.0,0.013135618839963,-0.013135618839963,6,16
0,36,injected_reasoning,0.0,0.0002838335237545383,-0.0002838335237545383,6,16
0,37,benign_puzzle_scaffold,0.28603743115509594,0.2697455786708841,0.016291852484211833,6,16
0,37,final_answer_cue,0.7016036804324668,0.730652570276059,-0.029048889843592218,6,16
0,37,harmful_instruction,0.0,0.008877421754996563,-0.008877421754996563,6,16
0,37,injected_reasoning,0.0,0.000138072389339606,-0.000138072389339606,6,16
0,38,benign_puzzle_scaffold,0.27079872144319656,0.2550468131778371,0.015751908265359438,6,16
0,38,final_answer_cue,0.7184749335691426,0.7452192271532999,-0.026744293584157308,6,16
0,38,harmful_instruction,0.0,0.008698828044953682,-0.008698828044953682,6,16
0,38,injected_reasoning,0.0,0.0001731363891910053,-0.0001731363891910053,6,16
0,39,benign_puzzle_scaffold,0.32847444531480835,0.30990445783129117,0.01856998748351718,6,16
0,39,final_answer_cue,0.6544221658019495,0.6904096512412967,-0.035987485439347267,6,16
0,39,harmful_instruction,0.0,0.008168389097305785,-0.008168389097305785,6,16
0,39,injected_reasoning,0.0,0.00019984452149847572,-0.00019984452149847572,6,16
1,0,benign_puzzle_scaffold,0.6300595227758897,0.6566902992393975,-0.026630776463507755,6,16
1,0,final_answer_cue,0.31345629597014285,0.3419490774757691,-0.02849278150562623,6,16
1,0,harmful_instruction,0.0,0.003638629280092156,-0.003638629280092156,6,16
1,0,injected_reasoning,0.0,0.0007606967540939181,-0.0007606967540939181,6,16
1,1,benign_puzzle_scaffold,0.7452499504721256,0.6751713259359329,0.07007862453619274,6,16
1,1,final_answer_cue,0.21444150772078888,0.32403912655469985,-0.10959761883391098,6,16
1,1,harmful_instruction,0.0,0.0007550859630568732,-0.0007550859630568732,6,16
1,1,injected_reasoning,0.0,0.0004163713808443061,-0.0004163713808443061,6,16
1,2,benign_puzzle_scaffold,0.53097684860515,0.5661525163529959,-0.03517566774784586,6,16
1,2,final_answer_cue,0.42157352306097856,0.4328418167462882,-0.011268293685309627,6,16
1,2,harmful_instruction,0.0,0.003402488520698354,-0.003402488520698354,6,16
1,2,injected_reasoning,0.0,0.0006935133672854397,-0.0006935133672854397,6,16
1,3,benign_puzzle_scaffold,0.4213287152154625,0.44140987101823576,-0.020081155802773254,6,16
1,3,final_answer_cue,0.5528948947630908,0.5590780622927946,-0.006183167529703715,6,16
1,3,harmful_instruction,0.0,0.005507101091667136,-0.005507101091667136,6,16
1,3,injected_reasoning,0.0,0.0007607382391240713,-0.0007607382391240713,6,16
1,4,benign_puzzle_scaffold,0.5317794674952029,0.5150618683019228,0.016717599193280086,6,16
1,4,final_answer_cue,0.42269617139906074,0.48444469588237876,-0.061748524483318024,6,16
1,4,harmful_instruction,0.0,0.007864738441027173,-0.007864738441027173,6,16
1,4,injected_reasoning,0.0,0.0007590944051715542,-0.0007590944051715542,6,16
1,5,benign_puzzle_scaffold,0.5667627128641367,0.5319843683885026,0.034778344475634104,6,16
1,5,final_answer_cue,0.40143248157567574,0.4692644191070311,-0.06783193753135536,6,16
1,5,harmful_instruction,0.0,0.0065163749812,-0.0065163749812,6,16
1,5,injected_reasoning,0.0,0.0007006493948750964,-0.0007006493948750964,6,16
1,6,benign_puzzle_scaffold,0.5054399370771053,0.4902388847158461,0.015201052361259237,6,16
1,6,final_answer_cue,0.46312038297093966,0.508774522732196,-0.045654139761256374,6,16
1,6,harmful_instruction,0.0,0.00275581691711449,-0.00275581691711449,6,16
1,6,injected_reasoning,0.0,0.0011298618317054812,-0.0011298618317054812,6,16
1,7,benign_puzzle_scaffold,0.7712788506054422,0.8497885473473823,-0.07850969674194008,6,16
1,7,final_answer_cue,0.1305545952727549,0.14460101387469815,-0.01404641860194325,6,16
1,7,harmful_instruction,0.0,0.0012663245558512729,-0.0012663245558512729,6,16
1,7,injected_reasoning,0.0,0.002202027844685362,-0.002202027844685362,6,16
1,8,benign_puzzle_scaffold,0.7377945000428814,0.6806430247515824,0.05715147529129894,6,16
1,8,final_answer_cue,0.1973409415754365,0.31865997427393367,-0.12131903269849717,6,16
1,8,harmful_instruction,0.0,0.004891284023623053,-0.004891284023623053,6,16
1,8,injected_reasoning,0.0,0.005608276706107552,-0.005608276706107552,6,16
1,9,benign_puzzle_scaffold,0.716118937788519,0.7434591995112396,-0.027340261722720638,6,16
1,9,final_answer_cue,0.2221348855343753,0.25569660848192954,-0.033561722947554246,6,16
1,9,harmful_instruction,0.0,0.0022898955888466933,-0.0022898955888466933,6,16
1,9,injected_reasoning,0.0,0.0013250898633469402,-0.0013250898633469402,6,16
1,10,benign_puzzle_scaffold,0.45293591373617637,0.3871674931983737,0.06576842053780269,6,16
1,10,final_answer_cue,0.5406731150008939,0.6161579621040947,-0.0754848471032008,6,16
1,10,harmful_instruction,0.0,0.006996556156952395,-0.006996556156952395,6,16
1,10,injected_reasoning,0.0,0.0006353947842652517,-0.0006353947842652517,6,16
1,11,benign_puzzle_scaffold,0.5209217097253119,0.46923091642513,0.05169079330018195,6,16
1,11,final_answer_cue,0.44203913689542507,0.5315512525573842,-0.08951211566195916,6,16
1,11,harmful_instruction,0.0,0.007168448026015137,-0.007168448026015137,6,16
1,11,injected_reasoning,0.0,0.0009872753929762064,-0.0009872753929762064,6,16
1,12,benign_puzzle_scaffold,0.766826764676582,0.8103400296021869,-0.04351326492560492,6,16
1,12,final_answer_cue,0.09506105635327078,0.1381676382318081,-0.04310658187853733,6,16
1,12,harmful_instruction,0.0,0.0003245953705244377,-0.0003245953705244377,6,16
1,12,injected_reasoning,0.0,0.003978035959794581,-0.003978035959794581,6,16
1,13,benign_puzzle_scaffold,0.17814161430670317,0.16261729113356763,0.01552432317313554,6,16
1,13,final_answer_cue,0.8146858141156773,0.8382209591942373,-0.023535145078560027,6,16
1,13,harmful_instruction,0.0,0.011328389459833204,-0.011328389459833204,6,16
1,13,injected_reasoning,0.0,0.0002500273680981105,-0.0002500273680981105,6,16
1,14,benign_puzzle_scaffold,0.4552306420368919,0.3833376445629886,0.07189299747390332,6,16
1,14,final_answer_cue,0.526780416738425,0.6175308139595858,-0.09075039722116074,6,16
1,14,harmful_instruction,0.0,0.007876402975388044,-0.007876402975388044,6,16
1,14,injected_reasoning,0.0,0.0007975653926307912,-0.0007975653926307912,6,16
1,15,benign_puzzle_scaffold,0.3272217281733362,0.19372717660703054,0.13349455156630569,6,16
1,15,final_answer_cue,0.6824303817406637,0.8092188537292134,-0.1267884719885497,6,16
1,15,harmful_instruction,0.0,0.008812671740994546,-0.008812671740994546,6,16
1,15,injected_reasoning,0.0,0.0001160231354904873,-0.0001160231354904873,6,16
1,16,benign_puzzle_scaffold,0.7842086984857762,0.8649959907300122,-0.08078729224423598,6,16
1,16,final_answer_cue,0.1221372099461217,0.13090092167957793,-0.00876371173345622,6,16
1,16,harmful_instruction,0.0,0.0003787448096923663,-0.0003787448096923663,6,16
1,16,injected_reasoning,0.0,0.002992229309326658,-0.002992229309326658,6,16
1,17,benign_puzzle_scaffold,0.3093185648491165,0.28209988197271724,0.02721868287639928,6,16
1,17,final_answer_cue,0.7128743722765211,0.7254354208712629,-0.01256104859474183,6,16
1,17,harmful_instruction,0.0,0.008978849001059865,-0.008978849001059865,6,16
1,17,injected_reasoning,0.0,0.00019926975777711218,-0.00019926975777711218,6,16
1,18,benign_puzzle_scaffold,0.7814350943968553,0.906119161573451,-0.12468406717659564,6,16
1,18,final_answer_cue,0.10730241426578359,0.09257397664856931,0.014728437617214277,6,16
1,18,harmful_instruction,0.0,0.0005633634713009416,-0.0005633634713009416,6,16
1,18,injected_reasoning,0.0,0.006217055413265015,-0.006217055413265015,6,16
1,19,benign_puzzle_scaffold,0.1531232470520132,0.09360591594542166,0.059517331106591534,6,16
1,19,final_answer_cue,0.8578162994052111,0.9096052601108178,-0.05178896070560668,6,16
1,19,harmful_instruction,0.0,0.010405628712779409,-0.010405628712779409,6,16
1,19,injected_reasoning,0.0,0.00015278390418737886,-0.00015278390418737886,6,16
1,20,benign_puzzle_scaffold,0.2523487946068989,0.24645283666441736,0.0058959579424815445,6,16
1,20,final_answer_cue,0.7351093576526514,0.7536665530659319,-0.01855719541328049,6,16
1,20,harmful_instruction,0.0,0.009071131326254665,-0.009071131326254665,6,16
1,20,injected_reasoning,0.0,0.00036773133427496626,-0.00036773133427496626,6,16
1,21,benign_puzzle_scaffold,0.2830506478525702,0.28825187139863545,-0.005201223546065226,6,16
1,21,final_answer_cue,0.6968899713952218,0.7119677607483963,-0.015077789353174498,6,16
1,21,harmful_instruction,0.0,0.007933901868974596,-0.007933901868974596,6,16
1,21,injected_reasoning,0.0,0.000453447578841727,-0.000453447578841727,6,16
1,22,benign_puzzle_scaffold,0.29804104001335,0.29941208860761337,-0.0013710485942633466,6,16
1,22,final_answer_cue,0.6647733251703131,0.6980129056038106,-0.033239580433497506,6,16
1,22,harmful_instruction,0.0,0.008236206058491687,-0.008236206058491687,6,16
1,22,injected_reasoning,0.0,0.00042169323797628126,-0.00042169323797628126,6,16
1,23,benign_puzzle_scaffold,0.5552675729593899,0.5766151875881742,-0.021347614628784317,6,16
1,23,final_answer_cue,0.36528432401148875,0.4197177653501558,-0.054433441338667066,6,16
1,23,harmful_instruction,0.0,0.003994821900875229,-0.003994821900875229,6,16
1,23,injected_reasoning,0.0,0.0005607779453958906,-0.0005607779453958906,6,16
1,24,benign_puzzle_scaffold,0.4737882077748456,0.5007002461242291,-0.02691203834938355,6,16
1,24,final_answer_cue,0.48359250588447944,0.49890685186593847,-0.015314345981459032,6,16
1,24,harmful_instruction,0.0,0.003450375653136573,-0.003450375653136573,6,16
1,24,injected_reasoning,0.0,0.0006302061664439281,-0.0006302061664439281,6,16
1,25,benign_puzzle_scaffold,0.6166875915338318,0.4403524877733728,0.17633510376045897,6,16
1,25,final_answer_cue,0.38452139448521644,0.5629234428038321,-0.17840204831861567,6,16
1,25,harmful_instruction,0.0,0.0029073211363359035,-0.0029073211363359035,6,16
1,25,injected_reasoning,0.0,0.0002938682418394816,-0.0002938682418394816,6,16
1,26,benign_puzzle_scaffold,0.6487544630876035,0.6594954510828004,-0.010740987995196849,6,16
1,26,final_answer_cue,0.3114814604607234,0.3403624882516869,-0.02888102779096352,6,16
1,26,harmful_instruction,0.0,0.0036101434330736,-0.0036101434330736,6,16
1,26,injected_reasoning,0.0,0.00218574376445293,-0.00218574376445293,6,16
1,27,benign_puzzle_scaffold,0.5334621499814997,0.48928625161253186,0.04417589836896779,6,16
1,27,final_answer_cue,0.4404411472185956,0.5105673338105944,-0.07012618659199876,6,16
1,27,harmful_instruction,0.0,0.003537882938535286,-0.003537882938535286,6,16
1,27,injected_reasoning,0.0,0.0006333208404727004,-0.0006333208404727004,6,16
1,28,benign_puzzle_scaffold,0.511885152471878,0.5019415665550824,0.009943585916795672,6,16
1,28,final_answer_cue,0.4435636336255102,0.49710180107654306,-0.05353816745103285,6,16
1,28,harmful_instruction,0.0,0.0051802700935526975,-0.0051802700935526975,6,16
1,28,injected_reasoning,0.0,0.0008723087689240375,-0.0008723087689240375,6,16
1,29,benign_puzzle_scaffold,0.7216400665908465,0.6541658622729638,0.06747420431788265,6,16
1,29,final_answer_cue,0.23700399878219724,0.34647686587324444,-0.1094728670910472,6,16
1,29,harmful_instruction,0.0,0.0014070525947268116,-0.0014070525947268116,6,16
1,29,injected_reasoning,0.0,0.0011569113208187718,-0.0011569113208187718,6,16
1,30,benign_puzzle_scaffold,0.22954875458663423,0.23639025335547337,-0.006841498768839133,6,16
1,30,final_answer_cue,0.7637201535227849,0.7660047040835747,-0.0022845505607898,6,16
1,30,harmful_instruction,0.0,0.011367692773636275,-0.011367692773636275,6,16
1,30,injected_reasoning,0.0,0.0003295920738167974,-0.0003295920738167974,6,16
1,31,benign_puzzle_scaffold,0.3933268753079595,0.3995737511019547,-0.006246875793995188,6,16
1,31,final_answer_cue,0.5732878016892712,0.6010845407940855,-0.027796739104814283,6,16
1,31,harmful_instruction,0.0,0.00707546633937407,-0.00707546633937407,6,16
1,31,injected_reasoning,0.0,0.00035810249168485793,-0.00035810249168485793,6,16
1,32,benign_puzzle_scaffold,0.5570188629380007,0.6152694306220701,-0.05825056768406933,6,16
1,32,final_answer_cue,0.38718502141237404,0.38279086996852424,0.004394151443849803,6,16
1,32,harmful_instruction,0.0,0.00459242334249477,-0.00459242334249477,6,16
1,32,injected_reasoning,0.0,0.000583336614371149,-0.000583336614371149,6,16
1,33,benign_puzzle_scaffold,0.38983293283505976,0.3618397776756016,0.02799315515945816,6,16
1,33,final_answer_cue,0.60237385080119,0.6432123833885469,-0.040838532587356924,6,16
1,33,harmful_instruction,0.0,0.00686256086842868,-0.00686256086842868,6,16
1,33,injected_reasoning,0.0,0.0005594884551947476,-0.0005594884551947476,6,16
1,34,benign_puzzle_scaffold,0.30593724128192495,0.3146474378601551,-0.008710196578230134,6,16
1,34,final_answer_cue,0.6963282558061746,0.6929691897267447,0.0033590660794299287,6,16
1,34,harmful_instruction,0.0,0.008330328024476426,-0.008330328024476426,6,16
1,34,injected_reasoning,0.0,0.0002109803026006224,-0.0002109803026006224,6,16
1,35,benign_puzzle_scaffold,0.6907200112919457,0.7277196456037831,-0.03699963431183739,6,16
1,35,final_answer_cue,0.22957849716297565,0.26661619388376046,-0.0370376967207848,6,16
1,35,harmful_instruction,0.0,0.0014008246451275126,-0.0014008246451275126,6,16
1,35,injected_reasoning,0.0,0.0014679995357942273,-0.0014679995357942273,6,16
1,36,benign_puzzle_scaffold,0.5245986597116973,0.5236190669554666,0.0009795927562307183,6,16
1,36,final_answer_cue,0.42609443174181055,0.4717810647730462,-0.04568663303123566,6,16
1,36,harmful_instruction,0.0,0.002210766506871853,-0.002210766506871853,6,16
1,36,injected_reasoning,0.0,0.0008076558635490409,-0.0008076558635490409,6,16
1,37,benign_puzzle_scaffold,0.8199780345672959,0.9406971979397988,-0.12071916337250288,6,16
1,37,final_answer_cue,0.041006381106176264,0.05010202650341815,-0.009095645397241885,6,16
1,37,harmful_instruction,0.0,0.000280239328357154,-0.000280239328357154,6,16
1,37,injected_reasoning,0.0,0.006360677772162371,-0.006360677772162371,6,16
1,38,benign_puzzle_scaffold,0.5725339302623906,0.5912337629929361,-0.01869983273054543,6,16
1,38,final_answer_cue,0.36166412272045373,0.4002128047416753,-0.03854868202122158,6,16
1,38,harmful_instruction,0.0,0.002665940934683153,-0.002665940934683153,6,16
1,38,injected_reasoning,0.0,0.0009978248116558508,-0.0009978248116558508,6,16
1,39,benign_puzzle_scaffold,0.6442097009122282,0.6267341255429866,0.017475575369241603,6,16
1,39,final_answer_cue,0.29162721031441424,0.3686946769885953,-0.07706746667418107,6,16
1,39,harmful_instruction,0.0,0.002494631319497998,-0.002494631319497998,6,16
1,39,injected_reasoning,0.0,0.0011983296968004484,-0.0011983296968004484,6,16
2,0,benign_puzzle_scaffold,0.7754953940219097,0.81742093870253,-0.041925544680620264,6,16
2,0,final_answer_cue,0.14265158222214974,0.17647143349127925,-0.03381985126912951,6,16
2,0,harmful_instruction,0.0,0.0016920500586828,-0.0016920500586828,6,16
2,0,injected_reasoning,0.0,0.003827077966565162,-0.003827077966565162,6,16
2,1,benign_puzzle_scaffold,0.6351895312044106,0.5257580659095693,0.10943146529484127,6,16
2,1,final_answer_cue,0.3431097841502371,0.4732603835839897,-0.13015059943375262,6,16
2,1,harmful_instruction,0.0,0.0009934849472086928,-0.0009934849472086928,6,16
2,1,injected_reasoning,0.0,0.0005196247590162116,-0.0005196247590162116,6,16
2,2,benign_puzzle_scaffold,0.6789096675182446,0.775350804009677,-0.09644113649143249,6,16
2,2,final_answer_cue,0.20881071156901,0.21145501441253622,-0.002644302843526236,6,16
2,2,harmful_instruction,0.0,0.0018614786140295657,-0.0018614786140295657,6,16
2,2,injected_reasoning,0.0,0.00636296184824223,-0.00636296184824223,6,16
2,3,benign_puzzle_scaffold,0.3611735343599094,0.3111830508614503,0.04999048349845908,6,16
2,3,final_answer_cue,0.6254519894642172,0.6900259238194578,-0.06457393435524061,6,16
2,3,harmful_instruction,0.0,0.010436105918433532,-0.010436105918433532,6,16
2,3,injected_reasoning,0.0,0.0008261490447767342,-0.0008261490447767342,6,16
2,4,benign_puzzle_scaffold,0.8257017273088008,0.884208133599189,-0.05850640629038828,6,16
2,4,final_answer_cue,0.06699157611685128,0.11465572306412036,-0.04766414694726909,6,16
2,4,harmful_instruction,0.0,0.0013875970639482603,-0.0013875970639482603,6,16
2,4,injected_reasoning,0.0,0.006094298920421204,-0.006094298920421204,6,16
2,5,benign_puzzle_scaffold,0.44166352329095643,0.46114524582820626,-0.019481722537249835,6,16
2,5,final_answer_cue,0.5195888083347081,0.5416231671291701,-0.022034358794462028,6,16
2,5,harmful_instruction,0.0,0.0026953517917502143,-0.0026953517917502143,6,16
2,5,injected_reasoning,0.0,0.0008542851161652559,-0.0008542851161652559,6,16
2,6,benign_puzzle_scaffold,0.23293254555473533,0.17133141046292394,0.06160113509181139,6,16
2,6,final_answer_cue,0.8060071941271972,0.8424381271434846,-0.036430933016287415,6,16
2,6,harmful_instruction,0.0,0.005902934542547604,-0.005902934542547604,6,16
2,6,injected_reasoning,0.0,0.000554229544123108,-0.000554229544123108,6,16
2,7,benign_puzzle_scaffold,0.24311251746579274,0.2430414499216022,7.106754419053396e-05,6,16
2,7,final_answer_cue,0.7510505943934507,0.7590860007019602,-0.008035406308509518,6,16
2,7,harmful_instruction,0.0,0.010023011100888747,-0.010023011100888747,6,16
2,7,injected_reasoning,0.0,0.0007343863092273127,-0.0007343863092273127,6,16
2,8,benign_puzzle_scaffold,0.5662437311569971,0.5747266718186252,-0.008482940661628136,6,16
2,8,final_answer_cue,0.37886222622221283,0.42682335367079927,-0.04796112744858644,6,16
2,8,harmful_instruction,0.0,0.0022045211970763146,-0.0022045211970763146,6,16
2,8,injected_reasoning,0.0,0.0011716228471340734,-0.0011716228471340734,6,16
2,9,benign_puzzle_scaffold,0.37466796934514307,0.24297494392976585,0.13169302541537722,6,16
2,9,final_answer_cue,0.652188969835097,0.7648433098945085,-0.11265434005941155,6,16
2,9,harmful_instruction,0.0,0.0009364558274408134,-0.0009364558274408134,6,16
2,9,injected_reasoning,0.0,0.0003679322593882999,-0.0003679322593882999,6,16
2,10,benign_puzzle_scaffold,0.6960098136441792,0.6099182649571246,0.0860915486870546,6,16
2,10,final_answer_cue,0.2487958697363085,0.3876088547781159,-0.13881298504180742,6,16
2,10,harmful_instruction,0.0,0.00125146556543935,-0.00125146556543935,6,16
2,10,injected_reasoning,0.0,0.0037875969671801535,-0.0037875969671801535,6,16
2,11,benign_puzzle_scaffold,0.6129103712816131,0.6352994114186075,-0.022389040136994387,6,16
2,11,final_answer_cue,0.315152120107231,0.36458332754227973,-0.04943120743504875,6,16
2,11,harmful_instruction,0.0,0.003977584766192732,-0.003977584766192732,6,16
2,11,injected_reasoning,0.0,0.002835089122926811,-0.002835089122926811,6,16
2,12,benign_puzzle_scaffold,0.5874769437316117,0.5855057214383045,0.001971222293307262,6,16
2,12,final_answer_cue,0.341216759358237,0.41453908101219794,-0.07332232165396096,6,16
2,12,harmful_instruction,0.0,0.004029646124710941,-0.004029646124710941,6,16
2,12,injected_reasoning,0.0,0.0010682631271353095,-0.0010682631271353095,6,16
2,13,benign_puzzle_scaffold,0.6068580504762949,0.6191581031424395,-0.012300052666144534,6,16
2,13,final_answer_cue,0.3329700534590498,0.3816734883362949,-0.0487034348772451,6,16
2,13,harmful_instruction,0.0,0.005132275740824626,-0.005132275740824626,6,16
2,13,injected_reasoning,0.0,0.0038347466750959965,-0.0038347466750959965,6,16
2,14,benign_puzzle_scaffold,0.49703331173161985,0.5019773947733972,-0.004944083041777347,6,16
2,14,final_answer_cue,0.4680348946425303,0.5003030784994774,-0.03226818385694713,6,16
2,14,harmful_instruction,0.0,0.00621731379323032,-0.00621731379323032,6,16
2,14,injected_reasoning,0.0,0.0016507961646571078,-0.0016507961646571078,6,16
2,15,benign_puzzle_scaffold,0.6024389212463229,0.6224881820569947,-0.02004926081067182,6,16
2,15,final_answer_cue,0.3332660056408609,0.3779372413287805,-0.044671235687919586,6,16
2,15,harmful_instruction,0.0,0.00442871696767203,-0.00442871696767203,6,16
2,15,injected_reasoning,0.0,0.0013563618865317967,-0.0013563618865317967,6,16
2,16,benign_puzzle_scaffold,0.5220357425996377,0.5431285007423723,-0.02109275814273459,6,16
2,16,final_answer_cue,0.41355744554923085,0.45586507844704105,-0.0423076328978102,6,16
2,16,harmful_instruction,0.0,0.004835222683874144,-0.004835222683874144,6,16
2,16,injected_reasoning,0.0,0.0010792115050132372,-0.0010792115050132372,6,16
2,17,benign_puzzle_scaffold,0.5132073918432027,0.5330567118844067,-0.01984932004120399,6,16
2,17,final_answer_cue,0.43215628435508546,0.46617294523469893,-0.03401666087961347,6,16
2,17,harmful_instruction,0.0,0.004075716210658177,-0.004075716210658177,6,16
2,17,injected_reasoning,0.0,0.0016420752039405845,-0.0016420752039405845,6,16
2,18,benign_puzzle_scaffold,0.43746145849115786,0.46460977132297554,-0.027148312831817678,6,16
2,18,final_answer_cue,0.5233278643416436,0.5357365002502159,-0.01240863590857233,6,16
2,18,harmful_instruction,0.0,0.004734455176462592,-0.004734455176462592,6,16
2,18,injected_reasoning,0.0,0.0012933349552498024,-0.0012933349552498024,6,16
2,19,benign_puzzle_scaffold,0.39230699922824047,0.37491279237729574,0.017394206850944727,6,16
2,19,final_answer_cue,0.5754834249222274,0.6271208218225437,-0.051637396900316324,6,16
2,19,harmful_instruction,0.0,0.01103111299455006,-0.01103111299455006,6,16
2,19,injected_reasoning,0.0,0.0012127475028826452,-0.0012127475028826452,6,16
2,20,benign_puzzle_scaffold,0.4868940914249667,0.5053386299760314,-0.018444538551064704,6,16
2,20,final_answer_cue,0.47677865149916326,0.49556472847974387,-0.0187860769805806,6,16
2,20,harmful_instruction,0.0,0.005506242348845903,-0.005506242348845903,6,16
2,20,injected_reasoning,0.0,0.0014326681017684307,-0.0014326681017684307,6,16
2,21,benign_puzzle_scaffold,0.4501003303960985,0.4496292806435443,0.0004710497525541868,6,16
2,21,final_answer_cue,0.504954971033133,0.5485760266344367,-0.04362105560130369,6,16
2,21,harmful_instruction,0.0,0.005058821376137107,-0.005058821376137107,6,16
2,21,injected_reasoning,0.0,0.0017206222086786423,-0.0017206222086786423,6,16
2,22,benign_puzzle_scaffold,0.4687394072987654,0.4953664262858566,-0.02662701898709119,6,16
2,22,final_answer_cue,0.46840495066234883,0.501672024443993,-0.03326707378164412,6,16
2,22,harmful_instruction,0.0,0.005631741618811685,-0.005631741618811685,6,16
2,22,injected_reasoning,0.0,0.001446289634537531,-0.001446289634537531,6,16
2,23,benign_puzzle_scaffold,0.48017812596798376,0.487147996786382,-0.006969870818398227,6,16
2,23,final_answer_cue,0.45983034716666144,0.5105252163397112,-0.05069486917304972,6,16
2,23,harmful_instruction,0.0,0.005749160779228352,-0.005749160779228352,6,16
2,23,injected_reasoning,0.0,0.001467424226937046,-0.001467424226937046,6,16
2,24,benign_puzzle_scaffold,0.5208589856105962,0.5384555654645276,-0.01759657985393137,6,16
2,24,final_answer_cue,0.42021990217706057,0.4590909971945531,-0.03887109501749253,6,16
2,24,harmful_instruction,0.0,0.005320312987296379,-0.005320312987296379,6,16
2,24,injected_reasoning,0.0,0.0013223467702119076,-0.0013223467702119076,6,16
2,25,benign_puzzle_scaffold,0.5513632268142744,0.5764827013200148,-0.02511947450574037,6,16
2,25,final_answer_cue,0.381093128567694,0.4221045080407462,-0.04101137947305217,6,16
2,25,harmful_instruction,0.0,0.0030926945297259346,-0.0030926945297259346,6,16
2,25,injected_reasoning,0.0,0.0008860959831117614,-0.0008860959831117614,6,16
2,26,benign_puzzle_scaffold,0.4787203613972273,0.4986574500623324,-0.01993708866510513,6,16
2,26,final_answer_cue,0.4982043227257829,0.5066999448937708,-0.008495622167987882,6,16
2,26,harmful_instruction,0.0,0.004617840387014455,-0.004617840387014455,6,16
2,26,injected_reasoning,0.0,0.0009660909520931703,-0.0009660909520931703,6,16
2,27,benign_puzzle_scaffold,0.3849131177537041,0.411851073981493,-0.026937956227788884,6,16
2,27,final_answer_cue,0.5804970647092281,0.5884477370918617,-0.007950672382633583,6,16
2,27,harmful_instruction,0.0,0.007214446850036969,-0.007214446850036969,6,16
2,27,injected_reasoning,0.0,0.0009187004356753151,-0.0009187004356753151,6,16
2,28,benign_puzzle_scaffold,0.6009163322109752,0.6218401648296614,-0.020923832618686244,6,16
2,28,final_answer_cue,0.33975152460628494,0.37902148025361965,-0.03926995564733471,6,16
2,28,harmful_instruction,0.0,0.003796836254429932,-0.003796836254429932,6,16
2,28,injected_reasoning,0.0,0.00150166510900077,-0.00150166510900077,6,16
2,29,benign_puzzle_scaffold,0.2906037679225397,0.3090488843556858,-0.018445116433146058,6,16
2,29,final_answer_cue,0.7054815449490531,0.69711154975944,0.008369995189613122,6,16
2,29,harmful_instruction,0.0,0.009592367660704468,-0.009592367660704468,6,16
2,29,injected_reasoning,0.0,0.0007742990068619142,-0.0007742990068619142,6,16
2,30,benign_puzzle_scaffold,0.7264296563567818,0.7536531213302387,-0.027223464973456846,6,16
2,30,final_answer_cue,0.18905661182355057,0.23892475691622067,-0.049868145092670096,6,16
2,30,harmful_instruction,0.0,0.0009152232181336396,-0.0009152232181336396,6,16
2,30,injected_reasoning,0.0,0.004135864669580873,-0.004135864669580873,6,16
2,31,benign_puzzle_scaffold,0.6551590297485662,0.6594441697313691,-0.004285139982802888,6,16
2,31,final_answer_cue,0.2806158159869266,0.33962901048066596,-0.059013194493739374,6,16
2,31,harmful_instruction,0.0,0.0023041879190156917,-0.0023041879190156917,6,16
2,31,injected_reasoning,0.0,0.0022821717349543473,-0.0022821717349543473,6,16
2,32,benign_puzzle_scaffold,0.6388442210503893,0.6622319468757778,-0.023387725825388506,6,16
2,32,final_answer_cue,0.2899254232714053,0.3354895720582072,-0.04556414878680187,6,16
2,32,harmful_instruction,0.0,0.0011213731509226196,-0.0011213731509226196,6,16
2,32,injected_reasoning,0.0,0.002528626028321649,-0.002528626028321649,6,16
2,33,benign_puzzle_scaffold,0.700813955437674,0.7121687299891362,-0.011354774551462166,6,16
2,33,final_answer_cue,0.22622183967823284,0.2879172517093983,-0.061695412031165464,6,16
2,33,harmful_instruction,0.0,0.002756730160599981,-0.002756730160599981,6,16
2,33,injected_reasoning,0.0,0.0032229986690553974,-0.0032229986690553974,6,16
2,34,benign_puzzle_scaffold,0.6650150131239903,0.6760111619381544,-0.010996148814164108,6,16
2,34,final_answer_cue,0.26457703275886224,0.3221275545988877,-0.05755052184002546,6,16
2,34,harmful_instruction,0.0,0.001321884620527718,-0.001321884620527718,6,16
2,34,injected_reasoning,0.0,0.0012967631604825017,-0.0012967631604825017,6,16
2,35,benign_puzzle_scaffold,0.45222062163377635,0.478861821385963,-0.02664119975218665,6,16
2,35,final_answer_cue,0.48365133302786517,0.5153294244997113,-0.03167809147184614,6,16
2,35,harmful_instruction,0.0,0.006437629858869094,-0.006437629858869094,6,16
2,35,injected_reasoning,0.0,0.001485316532296982,-0.001485316532296982,6,16
2,36,benign_puzzle_scaffold,0.602305021867862,0.6254685476507369,-0.02316352578287495,6,16
2,36,final_answer_cue,0.3218739638496681,0.3660131286068872,-0.044139164757219074,6,16
2,36,harmful_instruction,0.0,0.004192887882503898,-0.004192887882503898,6,16
2,36,injected_reasoning,0.0,0.0015672195350231,-0.0015672195350231,6,16
2,37,benign_puzzle_scaffold,0.6267644147253845,0.6208566658647034,0.005907748860681017,6,16
2,37,final_answer_cue,0.2977860758872945,0.3756072265931005,-0.07782115070580597,6,16
2,37,harmful_instruction,0.0,0.003475474535777779,-0.003475474535777779,6,16
2,37,injected_reasoning,0.0,0.0015412834290961376,-0.0015412834290961376,6,16
2,38,benign_puzzle_scaffold,0.6959874018948127,0.7175582664577005,-0.021570864562887815,6,16
2,38,final_answer_cue,0.19462133220756286,0.2656520693259671,-0.07103073711840421,6,16
2,38,harmful_instruction,0.0,0.00160763910473582,-0.00160763910473582,6,16
2,38,injected_reasoning,0.0,0.003387530960498036,-0.003387530960498036,6,16
2,39,benign_puzzle_scaffold,0.6069573830959903,0.6101391174653518,-0.003181734369361422,6,16
2,39,final_answer_cue,0.3186483799338155,0.382407497509043,-0.06375911757522751,6,16
2,39,harmful_instruction,0.0,0.002238972016246496,-0.002238972016246496,6,16
2,39,injected_reasoning,0.0,0.0045366928198153425,-0.0045366928198153425,6,16
3,0,benign_puzzle_scaffold,0.491509198462569,0.4479164475227099,0.04359275093985909,6,16
3,0,final_answer_cue,0.5080023271311936,0.5547765919905595,-0.046774264859365866,6,16
3,0,harmful_instruction,0.0,0.00589115679294012,-0.00589115679294012,6,16
3,0,injected_reasoning,0.0,0.0012955250623464577,-0.0012955250623464577,6,16
3,1,benign_puzzle_scaffold,0.4304361856347409,0.39213063873230025,0.038305546902440646,6,16
3,1,final_answer_cue,0.5662220750369167,0.6099392767536556,-0.043717201716738874,6,16
3,1,harmful_instruction,0.0,0.006039807056176344,-0.006039807056176344,6,16
3,1,injected_reasoning,0.0,0.001240231982062614,-0.001240231982062614,6,16
3,2,benign_puzzle_scaffold,0.7588095838896437,0.8877772139566534,-0.12896763006700973,6,16
3,2,final_answer_cue,0.0871814666277392,0.0937145836253547,-0.00653311699761551,6,16
3,2,harmful_instruction,0.0,0.0007212342451369661,-0.0007212342451369661,6,16
3,2,injected_reasoning,0.0,0.010924472031028915,-0.010924472031028915,6,16
3,3,benign_puzzle_scaffold,0.5636167039289278,0.502661177259518,0.06095552666940984,6,16
3,3,final_answer_cue,0.40610921494832103,0.4980949752462244,-0.0919857602979034,6,16
3,3,harmful_instruction,0.0,0.004279508852682806,-0.004279508852682806,6,16
3,3,injected_reasoning,0.0,0.001386996869175183,-0.001386996869175183,6,16
3,4,benign_puzzle_scaffold,0.629888838490809,0.5705372040757581,0.05935163441505087,6,16
3,4,final_answer_cue,0.3402439099136196,0.42583130363654753,-0.08558739372292795,6,16
3,4,harmful_instruction,0.0,0.0027123838884356363,-0.0027123838884356363,6,16
3,4,injected_reasoning,0.0,0.0018336116130615097,-0.0018336116130615097,6,16
3,5,benign_puzzle_scaffold,0.5875670954926537,0.664032009389845,-0.07646491389719123,6,16
3,5,final_answer_cue,0.3224152798187376,0.3294587677272199,-0.007043487908482304,6,16
3,5,harmful_instruction,0.0,0.0024204515568250354,-0.0024204515568250354,6,16
3,5,injected_reasoning,0.0,0.0007615122597624573,-0.0007615122597624573,6,16
3,6,benign_puzzle_scaffold,0.591999676056445,0.6560214338751502,-0.06402175781870523,6,16
3,6,final_answer_cue,0.30507558084570213,0.33315953882554805,-0.02808395797984592,6,16
3,6,harmful_instruction,0.0,0.0015749068026916272,-0.0015749068026916272,6,16
3,6,injected_reasoning,0.0,0.0008174332768297364,-0.0008174332768297364,6,16
3,7,benign_puzzle_scaffold,0.5792562266410134,0.5857170064795958,-0.006460779838582398,6,16
3,7,final_answer_cue,0.354996164000055,0.40792109361963025,-0.052924929619575234,6,16
3,7,harmful_instruction,0.0,0.004312019622474717,-0.004312019622474717,6,16
3,7,injected_reasoning,0.0,0.0016327230279454385,-0.0016327230279454385,6,16
3,8,benign_puzzle_scaffold,0.6280310171738241,0.696639230726242,-0.06860821355241786,6,16
3,8,final_answer_cue,0.2807750343937892,0.29431698268575424,-0.013541948291965034,6,16
3,8,harmful_instruction,0.0,0.002093922550847135,-0.002093922550847135,6,16
3,8,injected_reasoning,0.0,0.00072598575401212,-0.00072598575401212,6,16
3,9,benign_puzzle_scaffold,0.516237992354636,0.5578184060056441,-0.041580413651008175,6,16
3,9,final_answer_cue,0.41585522309604644,0.4356046340688581,-0.019749410972811632,6,16
3,9,harmful_instruction,0.0,0.004309052911730296,-0.004309052911730296,6,16
3,9,injected_reasoning,0.0,0.0012804828524710984,-0.0012804828524710984,6,16
3,10,benign_puzzle_scaffold,0.3780821624974205,0.372457884828407,0.005624277669013467,6,16
3,10,final_answer_cue,0.5765015870092631,0.6227117734175478,-0.04621018640828467,6,16
3,10,harmful_instruction,0.0,0.006113391747382211,-0.006113391747382211,6,16
3,10,injected_reasoning,0.0,0.0015745485237991558,-0.0015745485237991558,6,16
3,11,benign_puzzle_scaffold,0.33090309413553415,0.35053635887545487,-0.01963326473992072,6,16
3,11,final_answer_cue,0.6319311386739385,0.6448902988892753,-0.012959160215336829,6,16
3,11,harmful_instruction,0.0,0.01136387105065639,-0.01136387105065639,6,16
3,11,injected_reasoning,0.0,0.0010094785900864411,-0.0010094785900864411,6,16
3,12,benign_puzzle_scaffold,0.6184492623059539,0.5774218517925296,0.04102741051342429,6,16
3,12,final_answer_cue,0.31029473232993504,0.41318017535800766,-0.10288544302807262,6,16
3,12,harmful_instruction,0.0,0.004891243286298813,-0.004891243286298813,6,16
3,12,injected_reasoning,0.0,0.0029562705355870088,-0.0029562705355870088,6,16
3,13,benign_puzzle_scaffold,0.5067529863964018,0.5069016629756922,-0.00014867657929040767,6,16
3,13,final_answer_cue,0.43853622313577995,0.48459745670349347,-0.04606123356771352,6,16
3,13,harmful_instruction,0.0,0.008290183046149494,-0.008290183046149494,6,16
3,13,injected_reasoning,0.0,0.004726058885351804,-0.004726058885351804,6,16
3,14,benign_puzzle_scaffold,0.5243205825542908,0.4775704420951501,0.04675014045914072,6,16
3,14,final_answer_cue,0.4148789026076211,0.5053513767408826,-0.09047247413326148,6,16
3,14,harmful_instruction,0.0,0.0017800516820100916,-0.0017800516820100916,6,16
3,14,injected_reasoning,0.0,0.0026700890362906134,-0.0026700890362906134,6,16
3,15,benign_puzzle_scaffold,0.4588890882878193,0.3867735001057285,0.07211558818209085,6,16
3,15,final_answer_cue,0.4937355362125113,0.6090921343423598,-0.11535659812984844,6,16
3,15,harmful_instruction,0.0,0.0011488974545574055,-0.0011488974545574055,6,16
3,15,injected_reasoning,0.0,0.0004335573207390901,-0.0004335573207390901,6,16
3,16,benign_puzzle_scaffold,0.689358293494994,0.6711182714954519,0.01824002199954211,6,16
3,16,final_answer_cue,0.24715816572879032,0.32653519654628793,-0.07937703081749761,6,16
3,16,harmful_instruction,0.0,0.004375278448454711,-0.004375278448454711,6,16
3,16,injected_reasoning,0.0,0.007340575945310533,-0.007340575945310533,6,16
3,17,benign_puzzle_scaffold,0.4534968544155003,0.41169279054507146,0.04180406387042884,6,16
3,17,final_answer_cue,0.506233229441002,0.5851104512438805,-0.07887722180287848,6,16
3,17,harmful_instruction,0.0,0.0012703724072035366,-0.0012703724072035366,6,16
3,17,injected_reasoning,0.0,0.0010413390377808274,-0.0010413390377808274,6,16
3,18,benign_puzzle_scaffold,0.525981092171362,0.46020671003109415,0.06577438214026787,6,16
3,18,final_answer_cue,0.4486191970547875,0.5433610545255192,-0.09474185747073172,6,16
3,18,harmful_instruction,0.0,0.003645609677888644,-0.003645609677888644,6,16
3,18,injected_reasoning,0.0,0.0018832610639303148,-0.0018832610639303148,6,16
3,19,benign_puzzle_scaffold,0.5216478946966019,0.4178745037685185,0.10377339092808341,6,16
3,19,final_answer_cue,0.5010781024997715,0.5922617840433677,-0.09118368154359624,6,16
3,19,harmful_instruction,0.0,0.01012732660424875,-0.01012732660424875,6,16
3,19,injected_reasoning,0.0,0.0019913761508464365,-0.0019913761508464365,6,16
3,20,benign_puzzle_scaffold,0.5892676392766268,0.5803358957764699,0.008931743500156908,6,16
3,20,final_answer_cue,0.34952754814798287,0.41320629393953545,-0.06367874579155258,6,16
3,20,harmful_instruction,0.0,0.004593412003939406,-0.004593412003939406,6,16
3,20,injected_reasoning,0.0,0.0021323397270324833,-0.0021323397270324833,6,16
3,21,benign_puzzle_scaffold,0.5028649007456687,0.49156884451448163,0.011296056231187068,6,16
3,21,final_answer_cue,0.4569521344643401,0.5083145694349205,-0.051362434970580406,6,16
3,21,harmful_instruction,0.0,0.008697734281538326,-0.008697734281538326,6,16
3,21,injected_reasoning,0.0,0.0024989117993591825,-0.0024989117993591825,6,16
3,22,benign_puzzle_scaffold,0.7045113282547842,0.7317739233278897,-0.027262595073105467,6,16
3,22,final_answer_cue,0.2035661258231508,0.24703429661694742,-0.04346817079379661,6,16
3,22,harmful_instruction,0.0,0.0022428598158320285,-0.0022428598158320285,6,16
3,22,injected_reasoning,0.0,0.0047610321015993705,-0.0047610321015993705,6,16
3,23,benign_puzzle_scaffold,0.3837993852738331,0.37965682649734833,0.004142558776484784,6,16
3,23,final_answer_cue,0.5892627198160151,0.6185211471579329,-0.02925842734191786,6,16
3,23,harmful_instruction,0.0,0.007633104309808365,-0.007633104309808365,6,16
3,23,injected_reasoning,0.0,0.0016337506093914256,-0.0016337506093914256,6,16
3,24,benign_puzzle_scaffold,0.6346013831926033,0.6029684021959689,0.03163298099663436,6,16
3,24,final_answer_cue,0.3101114654781324,0.3915508563689386,-0.08143939089080621,6,16
3,24,harmful_instruction,0.0,0.002215485205691152,-0.002215485205691152,6,16
3,24,injected_reasoning,0.0,0.0029347635304702185,-0.0029347635304702185,6,16
3,25,benign_puzzle_scaffold,0.6077333596851726,0.6904876754966189,-0.08275431581144632,6,16
3,25,final_answer_cue,0.27959702124679603,0.29473651602752926,-0.015139494780733231,6,16
3,25,harmful_instruction,0.0,0.0015044849267623291,-0.0015044849267623291,6,16
3,25,injected_reasoning,0.0,0.0010302394131679387,-0.0010302394131679387,6,16
3,26,benign_puzzle_scaffold,0.5178261799405935,0.5829394547099429,-0.06511327476934936,6,16
3,26,final_answer_cue,0.35879006768207516,0.39958067356484206,-0.040790605882766895,6,16
3,26,harmful_instruction,0.0,0.001273321720907321,-0.001273321720907321,6,16
3,26,injected_reasoning,0.0,0.0005194786542603042,-0.0005194786542603042,6,16
3,27,benign_puzzle_scaffold,0.5066766943777614,0.5487069237544729,-0.042030229376711525,6,16
3,27,final_answer_cue,0.4151232765576515,0.43807847541873046,-0.02295519886107894,6,16
3,27,harmful_instruction,0.0,0.0021183423305223244,-0.0021183423305223244,6,16
3,27,injected_reasoning,0.0,0.0007136068393152279,-0.0007136068393152279,6,16
3,28,benign_puzzle_scaffold,0.39979543932236306,0.4339736815575145,-0.034178242235151424,6,16
3,28,final_answer_cue,0.526714411438399,0.5543664281177358,-0.02765201667933681,6,16
3,28,harmful_instruction,0.0,0.007168140227454927,-0.007168140227454927,6,16
3,28,injected_reasoning,0.0,0.000713354907463098,-0.000713354907463098,6,16
3,29,benign_puzzle_scaffold,0.2882665030657636,0.3307004934805342,-0.042433990414770584,6,16
3,29,final_answer_cue,0.6709228063882486,0.6641988864506343,0.006723919937614342,6,16
3,29,harmful_instruction,0.0,0.009731916431914954,-0.009731916431914954,6,16
3,29,injected_reasoning,0.0,0.0008447578623539558,-0.0008447578623539558,6,16
3,30,benign_puzzle_scaffold,0.6118248614641302,0.6088345663651056,0.002990295099024598,6,16
3,30,final_answer_cue,0.31657156670440895,0.3737405369014535,-0.05716897019704453,6,16
3,30,harmful_instruction,0.0,0.006116958621492051,-0.006116958621492051,6,16
3,30,injected_reasoning,0.0,0.0030986341195138956,-0.0030986341195138956,6,16
3,31,benign_puzzle_scaffold,0.5330856715662918,0.50827988299081,0.02480578857548188,6,16
3,31,final_answer_cue,0.44588884206377716,0.4927800281088147,-0.04689118604503756,6,16
3,31,harmful_instruction,0.0,0.0054315578454487284,-0.0054315578454487284,6,16
3,31,injected_reasoning,0.0,0.0021474201818413525,-0.0021474201818413525,6,16
3,32,benign_puzzle_scaffold,0.5887090184194403,0.5342310201330006,0.05447799828643973,6,16
3,32,final_answer_cue,0.35584280732721235,0.46099905951754827,-0.10515625219033592,6,16
3,32,harmful_instruction,0.0,0.005530726214938825,-0.005530726214938825,6,16
3,32,injected_reasoning,0.0,0.003222231482512229,-0.003222231482512229,6,16
3,33,benign_puzzle_scaffold,0.5405267102069055,0.5067719699526189,0.0337547402542866,6,16
3,33,final_answer_cue,0.40976345279919935,0.4899788040698747,-0.08021535127067536,6,16
3,33,harmful_instruction,0.0,0.0068174979910745215,-0.0068174979910745215,6,16
3,33,injected_reasoning,0.0,0.0022527282219351377,-0.0022527282219351377,6,16
3,34,benign_puzzle_scaffold,0.44912789578681317,0.45992511328761204,-0.010797217500798872,6,16
3,34,final_answer_cue,0.4999060514840037,0.5274985199567732,-0.027592468472769527,6,16
3,34,harmful_instruction,0.0,0.005920677239214581,-0.005920677239214581,6,16
3,34,injected_reasoning,0.0,0.002205581541607992,-0.002205581541607992,6,16
3,35,benign_puzzle_scaffold,0.42446241871028606,0.4804659132428145,-0.05600349453252845,6,16
3,35,final_answer_cue,0.5222214038065175,0.5097218406518856,0.012499563154631854,6,16
3,35,harmful_instruction,0.0,0.0047543522756845775,-0.0047543522756845775,6,16
3,35,injected_reasoning,0.0,0.0016427072190355995,-0.0016427072190355995,6,16
3,36,benign_puzzle_scaffold,0.6436502158815337,0.6507091981331681,-0.007058982251634371,6,16
3,36,final_answer_cue,0.2883571568111352,0.34325205515586366,-0.05489489834472844,6,16
3,36,harmful_instruction,0.0,0.0021559870511938194,-0.0021559870511938194,6,16
3,36,injected_reasoning,0.0,0.003600165762862868,-0.003600165762862868,6,16
3,37,benign_puzzle_scaffold,0.5864146097844651,0.675344120311496,-0.08892951052703091,6,16
3,37,final_answer_cue,0.3427972875160941,0.31619165129943616,0.026605636216657957,6,16
3,37,harmful_instruction,0.0,0.0015314069049321864,-0.0015314069049321864,6,16
3,37,injected_reasoning,0.0,0.0009792069495861578,-0.0009792069495861578,6,16
3,38,benign_puzzle_scaffold,0.408865607720708,0.36598269301987085,0.04288291470083716,6,16
3,38,final_answer_cue,0.5947789683628314,0.6363442919516247,-0.04156532358879328,6,16
3,38,harmful_instruction,0.0,0.002348329367911875,-0.002348329367911875,6,16
3,38,injected_reasoning,0.0,0.0016281178145807376,-0.0016281178145807376,6,16
3,39,benign_puzzle_scaffold,0.6805092914671654,0.7789948048486914,-0.098485513381526,6,16
3,39,final_answer_cue,0.1860485604060478,0.19771130635101342,-0.011662745944965608,6,16
3,39,harmful_instruction,0.0,0.001275822077686772,-0.001275822077686772,6,16
3,39,injected_reasoning,0.0,0.00583519765372253,-0.00583519765372253,6,16
4,0,benign_puzzle_scaffold,0.45887688781276764,0.3000795672471883,0.15879732056557933,6,16
4,0,final_answer_cue,0.5506795788280816,0.7024325130223807,-0.15175293419429914,6,16
4,0,harmful_instruction,0.0,0.0006992810169576415,-0.0006992810169576415,6,16
4,0,injected_reasoning,0.0,0.0009054107347381162,-0.0009054107347381162,6,16
4,1,benign_puzzle_scaffold,0.798941223471313,0.8662268111382532,-0.06728558766694015,6,16
4,1,final_answer_cue,0.09484160137306245,0.12582414156983907,-0.030982540196776612,6,16
4,1,harmful_instruction,0.0,0.0014859340209747878,-0.0014859340209747878,6,16
4,1,injected_reasoning,0.0,0.00679174623298205,-0.00679174623298205,6,16
4,2,benign_puzzle_scaffold,0.6877872176647637,0.7781300944151666,-0.09034287675040287,6,16
4,2,final_answer_cue,0.18987005449584496,0.1897942423638741,7.581213197085934e-05,6,16
4,2,harmful_instruction,0.0,0.0003779664931112746,-0.0003779664931112746,6,16
4,2,injected_reasoning,0.0,0.004155354710440725,-0.004155354710440725,6,16
4,3,benign_puzzle_scaffold,0.6047875501784731,0.6306364772041262,-0.025848927025653112,6,16
4,3,final_answer_cue,0.3051700142321894,0.35901949423909424,-0.053849480006904815,6,16
4,3,harmful_instruction,0.0,0.0044064460497773,-0.0044064460497773,6,16
4,3,injected_reasoning,0.0,0.0016605691934757352,-0.0016605691934757352,6,16
4,4,benign_puzzle_scaffold,0.7501201831702545,0.7844942336275775,-0.034374050457323,6,16
4,4,final_answer_cue,0.14414206388971787,0.20142668943166986,-0.05728462554195199,6,16
4,4,harmful_instruction,0.0,0.0026998698523989237,-0.0026998698523989237,6,16
4,4,injected_reasoning,0.0,0.00598672010665241,-0.00598672010665241,6,16
4,5,benign_puzzle_scaffold,0.38524141674893525,0.37289437745863896,0.012347039290296291,6,16
4,5,final_answer_cue,0.6009496746586368,0.623828366883749,-0.022878692225112185,6,16
4,5,harmful_instruction,0.0,0.004106654419605528,-0.004106654419605528,6,16
4,5,injected_reasoning,0.0,0.0005794166466918722,-0.0005794166466918722,6,16
4,6,benign_puzzle_scaffold,0.4030011104795,0.4564073074536129,-0.05340619697411292,6,16
4,6,final_answer_cue,0.5492768821917747,0.5327543172261253,0.01652256496564941,6,16
4,6,harmful_instruction,0.0,0.006133843235346392,-0.006133843235346392,6,16
4,6,injected_reasoning,0.0,0.0005932641869070361,-0.0005932641869070361,6,16
4,7,benign_puzzle_scaffold,0.22583252367599407,0.2131246609506396,0.012707862725354485,6,16
4,7,final_answer_cue,0.7460744446141289,0.7847854803051157,-0.038711035690986884,6,16
4,7,harmful_instruction,0.0,0.008299171447477239,-0.008299171447477239,6,16
4,7,injected_reasoning,0.0,0.00028703726434393386,-0.00028703726434393386,6,16
4,8,benign_puzzle_scaffold,0.42893501399448275,0.4663345210222058,-0.037399507027723045,6,16
4,8,final_answer_cue,0.47851544384724015,0.5128162245038806,-0.034300780656640495,6,16
4,8,harmful_instruction,0.0,0.004020933871685148,-0.004020933871685148,6,16
4,8,injected_reasoning,0.0,0.000759714911484917,-0.000759714911484917,6,16
4,9,benign_puzzle_scaffold,0.503951067294894,0.569213044246627,-0.06526197695173297,6,16
4,9,final_answer_cue,0.3941006525553595,0.4101209665494778,-0.016020313994118296,6,16
4,9,harmful_instruction,0.0,0.0032060836272019356,-0.0032060836272019356,6,16
4,9,injected_reasoning,0.0,0.0005165542396709845,-0.0005165542396709845,6,16
4,10,benign_puzzle_scaffold,0.6058238756168157,0.6133943474669625,-0.007570471850146809,6,16
4,10,final_answer_cue,0.30211229871752393,0.36855987418304004,-0.0664475754655161,6,16
4,10,harmful_instruction,0.0,0.0017448222400186593,-0.0017448222400186593,6,16
4,10,injected_reasoning,0.0,0.0005365634686816912,-0.0005365634686816912,6,16
4,11,benign_puzzle_scaffold,0.5352344948807307,0.5636099914591183,-0.02837549657838756,6,16
4,11,final_answer_cue,0.38968578274138493,0.4215565115371868,-0.031870728795801884,6,16
4,11,harmful_instruction,0.0,0.004029779455716055,-0.004029779455716055,6,16
4,11,injected_reasoning,0.0,0.0008074105014446089,-0.0008074105014446089,6,16
4,12,benign_puzzle_scaffold,0.5226705130806116,0.5811117792089486,-0.058441266128337,6,16
4,12,final_answer_cue,0.39495065856331624,0.4014345985618569,-0.006483939998540689,6,16
4,12,harmful_instruction,0.0,0.004107478327356761,-0.004107478327356761,6,16
4,12,injected_reasoning,0.0,0.000773913099317126,-0.000773913099317126,6,16
4,13,benign_puzzle_scaffold,0.5778617391695086,0.6034390975904864,-0.025577358420977858,6,16
4,13,final_answer_cue,0.32859023376334967,0.374117860567221,-0.045527626803871346,6,16
4,13,harmful_instruction,0.0,0.0025701973372173155,-0.0025701973372173155,6,16
4,13,injected_reasoning,0.0,0.0009775703399359731,-0.0009775703399359731,6,16
4,14,benign_puzzle_scaffold,0.7945372140237875,0.8866069448207099,-0.09206973079692238,6,16
4,14,final_answer_cue,0.06870394313577464,0.09486745026351251,-0.026163507127737864,6,16
4,14,harmful_instruction,0.0,0.0004489328983892266,-0.0004489328983892266,6,16
4,14,injected_reasoning,0.0,0.003260451042090184,-0.003260451042090184,6,16
4,15,benign_puzzle_scaffold,0.30643341344803954,0.25833680033812095,0.048096613109918585,6,16
4,15,final_answer_cue,0.7018546029218183,0.7463372388184788,-0.04448263589666046,6,16
4,15,harmful_instruction,0.0,0.010950689936262204,-0.010950689936262204,6,16
4,15,injected_reasoning,0.0,0.0009151648037647327,-0.0009151648037647327,6,16
4,16,benign_puzzle_scaffold,0.3739722486574646,0.32149812574397896,0.05247412291348563,6,16
4,16,final_answer_cue,0.5863550646412967,0.6725865230616843,-0.0862314584203876,6,16
4,16,harmful_instruction,0.0,0.011301084769745551,-0.011301084769745551,6,16
4,16,injected_reasoning,0.0,0.0013685627320261795,-0.0013685627320261795,6,16
4,17,benign_puzzle_scaffold,0.3614006154637439,0.36771961543808973,-0.006318999974345818,6,16
4,17,final_answer_cue,0.623746033476759,0.6311902115628674,-0.007444178086108311,6,16
4,17,harmful_instruction,0.0,0.008725216201490499,-0.008725216201490499,6,16
4,17,injected_reasoning,0.0,0.00256469420033758,-0.00256469420033758,6,16
4,18,benign_puzzle_scaffold,0.34725461290993337,0.3121577164869783,0.03509689642295505,6,16
4,18,final_answer_cue,0.6510401356355539,0.6872929049192982,-0.036252769283744324,6,16
4,18,harmful_instruction,0.0,0.006244553718644194,-0.006244553718644194,6,16
4,18,injected_reasoning,0.0,0.0015797850146066989,-0.0015797850146066989,6,16
4,19,benign_puzzle_scaffold,0.5916187730002439,0.5671354247760984,0.02448334822414555,6,16
4,19,final_answer_cue,0.3428984399481579,0.42469050546778386,-0.08179206551962598,6,16
4,19,harmful_instruction,0.0,0.005803942857893327,-0.005803942857893327,6,16
4,19,injected_reasoning,0.0,0.0006307307885951169,-0.0006307307885951169,6,16
4,20,benign_puzzle_scaffold,0.5765853348713192,0.5262991225530516,0.05028621231826769,6,16
4,20,final_answer_cue,0.3774096875212695,0.46976295152817515,-0.09235326400690563,6,16
4,20,harmful_instruction,0.0,0.006832494911960937,-0.006832494911960937,6,16
4,20,injected_reasoning,0.0,0.0015298438899249947,-0.0015298438899249947,6,16
4,21,benign_puzzle_scaffold,0.669614067104846,0.653899335336025,0.01571473176882099,6,16
4,21,final_answer_cue,0.27849986248770836,0.34381356661787005,-0.06531370413016169,6,16
4,21,harmful_instruction,0.0,0.003862995148850592,-0.003862995148850592,6,16
4,21,injected_reasoning,0.0,0.004819330774267749,-0.004819330774267749,6,16
4,22,benign_puzzle_scaffold,0.7139721728969949,0.6813572669938096,0.032614905903185276,6,16
4,22,final_answer_cue,0.21213145107913456,0.3085767503920489,-0.09644529931291435,6,16
4,22,harmful_instruction,0.0,0.010469983015530966,-0.010469983015530966,6,16
4,22,injected_reasoning,0.0,0.004881193925931458,-0.004881193925931458,6,16
4,23,benign_puzzle_scaffold,0.7262743564192392,0.7386425274288922,-0.01236817100965304,6,16
4,23,final_answer_cue,0.17716315862473364,0.24548817381575697,-0.06832501519102332,6,16
4,23,harmful_instruction,0.0,0.0017441283178306294,-0.0017441283178306294,6,16
4,23,injected_reasoning,0.0,0.0033969459227205737,-0.0033969459227205737,6,16
4,24,benign_puzzle_scaffold,0.569603462914052,0.5408958185827757,0.02870764433127626,6,16
4,24,final_answer_cue,0.3771903682171412,0.4509968199922497,-0.07380645177510853,6,16
4,24,harmful_instruction,0.0,0.0022538789556422406,-0.0022538789556422406,6,16
4,24,injected_reasoning,0.0,0.0012565185967935595,-0.0012565185967935595,6,16
4,25,benign_puzzle_scaffold,0.6698000810334305,0.6299787866385789,0.0398212943948516,6,16
4,25,final_answer_cue,0.2653009916515688,0.36438380409930393,-0.09908281244773515,6,16
4,25,harmful_instruction,0.0,0.0020872093631994016,-0.0020872093631994016,6,16
4,25,injected_reasoning,0.0,0.0030597050832801218,-0.0030597050832801218,6,16
4,26,benign_puzzle_scaffold,0.5961254943085957,0.4784938828141241,0.11763161149447166,6,16
4,26,final_answer_cue,0.3336392011211198,0.5111258051071512,-0.17748660398603144,6,16
4,26,harmful_instruction,0.0,0.0008428844977978144,-0.0008428844977978144,6,16
4,26,injected_reasoning,0.0,0.000850534074642272,-0.000850534074642272,6,16
4,27,benign_puzzle_scaffold,0.6160364356063658,0.5550978310233597,0.06093860458300604,6,16
4,27,final_answer_cue,0.2798051001517912,0.39105440148132437,-0.11124930132953315,6,16
4,27,harmful_instruction,0.0,0.0020039706525223286,-0.0020039706525223286,6,16
4,27,injected_reasoning,0.0,0.004057422379883281,-0.004057422379883281,6,16
4,28,benign_puzzle_scaffold,0.6581332869481606,0.689836925450698,-0.031703638502537324,6,16
4,28,final_answer_cue,0.2594638147896638,0.29544579996587306,-0.035981985176209264,6,16
4,28,harmful_instruction,0.0,0.0007636195450962313,-0.0007636195450962313,6,16
4,28,injected_reasoning,0.0,0.001228652261424654,-0.001228652261424654,6,16
4,29,benign_puzzle_scaffold,0.5286822933597005,0.5655258294342622,-0.0368435360745617,6,16
4,29,final_answer_cue,0.3955984796092796,0.4208499605568962,-0.025251480947616645,6,16
4,29,harmful_instruction,0.0,0.001798277126626511,-0.001798277126626511,6,16
4,29,injected_reasoning,0.0,0.001981211461000269,-0.001981211461000269,6,16
4,30,benign_puzzle_scaffold,0.5352835529129165,0.5516171249018974,-0.01633357198898089,6,16
4,30,final_answer_cue,0.3895048004337848,0.4407956092747614,-0.05129080884097659,6,16
4,30,harmful_instruction,0.0,0.003938705902192108,-0.003938705902192108,6,16
4,30,injected_reasoning,0.0,0.0016011767240815553,-0.0016011767240815553,6,16
4,31,benign_puzzle_scaffold,0.5391102311721262,0.5436109204603838,-0.004500689288257642,6,16
4,31,final_answer_cue,0.4244655739880068,0.4542824164695469,-0.02981684248154015,6,16
4,31,harmful_instruction,0.0,0.008102480756090175,-0.008102480756090175,6,16
4,31,injected_reasoning,0.0,0.0025296917987835963,-0.0025296917987835963,6,16
4,32,benign_puzzle_scaffold,0.3991225053051133,0.3825924185857689,0.01653008671934436,6,16
4,32,final_answer_cue,0.5802139826247444,0.6185799814094106,-0.03836599878466618,6,16
4,32,harmful_instruction,0.0,0.00918722548590405,-0.00918722548590405,6,16
4,32,injected_reasoning,0.0,0.0018529794811504058,-0.0018529794811504058,6,16
4,33,benign_puzzle_scaffold,0.42086019593365703,0.4227776277975637,-0.0019174318639066934,6,16
4,33,final_answer_cue,0.5337132917706975,0.5713494929382641,-0.03763620116756661,6,16
4,33,harmful_instruction,0.0,0.004400111616806831,-0.004400111616806831,6,16
4,33,injected_reasoning,0.0,0.0018293712275908147,-0.0018293712275908147,6,16
4,34,benign_puzzle_scaffold,0.4845032267595723,0.5425721105015711,-0.058068883741998756,6,16
4,34,final_answer_cue,0.45253621780652625,0.4457598430356933,0.006776374770832927,6,16
4,34,harmful_instruction,0.0,0.004579158437024779,-0.004579158437024779,6,16
4,34,injected_reasoning,0.0,0.0010553604125768483,-0.0010553604125768483,6,16
4,35,benign_puzzle_scaffold,0.6805053557730368,0.6961265990866272,-0.015621243313590383,6,16
4,35,final_answer_cue,0.23564409956010998,0.2985746363760365,-0.0629305368159265,6,16
4,35,harmful_instruction,0.0,0.0016820140589501285,-0.0016820140589501285,6,16
4,35,injected_reasoning,0.0,0.002577069445317731,-0.002577069445317731,6,16
4,36,benign_puzzle_scaffold,0.3763143121332477,0.4022714626861411,-0.025957150552893438,6,16
4,36,final_answer_cue,0.6060051495596402,0.5985377253033333,0.007467424256306976,6,16
4,36,harmful_instruction,0.0,0.0067785443663482305,-0.0067785443663482305,6,16
4,36,injected_reasoning,0.0,0.0009148795076313867,-0.0009148795076313867,6,16
4,37,benign_puzzle_scaffold,0.5544417366686786,0.5473275681691514,0.007114168499527174,6,16
4,37,final_answer_cue,0.37030689144580436,0.44830875135686404,-0.07800185991105968,6,16
4,37,harmful_instruction,0.0,0.004008585422634721,-0.004008585422634721,6,16
4,37,injected_reasoning,0.0,0.0008085453671749773,-0.0008085453671749773,6,16
4,38,benign_puzzle_scaffold,0.5891071650367601,0.6568488157202719,-0.06774165068351179,6,16
4,38,final_answer_cue,0.3163473789260884,0.33503590678505024,-0.018688527858961856,6,16
4,38,harmful_instruction,0.0,0.003373808008134467,-0.003373808008134467,6,16
4,38,injected_reasoning,0.0,0.0012818283747446852,-0.0012818283747446852,6,16
4,39,benign_puzzle_scaffold,0.5120493342563053,0.5142467499386096,-0.00219741568230436,6,16
4,39,final_answer_cue,0.4645865122814464,0.48563902063449893,-0.021052508353052557,6,16
4,39,harmful_instruction,0.0,0.006298283393107182,-0.006298283393107182,6,16
4,39,injected_reasoning,0.0,0.00216357863184334,-0.00216357863184334,6,16
5,0,benign_puzzle_scaffold,0.7036057095758753,0.8181217722620128,-0.11451606268613745,6,16
5,0,final_answer_cue,0.10214112676113611,0.11873714607116427,-0.01659601931002816,6,16
5,0,harmful_instruction,0.0,0.00030004808181754484,-0.00030004808181754484,6,16
5,0,injected_reasoning,0.0,0.0016955826477436308,-0.0016955826477436308,6,16
5,1,benign_puzzle_scaffold,0.8438137356496856,0.7846340134381071,0.05917972221157852,6,16
5,1,final_answer_cue,0.09854463536110047,0.20533755667344905,-0.10679292131234858,6,16
5,1,harmful_instruction,0.0,0.0010873290396291265,-0.0010873290396291265,6,16
5,1,injected_reasoning,0.0,0.006599909167137407,-0.006599909167137407,6,16
5,2,benign_puzzle_scaffold,0.700640642187754,0.8154473863773741,-0.11480674418962011,6,16
5,2,final_answer_cue,0.1485829984011483,0.15002293139383377,-0.0014399329926854665,6,16
5,2,harmful_instruction,0.0,3.6360666249897975e-05,-3.6360666249897975e-05,6,16
5,2,injected_reasoning,0.0,0.0006083711949978459,-0.0006083711949978459,6,16
5,3,benign_puzzle_scaffold,0.6861634303583063,0.7865448037744707,-0.10038137341616438,6,16
5,3,final_answer_cue,0.14139813355828035,0.16047047226695094,-0.01907233870867059,6,16
5,3,harmful_instruction,0.0,2.764762659593298e-05,-2.764762659593298e-05,6,16
5,3,injected_reasoning,0.0,0.0006963930350747192,-0.0006963930350747192,6,16
5,4,benign_puzzle_scaffold,0.6681509260528644,0.7510101206965216,-0.08285919464365721,6,16
5,4,final_answer_cue,0.1113733812934564,0.15986179275659335,-0.04848841146313694,6,16
5,4,harmful_instruction,0.0,0.0007865746311166423,-0.0007865746311166423,6,16
5,4,injected_reasoning,0.0,0.005282787241870544,-0.005282787241870544,6,16
5,5,benign_puzzle_scaffold,0.3279978852042508,0.31069709869105955,0.01730078651319128,6,16
5,5,final_answer_cue,0.6246495460170237,0.6750889618925245,-0.050439415875500826,6,16
5,5,harmful_instruction,0.0,0.006422920095799437,-0.006422920095799437,6,16
5,5,injected_reasoning,0.0,0.0006560783708653667,-0.0006560783708653667,6,16
5,6,benign_puzzle_scaffold,0.587333395788188,0.5696494416640747,0.017683954124113277,6,16
5,6,final_answer_cue,0.29057439897939114,0.3996456515548862,-0.10907125257549505,6,16
5,6,harmful_instruction,0.0,0.001872902317719098,-0.001872902317719098,6,16
5,6,injected_reasoning,0.0,0.001500066114719771,-0.001500066114719771,6,16
5,7,benign_puzzle_scaffold,0.5528699976710505,0.6120168094515959,-0.05914681178054537,6,16
5,7,final_answer_cue,0.3172523283140786,0.34908446863458215,-0.03183214032050352,6,16
5,7,harmful_instruction,0.0,0.0015446441904366347,-0.0015446441904366347,6,16
5,7,injected_reasoning,0.0,0.00026004425941493866,-0.00026004425941493866,6,16
5,8,benign_puzzle_scaffold,0.45380115448744424,0.487022893531351,-0.03322173904390674,6,16
5,8,final_answer_cue,0.44633323022007215,0.48694857932854635,-0.0406153491084742,6,16
5,8,harmful_instruction,0.0,0.00440336916453937,-0.00440336916453937,6,16
5,8,injected_reasoning,0.0,0.0011405158011777595,-0.0011405158011777595,6,16
5,9,benign_puzzle_scaffold,0.3715261492940271,0.3893739756908273,-0.017847826396800215,6,16
5,9,final_answer_cue,0.5468923193398803,0.5909827630376379,-0.04409044369775761,6,16
5,9,harmful_instruction,0.0,0.007811016879530237,-0.007811016879530237,6,16
5,9,injected_reasoning,0.0,0.0011591689616832525,-0.0011591689616832525,6,16
5,10,benign_puzzle_scaffold,0.4461375463507493,0.5040983023319046,-0.05796075598115524,6,16
5,10,final_answer_cue,0.48610339797562047,0.48763489480955924,-0.0015314968339387725,6,16
5,10,harmful_instruction,0.0,0.005758462715216682,-0.005758462715216682,6,16
5,10,injected_reasoning,0.0,0.0008192068142558886,-0.0008192068142558886,6,16
5,11,benign_puzzle_scaffold,0.4497145490538636,0.492247589141985,-0.04253304008812142,6,16
5,11,final_answer_cue,0.4790950158820486,0.5005327621243728,-0.021437746242324196,6,16
5,11,harmful_instruction,0.0,0.004726729083176126,-0.004726729083176126,6,16
5,11,injected_reasoning,0.0,0.0006701716792191629,-0.0006701716792191629,6,16
5,12,benign_puzzle_scaffold,0.4475671409647515,0.49453423613817915,-0.046967095173427675,6,16
5,12,final_answer_cue,0.49056610542494233,0.4968527009460794,-0.006286595521137084,6,16
5,12,harmful_instruction,0.0,0.006186834603806527,-0.006186834603806527,6,16
5,12,injected_reasoning,0.0,0.001985011844826261,-0.001985011844826261,6,16
5,13,benign_puzzle_scaffold,0.47217227868793704,0.4561115755325784,0.016060703155358624,6,16
5,13,final_answer_cue,0.5255231314908672,0.5480376082397143,-0.0225144767488471,6,16
5,13,harmful_instruction,0.0,0.009354999874417845,-0.009354999874417845,6,16
5,13,injected_reasoning,0.0,0.0013469350021366872,-0.0013469350021366872,6,16
5,14,benign_puzzle_scaffold,0.5285915565195393,0.5679382557101815,-0.039346699190642265,6,16
5,14,final_answer_cue,0.3899705763909825,0.42159376070668164,-0.03162318431569916,6,16
5,14,harmful_instruction,0.0,0.004582032524045057,-0.004582032524045057,6,16
5,14,injected_reasoning,0.0,0.0012484980672274994,-0.0012484980672274994,6,16
5,15,benign_puzzle_scaffold,0.64716618899972,0.7078563175734602,-0.06069012857374023,6,16
5,15,final_answer_cue,0.1820875011539431,0.22120328992737975,-0.03911578877343666,6,16
5,15,harmful_instruction,0.0,0.0004090329417678234,-0.0004090329417678234,6,16
5,15,injected_reasoning,0.0,0.001271681609267398,-0.001271681609267398,6,16
5,16,benign_puzzle_scaffold,0.6704240673582548,0.7948614150705869,-0.12443734771233217,6,16
5,16,final_answer_cue,0.08251049174661414,0.08625378457373144,-0.0037432928271173005,6,16
5,16,harmful_instruction,0.0,2.8553070621679134e-05,-2.8553070621679134e-05,6,16
5,16,injected_reasoning,0.0,0.001014085789561294,-0.001014085789561294,6,16
5,17,benign_puzzle_scaffold,0.6076276964552071,0.7592717269182653,-0.1516440304630582,6,16
5,17,final_answer_cue,0.08664316491329782,0.0844254278359017,0.0022177370773961147,6,16
5,17,harmful_instruction,0.0,0.0005280462739489959,-0.0005280462739489959,6,16
5,17,injected_reasoning,0.0,0.0017736854704669212,-0.0017736854704669212,6,16
5,18,benign_puzzle_scaffold,0.6475741178763933,0.7655477093616181,-0.1179735914852248,6,16
5,18,final_answer_cue,0.1293292487567157,0.14011164748126492,-0.010782398724549225,6,16
5,18,harmful_instruction,0.0,0.0003697926012959712,-0.0003697926012959712,6,16
5,18,injected_reasoning,0.0,0.0017389038493699411,-0.0017389038493699411,6,16
5,19,benign_puzzle_scaffold,0.6972699495683038,0.8336259954144412,-0.13635604584613736,6,16
5,19,final_answer_cue,0.08818257640305989,0.09498219092931565,-0.006799614526255757,6,16
5,19,harmful_instruction,0.0,0.0009472625539148483,-0.0009472625539148483,6,16
5,19,injected_reasoning,0.0,0.01494585942984918,-0.01494585942984918,6,16
5,20,benign_puzzle_scaffold,0.5770700628918392,0.6184109298941987,-0.041340867002359505,6,16
5,20,final_answer_cue,0.2900865095785336,0.3386897594644871,-0.04860324988595349,6,16
5,20,harmful_instruction,0.0,0.0007404743388828852,-0.0007404743388828852,6,16
5,20,injected_reasoning,0.0,0.00042622802318792463,-0.00042622802318792463,6,16
5,21,benign_puzzle_scaffold,0.4788636844877758,0.5197390147543222,-0.040875330266546384,6,16
5,21,final_answer_cue,0.42832791060180414,0.4512168237458229,-0.022888913144018752,6,16
5,21,harmful_instruction,0.0,0.0035137890052843444,-0.0035137890052843444,6,16
5,21,injected_reasoning,0.0,0.0016372071732537147,-0.0016372071732537147,6,16
5,22,benign_puzzle_scaffold,0.4690264261524846,0.5432056242686237,-0.07417919811613916,6,16
5,22,final_answer_cue,0.4154333788474968,0.4200211683694661,-0.00458778952196931,6,16
5,22,harmful_instruction,0.0,0.002944120077986146,-0.002944120077986146,6,16
5,22,injected_reasoning,0.0,0.00089812739281847,-0.00089812739281847,6,16
5,23,benign_puzzle_scaffold,0.5928744331168451,0.6999991626581045,-0.1071247295412594,6,16
5,23,final_answer_cue,0.2562074163896069,0.2578196688780364,-0.0016122524884294998,6,16
5,23,harmful_instruction,0.0,0.002152637699096317,-0.002152637699096317,6,16
5,23,injected_reasoning,0.0,0.000763717283629801,-0.000763717283629801,6,16
5,24,benign_puzzle_scaffold,0.6204856848021586,0.6691908070489123,-0.04870512224675372,6,16
5,24,final_answer_cue,0.2651347418688831,0.2981082702935268,-0.03297352842464374,6,16
5,24,harmful_instruction,0.0,0.006995805329794312,-0.006995805329794312,6,16
5,24,injected_reasoning,0.0,0.0010461703939344809,-0.0010461703939344809,6,16
5,25,benign_puzzle_scaffold,0.6087745214954516,0.6033432223952875,0.005431299100164155,6,16
5,25,final_answer_cue,0.3292444417678111,0.38329491462923976,-0.05405047286142867,6,16
5,25,harmful_instruction,0.0,0.0008487133419382597,-0.0008487133419382597,6,16
5,25,injected_reasoning,0.0,0.0007895762959566587,-0.0007895762959566587,6,16
5,26,benign_puzzle_scaffold,0.1711774784499195,0.11983597628357139,0.05134150216634813,6,16
5,26,final_answer_cue,0.8379959858422071,0.8826744454195521,-0.04467845957734495,6,16
5,26,harmful_instruction,0.0,0.012429483907081406,-0.012429483907081406,6,16
5,26,injected_reasoning,0.0,0.00042485620632068063,-0.00042485620632068063,6,16
5,27,benign_puzzle_scaffold,0.6464944111266755,0.6099072562882187,0.03658715483845676,6,16
5,27,final_answer_cue,0.309217049459086,0.3866290070709718,-0.0774119576118858,6,16
5,27,harmful_instruction,0.0,0.005493093096126125,-0.005493093096126125,6,16
5,27,injected_reasoning,0.0,0.0018371392871896998,-0.0018371392871896998,6,16
5,28,benign_puzzle_scaffold,0.5987201922765546,0.6806847694972091,-0.08196457722065453,6,16
5,28,final_answer_cue,0.28489354579900966,0.28751029578920867,-0.0026167499901990077,6,16
5,28,harmful_instruction,0.0,0.001490893000702604,-0.001490893000702604,6,16
5,28,injected_reasoning,0.0,0.0008361324072354664,-0.0008361324072354664,6,16
5,29,benign_puzzle_scaffold,0.09384507197299564,0.08757015867129615,0.006274913301699492,6,16
5,29,final_answer_cue,0.9176303748743083,0.91555631599272,0.002074058881588292,6,16
5,29,harmful_instruction,0.0,0.012808343933791409,-0.012808343933791409,6,16
5,29,injected_reasoning,0.0,0.0006143848981046821,-0.0006143848981046821,6,16
5,30,benign_puzzle_scaffold,0.7942215559354086,0.8037867321062633,-0.009565176170854728,6,16
5,30,final_answer_cue,0.11220633353431823,0.19035965369803476,-0.07815332016371652,6,16
5,30,harmful_instruction,0.0,0.0007106560234505254,-0.0007106560234505254,6,16
5,30,injected_reasoning,0.0,0.0014578394172264553,-0.0014578394172264553,6,16
5,31,benign_puzzle_scaffold,0.29949145467826693,0.23958306768626397,0.05990838699200296,6,16
5,31,final_answer_cue,0.6982417851749102,0.7633432343577699,-0.06510144918285965,6,16
5,31,harmful_instruction,0.0,0.007772330876990365,-0.007772330876990365,6,16
5,31,injected_reasoning,0.0,0.0010276174400706784,-0.0010276174400706784,6,16
5,32,benign_puzzle_scaffold,0.6679501447392632,0.7052385117917812,-0.037288367052518034,6,16
5,32,final_answer_cue,0.22509136201827995,0.2729933155087787,-0.04790195349049875,6,16
5,32,harmful_instruction,0.0,0.0012944316539537505,-0.0012944316539537505,6,16
5,32,injected_reasoning,0.0,0.003469383116518008,-0.003469383116518008,6,16
5,33,benign_puzzle_scaffold,0.7374027992372899,0.7979374587838466,-0.06053465954655668,6,16
5,33,final_answer_cue,0.12365343640252614,0.16937979469514336,-0.04572635829261722,6,16
5,33,harmful_instruction,0.0,0.0008014535335724582,-0.0008014535335724582,6,16
5,33,injected_reasoning,0.0,0.00832074570968441,-0.00832074570968441,6,16
5,34,benign_puzzle_scaffold,0.4933736368306991,0.313383273757364,0.1799903630733351,6,16
5,34,final_answer_cue,0.5137489639243388,0.6901600330188122,-0.17641106909447346,6,16
5,34,harmful_instruction,0.0,0.005132986916077436,-0.005132986916077436,6,16
5,34,injected_reasoning,0.0,0.0005587454185791937,-0.0005587454185791937,6,16
5,35,benign_puzzle_scaffold,0.7438251318229465,0.733246347362652,0.010578784460294477,6,16
5,35,final_answer_cue,0.18584913300025727,0.26014654235440793,-0.07429740935415066,6,16
5,35,harmful_instruction,0.0,0.003972996889917349,-0.003972996889917349,6,16
5,35,injected_reasoning,0.0,0.008664368458990868,-0.008664368458990868,6,16
5,36,benign_puzzle_scaffold,0.40381429276430625,0.3640012910286461,0.03981300173566016,6,16
5,36,final_answer_cue,0.6039211241632586,0.6399363188574959,-0.03601519469423731,6,16
5,36,harmful_instruction,0.0,0.009413134206873687,-0.009413134206873687,6,16
5,36,injected_reasoning,0.0,0.0022061418137608287,-0.0022061418137608287,6,16
5,37,benign_puzzle_scaffold,0.7473464818174458,0.8109117278751623,-0.06356524605771652,6,16
5,37,final_answer_cue,0.1330861787813347,0.18376952336843835,-0.05068334458710366,6,16
5,37,harmful_instruction,0.0,0.006196744274878138,-0.006196744274878138,6,16
5,37,injected_reasoning,0.0,0.008424295194551453,-0.008424295194551453,6,16
5,38,benign_puzzle_scaffold,0.5633810474789648,0.5538710807626472,0.009509966716317542,6,16
5,38,final_answer_cue,0.3757906318049346,0.4371282623625977,-0.061337630557663114,6,16
5,38,harmful_instruction,0.0,0.001924309091412808,-0.001924309091412808,6,16
5,38,injected_reasoning,0.0,0.0017842649744384059,-0.0017842649744384059,6,16
5,39,benign_puzzle_scaffold,0.4793794112029322,0.39519603368824296,0.08418337751468924,6,16
5,39,final_answer_cue,0.4944968535797702,0.5949338134406179,-0.10043695986084772,6,16
5,39,harmful_instruction,0.0,0.003277063989282411,-0.003277063989282411,6,16
5,39,injected_reasoning,0.0,0.002764629610606259,-0.002764629610606259,6,16
6,0,benign_puzzle_scaffold,0.336331130035789,0.3535777712955543,-0.017246641259765272,6,16
6,0,final_answer_cue,0.5827179668264311,0.5728033603770581,0.00991460644937292,6,16
6,0,harmful_instruction,0.0,0.005658271324252765,-0.005658271324252765,6,16
6,0,injected_reasoning,0.0,0.0006492841328585968,-0.0006492841328585968,6,16
6,1,benign_puzzle_scaffold,0.38190821655364515,0.3186911534866318,0.06321706306701336,6,16
6,1,final_answer_cue,0.5435502402075824,0.6371725616526642,-0.09362232144508187,6,16
6,1,harmful_instruction,0.0,0.005115595300955667,-0.005115595300955667,6,16
6,1,injected_reasoning,0.0,0.0015181356117812033,-0.0015181356117812033,6,16
6,2,benign_puzzle_scaffold,0.4597282915278469,0.43045473886811286,0.029273552659734026,6,16
6,2,final_answer_cue,0.45426358666575367,0.5352862231145418,-0.0810226364487881,6,16
6,2,harmful_instruction,0.0,0.006716841571217838,-0.006716841571217838,6,16
6,2,injected_reasoning,0.0,0.001858820208069704,-0.001858820208069704,6,16
6,3,benign_puzzle_scaffold,0.5930368778820696,0.5871171908981992,0.005919686983870354,6,16
6,3,final_answer_cue,0.27304272792096607,0.3539969271047634,-0.08095419918379732,6,16
6,3,harmful_instruction,0.0,0.007233247503632304,-0.007233247503632304,6,16
6,3,injected_reasoning,0.0,0.003367766193390993,-0.003367766193390993,6,16
6,4,benign_puzzle_scaffold,0.24730581038740015,0.15219401685362327,0.09511179353377688,6,16
6,4,final_answer_cue,0.6993395312604499,0.8085993074536808,-0.1092597761932309,6,16
6,4,harmful_instruction,0.0,0.003747768608489338,-0.003747768608489338,6,16
6,4,injected_reasoning,0.0,0.0006929529696687716,-0.0006929529696687716,6,16
6,5,benign_puzzle_scaffold,0.6490443593504069,0.7570481155941744,-0.10800375624376746,6,16
6,5,final_answer_cue,0.18848548669824292,0.16770999387730012,0.020775492820942792,6,16
6,5,harmful_instruction,0.0,0.0018852640827481493,-0.0018852640827481493,6,16
6,5,injected_reasoning,0.0,0.0031412207735882817,-0.0031412207735882817,6,16
6,6,benign_puzzle_scaffold,0.4273710221695373,0.4607595551564947,-0.033388532986957375,6,16
6,6,final_answer_cue,0.4510735052098318,0.4819500946930716,-0.03087658948323979,6,16
6,6,harmful_instruction,0.0,0.005064748153763378,-0.005064748153763378,6,16
6,6,injected_reasoning,0.0,0.0014860387464480118,-0.0014860387464480118,6,16
6,7,benign_puzzle_scaffold,0.09836536494893487,0.05930131798024306,0.03906404696869181,6,16
6,7,final_answer_cue,0.9169983946667849,0.9440895885175631,-0.027091193850778184,6,16
6,7,harmful_instruction,0.0,0.013282822944117078,-0.013282822944117078,6,16
6,7,injected_reasoning,0.0,4.4726449715031455e-05,-4.4726449715031455e-05,6,16
6,8,benign_puzzle_scaffold,0.6438905378139096,0.7773462774214138,-0.13345573960750423,6,16
6,8,final_answer_cue,0.09064694597932138,0.09551030367258506,-0.004863357693263681,6,16
6,8,harmful_instruction,0.0,0.0005121691965304943,-0.0005121691965304943,6,16
6,8,injected_reasoning,0.0,0.0039580604721577844,-0.0039580604721577844,6,16
6,9,benign_puzzle_scaffold,0.2536556468623893,0.1558117649168452,0.09784388194554408,6,16
6,9,final_answer_cue,0.7445842231254325,0.8446593510702539,-0.10007512794482143,6,16
6,9,harmful_instruction,0.0,0.01039437395747173,-0.01039437395747173,6,16
6,9,injected_reasoning,0.0,0.00013551055007139228,-0.00013551055007139228,6,16
6,10,benign_puzzle_scaffold,0.45342567304288867,0.36262098187149144,0.09080469117139722,6,16
6,10,final_answer_cue,0.520739215904615,0.6316087557292824,-0.1108695398246674,6,16
6,10,harmful_instruction,0.0,0.008664844378758495,-0.008664844378758495,6,16
6,10,injected_reasoning,0.0,0.004464549223433383,-0.004464549223433383,6,16
6,11,benign_puzzle_scaffold,0.5228188329806498,0.5595657490941339,-0.03674691611348413,6,16
6,11,final_answer_cue,0.38804323932409196,0.4113292159189207,-0.023285976594828728,6,16
6,11,harmful_instruction,0.0,0.0037694048338288884,-0.0037694048338288884,6,16
6,11,injected_reasoning,0.0,0.002620524752966759,-0.002620524752966759,6,16
6,12,benign_puzzle_scaffold,0.5642459721613543,0.5282910641625471,0.035954907998807184,6,16
6,12,final_answer_cue,0.38787241579700105,0.467903182078575,-0.08003076628157396,6,16
6,12,harmful_instruction,0.0,0.006977000345121241,-0.006977000345121241,6,16
6,12,injected_reasoning,0.0,0.00222085784460599,-0.00222085784460599,6,16
6,13,benign_puzzle_scaffold,0.530308382828502,0.4406468076444009,0.08966157518410112,6,16
6,13,final_answer_cue,0.3939167492014844,0.5388905042935199,-0.14497375509203553,6,16
6,13,harmful_instruction,0.0,0.00550941297076871,-0.00550941297076871,6,16
6,13,injected_reasoning,0.0,0.0015613733915568646,-0.0015613733915568646,6,16
6,14,benign_puzzle_scaffold,0.32256958304320127,0.2918991291632155,0.030670453879985793,6,16
6,14,final_answer_cue,0.6283695260996915,0.6938301260873084,-0.06546059998761689,6,16
6,14,harmful_instruction,0.0,0.00827695363030027,-0.00827695363030027,6,16
6,14,injected_reasoning,0.0,0.0009019974717315343,-0.0009019974717315343,6,16
6,15,benign_puzzle_scaffold,0.32934125400361075,0.33494112249078867,-0.005599868487177917,6,16
6,15,final_answer_cue,0.6239090751486637,0.6501781745471729,-0.026269099398509188,6,16
6,15,harmful_instruction,0.0,0.0075816139167339995,-0.0075816139167339995,6,16
6,15,injected_reasoning,0.0,0.0015928089248748627,-0.0015928089248748627,6,16
6,16,benign_puzzle_scaffold,0.15807237007866898,0.16485264521869458,-0.0067802751400256045,6,16
6,16,final_answer_cue,0.831643954404946,0.8288847781881389,0.002759176216807102,6,16
6,16,harmful_instruction,0.0,0.011657916006822373,-0.011657916006822373,6,16
6,16,injected_reasoning,0.0,0.0006782059372666787,-0.0006782059372666787,6,16
6,17,benign_puzzle_scaffold,0.2378052877577331,0.20161906200303695,0.036186225754696155,6,16
6,17,final_answer_cue,0.7593385076459468,0.7948228274944202,-0.035484319848473445,6,16
6,17,harmful_instruction,0.0,0.007001237933819753,-0.007001237933819753,6,16
6,17,injected_reasoning,0.0,0.0017042269167752036,-0.0017042269167752036,6,16
6,18,benign_puzzle_scaffold,0.2519817992070204,0.23052324999008914,0.021458549216931272,6,16
6,18,final_answer_cue,0.7265369764440098,0.7608050943722959,-0.0342681179282861,6,16
6,18,harmful_instruction,0.0,0.009973643991727607,-0.009973643991727607,6,16
6,18,injected_reasoning,0.0,0.0012109326415051225,-0.0012109326415051225,6,16
6,19,benign_puzzle_scaffold,0.25736043555918,0.2158494578678405,0.04151097769133949,6,16
6,19,final_answer_cue,0.7144239989165942,0.7731278505859193,-0.05870385166932501,6,16
6,19,harmful_instruction,0.0,0.009174459872806542,-0.009174459872806542,6,16
6,19,injected_reasoning,0.0,0.0018470947580637542,-0.0018470947580637542,6,16
6,20,benign_puzzle_scaffold,0.7791890058973064,0.8382050353881332,-0.05901602949082674,6,16
6,20,final_answer_cue,0.10156041735534109,0.16015087938271655,-0.05859046202737546,6,16
6,20,harmful_instruction,0.0,0.004022541400986916,-0.004022541400986916,6,16
6,20,injected_reasoning,0.0,0.013937292672104798,-0.013937292672104798,6,16
6,21,benign_puzzle_scaffold,0.5387549394727983,0.5641249503303094,-0.025370010857511116,6,16
6,21,final_answer_cue,0.37232598176677917,0.413533108127785,-0.04120712636100582,6,16
6,21,harmful_instruction,0.0,0.0038736151576060866,-0.0038736151576060866,6,16
6,21,injected_reasoning,0.0,0.0008737990085603807,-0.0008737990085603807,6,16
6,22,benign_puzzle_scaffold,0.557464279220986,0.6061678087928672,-0.04870352957188129,6,16
6,22,final_answer_cue,0.34890309480552456,0.3809907107762357,-0.032087615970711136,6,16
6,22,harmful_instruction,0.0,0.006737985332681571,-0.006737985332681571,6,16
6,22,injected_reasoning,0.0,0.0025684027944283434,-0.0025684027944283434,6,16
6,23,benign_puzzle_scaffold,0.4312201572896905,0.4164568828006363,0.014763274489054179,6,16
6,23,final_answer_cue,0.515937042767125,0.5706346452765086,-0.0546976025093836,6,16
6,23,harmful_instruction,0.0,0.006291483441848933,-0.006291483441848933,6,16
6,23,injected_reasoning,0.0,0.0008090631141716362,-0.0008090631141716362,6,16
6,24,benign_puzzle_scaffold,0.5530830142711184,0.5731499637542458,-0.020066949483127372,6,16
6,24,final_answer_cue,0.36999724739523937,0.41504695626209115,-0.04504970886685178,6,16
6,24,harmful_instruction,0.0,0.005756382138263728,-0.005756382138263728,6,16
6,24,injected_reasoning,0.0,0.0019099432600308468,-0.0019099432600308468,6,16
6,25,benign_puzzle_scaffold,0.6080643486269363,0.5469587603689854,0.06110558825795087,6,16
6,25,final_answer_cue,0.31255846434477164,0.427189782945885,-0.11463131860111336,6,16
6,25,harmful_instruction,0.0,0.004877698885172745,-0.004877698885172745,6,16
6,25,injected_reasoning,0.0,0.00215228070574834,-0.00215228070574834,6,16
6,26,benign_puzzle_scaffold,0.5632270896494364,0.541630057412302,0.021597032237134384,6,16
6,26,final_answer_cue,0.3703756811242387,0.4292904774951839,-0.05891479637094521,6,16
6,26,harmful_instruction,0.0,0.005770069621344317,-0.005770069621344317,6,16
6,26,injected_reasoning,0.0,0.0026098639389124014,-0.0026098639389124014,6,16
6,27,benign_puzzle_scaffold,0.6741509903616278,0.6657737510070301,0.008377239354597776,6,16
6,27,final_answer_cue,0.25995124114594353,0.3172581269840817,-0.057306885838138144,6,16
6,27,harmful_instruction,0.0,0.0012270266321414503,-0.0012270266321414503,6,16
6,27,injected_reasoning,0.0,0.005557534520226663,-0.005557534520226663,6,16
6,28,benign_puzzle_scaffold,0.7272595829010081,0.7185219641512385,0.008737618749769638,6,16
6,28,final_answer_cue,0.18569426290759616,0.26124674641262413,-0.07555248350502797,6,16
6,28,harmful_instruction,0.0,0.0020770999005812855,-0.0020770999005812855,6,16
6,28,injected_reasoning,0.0,0.004709407218594004,-0.004709407218594004,6,16
6,29,benign_puzzle_scaffold,0.4926903983174325,0.501350989967359,-0.008660591649926552,6,16
6,29,final_answer_cue,0.41626082783584056,0.46805847926807875,-0.05179765143223819,6,16
6,29,harmful_instruction,0.0,0.004030931747641618,-0.004030931747641618,6,16
6,29,injected_reasoning,0.0,0.0014196592162052434,-0.0014196592162052434,6,16
6,30,benign_puzzle_scaffold,0.4941572718698824,0.5319800653051723,-0.03782279343528988,6,16
6,30,final_answer_cue,0.2172341841760442,0.23276669093317948,-0.015532506757135273,6,16
6,30,harmful_instruction,0.0,0.000320456340971172,-0.000320456340971172,6,16
6,30,injected_reasoning,0.0,0.0005380313417362711,-0.0005380313417362711,6,16
6,31,benign_puzzle_scaffold,0.526615286060911,0.5926150799041852,-0.06599979384327415,6,16
6,31,final_answer_cue,0.2571923967008915,0.255199237098503,0.0019931596023884945,6,16
6,31,harmful_instruction,0.0,0.001792163561751802,-0.001792163561751802,6,16
6,31,injected_reasoning,0.0,0.00633555951122905,-0.00633555951122905,6,16
6,32,benign_puzzle_scaffold,0.5905818187471248,0.6380903886799126,-0.04750856993278785,6,16
6,32,final_answer_cue,0.18219511762781695,0.21443500888764627,-0.03223989125982932,6,16
6,32,harmful_instruction,0.0,0.0009985896881832743,-0.0009985896881832743,6,16
6,32,injected_reasoning,0.0,0.0026204400341753734,-0.0026204400341753734,6,16
6,33,benign_puzzle_scaffold,0.6065502856438684,0.6987173540098245,-0.09216706836595612,6,16
6,33,final_answer_cue,0.14136365679068078,0.18084508182312414,-0.03948142503244337,6,16
6,33,harmful_instruction,0.0,0.0012936702766907823,-0.0012936702766907823,6,16
6,33,injected_reasoning,0.0,0.006944996942963864,-0.006944996942963864,6,16
6,34,benign_puzzle_scaffold,0.6259146224466323,0.6849911649004758,-0.05907654245384353,6,16
6,34,final_answer_cue,0.1478188056392585,0.1845424555790098,-0.0367236499397513,6,16
6,34,harmful_instruction,0.0,0.0015038324876245237,-0.0015038324876245237,6,16
6,34,injected_reasoning,0.0,0.0016827709307258771,-0.0016827709307258771,6,16
6,35,benign_puzzle_scaffold,0.6440381498245845,0.6397774773381062,0.004260672486478323,6,16
6,35,final_answer_cue,0.2519739482733135,0.32349381761484886,-0.07151986934153537,6,16
6,35,harmful_instruction,0.0,0.0026059376791571164,-0.0026059376791571164,6,16
6,35,injected_reasoning,0.0,0.004105968482249912,-0.004105968482249912,6,16
6,36,benign_puzzle_scaffold,0.7293687712092568,0.7687600684350786,-0.0393912972258218,6,16
6,36,final_answer_cue,0.14772866403598117,0.20398021576433667,-0.0562515517283555,6,16
6,36,harmful_instruction,0.0,0.0035964652073695014,-0.0035964652073695014,6,16
6,36,injected_reasoning,0.0,0.009147626947201573,-0.009147626947201573,6,16
6,37,benign_puzzle_scaffold,0.6550591521557895,0.6735211449685801,-0.018461992812790595,6,16
6,37,final_answer_cue,0.20339495141743721,0.2564277673250423,-0.053032815907605085,6,16
6,37,harmful_instruction,0.0,0.0017047826757891225,-0.0017047826757891225,6,16
6,37,injected_reasoning,0.0,0.006939727376926021,-0.006939727376926021,6,16
6,38,benign_puzzle_scaffold,0.5197270430865687,0.47277829315669867,0.046948749929870026,6,16
6,38,final_answer_cue,0.437454653923917,0.5228412274143193,-0.08538657349040224,6,16
6,38,harmful_instruction,0.0,0.002798903096857013,-0.002798903096857013,6,16
6,38,injected_reasoning,0.0,0.0013182060205786657,-0.0013182060205786657,6,16
6,39,benign_puzzle_scaffold,0.6044397784468555,0.6099691824602658,-0.005529404013410288,6,16
6,39,final_answer_cue,0.30835444783095967,0.3693940933620092,-0.06103964553104951,6,16
6,39,harmful_instruction,0.0,0.005243826564098624,-0.005243826564098624,6,16
6,39,injected_reasoning,0.0,0.00540565298700338,-0.00540565298700338,6,16
7,0,benign_puzzle_scaffold,0.08833249117269386,0.08279134708651502,0.00554114408617884,6,16
7,0,final_answer_cue,0.13614497572528303,0.13544618661857427,0.0006987891067087582,6,16
7,0,harmful_instruction,0.0,0.0024404086974980205,-0.0024404086974980205,6,16
7,0,injected_reasoning,0.0,0.0002099401210215335,-0.0002099401210215335,6,16
7,1,benign_puzzle_scaffold,0.09893819007233044,0.09717283615282823,0.0017653539195022078,6,16
7,1,final_answer_cue,0.17387543221420523,0.17482576037084285,-0.0009503281566376198,6,16
7,1,harmful_instruction,0.0,0.0023745890357342488,-0.0023745890357342488,6,16
7,1,injected_reasoning,0.0,0.0003564134565354354,-0.0003564134565354354,6,16
7,2,benign_puzzle_scaffold,0.09131401656545869,0.0966613126039835,-0.00534729603852481,6,16
7,2,final_answer_cue,0.1654190049256109,0.1658147458241413,-0.0003957408985303945,6,16
7,2,harmful_instruction,0.0,0.0011668773536979969,-0.0011668773536979969,6,16
7,2,injected_reasoning,0.0,0.000610233351423132,-0.000610233351423132,6,16
7,3,benign_puzzle_scaffold,0.04685184473929272,0.04820798604771617,-0.0013561413084234517,6,16
7,3,final_answer_cue,0.04020671942221279,0.042521259489955165,-0.002314540067742378,6,16
7,3,harmful_instruction,0.0,0.0014824400792535393,-0.0014824400792535393,6,16
7,3,injected_reasoning,0.0,0.0001734858363542622,-0.0001734858363542622,6,16
7,4,benign_puzzle_scaffold,0.19783130585063494,0.2894978259974415,-0.09166652014680657,6,16
7,4,final_answer_cue,0.02963527333974994,0.039657792142775206,-0.010022518803025265,6,16
7,4,harmful_instruction,0.0,0.00042475399882833936,-0.00042475399882833936,6,16
7,4,injected_reasoning,0.0,0.003999189124545422,-0.003999189124545422,6,16
7,5,benign_puzzle_scaffold,0.18924429733524953,0.19176591476173205,-0.0025216174264825197,6,16
7,5,final_answer_cue,0.23500618924836006,0.258187984814063,-0.023181795565702962,6,16
7,5,harmful_instruction,0.0,0.0028689189908492592,-0.0028689189908492592,6,16
7,5,injected_reasoning,0.0,0.0024973833101430533,-0.0024973833101430533,6,16
7,6,benign_puzzle_scaffold,0.3191953217165438,0.33182055211459294,-0.012625230398049136,6,16
7,6,final_answer_cue,0.1733450198097691,0.243855894172541,-0.0705108743627719,6,16
7,6,harmful_instruction,0.0,0.00400228383824228,-0.00400228383824228,6,16
7,6,injected_reasoning,0.0,0.0039850216060618145,-0.0039850216060618145,6,16
7,7,benign_puzzle_scaffold,0.4138081661278508,0.5120634936668742,-0.09825532753902338,6,16
7,7,final_answer_cue,0.1596254310651649,0.18373063596051187,-0.024105204895346954,6,16
7,7,harmful_instruction,0.0,0.002768923839250801,-0.002768923839250801,6,16
7,7,injected_reasoning,0.0,0.010870770002797025,-0.010870770002797025,6,16
7,8,benign_puzzle_scaffold,0.35356229512074266,0.3171481426971995,0.03641415242354318,6,16
7,8,final_answer_cue,0.3595691161108105,0.41506859531049395,-0.055499479199683455,6,16
7,8,harmful_instruction,0.0,0.00548451963183497,-0.00548451963183497,6,16
7,8,injected_reasoning,0.0,0.001535711541577902,-0.001535711541577902,6,16
7,9,benign_puzzle_scaffold,0.25180931735299533,0.2399049922943074,0.011904325058687937,6,16
7,9,final_answer_cue,0.4641639188999654,0.4865766712711597,-0.022412752371194333,6,16
7,9,harmful_instruction,0.0,0.008039144203766186,-0.008039144203766186,6,16
7,9,injected_reasoning,0.0,0.0030144462328304594,-0.0030144462328304594,6,16
7,10,benign_puzzle_scaffold,0.08159596829828712,0.08121845331604233,0.00037751498224479485,6,16
7,10,final_answer_cue,0.07980094841606547,0.09168941987188452,-0.011888471455819047,6,16
7,10,harmful_instruction,0.0,0.001311990888836811,-0.001311990888836811,6,16
7,10,injected_reasoning,0.0,0.00013190234088995275,-0.00013190234088995275,6,16
7,11,benign_puzzle_scaffold,0.058754829954199665,0.053590560982592114,0.005164268971607551,6,16
7,11,final_answer_cue,0.03894917032229928,0.04582622345743738,-0.006877053135138096,6,16
7,11,harmful_instruction,0.0,0.0004391097121835912,-0.0004391097121835912,6,16
7,11,injected_reasoning,0.0,0.00010181446155769874,-0.00010181446155769874,6,16
7,12,benign_puzzle_scaffold,0.02673783582225692,0.028523445066068465,-0.0017856092438115444,6,16
7,12,final_answer_cue,0.023337421733127917,0.02763257042667964,-0.004295148693551725,6,16
7,12,harmful_instruction,0.0,0.00031833415256722934,-0.00031833415256722934,6,16
7,12,injected_reasoning,0.0,5.8425266588402894e-05,-5.8425266588402894e-05,6,16
7,13,benign_puzzle_scaffold,0.1887426586423838,0.18574395383359632,0.0029987048087874724,6,16
7,13,final_answer_cue,0.2647939615295238,0.2822748332537226,-0.01748087172419882,6,16
7,13,harmful_instruction,0.0,0.0031671109718370127,-0.0031671109718370127,6,16
7,13,injected_reasoning,0.0,0.0003950263327274797,-0.0003950263327274797,6,16
7,14,benign_puzzle_scaffold,0.043816477291852195,0.04484139916809447,-0.0010249218762422782,6,16
7,14,final_answer_cue,0.03227282547149878,0.04168316375340787,-0.00941033828190909,6,16
7,14,harmful_instruction,0.0,0.00046811463734123334,-0.00046811463734123334,6,16
7,14,injected_reasoning,0.0,9.556633687402017e-05,-9.556633687402017e-05,6,16
7,15,benign_puzzle_scaffold,0.16895977298494125,0.17654911226372716,-0.0075893392787859115,6,16
7,15,final_answer_cue,0.0400038161725389,0.05378134332160589,-0.013777527149066993,6,16
7,15,harmful_instruction,0.0,0.0006690991563088739,-0.0006690991563088739,6,16
7,15,injected_reasoning,0.0,0.002502529992105462,-0.002502529992105462,6,16
7,16,benign_puzzle_scaffold,0.23763155481319953,0.25832890907290473,-0.020697354259705203,6,16
7,16,final_answer_cue,0.05394694097025801,0.09675172451856501,-0.042804783548306996,6,16
7,16,harmful_instruction,0.0,0.0024760249366136966,-0.0024760249366136966,6,16
7,16,injected_reasoning,0.0,0.004454357902056881,-0.004454357902056881,6,16
7,17,benign_puzzle_scaffold,0.053656533255230975,0.05156499872074939,0.002091534534481583,6,16
7,17,final_answer_cue,0.03722540712708195,0.04054990599142323,-0.0033244988643412812,6,16
7,17,harmful_instruction,0.0,0.0009430255597986355,-0.0009430255597986355,6,16
7,17,injected_reasoning,0.0,0.0005208013320865115,-0.0005208013320865115,6,16
7,18,benign_puzzle_scaffold,0.275945506715702,0.28759664063361934,-0.011651133917917333,6,16
7,18,final_answer_cue,0.29149044239048466,0.3375374862027525,-0.04604704381226782,6,16
7,18,harmful_instruction,0.0,0.004600549193077915,-0.004600549193077915,6,16
7,18,injected_reasoning,0.0,0.001851419780717782,-0.001851419780717782,6,16
7,19,benign_puzzle_scaffold,0.20717346902887868,0.27230771379711216,-0.06513424476823348,6,16
7,19,final_answer_cue,0.03131595152259615,0.07764686919801114,-0.046330917675414994,6,16
7,19,harmful_instruction,0.0,0.003970437752975364,-0.003970437752975364,6,16
7,19,injected_reasoning,0.0,0.006633048934759555,-0.006633048934759555,6,16
7,20,benign_puzzle_scaffold,0.057830677637190825,0.05261522697719558,0.005215450659995242,6,16
7,20,final_answer_cue,0.16727407552529652,0.1844274712773146,-0.017153395752018075,6,16
7,20,harmful_instruction,0.0,0.003052412842382385,-0.003052412842382385,6,16
7,20,injected_reasoning,0.0,0.0001308960768684096,-0.0001308960768684096,6,16
7,21,benign_puzzle_scaffold,0.08088560793240908,0.05662821328819714,0.024257394644211935,6,16
7,21,final_answer_cue,0.23674887602140102,0.2149987765975339,0.021750099423867103,6,16
7,21,harmful_instruction,0.0,0.0045202828634168385,-0.0045202828634168385,6,16
7,21,injected_reasoning,0.0,9.209394415361769e-05,-9.209394415361769e-05,6,16
7,22,benign_puzzle_scaffold,0.1183164882741295,0.10272302580423327,0.015593462469896222,6,16
7,22,final_answer_cue,0.3695900317384768,0.36176534766934787,0.007824684069128951,6,16
7,22,harmful_instruction,0.0,0.006435001750506189,-0.006435001750506189,6,16
7,22,injected_reasoning,0.0,0.00014722723146793877,-0.00014722723146793877,6,16
7,23,benign_puzzle_scaffold,0.05135637103966508,0.048068780113617204,0.0032875909260478772,6,16
7,23,final_answer_cue,0.16716262764164871,0.1716912224539433,-0.00452859481229459,6,16
7,23,harmful_instruction,0.0,0.001120988462669219,-0.001120988462669219,6,16
7,23,injected_reasoning,0.0,0.0001034866006834396,-0.0001034866006834396,6,16
7,24,benign_puzzle_scaffold,0.040316153762175115,0.04078422658077244,-0.0004680728185973218,6,16
7,24,final_answer_cue,0.062907695360333,0.06573802938172456,-0.002830334021391559,6,16
7,24,harmful_instruction,0.0,0.0017562170323086232,-0.0017562170323086232,6,16
7,24,injected_reasoning,0.0,7.154320303393228e-05,-7.154320303393228e-05,6,16
7,25,benign_puzzle_scaffold,0.18738097002553922,0.19744852893731774,-0.010067558911778518,6,16
7,25,final_answer_cue,0.14965515404498037,0.1804201862896476,-0.03076503224466723,6,16
7,25,harmful_instruction,0.0,0.004797890107095783,-0.004797890107095783,6,16
7,25,injected_reasoning,0.0,0.0017317270548003073,-0.0017317270548003073,6,16
7,26,benign_puzzle_scaffold,0.25634859246474156,0.2454124904458534,0.010936102018888172,6,16
7,26,final_answer_cue,0.45796173301825177,0.48474865317918614,-0.02678692016093437,6,16
7,26,harmful_instruction,0.0,0.006735875338794911,-0.006735875338794911,6,16
7,26,injected_reasoning,0.0,0.0005457336546259564,-0.0005457336546259564,6,16
7,27,benign_puzzle_scaffold,0.08077884136483675,0.10098512679045624,-0.02020628542561949,6,16
7,27,final_answer_cue,0.044819500938046854,0.06762659513159706,-0.02280709419355021,6,16
7,27,harmful_instruction,0.0,0.001947429291159325,-0.001947429291159325,6,16
7,27,injected_reasoning,0.0,0.0010355103126661429,-0.0010355103126661429,6,16
7,28,benign_puzzle_scaffold,0.022334917675073892,0.02662865640203122,-0.0042937387269573295,6,16
7,28,final_answer_cue,0.01916133537728117,0.019421152505129748,-0.00025981712784857794,6,16
7,28,harmful_instruction,0.0,9.923798401460341e-05,-9.923798401460341e-05,6,16
7,28,injected_reasoning,0.0,0.00010969870264362742,-0.00010969870264362742,6,16
7,29,benign_puzzle_scaffold,0.09222944294006348,0.09603191943321833,-0.0038024764931548494,6,16
7,29,final_answer_cue,0.16806772808238937,0.13762630156900524,0.030441426513384134,6,16
7,29,harmful_instruction,0.0,0.0027798232091937065,-0.0027798232091937065,6,16
7,29,injected_reasoning,0.0,0.0005564562945508562,-0.0005564562945508562,6,16
7,30,benign_puzzle_scaffold,0.061406888007579756,0.07269294872632523,-0.011286060718745473,6,16
7,30,final_answer_cue,0.03871506413898514,0.05504334691372953,-0.016328282774744386,6,16
7,30,harmful_instruction,0.0,0.001129763728691274,-0.001129763728691274,6,16
7,30,injected_reasoning,0.0,0.00043963668765552473,-0.00043963668765552473,6,16
7,31,benign_puzzle_scaffold,0.039881991972361246,0.03362534490029134,0.006256647072069903,6,16
7,31,final_answer_cue,0.036477833927930095,0.040296672457759794,-0.003818838529829699,6,16
7,31,harmful_instruction,0.0,0.0016086839521494516,-0.0016086839521494516,6,16
7,31,injected_reasoning,0.0,0.0001597856209526846,-0.0001597856209526846,6,16
7,32,benign_puzzle_scaffold,0.23928399564212763,0.2555864298021321,-0.01630243416000446,6,16
7,32,final_answer_cue,0.04630036760020934,0.07486440205580715,-0.028564034455597805,6,16
7,32,harmful_instruction,0.0,0.0023229716735422433,-0.0023229716735422433,6,16
7,32,injected_reasoning,0.0,0.0022054842877228756,-0.0022054842877228756,6,16
7,33,benign_puzzle_scaffold,0.02223339737245775,0.030889358351114123,-0.008655960978656372,6,16
7,33,final_answer_cue,0.003725684356726274,0.007083003523335491,-0.0033573191666092174,6,16
7,33,harmful_instruction,0.0,0.0003086013340766578,-0.0003086013340766578,6,16
7,33,injected_reasoning,0.0,0.0003966252822289638,-0.0003966252822289638,6,16
7,34,benign_puzzle_scaffold,0.4770506107038952,0.37780160706729565,0.09924900363659955,6,16
7,34,final_answer_cue,0.436304287629556,0.5371252753690556,-0.10082098773949966,6,16
7,34,harmful_instruction,0.0,0.0062848093772641085,-0.0062848093772641085,6,16
7,34,injected_reasoning,0.0,0.001899771926312607,-0.001899771926312607,6,16
7,35,benign_puzzle_scaffold,0.15458222145674136,0.15383544930399323,0.0007467721527481264,6,16
7,35,final_answer_cue,0.17039593202757977,0.22176487468837264,-0.051368942660792866,6,16
7,35,harmful_instruction,0.0,0.0034323464508453096,-0.0034323464508453096,6,16
7,35,injected_reasoning,0.0,0.0009072905664378087,-0.0009072905664378087,6,16
7,36,benign_puzzle_scaffold,0.41397655069548317,0.38072990653186645,0.03324664416361672,6,16
7,36,final_answer_cue,0.3080002509383348,0.3582054802659783,-0.05020522932764354,6,16
7,36,harmful_instruction,0.0,0.0038678010151986944,-0.0038678010151986944,6,16
7,36,injected_reasoning,0.0,0.0005122997488970634,-0.0005122997488970634,6,16
7,37,benign_puzzle_scaffold,0.3719129392835085,0.3180255777246632,0.05388736155884527,6,16
7,37,final_answer_cue,0.10838183224922694,0.1444514003912297,-0.03606956814200275,6,16
7,37,harmful_instruction,0.0,0.0013699051962300752,-0.0013699051962300752,6,16
7,37,injected_reasoning,0.0,0.001671570714567905,-0.001671570714567905,6,16
7,38,benign_puzzle_scaffold,0.48781435843485926,0.4480181273044427,0.03979623113041658,6,16
7,38,final_answer_cue,0.2210313848823052,0.2525361384334926,-0.0315047535511874,6,16
7,38,harmful_instruction,0.0,0.003897396360974568,-0.003897396360974568,6,16
7,38,injected_reasoning,0.0,0.004367763533398119,-0.004367763533398119,6,16
7,39,benign_puzzle_scaffold,0.6053291039572893,0.6245016224724365,-0.01917251851514712,6,16
7,39,final_answer_cue,0.142018456173601,0.21049366152411847,-0.06847520535051746,6,16
7,39,harmful_instruction,0.0,0.0037375036370988117,-0.0037375036370988117,6,16
7,39,injected_reasoning,0.0,0.011988819952919925,-0.011988819952919925,6,16
8,0,benign_puzzle_scaffold,0.019945369503195167,0.02644982829833345,-0.006504458795138283,6,16
8,0,final_answer_cue,0.06908998880914853,0.08222025002825936,-0.013130261219110831,6,16
8,0,harmful_instruction,0.0,0.0013412389638526269,-0.0013412389638526269,6,16
8,0,injected_reasoning,0.0,2.470497593186539e-05,-2.470497593186539e-05,6,16
8,1,benign_puzzle_scaffold,0.02400705530902438,0.026641028732508287,-0.002633973423483909,6,16
8,1,final_answer_cue,0.028476500566726685,0.03909663750245717,-0.010620136935730485,6,16
8,1,harmful_instruction,0.0,0.00054099017700049,-0.00054099017700049,6,16
8,1,injected_reasoning,0.0,3.565114068613214e-05,-3.565114068613214e-05,6,16
8,2,benign_puzzle_scaffold,0.01061257855109756,0.01106959003512455,-0.0004570114840269906,6,16
8,2,final_answer_cue,0.009600964784094852,0.013977235041816128,-0.004376270257721276,6,16
8,2,harmful_instruction,0.0,0.00022863733018941006,-0.00022863733018941006,6,16
8,2,injected_reasoning,0.0,7.68378644938352e-06,-7.68378644938352e-06,6,16
8,3,benign_puzzle_scaffold,0.02717428130216828,0.03178750659899789,-0.0046132252968296115,6,16
8,3,final_answer_cue,0.1742505088249103,0.1737998600076624,0.0004506488172479062,6,16
8,3,harmful_instruction,0.0,0.0022699012377610578,-0.0022699012377610578,6,16
8,3,injected_reasoning,0.0,2.0603554107449305e-05,-2.0603554107449305e-05,6,16
8,4,benign_puzzle_scaffold,0.06379404066062472,0.0655030346760862,-0.0017089940154614847,6,16
8,4,final_answer_cue,0.41509589394605745,0.41410363947694895,0.0009922544691085,6,16
8,4,harmful_instruction,0.0,0.006291222047848507,-0.006291222047848507,6,16
8,4,injected_reasoning,0.0,3.853890416608835e-05,-3.853890416608835e-05,6,16
8,5,benign_puzzle_scaffold,0.023558297029829863,0.021721120116764882,0.0018371769130649807,6,16
8,5,final_answer_cue,0.1901020559178321,0.1980108025614281,-0.007908746643596004,6,16
8,5,harmful_instruction,0.0,0.0029708589030910675,-0.0029708589030910675,6,16
8,5,injected_reasoning,0.0,2.043329573364255e-05,-2.043329573364255e-05,6,16
8,6,benign_puzzle_scaffold,0.11530944287996121,0.08545645061579452,0.029852992264166697,6,16
8,6,final_answer_cue,0.38012392984502824,0.3906109606667951,-0.010487030821766885,6,16
8,6,harmful_instruction,0.0,0.001973799907468734,-0.001973799907468734,6,16
8,6,injected_reasoning,0.0,8.379430371047543e-05,-8.379430371047543e-05,6,16
8,7,benign_puzzle_scaffold,0.08003111696000804,0.058307970777420504,0.02172314618258754,6,16
8,7,final_answer_cue,0.47737222770183707,0.5328660614944372,-0.05549383379260009,6,16
8,7,harmful_instruction,0.0,0.005917064999376327,-0.005917064999376327,6,16
8,7,injected_reasoning,0.0,5.2783418930415354e-05,-5.2783418930415354e-05,6,16
8,8,benign_puzzle_scaffold,0.23531115924511145,0.26885356846304154,-0.033542409217930086,6,16
8,8,final_answer_cue,0.013092401137533391,0.028773611461233896,-0.015681210323700505,6,16
8,8,harmful_instruction,0.0,0.00014970380189815912,-0.00014970380189815912,6,16
8,8,injected_reasoning,0.0,0.0020636314171783845,-0.0020636314171783845,6,16
8,9,benign_puzzle_scaffold,0.05055746336837851,0.03871792297250025,0.011839540395878263,6,16
8,9,final_answer_cue,0.07668288337685865,0.10933298218392427,-0.032650098807065625,6,16
8,9,harmful_instruction,0.0,0.000771998041815394,-0.000771998041815394,6,16
8,9,injected_reasoning,0.0,6.570089723053277e-05,-6.570089723053277e-05,6,16
8,10,benign_puzzle_scaffold,0.06132546536880251,0.05160022028913458,0.009725245079667932,6,16
8,10,final_answer_cue,0.07464012390733821,0.06631902343818968,0.008321100469148524,6,16
8,10,harmful_instruction,0.0,0.0015097258014780384,-0.0015097258014780384,6,16
8,10,injected_reasoning,0.0,8.810643508290231e-05,-8.810643508290231e-05,6,16
8,11,benign_puzzle_scaffold,0.06832960772880697,0.06759411931575947,0.0007354884130475053,6,16
8,11,final_answer_cue,0.09127282259933943,0.09432520654471258,-0.0030523839453731466,6,16
8,11,harmful_instruction,0.0,0.0011792897440459993,-0.0011792897440459993,6,16
8,11,injected_reasoning,0.0,0.00011626092765739234,-0.00011626092765739234,6,16
8,12,benign_puzzle_scaffold,0.058732421850778045,0.055679288448091724,0.0030531334026863213,6,16
8,12,final_answer_cue,0.15364761252709833,0.13802931958333103,0.015618292943767292,6,16
8,12,harmful_instruction,0.0,0.0019856439668284615,-0.0019856439668284615,6,16
8,12,injected_reasoning,0.0,0.00010703663227399032,-0.00010703663227399032,6,16
8,13,benign_puzzle_scaffold,0.041241562115509535,0.04400798827619983,-0.002766426160690297,6,16
8,13,final_answer_cue,0.035687043614048876,0.0423138102127009,-0.006626766598652023,6,16
8,13,harmful_instruction,0.0,0.0005936358461989275,-0.0005936358461989275,6,16
8,13,injected_reasoning,0.0,6.447979995758629e-05,-6.447979995758629e-05,6,16
8,14,benign_puzzle_scaffold,0.0595615719525818,0.06595769136003259,-0.006396119407450787,6,16
8,14,final_answer_cue,0.044450190257454336,0.0502940891082048,-0.005843898850750463,6,16
8,14,harmful_instruction,0.0,0.000748208632333192,-0.000748208632333192,6,16
8,14,injected_reasoning,0.0,0.00015707135624987178,-0.00015707135624987178,6,16
8,15,benign_puzzle_scaffold,0.10475669693128996,0.14492890887845583,-0.04017221194716587,6,16
8,15,final_answer_cue,0.02968980620551551,0.048073972925809436,-0.018384166720293926,6,16
8,15,harmful_instruction,0.0,0.0003384425745518344,-0.0003384425745518344,6,16
8,15,injected_reasoning,0.0,0.0005709077544749909,-0.0005709077544749909,6,16
8,16,benign_puzzle_scaffold,0.11740572815682493,0.10716809196325677,0.010237636193568156,6,16
8,16,final_answer_cue,0.009679287272590223,0.018336982758240118,-0.008657695485649895,6,16
8,16,harmful_instruction,0.0,0.00012469840405520674,-0.00012469840405520674,6,16
8,16,injected_reasoning,0.0,0.0017441095145483282,-0.0017441095145483282,6,16
8,17,benign_puzzle_scaffold,0.2583398107041951,0.2977337668606419,-0.03939395615644681,6,16
8,17,final_answer_cue,0.09595640494185957,0.14961730454657593,-0.05366089960471636,6,16
8,17,harmful_instruction,0.0,0.0019457615910160571,-0.0019457615910160571,6,16
8,17,injected_reasoning,0.0,0.0017288061514792448,-0.0017288061514792448,6,16
8,18,benign_puzzle_scaffold,0.03914945378819679,0.05145165314871289,-0.012302199360516096,6,16
8,18,final_answer_cue,0.005463481695599751,0.010842703939005962,-0.005379222243406211,6,16
8,18,harmful_instruction,0.0,0.00010168548334408352,-0.00010168548334408352,6,16
8,18,injected_reasoning,0.0,0.0012948466267321199,-0.0012948466267321199,6,16
8,19,benign_puzzle_scaffold,0.5903794773654834,0.6336882588441122,-0.04330878147862882,6,16
8,19,final_answer_cue,0.1105106085504492,0.15571468104863512,-0.04520407249818592,6,16
8,19,harmful_instruction,0.0,0.0015716095871927745,-0.0015716095871927745,6,16
8,19,injected_reasoning,0.0,0.006473965169184833,-0.006473965169184833,6,16
8,20,benign_puzzle_scaffold,0.31198973020139603,0.2358965901889682,0.07609314001242784,6,16
8,20,final_answer_cue,0.5944399758711192,0.673838709423229,-0.0793987335521098,6,16
8,20,harmful_instruction,0.0,0.007013384763835248,-0.007013384763835248,6,16
8,20,injected_reasoning,0.0,0.0014096851744886689,-0.0014096851744886689,6,16
8,21,benign_puzzle_scaffold,0.06137714779938765,0.059085966818511686,0.0022911809808759676,6,16
8,21,final_answer_cue,0.2594089020033133,0.26207204498876246,-0.002663142985449174,6,16
8,21,harmful_instruction,0.0,0.003213728216580595,-0.003213728216580595,6,16
8,21,injected_reasoning,0.0,0.00020319208931603053,-0.00020319208931603053,6,16
8,22,benign_puzzle_scaffold,0.6324314928635743,0.5745962293423437,0.057835263521230584,6,16
8,22,final_answer_cue,0.21974271928604905,0.2893445839099229,-0.06960186462387385,6,16
8,22,harmful_instruction,0.0,0.00606434520388386,-0.00606434520388386,6,16
8,22,injected_reasoning,0.0,0.006010128685566813,-0.006010128685566813,6,16
8,23,benign_puzzle_scaffold,0.2394517115068936,0.21508205733330832,0.024369654173585276,6,16
8,23,final_answer_cue,0.41785528102496944,0.42199697226662247,-0.004141691241653034,6,16
8,23,harmful_instruction,0.0,0.005643200277938637,-0.005643200277938637,6,16
8,23,injected_reasoning,0.0,0.0006665723629446638,-0.0006665723629446638,6,16
8,24,benign_puzzle_scaffold,0.07444670404402999,0.06885753653627721,0.005589167507752776,6,16
8,24,final_answer_cue,0.3151335356256534,0.34632053898586984,-0.03118700336021646,6,16
8,24,harmful_instruction,0.0,0.004380401805554489,-0.004380401805554489,6,16
8,24,injected_reasoning,0.0,9.639735856970834e-05,-9.639735856970834e-05,6,16
8,25,benign_puzzle_scaffold,0.3012738835490841,0.31400634179592746,-0.012732458246843381,6,16
8,25,final_answer_cue,0.10688660551008607,0.14029641049930436,-0.03340980498921829,6,16
8,25,harmful_instruction,0.0,0.0009680911593434113,-0.0009680911593434113,6,16
8,25,injected_reasoning,0.0,0.0029166620770550004,-0.0029166620770550004,6,16
8,26,benign_puzzle_scaffold,0.1022850275816875,0.0845551717220328,0.01772985585965471,6,16
8,26,final_answer_cue,0.29818926900416665,0.28680902853029205,0.011380240473874592,6,16
8,26,harmful_instruction,0.0,0.004352823263016755,-0.004352823263016755,6,16
8,26,injected_reasoning,0.0,0.00020479978591072238,-0.00020479978591072238,6,16
8,27,benign_puzzle_scaffold,0.1119531186144711,0.08694207447802839,0.025011044136442714,6,16
8,27,final_answer_cue,0.27175154549618,0.2956504613196739,-0.02389891582349385,6,16
8,27,harmful_instruction,0.0,0.002443102733772888,-0.002443102733772888,6,16
8,27,injected_reasoning,0.0,0.00020860644641681236,-0.00020860644641681236,6,16
8,28,benign_puzzle_scaffold,0.32447326021264705,0.38195741386930565,-0.0574841536566586,6,16
8,28,final_answer_cue,0.32096471181922226,0.3282019244045219,-0.007237212585299635,6,16
8,28,harmful_instruction,0.0,0.0027611918055483377,-0.0027611918055483377,6,16
8,28,injected_reasoning,0.0,0.007089230915679262,-0.007089230915679262,6,16
8,29,benign_puzzle_scaffold,0.1945882799199465,0.18777688771413956,0.006811392205806954,6,16
8,29,final_answer_cue,0.5206062309080236,0.5051221755162443,0.015484055391779328,6,16
8,29,harmful_instruction,0.0,0.006229926410626989,-0.006229926410626989,6,16
8,29,injected_reasoning,0.0,0.00038560301468877807,-0.00038560301468877807,6,16
8,30,benign_puzzle_scaffold,0.02310320774739164,0.022560994679538395,0.0005422130678532436,6,16
8,30,final_answer_cue,0.09365083734984814,0.10937358203929082,-0.01572274468944268,6,16
8,30,harmful_instruction,0.0,0.0003941580036933064,-0.0003941580036933064,6,16
8,30,injected_reasoning,0.0,8.000067439318124e-05,-8.000067439318124e-05,6,16
8,31,benign_puzzle_scaffold,0.07450618803978655,0.06152086815691498,0.01298531988287157,6,16
8,31,final_answer_cue,0.2106834312560455,0.20442203780090773,0.006261393455137765,6,16
8,31,harmful_instruction,0.0,0.006695346395751815,-0.006695346395751815,6,16
8,31,injected_reasoning,0.0,0.0003033601677371753,-0.0003033601677371753,6,16
8,32,benign_puzzle_scaffold,0.06716035794858481,0.06632294125584531,0.0008374166927394983,6,16
8,32,final_answer_cue,0.24195949059317567,0.21721148238316845,0.024748008210007222,6,16
8,32,harmful_instruction,0.0,0.0031374162990125314,-0.0031374162990125314,6,16
8,32,injected_reasoning,0.0,0.00010211570918194262,-0.00010211570918194262,6,16
8,33,benign_puzzle_scaffold,0.09705253162206386,0.08070996291368229,0.016342568708381564,6,16
8,33,final_answer_cue,0.25312895106197913,0.28343292873759074,-0.030303977675611604,6,16
8,33,harmful_instruction,0.0,0.0017791955385367017,-0.0017791955385367017,6,16
8,33,injected_reasoning,0.0,0.00011452945713278639,-0.00011452945713278639,6,16
8,34,benign_puzzle_scaffold,0.041136306139477746,0.04139478618572998,-0.0002584800462522366,6,16
8,34,final_answer_cue,0.12982723810729804,0.11305379137385363,0.016773446733444414,6,16
8,34,harmful_instruction,0.0,0.0024200338106440218,-0.0024200338106440218,6,16
8,34,injected_reasoning,0.0,0.0002310992625055033,-0.0002310992625055033,6,16
8,35,benign_puzzle_scaffold,0.40747940585446024,0.39530187115978954,0.0121775346946707,6,16
8,35,final_answer_cue,0.319187112721751,0.3675306448175083,-0.04834353209575731,6,16
8,35,harmful_instruction,0.0,0.004983696357765735,-0.004983696357765735,6,16
8,35,injected_reasoning,0.0,0.0006937687473867541,-0.0006937687473867541,6,16
8,36,benign_puzzle_scaffold,0.18184156599925175,0.18068153327598002,0.0011600327232717256,6,16
8,36,final_answer_cue,0.09207171993490487,0.12364989242453218,-0.03157817248962731,6,16
8,36,harmful_instruction,0.0,0.0036258640458527065,-0.0036258640458527065,6,16
8,36,injected_reasoning,0.0,0.0019411468260095753,-0.0019411468260095753,6,16
8,37,benign_puzzle_scaffold,0.29600266279251075,0.3007197236370779,-0.004717060844567134,6,16
8,37,final_answer_cue,0.12657504338248696,0.16109846297729935,-0.03452341959481239,6,16
8,37,harmful_instruction,0.0,0.00286847754444724,-0.00286847754444724,6,16
8,37,injected_reasoning,0.0,0.0027835586190936993,-0.0027835586190936993,6,16
8,38,benign_puzzle_scaffold,0.18125470029896662,0.1793401042318008,0.001914596067165819,6,16
8,38,final_answer_cue,0.179499504193862,0.22266426335055162,-0.04316475915668963,6,16
8,38,harmful_instruction,0.0,0.00297724342709772,-0.00297724342709772,6,16
8,38,injected_reasoning,0.0,0.0007818190619283642,-0.0007818190619283642,6,16
8,39,benign_puzzle_scaffold,0.45217254789225586,0.5314621032853516,-0.07928955539309573,6,16
8,39,final_answer_cue,0.09197435675037517,0.12628658502218695,-0.03431222827181178,6,16
8,39,harmful_instruction,0.0,0.002644622890835579,-0.002644622890835579,6,16
8,39,injected_reasoning,0.0,0.012156840627027717,-0.012156840627027717,6,16
9,0,benign_puzzle_scaffold,0.2823738774687323,0.3195425562455,-0.03716867877676766,6,16
9,0,final_answer_cue,0.13143311460238563,0.17920756782329872,-0.04777445322091309,6,16
9,0,harmful_instruction,0.0,0.0016994214193382438,-0.0016994214193382438,6,16
9,0,injected_reasoning,0.0,0.003278174818702538,-0.003278174818702538,6,16
9,1,benign_puzzle_scaffold,0.05647308232938932,0.0544705052195895,0.0020025771097998205,6,16
9,1,final_answer_cue,0.12033070507741478,0.1265832831733542,-0.006252578095939432,6,16
9,1,harmful_instruction,0.0,0.0006290562687022115,-0.0006290562687022115,6,16
9,1,injected_reasoning,0.0,0.0007359030862134925,-0.0007359030862134925,6,16
9,2,benign_puzzle_scaffold,0.22372826136899407,0.33313551211581716,-0.10940725074682309,6,16
9,2,final_answer_cue,0.06077663116919126,0.0692770406455466,-0.008500409476355338,6,16
9,2,harmful_instruction,0.0,0.00109479273831519,-0.00109479273831519,6,16
9,2,injected_reasoning,0.0,0.009805171453212221,-0.009805171453212221,6,16
9,3,benign_puzzle_scaffold,0.2518618221635469,0.2532248613499911,-0.0013630391864442037,6,16
9,3,final_answer_cue,0.12356862076149931,0.15518529537597206,-0.03161667461447275,6,16
9,3,harmful_instruction,0.0,0.0009536068888448214,-0.0009536068888448214,6,16
9,3,injected_reasoning,0.0,0.0034413500456716823,-0.0034413500456716823,6,16
9,4,benign_puzzle_scaffold,0.19043113877426643,0.21042693279601532,-0.01999579402174889,6,16
9,4,final_answer_cue,0.1576999096137189,0.175617447151043,-0.017917537537324085,6,16
9,4,harmful_instruction,0.0,0.0018156945912983697,-0.0018156945912983697,6,16
9,4,injected_reasoning,0.0,0.0025183645666568963,-0.0025183645666568963,6,16
9,5,benign_puzzle_scaffold,0.0684866210157405,0.07462020103985124,-0.006133580024110741,6,16
9,5,final_answer_cue,0.3217290451207206,0.33481207315311406,-0.013083028032393473,6,16
9,5,harmful_instruction,0.0,0.007154243636646306,-0.007154243636646306,6,16
9,5,injected_reasoning,0.0,0.0002489316728364055,-0.0002489316728364055,6,16
9,6,benign_puzzle_scaffold,0.0766324440080683,0.07455049697444516,0.0020819470336231466,6,16
9,6,final_answer_cue,0.3723451137603329,0.4232618667294431,-0.05091675296911019,6,16
9,6,harmful_instruction,0.0,0.006238752274932803,-0.006238752274932803,6,16
9,6,injected_reasoning,0.0,0.0002679245495368838,-0.0002679245495368838,6,16
9,7,benign_puzzle_scaffold,0.23915884343434882,0.21465845895509023,0.02450038447925859,6,16
9,7,final_answer_cue,0.5017201048263195,0.5138177417264742,-0.012097636900154751,6,16
9,7,harmful_instruction,0.0,0.007299818896037414,-0.007299818896037414,6,16
9,7,injected_reasoning,0.0,0.0009898036312221794,-0.0009898036312221794,6,16
9,8,benign_puzzle_scaffold,0.23335838419656027,0.19590495412553713,0.03745343007102314,6,16
9,8,final_answer_cue,0.49750872388775136,0.5509844236970565,-0.05347569980930511,6,16
9,8,harmful_instruction,0.0,0.007169646998196482,-0.007169646998196482,6,16
9,8,injected_reasoning,0.0,0.0003034631890155566,-0.0003034631890155566,6,16
9,9,benign_puzzle_scaffold,0.23449895207760774,0.22007665105579272,0.01442230102181502,6,16
9,9,final_answer_cue,0.35192807216285577,0.42730192451945037,-0.0753738523565946,6,16
9,9,harmful_instruction,0.0,0.005459464399990325,-0.005459464399990325,6,16
9,9,injected_reasoning,0.0,0.000654681535847038,-0.000654681535847038,6,16
9,10,benign_puzzle_scaffold,0.07342431001468333,0.06017861469502195,0.013245695319661382,6,16
9,10,final_answer_cue,0.34332574535397814,0.3590542713566033,-0.015728526002625143,6,16
9,10,harmful_instruction,0.0,0.0038619570274995288,-0.0038619570274995288,6,16
9,10,injected_reasoning,0.0,0.00022683796516197847,-0.00022683796516197847,6,16
9,11,benign_puzzle_scaffold,0.377125667181678,0.29552415097623574,0.08160151620544226,6,16
9,11,final_answer_cue,0.272711621349018,0.3680899617318001,-0.09537834038278209,6,16
9,11,harmful_instruction,0.0,0.0020877528205122285,-0.0020877528205122285,6,16
9,11,injected_reasoning,0.0,0.001693214446378549,-0.001693214446378549,6,16
9,12,benign_puzzle_scaffold,0.046225586821192606,0.03261554362360287,0.013610043197589738,6,16
9,12,final_answer_cue,0.29855302903710407,0.2967819468551055,0.0017710821819985623,6,16
9,12,harmful_instruction,0.0,0.0026765039698798095,-0.0026765039698798095,6,16
9,12,injected_reasoning,0.0,0.00013060597960573692,-0.00013060597960573692,6,16
9,13,benign_puzzle_scaffold,0.05364690191526957,0.03725777689379364,0.01638912502147593,6,16
9,13,final_answer_cue,0.18946646944869225,0.19310039616416114,-0.003633926715468888,6,16
9,13,harmful_instruction,0.0,0.0013295041546593253,-0.0013295041546593253,6,16
9,13,injected_reasoning,0.0,0.00010193892126290308,-0.00010193892126290308,6,16
9,14,benign_puzzle_scaffold,0.04396414717765076,0.03555191325392801,0.00841223392372275,6,16
9,14,final_answer_cue,0.21995513153538895,0.24583100173759476,-0.025875870202205803,6,16
9,14,harmful_instruction,0.0,0.001308632194716609,-0.001308632194716609,6,16
9,14,injected_reasoning,0.0,0.0001877808114529711,-0.0001877808114529711,6,16
9,15,benign_puzzle_scaffold,0.03848836380097318,0.03444343433314656,0.00404492946782662,6,16
9,15,final_answer_cue,0.09978151810363822,0.125565859304715,-0.025784341201076783,6,16
9,15,harmful_instruction,0.0,0.00048281583781852283,-0.00048281583781852283,6,16
9,15,injected_reasoning,0.0,8.899575635481658e-05,-8.899575635481658e-05,6,16
9,16,benign_puzzle_scaffold,0.0842822813238831,0.08313943524805581,0.0011428460758272918,6,16
9,16,final_answer_cue,0.40551350645803635,0.4268391209845526,-0.021325614526516268,6,16
9,16,harmful_instruction,0.0,0.0044005414903705055,-0.0044005414903705055,6,16
9,16,injected_reasoning,0.0,0.0002658691789931111,-0.0002658691789931111,6,16
9,17,benign_puzzle_scaffold,0.20312818083709658,0.19745776181354668,0.005670419023549894,6,16
9,17,final_answer_cue,0.46387866900990776,0.4725145375540437,-0.00863586854413595,6,16
9,17,harmful_instruction,0.0,0.005538980685573801,-0.005538980685573801,6,16
9,17,injected_reasoning,0.0,0.000579903919440252,-0.000579903919440252,6,16
9,18,benign_puzzle_scaffold,0.06671694641078718,0.06940216655465964,-0.0026852201438724577,6,16
9,18,final_answer_cue,0.43420536067210813,0.41424185633347244,0.019963504338635696,6,16
9,18,harmful_instruction,0.0,0.006624166637381389,-0.006624166637381389,6,16
9,18,injected_reasoning,0.0,0.00022243387619345526,-0.00022243387619345526,6,16
9,19,benign_puzzle_scaffold,0.1268169979888958,0.1102610117732443,0.01655598621565152,6,16
9,19,final_answer_cue,0.4466043501571657,0.4925252447263419,-0.045920894569176196,6,16
9,19,harmful_instruction,0.0,0.00694181499825482,-0.00694181499825482,6,16
9,19,injected_reasoning,0.0,0.0002333148337421149,-0.0002333148337421149,6,16
9,20,benign_puzzle_scaffold,0.16916722790728644,0.14246346098265417,0.026703766924632277,6,16
9,20,final_answer_cue,0.21503356518975322,0.24564476947698605,-0.030611204287232824,6,16
9,20,harmful_instruction,0.0,0.002671520822913661,-0.002671520822913661,6,16
9,20,injected_reasoning,0.0,0.0006727467935397751,-0.0006727467935397751,6,16
9,21,benign_puzzle_scaffold,0.06454986784982272,0.058275025897881395,0.006274841951941328,6,16
9,21,final_answer_cue,0.30298961821429926,0.2671265506438564,0.035863067570442886,6,16
9,21,harmful_instruction,0.0,0.0034172427476197396,-0.0034172427476197396,6,16
9,21,injected_reasoning,0.0,0.00020750530652067318,-0.00020750530652067318,6,16
9,22,benign_puzzle_scaffold,0.1611288721808908,0.1414389670071612,0.01968990517372962,6,16
9,22,final_answer_cue,0.24481827434187972,0.31997978819291856,-0.07516151385103884,6,16
9,22,harmful_instruction,0.0,0.0017328744120107746,-0.0017328744120107746,6,16
9,22,injected_reasoning,0.0,0.0010692354683630584,-0.0010692354683630584,6,16
9,23,benign_puzzle_scaffold,0.040749246281856936,0.04322296967596183,-0.0024737233941048917,6,16
9,23,final_answer_cue,0.05195321366199096,0.06446814139855195,-0.012514927736560988,6,16
9,23,harmful_instruction,0.0,0.0009907373035877632,-0.0009907373035877632,6,16
9,23,injected_reasoning,0.0,0.00030246529370011677,-0.00030246529370011677,6,16
9,24,benign_puzzle_scaffold,0.509935993394477,0.5565083400711761,-0.04657234667669907,6,16
9,24,final_answer_cue,0.1312179049290148,0.18588676389298125,-0.05466885896396645,6,16
9,24,harmful_instruction,0.0,0.0021919920350256744,-0.0021919920350256744,6,16
9,24,injected_reasoning,0.0,0.006350041329092894,-0.006350041329092894,6,16
9,25,benign_puzzle_scaffold,0.06831873657173287,0.05642849328726947,0.011890243284463406,6,16
9,25,final_answer_cue,0.41458019881510294,0.4172073294623085,-0.0026271306472055445,6,16
9,25,harmful_instruction,0.0,0.005307135775552118,-0.005307135775552118,6,16
9,25,injected_reasoning,0.0,0.00020179464502861097,-0.00020179464502861097,6,16
9,26,benign_puzzle_scaffold,0.14371754634918513,0.12901113791754076,0.014706408431644363,6,16
9,26,final_answer_cue,0.6535646907871678,0.6774631480620921,-0.023898457274924234,6,16
9,26,harmful_instruction,0.0,0.010042454173513222,-0.010042454173513222,6,16
9,26,injected_reasoning,0.0,0.0003234825643419887,-0.0003234825643419887,6,16
9,27,benign_puzzle_scaffold,0.051084422758372626,0.02946205139427715,0.021622371364095477,6,16
9,27,final_answer_cue,0.5591605199263617,0.5209163376486348,0.03824418227772697,6,16
9,27,harmful_instruction,0.0,0.0061896592306789075,-0.0061896592306789075,6,16
9,27,injected_reasoning,0.0,4.5809719726550854e-05,-4.5809719726550854e-05,6,16
9,28,benign_puzzle_scaffold,0.048392494128501405,0.0316476604552894,0.016744833673212008,6,16
9,28,final_answer_cue,0.31793608286673775,0.34475683661904416,-0.026820753752306414,6,16
9,28,harmful_instruction,0.0,0.005151742364399239,-0.005151742364399239,6,16
9,28,injected_reasoning,0.0,0.00012695051167410494,-0.00012695051167410494,6,16
9,29,benign_puzzle_scaffold,0.02529429844422081,0.026153287099053468,-0.0008589886548326583,6,16
9,29,final_answer_cue,0.3238313717229818,0.3330445950826498,-0.009213223359667955,6,16
9,29,harmful_instruction,0.0,0.004859055329315444,-0.004859055329315444,6,16
9,29,injected_reasoning,0.0,0.0002031611934442734,-0.0002031611934442734,6,16
9,30,benign_puzzle_scaffold,0.05833951456120227,0.057613988133553215,0.0007255264276490522,6,16
9,30,final_answer_cue,0.1316712911975072,0.14177585280213983,-0.010104561604632634,6,16
9,30,harmful_instruction,0.0,0.0015277931154620917,-0.0015277931154620917,6,16
9,30,injected_reasoning,0.0,0.00033969524306870345,-0.00033969524306870345,6,16
9,31,benign_puzzle_scaffold,0.023983526975160735,0.029115405623044793,-0.005131878647884058,6,16
9,31,final_answer_cue,0.00702675824636606,0.015126358230082407,-0.008099599983716347,6,16
9,31,harmful_instruction,0.0,1.0641272037323754e-05,-1.0641272037323754e-05,6,16
9,31,injected_reasoning,0.0,0.00016997103852093253,-0.00016997103852093253,6,16
9,32,benign_puzzle_scaffold,0.10294366562234429,0.1360261896879894,-0.033082524065645116,6,16
9,32,final_answer_cue,0.005607235566679595,0.014698143941677455,-0.00909090837499786,6,16
9,32,harmful_instruction,0.0,6.85138714635608e-05,-6.85138714635608e-05,6,16
9,32,injected_reasoning,0.0,0.004020691996129672,-0.004020691996129672,6,16
9,33,benign_puzzle_scaffold,0.07443333397563047,0.08524746298220563,-0.010814129006575163,6,16
9,33,final_answer_cue,0.15027102471895984,0.1797115553485255,-0.02944053062956567,6,16
9,33,harmful_instruction,0.0,0.0014339960843645695,-0.0014339960843645695,6,16
9,33,injected_reasoning,0.0,0.0012503838447924258,-0.0012503838447924258,6,16
9,34,benign_puzzle_scaffold,0.1131631837799048,0.14270828879476544,-0.029545105014860643,6,16
9,34,final_answer_cue,0.058671656976015944,0.08733405933799387,-0.02866240236197793,6,16
9,34,harmful_instruction,0.0,0.0004241407314313693,-0.0004241407314313693,6,16
9,34,injected_reasoning,0.0,0.0020727372313245227,-0.0020727372313245227,6,16
9,35,benign_puzzle_scaffold,0.03383318303355965,0.04375152175322318,-0.009918338719663529,6,16
9,35,final_answer_cue,0.008644779199779662,0.010776108541985964,-0.0021313293422063027,6,16
9,35,harmful_instruction,0.0,0.0001416258816959942,-0.0001416258816959942,6,16
9,35,injected_reasoning,0.0,0.0006777940511038176,-0.0006777940511038176,6,16
9,36,benign_puzzle_scaffold,0.034658146221684796,0.01691090002176542,0.017747246199919377,6,16
9,36,final_answer_cue,0.02129018179125201,0.04066235390107066,-0.01937217210981865,6,16
9,36,harmful_instruction,0.0,6.602058980689456e-05,-6.602058980689456e-05,6,16
9,36,injected_reasoning,0.0,5.14323344588863e-05,-5.14323344588863e-05,6,16
9,37,benign_puzzle_scaffold,0.045437204598236636,0.0444817244519477,0.000955480146288934,6,16
9,37,final_answer_cue,0.011202491079930566,0.011700652694570674,-0.0004981616146401083,6,16
9,37,harmful_instruction,0.0,0.00028026048250873523,-0.00028026048250873523,6,16
9,37,injected_reasoning,0.0,0.0007538871487544767,-0.0007538871487544767,6,16
9,38,benign_puzzle_scaffold,0.017775407367477424,0.029673549102194108,-0.011898141734716684,6,16
9,38,final_answer_cue,0.0049807247436536965,0.005816552989727181,-0.0008358282460734848,6,16
9,38,harmful_instruction,0.0,2.28466373711398e-05,-2.28466373711398e-05,6,16
9,38,injected_reasoning,0.0,0.00011561190594441348,-0.00011561190594441348,6,16
9,39,benign_puzzle_scaffold,0.0032568286330689755,0.0014868090729839504,0.001770019560085025,6,16
9,39,final_answer_cue,0.038861054242770025,0.03918858543988095,-0.00032753119711092377,6,16
9,39,harmful_instruction,0.0,7.593589658447642e-06,-7.593589658447642e-06,6,16
9,39,injected_reasoning,0.0,5.816134454356727e-06,-5.816134454356727e-06,6,16
10,0,benign_puzzle_scaffold,0.047828724957910344,0.043975723360315605,0.0038530015975947393,6,16
10,0,final_answer_cue,0.0935922230833794,0.10946734914151748,-0.01587512605813808,6,16
10,0,harmful_instruction,0.0,0.0015541881892400765,-0.0015541881892400765,6,16
10,0,injected_reasoning,0.0,8.913785282838321e-05,-8.913785282838321e-05,6,16
10,1,benign_puzzle_scaffold,0.10886249814283833,0.09617477687406253,0.012687721268775792,6,16
10,1,final_answer_cue,0.1037631882307805,0.13465790823815574,-0.03089472000737524,6,16
10,1,harmful_instruction,0.0,0.0011079251509400223,-0.0011079251509400223,6,16
10,1,injected_reasoning,0.0,0.00022783059004789693,-0.00022783059004789693,6,16
10,2,benign_puzzle_scaffold,0.028128118491606322,0.021921393814130254,0.006206724677476069,6,16
10,2,final_answer_cue,0.021531462789095984,0.018804342062951528,0.0027271207261444566,6,16
10,2,harmful_instruction,0.0,0.0002825317616656934,-0.0002825317616656934,6,16
10,2,injected_reasoning,0.0,5.780071749457865e-05,-5.780071749457865e-05,6,16
10,3,benign_puzzle_scaffold,0.09550217637671059,0.09979111668162198,-0.004288940304911393,6,16
10,3,final_answer_cue,0.35181118332244504,0.3375782679775662,0.01423291534487886,6,16
10,3,harmful_instruction,0.0,0.005781416486177921,-0.005781416486177921,6,16
10,3,injected_reasoning,0.0,0.00014673962778923133,-0.00014673962778923133,6,16
10,4,benign_puzzle_scaffold,0.017964002752199695,0.022595174754450394,-0.004631172002250699,6,16
10,4,final_answer_cue,0.02256675286088455,0.03547216541832125,-0.012905412557436702,6,16
10,4,harmful_instruction,0.0,0.00014332599543890082,-0.00014332599543890082,6,16
10,4,injected_reasoning,0.0,2.1213408013874262e-05,-2.1213408013874262e-05,6,16
10,5,benign_puzzle_scaffold,0.08816303098955293,0.05706590171443417,0.031097129275118762,6,16
10,5,final_answer_cue,0.08195339057274571,0.09794411149544893,-0.01599072092270322,6,16
10,5,harmful_instruction,0.0,0.001351691571844181,-0.001351691571844181,6,16
10,5,injected_reasoning,0.0,0.0004978891804845953,-0.0004978891804845953,6,16
10,6,benign_puzzle_scaffold,0.36947903074926575,0.36515318803226565,0.004325842717000095,6,16
10,6,final_answer_cue,0.10638179114913165,0.16602431960673308,-0.05964252845760143,6,16
10,6,harmful_instruction,0.0,0.0019641442934346517,-0.0019641442934346517,6,16
10,6,injected_reasoning,0.0,0.002714963718617112,-0.002714963718617112,6,16
10,7,benign_puzzle_scaffold,0.2107187728382747,0.2211295630212324,-0.010410790182957708,6,16
10,7,final_answer_cue,0.04302265314989259,0.0832759739500433,-0.040253320800150705,6,16
10,7,harmful_instruction,0.0,0.0004328950788738663,-0.0004328950788738663,6,16
10,7,injected_reasoning,0.0,0.001581233137907285,-0.001581233137907285,6,16
10,8,benign_puzzle_scaffold,0.39247982658505,0.3393011661039629,0.0531786604810871,6,16
10,8,final_answer_cue,0.09514068216617744,0.13437353382835893,-0.03923285166218149,6,16
10,8,harmful_instruction,0.0,0.0015146201077645678,-0.0015146201077645678,6,16
10,8,injected_reasoning,0.0,0.002601045181191212,-0.002601045181191212,6,16
10,9,benign_puzzle_scaffold,0.10827075338233007,0.10733849318512345,0.0009322601972066163,6,16
10,9,final_answer_cue,0.030214380299029564,0.04292569227786698,-0.012711311978837417,6,16
10,9,harmful_instruction,0.0,0.0009447005290366852,-0.0009447005290366852,6,16
10,9,injected_reasoning,0.0,0.0020783943426920916,-0.0020783943426920916,6,16
10,10,benign_puzzle_scaffold,0.14441729891145053,0.13801952383270266,0.006397775078747864,6,16
10,10,final_answer_cue,0.44228533273452264,0.4588961943607222,-0.01661086162619957,6,16
10,10,harmful_instruction,0.0,0.007975464489671447,-0.007975464489671447,6,16
10,10,injected_reasoning,0.0,0.00030650755072491817,-0.00030650755072491817,6,16
10,11,benign_puzzle_scaffold,0.11717330169700846,0.09800318031751498,0.019170121379493477,6,16
10,11,final_answer_cue,0.4286588263851523,0.44332622055222953,-0.014667394167077241,6,16
10,11,harmful_instruction,0.0,0.007231098072981189,-0.007231098072981189,6,16
10,11,injected_reasoning,0.0,0.00020882124543180488,-0.00020882124543180488,6,16
10,12,benign_puzzle_scaffold,0.13105936992694245,0.11559800327207827,0.015461366654864181,6,16
10,12,final_answer_cue,0.40356763833781434,0.43244060102466564,-0.0288729626868513,6,16
10,12,harmful_instruction,0.0,0.0072508622489953975,-0.0072508622489953975,6,16
10,12,injected_reasoning,0.0,0.00022651677877674357,-0.00022651677877674357,6,16
10,13,benign_puzzle_scaffold,0.0986507270409927,0.09725855620642945,0.00139217083456325,6,16
10,13,final_answer_cue,0.3971989797004509,0.41084497268529585,-0.013645992984844924,6,16
10,13,harmful_instruction,0.0,0.00525164000795679,-0.00525164000795679,6,16
10,13,injected_reasoning,0.0,0.0002587665230786182,-0.0002587665230786182,6,16
10,14,benign_puzzle_scaffold,0.12481431831281009,0.11417965999056984,0.010634658322240254,6,16
10,14,final_answer_cue,0.4273376054318425,0.44993531571023493,-0.022597710278392413,6,16
10,14,harmful_instruction,0.0,0.005697805239461029,-0.005697805239461029,6,16
10,14,injected_reasoning,0.0,0.0003417107964771332,-0.0003417107964771332,6,16
10,15,benign_puzzle_scaffold,0.19889945977279788,0.17358622018593894,0.025313239586858938,6,16
10,15,final_answer_cue,0.3057392457788359,0.2985390625396054,0.007200183239230495,6,16
10,15,harmful_instruction,0.0,0.0060061241539901816,-0.0060061241539901816,6,16
10,15,injected_reasoning,0.0,0.0011526117923300351,-0.0011526117923300351,6,16
10,16,benign_puzzle_scaffold,0.3628121464679102,0.2887051992549705,0.0741069472129397,6,16
10,16,final_answer_cue,0.11805367912916959,0.16007252317855108,-0.0420188440493815,6,16
10,16,harmful_instruction,0.0,0.0012723614681695286,-0.0012723614681695286,6,16
10,16,injected_reasoning,0.0,0.0033052003873261784,-0.0033052003873261784,6,16
10,17,benign_puzzle_scaffold,0.16826061637814024,0.1360756424415953,0.03218497393654493,6,16
10,17,final_answer_cue,0.05314471343096727,0.05515154558779144,-0.002006832156824165,6,16
10,17,harmful_instruction,0.0,0.00018308377161624693,-0.00018308377161624693,6,16
10,17,injected_reasoning,0.0,0.0011489360819661996,-0.0011489360819661996,6,16
10,18,benign_puzzle_scaffold,0.07042308388188574,0.05247372279949229,0.01794936108239345,6,16
10,18,final_answer_cue,0.08086452781730823,0.06408104122560322,0.016783486591705005,6,16
10,18,harmful_instruction,0.0,0.00186960624241533,-0.00186960624241533,6,16
10,18,injected_reasoning,0.0,0.00035955526836274935,-0.00035955526836274935,6,16
10,19,benign_puzzle_scaffold,0.2695345239441868,0.26065105658333776,0.008883467360849051,6,16
10,19,final_answer_cue,0.6525547112938473,0.661120866704274,-0.008566155410426601,6,16
10,19,harmful_instruction,0.0,0.008693815415632909,-0.008693815415632909,6,16
10,19,injected_reasoning,0.0,0.0006483258310422792,-0.0006483258310422792,6,16
10,20,benign_puzzle_scaffold,0.14862366379489664,0.10850897366706619,0.04011469012783045,6,16
10,20,final_answer_cue,0.38557241855278407,0.4006346693638904,-0.015062250811106348,6,16
10,20,harmful_instruction,0.0,0.006615738859983572,-0.006615738859983572,6,16
10,20,injected_reasoning,0.0,0.0001643381965630223,-0.0001643381965630223,6,16
10,21,benign_puzzle_scaffold,0.09922677189394596,0.08708888661620075,0.012137885277745217,6,16
10,21,final_answer_cue,0.17353969560472424,0.253982384553913,-0.08044268894918874,6,16
10,21,harmful_instruction,0.0,0.0021839985781165255,-0.0021839985781165255,6,16
10,21,injected_reasoning,0.0,0.0002560584516870072,-0.0002560584516870072,6,16
10,22,benign_puzzle_scaffold,0.26996176501723895,0.23837837958742303,0.031583385429815924,6,16
10,22,final_answer_cue,0.25724834824547765,0.3523101076875678,-0.09506175944209017,6,16
10,22,harmful_instruction,0.0,0.0045207200538479875,-0.0045207200538479875,6,16
10,22,injected_reasoning,0.0,0.0007470962122949466,-0.0007470962122949466,6,16
10,23,benign_puzzle_scaffold,0.42366807130305123,0.4257323695194035,-0.0020642982163522894,6,16
10,23,final_answer_cue,0.12121427917319738,0.19510021229454969,-0.0738859331213523,6,16
10,23,harmful_instruction,0.0,0.0016284767099470823,-0.0016284767099470823,6,16
10,23,injected_reasoning,0.0,0.0046998104889505515,-0.0046998104889505515,6,16
10,24,benign_puzzle_scaffold,0.15366812656802117,0.11429256135931012,0.03937556520871105,6,16
10,24,final_answer_cue,0.3421534191618349,0.3929750216516182,-0.05082160248978329,6,16
10,24,harmful_instruction,0.0,0.007150522675916561,-0.007150522675916561,6,16
10,24,injected_reasoning,0.0,0.00039896810730859135,-0.00039896810730859135,6,16
10,25,benign_puzzle_scaffold,0.09967153811737982,0.0901649510262907,0.00950658709108912,6,16
10,25,final_answer_cue,0.31440024357174884,0.34993445732905476,-0.03553421375730592,6,16
10,25,harmful_instruction,0.0,0.004784820688221925,-0.004784820688221925,6,16
10,25,injected_reasoning,0.0,9.138581608586176e-05,-9.138581608586176e-05,6,16
10,26,benign_puzzle_scaffold,0.06988471512419943,0.0574883750918138,0.012396340032385628,6,16
10,26,final_answer_cue,0.3570755339790088,0.3473164622956224,0.009759071683386411,6,16
10,26,harmful_instruction,0.0,0.0062369621202802514,-0.0062369621202802514,6,16
10,26,injected_reasoning,0.0,6.764386547894912e-05,-6.764386547894912e-05,6,16
10,27,benign_puzzle_scaffold,0.10908035796671711,0.09338974178019442,0.01569061618652269,6,16
10,27,final_answer_cue,0.35046436845036594,0.3623906533618727,-0.011926284911506768,6,16
10,27,harmful_instruction,0.0,0.005848965562438212,-0.005848965562438212,6,16
10,27,injected_reasoning,0.0,7.505760213287135e-05,-7.505760213287135e-05,6,16
10,28,benign_puzzle_scaffold,0.06960408947213521,0.07089451544552723,-0.0012904259733920176,6,16
10,28,final_answer_cue,0.24393053218153518,0.2606870716740966,-0.016756539492561423,6,16
10,28,harmful_instruction,0.0,0.002378335706738717,-0.002378335706738717,6,16
10,28,injected_reasoning,0.0,6.32435169050028e-05,-6.32435169050028e-05,6,16
10,29,benign_puzzle_scaffold,0.06101597466751124,0.05200473425072473,0.009011240416786512,6,16
10,29,final_answer_cue,0.22425903147665727,0.22345315398956345,0.0008058774870938201,6,16
10,29,harmful_instruction,0.0,0.003235610235955813,-0.003235610235955813,6,16
10,29,injected_reasoning,0.0,6.97840858408466e-05,-6.97840858408466e-05,6,16
10,30,benign_puzzle_scaffold,0.08765677994794586,0.0711046682060023,0.01655211174194357,6,16
10,30,final_answer_cue,0.278930540422952,0.2998928839842958,-0.0209623435613438,6,16
10,30,harmful_instruction,0.0,0.005347549257710963,-0.005347549257710963,6,16
10,30,injected_reasoning,0.0,0.00029935444002081204,-0.00029935444002081204,6,16
10,31,benign_puzzle_scaffold,0.13764257261101684,0.11960560014873545,0.018036972462281392,6,16
10,31,final_answer_cue,0.3039579456651034,0.34019990758120056,-0.03624196191609713,6,16
10,31,harmful_instruction,0.0,0.005299419422419909,-0.005299419422419909,6,16
10,31,injected_reasoning,0.0,0.0008484801851981419,-0.0008484801851981419,6,16
10,32,benign_puzzle_scaffold,0.19654251990075458,0.16065442064565494,0.03588809925509964,6,16
10,32,final_answer_cue,0.5413711873045983,0.6081954390403346,-0.06682425173573625,6,16
10,32,harmful_instruction,0.0,0.009027823481040092,-0.009027823481040092,6,16
10,32,injected_reasoning,0.0,0.002452040370608843,-0.002452040370608843,6,16
10,33,benign_puzzle_scaffold,0.4609695645154536,0.39384806014425566,0.06712150437119796,6,16
10,33,final_answer_cue,0.47227442405133485,0.5592168212708111,-0.08694239721947622,6,16
10,33,harmful_instruction,0.0,0.007932105729077257,-0.007932105729077257,6,16
10,33,injected_reasoning,0.0,0.003308641226055978,-0.003308641226055978,6,16
10,34,benign_puzzle_scaffold,0.08284064159649346,0.060795355023285876,0.022045286573207583,6,16
10,34,final_answer_cue,0.346522694874645,0.33565858481838445,0.010864110056260534,6,16
10,34,harmful_instruction,0.0,0.0035127775298940795,-0.0035127775298940795,6,16
10,34,injected_reasoning,0.0,0.00020002249110339504,-0.00020002249110339504,6,16
10,35,benign_puzzle_scaffold,0.13152959274785925,0.0784243784155896,0.053105214332269654,6,16
10,35,final_answer_cue,0.7214251303409834,0.7636975315736865,-0.04227240123270304,6,16
10,35,harmful_instruction,0.0,0.008454912299851342,-0.008454912299851342,6,16
10,35,injected_reasoning,0.0,0.00010032093083357371,-0.00010032093083357371,6,16
10,36,benign_puzzle_scaffold,0.03634755909515105,0.03166234499537761,0.0046852140997734396,6,16
10,36,final_answer_cue,0.2683751219904909,0.2828742360285294,-0.014499114038038496,6,16
10,36,harmful_instruction,0.0,0.004617598141186232,-0.004617598141186232,6,16
10,36,injected_reasoning,0.0,5.549237327892193e-05,-5.549237327892193e-05,6,16
10,37,benign_puzzle_scaffold,0.0840138527327794,0.07663364045418156,0.00738021227859785,6,16
10,37,final_answer_cue,0.5306891400693384,0.5290004836523272,0.001688656417011214,6,16
10,37,harmful_instruction,0.0,0.006829302817969828,-0.006829302817969828,6,16
10,37,injected_reasoning,0.0,0.00017386437311935779,-0.00017386437311935779,6,16
10,38,benign_puzzle_scaffold,0.18426937464598783,0.14793975177757396,0.036329622868413874,6,16
10,38,final_answer_cue,0.22107002627460712,0.26929435965909887,-0.04822433338449175,6,16
10,38,harmful_instruction,0.0,0.0032789381113722815,-0.0032789381113722815,6,16
10,38,injected_reasoning,0.0,0.00040480433461181106,-0.00040480433461181106,6,16
10,39,benign_puzzle_scaffold,0.10016882007597194,0.06096095505584635,0.03920786502012559,6,16
10,39,final_answer_cue,0.528305782759051,0.5273698636991522,0.0009359190598988709,6,16
10,39,harmful_instruction,0.0,0.008691899798118297,-0.008691899798118297,6,16
10,39,injected_reasoning,0.0,0.00014263201124239833,-0.00014263201124239833,6,16
11,0,benign_puzzle_scaffold,0.28345571039854695,0.29271079915247766,-0.009255088753930718,6,16
11,0,final_answer_cue,0.4381724940196576,0.45284762818946267,-0.014675134169805093,6,16
11,0,harmful_instruction,0.0,0.00663124076266383,-0.00663124076266383,6,16
11,0,injected_reasoning,0.0,0.0019269133447744752,-0.0019269133447744752,6,16
11,1,benign_puzzle_scaffold,0.1373308128871096,0.12935450321474457,0.00797630967236504,6,16
11,1,final_answer_cue,0.41771190293411853,0.46454977934382946,-0.04683787640971093,6,16
11,1,harmful_instruction,0.0,0.004540776999735291,-0.004540776999735291,6,16
11,1,injected_reasoning,0.0,0.0012143706411799722,-0.0012143706411799722,6,16
11,2,benign_puzzle_scaffold,0.10582538429995468,0.08552502193497073,0.020300362364983948,6,16
11,2,final_answer_cue,0.37370287313149103,0.4061017330319605,-0.03239885990046948,6,16
11,2,harmful_instruction,0.0,0.007075982662008843,-0.007075982662008843,6,16
11,2,injected_reasoning,0.0,0.0006929035961241795,-0.0006929035961241795,6,16
11,3,benign_puzzle_scaffold,0.11906031449463765,0.08318023797889079,0.03588007651574686,6,16
11,3,final_answer_cue,0.5762190746098677,0.5896836549434971,-0.013464580333629406,6,16
11,3,harmful_instruction,0.0,0.008645926247017198,-0.008645926247017198,6,16
11,3,injected_reasoning,0.0,0.0006740732698528548,-0.0006740732698528548,6,16
11,4,benign_puzzle_scaffold,0.13564828611405538,0.12468959195213877,0.01095869416191661,6,16
11,4,final_answer_cue,0.41810163487928237,0.5253026601213241,-0.10720102524204173,6,16
11,4,harmful_instruction,0.0,0.006311092140154675,-0.006311092140154675,6,16
11,4,injected_reasoning,0.0,0.0006955358004219667,-0.0006955358004219667,6,16
11,5,benign_puzzle_scaffold,0.18983028922957432,0.16371728353203432,0.026113005697539993,6,16
11,5,final_answer_cue,0.5959637471243022,0.6090541950461341,-0.013090447921831894,6,16
11,5,harmful_instruction,0.0,0.008022456740323494,-0.008022456740323494,6,16
11,5,injected_reasoning,0.0,0.0006056226822964771,-0.0006056226822964771,6,16
11,6,benign_puzzle_scaffold,0.09580002244490853,0.07237793727864458,0.023422085166263942,6,16
11,6,final_answer_cue,0.3976578153314477,0.4002943228198478,-0.0026365074884001083,6,16
11,6,harmful_instruction,0.0,0.007597290922163417,-0.007597290922163417,6,16
11,6,injected_reasoning,0.0,0.00022001371534466574,-0.00022001371534466574,6,16
11,7,benign_puzzle_scaffold,0.4704641468940301,0.49059172531814743,-0.02012757842411733,6,16
11,7,final_answer_cue,0.076451978519947,0.11197030253543427,-0.03551832401548727,6,16
11,7,harmful_instruction,0.0,0.000955458089281312,-0.000955458089281312,6,16
11,7,injected_reasoning,0.0,0.0036003768984618784,-0.0036003768984618784,6,16
11,8,benign_puzzle_scaffold,0.209287017958417,0.22182286226723152,-0.01253584430881452,6,16
11,8,final_answer_cue,0.10283347232828809,0.13346524515269276,-0.03063177282440467,6,16
11,8,harmful_instruction,0.0,0.004359730454661922,-0.004359730454661922,6,16
11,8,injected_reasoning,0.0,0.000599327945998806,-0.000599327945998806,6,16
11,9,benign_puzzle_scaffold,0.5494767404401006,0.5432945918281935,0.0061821486119071345,6,16
11,9,final_answer_cue,0.20459513198432253,0.287486023371349,-0.08289089138702646,6,16
11,9,harmful_instruction,0.0,0.0051211046006890745,-0.0051211046006890745,6,16
11,9,injected_reasoning,0.0,0.0038635979630625393,-0.0038635979630625393,6,16
11,10,benign_puzzle_scaffold,0.24157507085894003,0.26609014057178026,-0.02451506971284023,6,16
11,10,final_answer_cue,0.27577360404159706,0.2920126247806198,-0.016239020739022725,6,16
11,10,harmful_instruction,0.0,0.005196537935836475,-0.005196537935836475,6,16
11,10,injected_reasoning,0.0,0.004289459806606066,-0.004289459806606066,6,16
11,11,benign_puzzle_scaffold,0.08473264123651403,0.06457307450115468,0.020159566735359347,6,16
11,11,final_answer_cue,0.302536880367056,0.3030188635085825,-0.00048198314152647637,6,16
11,11,harmful_instruction,0.0,0.0027526090573066412,-0.0027526090573066412,6,16
11,11,injected_reasoning,0.0,0.0007578489223774385,-0.0007578489223774385,6,16
11,12,benign_puzzle_scaffold,0.10738930733926022,0.10296255854617743,0.004426748793082788,6,16
11,12,final_answer_cue,0.3871399908575228,0.4082660040443137,-0.02112601318679086,6,16
11,12,harmful_instruction,0.0,0.004753319723498031,-0.004753319723498031,6,16
11,12,injected_reasoning,0.0,0.0012789968419898612,-0.0012789968419898612,6,16
11,13,benign_puzzle_scaffold,0.40033515839767125,0.38395191026776576,0.016383248129905492,6,16
11,13,final_answer_cue,0.4588365945902699,0.5045247884748087,-0.045688193884538875,6,16
11,13,harmful_instruction,0.0,0.006649868407368916,-0.006649868407368916,6,16
11,13,injected_reasoning,0.0,0.0029629335912150037,-0.0029629335912150037,6,16
11,14,benign_puzzle_scaffold,0.5320573940382748,0.5832305155195787,-0.05117312148130393,6,16
11,14,final_answer_cue,0.17088162571197021,0.2506205018350838,-0.07973887612311356,6,16
11,14,harmful_instruction,0.0,0.003734058571066008,-0.003734058571066008,6,16
11,14,injected_reasoning,0.0,0.00840586164971567,-0.00840586164971567,6,16
11,15,benign_puzzle_scaffold,0.3936844473563727,0.29276828940082134,0.10091615795555137,6,16
11,15,final_answer_cue,0.32877304208116076,0.4584883002193907,-0.12971525813822993,6,16
11,15,harmful_instruction,0.0,0.002204307010325081,-0.002204307010325081,6,16
11,15,injected_reasoning,0.0,0.0008925184955254219,-0.0008925184955254219,6,16
11,16,benign_puzzle_scaffold,0.14142161414409235,0.13084460265743486,0.01057701148665749,6,16
11,16,final_answer_cue,0.47825137888998914,0.4909021183696807,-0.01265073947969153,6,16
11,16,harmful_instruction,0.0,0.007277017223864987,-0.007277017223864987,6,16
11,16,injected_reasoning,0.0,0.00105576479729402,-0.00105576479729402,6,16
11,17,benign_puzzle_scaffold,0.07631501350328763,0.06967005334459898,0.006644960158688651,6,16
11,17,final_answer_cue,0.273742149016966,0.2799427504743167,-0.006200601457350741,6,16
11,17,harmful_instruction,0.0,0.0015178199428303536,-0.0015178199428303536,6,16
11,17,injected_reasoning,0.0,0.0002995885180660492,-0.0002995885180660492,6,16
11,18,benign_puzzle_scaffold,0.12529532198915402,0.07983306662440476,0.045462255364749266,6,16
11,18,final_answer_cue,0.42113912377637913,0.4709267675534608,-0.04978764377708167,6,16
11,18,harmful_instruction,0.0,0.005711195012753909,-0.005711195012753909,6,16
11,18,injected_reasoning,0.0,0.0003498099025421135,-0.0003498099025421135,6,16
11,19,benign_puzzle_scaffold,0.25118606164360274,0.23983660421535255,0.011349457428250193,6,16
11,19,final_answer_cue,0.52217674363738,0.5645247892406947,-0.04234804560331473,6,16
11,19,harmful_instruction,0.0,0.00907723208270964,-0.00907723208270964,6,16
11,19,injected_reasoning,0.0,0.0009429909923229058,-0.0009429909923229058,6,16
11,20,benign_puzzle_scaffold,0.1478645182583553,0.14527097557458707,0.0025935426837682407,6,16
11,20,final_answer_cue,0.34278785928298244,0.38458252723573927,-0.041794667952756825,6,16
11,20,harmful_instruction,0.0,0.004350360372032764,-0.004350360372032764,6,16
11,20,injected_reasoning,0.0,0.0005959667792847826,-0.0005959667792847826,6,16
11,21,benign_puzzle_scaffold,0.03293785370131199,0.031735051760823446,0.0012028019404885446,6,16
11,21,final_answer_cue,0.09568743172166723,0.12954865493302792,-0.03386122321136069,6,16
11,21,harmful_instruction,0.0,0.000541925469409072,-0.000541925469409072,6,16
11,21,injected_reasoning,0.0,0.0003361296998088541,-0.0003361296998088541,6,16
11,22,benign_puzzle_scaffold,0.08338001102371811,0.05197083113764484,0.03140917988607327,6,16
11,22,final_answer_cue,0.5123681654204689,0.5624273701037026,-0.05005920468323366,6,16
11,22,harmful_instruction,0.0,0.007832349643779607,-0.007832349643779607,6,16
11,22,injected_reasoning,0.0,0.0002047235386701852,-0.0002047235386701852,6,16
11,23,benign_puzzle_scaffold,0.12833816453050909,0.07012646143871079,0.058211703091798295,6,16
11,23,final_answer_cue,0.5030013193061434,0.5535657673380135,-0.0505644480318701,6,16
11,23,harmful_instruction,0.0,0.004582617634674772,-0.004582617634674772,6,16
11,23,injected_reasoning,0.0,0.0003104283754663586,-0.0003104283754663586,6,16
11,24,benign_puzzle_scaffold,0.207043907459571,0.13513630882892227,0.07190759863064872,6,16
11,24,final_answer_cue,0.35919082174611416,0.4752466066241847,-0.11605578487807056,6,16
11,24,harmful_instruction,0.0,0.003777204910585955,-0.003777204910585955,6,16
11,24,injected_reasoning,0.0,0.00058081125464519,-0.00058081125464519,6,16
11,25,benign_puzzle_scaffold,0.06779256079631732,0.04985037779891818,0.017942182997399136,6,16
11,25,final_answer_cue,0.4043406499240029,0.3996190236115874,0.004721626312415517,6,16
11,25,harmful_instruction,0.0,0.004492925238669182,-0.004492925238669182,6,16
11,25,injected_reasoning,0.0,0.0001355430481039492,-0.0001355430481039492,6,16
11,26,benign_puzzle_scaffold,0.08403159403339723,0.08542384828273686,-0.0013922542493396278,6,16
11,26,final_answer_cue,0.40508780770023506,0.41994356133265737,-0.014855753632422308,6,16
11,26,harmful_instruction,0.0,0.003501584906589381,-0.003501584906589381,6,16
11,26,injected_reasoning,0.0,0.0002505926621309077,-0.0002505926621309077,6,16
11,27,benign_puzzle_scaffold,0.14494560302249895,0.09611618237842283,0.048829420644076124,6,16
11,27,final_answer_cue,0.3788011237515699,0.4202530666839657,-0.04145194293239585,6,16
11,27,harmful_instruction,0.0,0.0023208302753387443,-0.0023208302753387443,6,16
11,27,injected_reasoning,0.0,0.00021083734222432306,-0.00021083734222432306,6,16
11,28,benign_puzzle_scaffold,0.09129300521048679,0.07197801406153113,0.019314991148955657,6,16
11,28,final_answer_cue,0.34767443462588016,0.38281093965840807,-0.03513650503252791,6,16
11,28,harmful_instruction,0.0,0.005907643460586951,-0.005907643460586951,6,16
11,28,injected_reasoning,0.0,0.00021092041861997974,-0.00021092041861997974,6,16
11,29,benign_puzzle_scaffold,0.08354419264214312,0.07927348393196729,0.004270708710175833,6,16
11,29,final_answer_cue,0.35755415412750025,0.3600129436372016,-0.0024587895097013535,6,16
11,29,harmful_instruction,0.0,0.004690693057316206,-0.004690693057316206,6,16
11,29,injected_reasoning,0.0,0.0001923656665821565,-0.0001923656665821565,6,16
11,30,benign_puzzle_scaffold,0.038306901133050276,0.03223912571144866,0.006067775421601619,6,16
11,30,final_answer_cue,0.28026107511373827,0.2788624272977921,0.0013986478159461746,6,16
11,30,harmful_instruction,0.0,0.003345745585206444,-0.003345745585206444,6,16
11,30,injected_reasoning,0.0,0.00015446834726249269,-0.00015446834726249269,6,16
11,31,benign_puzzle_scaffold,0.1305788282632768,0.10775143168983793,0.022827396573438866,6,16
11,31,final_answer_cue,0.2225996883816109,0.31488523206951446,-0.09228554368790357,6,16
11,31,harmful_instruction,0.0,0.0023214100295329723,-0.0023214100295329723,6,16
11,31,injected_reasoning,0.0,0.00036501978283799686,-0.00036501978283799686,6,16
11,32,benign_puzzle_scaffold,0.1784465159853534,0.15618459880764277,0.022261917177710644,6,16
11,32,final_answer_cue,0.5534045035620925,0.6106622283457279,-0.057257724783635444,6,16
11,32,harmful_instruction,0.0,0.009109944972787947,-0.009109944972787947,6,16
11,32,injected_reasoning,0.0,0.0007085049796975178,-0.0007085049796975178,6,16
11,33,benign_puzzle_scaffold,0.08769583110223585,0.06872495474137919,0.01897087636085666,6,16
11,33,final_answer_cue,0.5301125591248744,0.5528942941566475,-0.022781735031773054,6,16
11,33,harmful_instruction,0.0,0.0063687759476904636,-0.0063687759476904636,6,16
11,33,injected_reasoning,0.0,0.0003202548425554242,-0.0003202548425554242,6,16
11,34,benign_puzzle_scaffold,0.07663551792219593,0.06815110424624475,0.00848441367595118,6,16
11,34,final_answer_cue,0.2844526478393767,0.3195715754660048,-0.035118927626628105,6,16
11,34,harmful_instruction,0.0,0.0027275676755933653,-0.0027275676755933653,6,16
11,34,injected_reasoning,0.0,0.00044943150979842974,-0.00044943150979842974,6,16
11,35,benign_puzzle_scaffold,0.1330102173851412,0.1891538331294655,-0.05614361574432428,6,16
11,35,final_answer_cue,0.035643615549432774,0.04711236313162154,-0.011468747582188764,6,16
11,35,harmful_instruction,0.0,0.00027190473411347303,-0.00027190473411347303,6,16
11,35,injected_reasoning,0.0,0.0030809249018475325,-0.0030809249018475325,6,16
11,36,benign_puzzle_scaffold,0.21638330729026245,0.21656369131062148,-0.00018038402035902568,6,16
11,36,final_answer_cue,0.11748298142314634,0.14542591994594317,-0.027942938522796834,6,16
11,36,harmful_instruction,0.0,0.0003953726474070578,-0.0003953726474070578,6,16
11,36,injected_reasoning,0.0,0.00095273679740904,-0.00095273679740904,6,16
11,37,benign_puzzle_scaffold,0.13467600990500417,0.15155524831703135,-0.01687923841202718,6,16
11,37,final_answer_cue,0.019713357903364218,0.0354331205598066,-0.015719762656442385,6,16
11,37,harmful_instruction,0.0,0.0001624366409679399,-0.0001624366409679399,6,16
11,37,injected_reasoning,0.0,0.0010224989698697823,-0.0010224989698697823,6,16
11,38,benign_puzzle_scaffold,0.10938351840969314,0.13768731524021888,-0.028303796830525738,6,16
11,38,final_answer_cue,0.0251904778481718,0.03442290434345395,-0.00923242649528215,6,16
11,38,harmful_instruction,0.0,0.0004192553908142058,-0.0004192553908142058,6,16
11,38,injected_reasoning,0.0,0.0012142144468543343,-0.0012142144468543343,6,16
11,39,benign_puzzle_scaffold,0.15126171570643107,0.16449766724773657,-0.013235951541305496,6,16
11,39,final_answer_cue,0.0746686753963189,0.09887689723394591,-0.02420822183762701,6,16
11,39,harmful_instruction,0.0,0.000335681897411986,-0.000335681897411986,6,16
11,39,injected_reasoning,0.0,0.0009079746176761964,-0.0009079746176761964,6,16
12,0,benign_puzzle_scaffold,0.04830064629101177,0.04420172259333467,0.004098923697677101,6,16
12,0,final_answer_cue,0.22084012439332212,0.2487861963380115,-0.02794607194468937,6,16
12,0,harmful_instruction,0.0,0.003955303936620209,-0.003955303936620209,6,16
12,0,injected_reasoning,0.0,0.00029422026463511676,-0.00029422026463511676,6,16
12,1,benign_puzzle_scaffold,0.07169335148666021,0.06654691829626896,0.00514643319039125,6,16
12,1,final_answer_cue,0.8473719075731202,0.8688479955598593,-0.021476087986739056,6,16
12,1,harmful_instruction,0.0,0.012821534065146151,-0.012821534065146151,6,16
12,1,injected_reasoning,0.0,0.0003367211372687115,-0.0003367211372687115,6,16
12,2,benign_puzzle_scaffold,0.23974593488373655,0.18163589250050804,0.058110042383228505,6,16
12,2,final_answer_cue,0.23695925857439049,0.3266161804871565,-0.08965692191276603,6,16
12,2,harmful_instruction,0.0,0.0026799901144261163,-0.0026799901144261163,6,16
12,2,injected_reasoning,0.0,0.0009561798536292843,-0.0009561798536292843,6,16
12,3,benign_puzzle_scaffold,0.18368602076529372,0.13370785759641193,0.04997816316888179,6,16
12,3,final_answer_cue,0.22149529652442304,0.292110594483282,-0.07061529795885899,6,16
12,3,harmful_instruction,0.0,0.002141310939016367,-0.002141310939016367,6,16
12,3,injected_reasoning,0.0,0.000789425250921363,-0.000789425250921363,6,16
12,4,benign_puzzle_scaffold,0.14469125617472312,0.07049453485984619,0.07419672131487692,6,16
12,4,final_answer_cue,0.8107014443931666,0.8546325383331825,-0.04393109394001593,6,16
12,4,harmful_instruction,0.0,0.008607132991509949,-0.008607132991509949,6,16
12,4,injected_reasoning,0.0,0.000272772067273425,-0.000272772067273425,6,16
12,5,benign_puzzle_scaffold,0.16321288132130088,0.13987210740553388,0.023340773915767,6,16
12,5,final_answer_cue,0.14275329339482382,0.2593517579367499,-0.1165984645419261,6,16
12,5,harmful_instruction,0.0,0.0015793033690321926,-0.0015793033690321926,6,16
12,5,injected_reasoning,0.0,0.0003251525853136313,-0.0003251525853136313,6,16
12,6,benign_puzzle_scaffold,0.44051635023246805,0.4151050419348621,0.02541130829760596,6,16
12,6,final_answer_cue,0.32286632993800557,0.43010726851330017,-0.1072409385752946,6,16
12,6,harmful_instruction,0.0,0.003864709376361215,-0.003864709376361215,6,16
12,6,injected_reasoning,0.0,0.0029795134818599456,-0.0029795134818599456,6,16
12,7,benign_puzzle_scaffold,0.26036549124367786,0.26914283198542877,-0.008777340741750905,6,16
12,7,final_answer_cue,0.2552267620310225,0.28562392775500234,-0.030397165723979824,6,16
12,7,harmful_instruction,0.0,0.0037191643527692882,-0.0037191643527692882,6,16
12,7,injected_reasoning,0.0,0.0015580384602456774,-0.0015580384602456774,6,16
12,8,benign_puzzle_scaffold,0.28679254857131264,0.3288444062089297,-0.04205185763761704,6,16
12,8,final_answer_cue,0.18368705355985737,0.24110120654204376,-0.057414152982186384,6,16
12,8,harmful_instruction,0.0,0.0034522405498080885,-0.0034522405498080885,6,16
12,8,injected_reasoning,0.0,0.00364016857806123,-0.00364016857806123,6,16
12,9,benign_puzzle_scaffold,0.049215010049947515,0.05174543458645333,-0.0025304245365058153,6,16
12,9,final_answer_cue,0.013764309326814115,0.029808219138443143,-0.01604390981162903,6,16
12,9,harmful_instruction,0.0,0.00014161767699681952,-0.00014161767699681952,6,16
12,9,injected_reasoning,0.0,0.0002261107525200586,-0.0002261107525200586,6,16
12,10,benign_puzzle_scaffold,0.07797293771635139,0.13620494947860073,-0.05823201176224935,6,16
12,10,final_answer_cue,0.01568963800231912,0.016042949475339865,-0.0003533114730207461,6,16
12,10,harmful_instruction,0.0,0.0006726026799387712,-0.0006726026799387712,6,16
12,10,injected_reasoning,0.0,0.0020509850663288183,-0.0020509850663288183,6,16
12,11,benign_puzzle_scaffold,0.24911498089619208,0.34268374301364324,-0.09356876211745116,6,16
12,11,final_answer_cue,0.024065541191345522,0.02506803484773654,-0.001002493656391018,6,16
12,11,harmful_instruction,0.0,0.00027234772826122236,-0.00027234772826122236,6,16
12,11,injected_reasoning,0.0,0.006107413796282934,-0.006107413796282934,6,16
12,12,benign_puzzle_scaffold,0.12507446312257717,0.13218617903872648,-0.007111715916149314,6,16
12,12,final_answer_cue,0.11657875470419315,0.13453622825121508,-0.01795747354702193,6,16
12,12,harmful_instruction,0.0,0.0006255651779224941,-0.0006255651779224941,6,16
12,12,injected_reasoning,0.0,0.00147749506385181,-0.00147749506385181,6,16
12,13,benign_puzzle_scaffold,0.09273382499617389,0.06009222466905539,0.0326416003271185,6,16
12,13,final_answer_cue,0.44606229961596083,0.4240822595072004,0.021980040108760424,6,16
12,13,harmful_instruction,0.0,0.0028121558957037926,-0.0028121558957037926,6,16
12,13,injected_reasoning,0.0,0.0003640843444148329,-0.0003640843444148329,6,16
12,14,benign_puzzle_scaffold,0.24053118241690408,0.24501138010007473,-0.00448019768317065,6,16
12,14,final_answer_cue,0.22436410357814873,0.23876260029589702,-0.014398496717748288,6,16
12,14,harmful_instruction,0.0,0.0007360116665486252,-0.0007360116665486252,6,16
12,14,injected_reasoning,0.0,0.0005220739218390478,-0.0005220739218390478,6,16
12,15,benign_puzzle_scaffold,0.43367828630349464,0.39961456228104764,0.034063724022447006,6,16
12,15,final_answer_cue,0.2147818315745187,0.3346343012784987,-0.11985246970398,6,16
12,15,harmful_instruction,0.0,0.004743715079651057,-0.004743715079651057,6,16
12,15,injected_reasoning,0.0,0.0013769797469563284,-0.0013769797469563284,6,16
12,16,benign_puzzle_scaffold,0.44232630915766163,0.598852872290194,-0.15652656313253238,6,16
12,16,final_answer_cue,0.0914789758765366,0.11834604249285495,-0.026867066616318352,6,16
12,16,harmful_instruction,0.0,0.0013310943374747735,-0.0013310943374747735,6,16
12,16,injected_reasoning,0.0,0.007698361473358628,-0.007698361473358628,6,16
12,17,benign_puzzle_scaffold,0.330528615325326,0.33728481030186674,-0.00675619497654073,6,16
12,17,final_answer_cue,0.1319496725826402,0.20497692859660688,-0.07302725601396667,6,16
12,17,harmful_instruction,0.0,0.003579103798800377,-0.003579103798800377,6,16
12,17,injected_reasoning,0.0,0.002515468351438668,-0.002515468351438668,6,16
12,18,benign_puzzle_scaffold,0.2628207148078851,0.26794267269813415,-0.0051219578902490515,6,16
12,18,final_answer_cue,0.2680757078950223,0.32258581026169936,-0.05451010236667708,6,16
12,18,harmful_instruction,0.0,0.004118159412170775,-0.004118159412170775,6,16
12,18,injected_reasoning,0.0,0.0013583881746960101,-0.0013583881746960101,6,16
12,19,benign_puzzle_scaffold,0.4931970571143897,0.6048143947131719,-0.11161733759878217,6,16
12,19,final_answer_cue,0.06380673948580419,0.12261201297007146,-0.05880527348426727,6,16
12,19,harmful_instruction,0.0,0.000591784634027688,-0.000591784634027688,6,16
12,19,injected_reasoning,0.0,0.004238234979670191,-0.004238234979670191,6,16
12,20,benign_puzzle_scaffold,0.26466894812226066,0.27941587560819725,-0.01474692748593659,6,16
12,20,final_answer_cue,0.3212994893545708,0.38945154087847267,-0.06815205152390186,6,16
12,20,harmful_instruction,0.0,0.004619178941031073,-0.004619178941031073,6,16
12,20,injected_reasoning,0.0,0.0012083955673944057,-0.0012083955673944057,6,16
12,21,benign_puzzle_scaffold,0.0786446152134311,0.07110892638182419,0.007535688831606907,6,16
12,21,final_answer_cue,0.5036058258504944,0.5580798088157168,-0.054473982965222434,6,16
12,21,harmful_instruction,0.0,0.00831450421782491,-0.00831450421782491,6,16
12,21,injected_reasoning,0.0,0.00035046436963263346,-0.00035046436963263346,6,16
12,22,benign_puzzle_scaffold,0.1278238764170238,0.11187337586179269,0.015950500555231117,6,16
12,22,final_answer_cue,0.4117510761886524,0.4341730995347809,-0.022422023346128472,6,16
12,22,harmful_instruction,0.0,0.006233597438275508,-0.006233597438275508,6,16
12,22,injected_reasoning,0.0,0.000704991960485495,-0.000704991960485495,6,16
12,23,benign_puzzle_scaffold,0.16972013738494707,0.12262574527860645,0.047094392106340616,6,16
12,23,final_answer_cue,0.4988192898861945,0.5577735776753588,-0.05895428778916434,6,16
12,23,harmful_instruction,0.0,0.005973005969855864,-0.005973005969855864,6,16
12,23,injected_reasoning,0.0,0.000662667702882716,-0.000662667702882716,6,16
12,24,benign_puzzle_scaffold,0.2038530180360737,0.16090925077718635,0.04294376725888735,6,16
12,24,final_answer_cue,0.3884205384630912,0.45545099701408354,-0.06703045855099232,6,16
12,24,harmful_instruction,0.0,0.0045070890598719665,-0.0045070890598719665,6,16
12,24,injected_reasoning,0.0,0.0014750723188905197,-0.0014750723188905197,6,16
12,25,benign_puzzle_scaffold,0.1019675412522566,0.16791321161949865,-0.06594567036724205,6,16
12,25,final_answer_cue,0.02018274031336298,0.0271981379542011,-0.007015397640838122,6,16
12,25,harmful_instruction,0.0,0.00010712722611585428,-0.00010712722611585428,6,16
12,25,injected_reasoning,0.0,0.004168862218733544,-0.004168862218733544,6,16
12,26,benign_puzzle_scaffold,0.11778196928261846,0.1832453835854943,-0.06546341430287585,6,16
12,26,final_answer_cue,0.016558818440719113,0.021871730061578908,-0.005312911620859794,6,16
12,26,harmful_instruction,0.0,0.0001051802292746104,-0.0001051802292746104,6,16
12,26,injected_reasoning,0.0,0.0029660120336397217,-0.0029660120336397217,6,16
12,27,benign_puzzle_scaffold,0.1211539020418589,0.24213121537101606,-0.12097731332915716,6,16
12,27,final_answer_cue,0.04640932663444133,0.07302767584448588,-0.026618349210044558,6,16
12,27,harmful_instruction,0.0,0.0008053126120707848,-0.0008053126120707848,6,16
12,27,injected_reasoning,0.0,0.004810523230517333,-0.004810523230517333,6,16
12,28,benign_puzzle_scaffold,0.20571778609007033,0.2719875129090819,-0.06626972681901158,6,16
12,28,final_answer_cue,0.13898906877736483,0.1545259701554115,-0.01553690137804667,6,16
12,28,harmful_instruction,0.0,0.0013755271317345721,-0.0013755271317345721,6,16
12,28,injected_reasoning,0.0,0.0036171291523882654,-0.0036171291523882654,6,16
12,29,benign_puzzle_scaffold,0.2142540691046393,0.33323925762034623,-0.11898518851570694,6,16
12,29,final_answer_cue,0.09028290935472923,0.09715397566768666,-0.006871066312957433,6,16
12,29,harmful_instruction,0.0,0.000913185127428874,-0.000913185127428874,6,16
12,29,injected_reasoning,0.0,0.00293194702039286,-0.00293194702039286,6,16
12,30,benign_puzzle_scaffold,0.1919801187329546,0.12051695372328464,0.07146316500966995,6,16
12,30,final_answer_cue,0.3866944602633708,0.478195393838437,-0.09150093357506622,6,16
12,30,harmful_instruction,0.0,0.0013446187077288327,-0.0013446187077288327,6,16
12,30,injected_reasoning,0.0,0.000849372511513843,-0.000849372511513843,6,16
12,31,benign_puzzle_scaffold,0.45746873009630956,0.4375910269223043,0.01987770317400528,6,16
12,31,final_answer_cue,0.21689864111020404,0.32781117636279966,-0.11091253525259562,6,16
12,31,harmful_instruction,0.0,0.006239192367812396,-0.006239192367812396,6,16
12,31,injected_reasoning,0.0,0.0022698443451589514,-0.0022698443451589514,6,16
12,32,benign_puzzle_scaffold,0.23018818584835243,0.23001321216070797,0.00017497368764446408,6,16
12,32,final_answer_cue,0.3284005539428905,0.41578768403393057,-0.08738713009104004,6,16
12,32,harmful_instruction,0.0,0.005350129755483962,-0.005350129755483962,6,16
12,32,injected_reasoning,0.0,0.001218219082591712,-0.001218219082591712,6,16
12,33,benign_puzzle_scaffold,0.33083705914616796,0.3459127504612806,-0.01507569131511266,6,16
12,33,final_answer_cue,0.23309492542790333,0.31735135042500745,-0.08425642499710412,6,16
12,33,harmful_instruction,0.0,0.0032500787240400536,-0.0032500787240400536,6,16
12,33,injected_reasoning,0.0,0.0030268052587265988,-0.0030268052587265988,6,16
12,34,benign_puzzle_scaffold,0.35362018216392394,0.34563915951813495,0.007981022645788982,6,16
12,34,final_answer_cue,0.4474095978529444,0.49535853211536873,-0.04794893426242436,6,16
12,34,harmful_instruction,0.0,0.003593516716864492,-0.003593516716864492,6,16
12,34,injected_reasoning,0.0,0.002909922802420804,-0.002909922802420804,6,16
12,35,benign_puzzle_scaffold,0.5651620314013729,0.6443522607566514,-0.07919022935527853,6,16
12,35,final_answer_cue,0.256703460374939,0.2506656858488573,0.0060377745260817295,6,16
12,35,harmful_instruction,0.0,0.002494425057005756,-0.002494425057005756,6,16
12,35,injected_reasoning,0.0,0.00509689470726098,-0.00509689470726098,6,16
12,36,benign_puzzle_scaffold,0.572526134611164,0.5590891780639249,0.013436956547239087,6,16
12,36,final_answer_cue,0.2996743638131287,0.3784191244589595,-0.0787447606458308,6,16
12,36,harmful_instruction,0.0,0.006762761422579238,-0.006762761422579238,6,16
12,36,injected_reasoning,0.0,0.0036799829276586635,-0.0036799829276586635,6,16
12,37,benign_puzzle_scaffold,0.24288020396007173,0.22358579295628483,0.0192944110037869,6,16
12,37,final_answer_cue,0.27598528682236373,0.35749147853364127,-0.08150619171127754,6,16
12,37,harmful_instruction,0.0,0.0017572405340278581,-0.0017572405340278581,6,16
12,37,injected_reasoning,0.0,0.0010380130752929936,-0.0010380130752929936,6,16
12,38,benign_puzzle_scaffold,0.39736548879191297,0.4561063837675774,-0.058740894975664426,6,16
12,38,final_answer_cue,0.23754268465808995,0.28732795197742544,-0.0497852673193355,6,16
12,38,harmful_instruction,0.0,0.0011073581465933708,-0.0011073581465933708,6,16
12,38,injected_reasoning,0.0,0.005716115559567065,-0.005716115559567065,6,16
12,39,benign_puzzle_scaffold,0.11066046663146252,0.07461719100141262,0.0360432756300499,6,16
12,39,final_answer_cue,0.09712556376064181,0.11299347791624198,-0.01586791415560017,6,16
12,39,harmful_instruction,0.0,0.0007581592912884435,-0.0007581592912884435,6,16
12,39,injected_reasoning,0.0,0.0002738602383813045,-0.0002738602383813045,6,16
13,0,benign_puzzle_scaffold,0.24341897222213757,0.2660681004002065,-0.02264912817806894,6,16
13,0,final_answer_cue,0.08743559351110636,0.13064931955276252,-0.04321372604165616,6,16
13,0,harmful_instruction,0.0,0.0008024688759249781,-0.0008024688759249781,6,16
13,0,injected_reasoning,0.0,0.0022171911958692703,-0.0022171911958692703,6,16
13,1,benign_puzzle_scaffold,0.18413199454694218,0.18819817355148633,-0.004066179004544146,6,16
13,1,final_answer_cue,0.048462398412992415,0.08984472804060908,-0.04138232962761667,6,16
13,1,harmful_instruction,0.0,0.0003470937742465885,-0.0003470937742465885,6,16
13,1,injected_reasoning,0.0,0.0008126584567855974,-0.0008126584567855974,6,16
13,2,benign_puzzle_scaffold,0.15618463340370606,0.19547086798974822,-0.03928623458604216,6,16
13,2,final_answer_cue,0.015215568623302133,0.02454015079220584,-0.009324582168903707,6,16
13,2,harmful_instruction,0.0,0.000498329888030598,-0.000498329888030598,6,16
13,2,injected_reasoning,0.0,0.0020837351586410324,-0.0020837351586410324,6,16
13,3,benign_puzzle_scaffold,0.013392719515606994,0.025568813106655566,-0.012176093591048572,6,16
13,3,final_answer_cue,0.06116261855120437,0.07840084018664216,-0.01723822163543779,6,16
13,3,harmful_instruction,0.0,0.0006091745150987963,-0.0006091745150987963,6,16
13,3,injected_reasoning,0.0,0.00012313892087995284,-0.00012313892087995284,6,16
13,4,benign_puzzle_scaffold,0.09474769506709468,0.0685996224063376,0.026148072660757082,6,16
13,4,final_answer_cue,0.2049530802532371,0.25184987453456376,-0.04689679428132665,6,16
13,4,harmful_instruction,0.0,0.0020533655379058845,-0.0020533655379058845,6,16
13,4,injected_reasoning,0.0,0.00018729805842791758,-0.00018729805842791758,6,16
13,5,benign_puzzle_scaffold,0.3910469226420516,0.509648841877129,-0.1186019192350774,6,16
13,5,final_answer_cue,0.19049249186482245,0.22041250399325765,-0.029920012128435203,6,16
13,5,harmful_instruction,0.0,0.0019342374173398201,-0.0019342374173398201,6,16
13,5,injected_reasoning,0.0,0.011544178757349153,-0.011544178757349153,6,16
13,6,benign_puzzle_scaffold,0.15019662042058127,0.13950124535878738,0.010695375061793883,6,16
13,6,final_answer_cue,0.3625186519967832,0.363452905539869,-0.0009342535430857946,6,16
13,6,harmful_instruction,0.0,0.003511029872372907,-0.003511029872372907,6,16
13,6,injected_reasoning,0.0,0.0006386233155731674,-0.0006386233155731674,6,16
13,7,benign_puzzle_scaffold,0.15205294208413805,0.12338250322439803,0.02867043885974002,6,16
13,7,final_answer_cue,0.39693517642450016,0.4051708819514207,-0.008235705526920545,6,16
13,7,harmful_instruction,0.0,0.0026041068919989453,-0.0026041068919989453,6,16
13,7,injected_reasoning,0.0,0.0005464234035495008,-0.0005464234035495008,6,16
13,8,benign_puzzle_scaffold,0.11981940881399111,0.12594256464347114,-0.0061231558294800315,6,16
13,8,final_answer_cue,0.6473052545381047,0.6606825601425015,-0.01337730560439676,6,16
13,8,harmful_instruction,0.0,0.009108217064362718,-0.009108217064362718,6,16
13,8,injected_reasoning,0.0,0.0008720559017014601,-0.0008720559017014601,6,16
13,9,benign_puzzle_scaffold,0.32755079491464023,0.33169654091326684,-0.004145745998626604,6,16
13,9,final_answer_cue,0.22364177490101547,0.29575681809574395,-0.07211504319472847,6,16
13,9,harmful_instruction,0.0,0.0043125232953615065,-0.0043125232953615065,6,16
13,9,injected_reasoning,0.0,0.002492376759145663,-0.002492376759145663,6,16
13,10,benign_puzzle_scaffold,0.4030500030816142,0.4024946429562536,0.0005553601253606155,6,16
13,10,final_answer_cue,0.09748310727719316,0.1587269936988251,-0.061243886421631935,6,16
13,10,harmful_instruction,0.0,0.0023160973202435713,-0.0023160973202435713,6,16
13,10,injected_reasoning,0.0,0.0035866442115802906,-0.0035866442115802906,6,16
13,11,benign_puzzle_scaffold,0.642366434801596,0.6669190160674414,-0.024552581265845363,6,16
13,11,final_answer_cue,0.1416033405090011,0.19268433152629053,-0.05108099101728941,6,16
13,11,harmful_instruction,0.0,0.001279900624885475,-0.001279900624885475,6,16
13,11,injected_reasoning,0.0,0.0051043556543830144,-0.0051043556543830144,6,16
13,12,benign_puzzle_scaffold,0.1495347214123838,0.1520842615877674,-0.0025495401753835856,6,16
13,12,final_answer_cue,0.1260116668338296,0.13507740395168186,-0.009065737117852246,6,16
13,12,harmful_instruction,0.0,0.0035701044091970297,-0.0035701044091970297,6,16
13,12,injected_reasoning,0.0,0.0014481676816512422,-0.0014481676816512422,6,16
13,13,benign_puzzle_scaffold,0.5170782003503562,0.467636495720555,0.04944170462980124,6,16
13,13,final_answer_cue,0.11972893465877442,0.1939922673744613,-0.07426333271568687,6,16
13,13,harmful_instruction,0.0,0.005356630962626445,-0.005356630962626445,6,16
13,13,injected_reasoning,0.0,0.004872135433122274,-0.004872135433122274,6,16
13,14,benign_puzzle_scaffold,0.43558285757879167,0.3827459579344253,0.052836899644366386,6,16
13,14,final_answer_cue,0.07238088659388886,0.10845866477853805,-0.03607777818464919,6,16
13,14,harmful_instruction,0.0,0.0026194155914379094,-0.0026194155914379094,6,16
13,14,injected_reasoning,0.0,0.002563983502800703,-0.002563983502800703,6,16
13,15,benign_puzzle_scaffold,0.30087946378761476,0.22307748390130805,0.07780197988630672,6,16
13,15,final_answer_cue,0.4076357789457596,0.46619239800797263,-0.058556619062213044,6,16
13,15,harmful_instruction,0.0,0.005381949138183651,-0.005381949138183651,6,16
13,15,injected_reasoning,0.0,0.002599750374984184,-0.002599750374984184,6,16
13,16,benign_puzzle_scaffold,0.3893458484674026,0.3725310405053124,0.016814807962090228,6,16
13,16,final_answer_cue,0.18758768706846782,0.23800665453344308,-0.05041896746497526,6,16
13,16,harmful_instruction,0.0,0.004434175359090889,-0.004434175359090889,6,16
13,16,injected_reasoning,0.0,0.002889440934842318,-0.002889440934842318,6,16
13,17,benign_puzzle_scaffold,0.0723709953472534,0.0756607918187185,-0.0032897964714651007,6,16
13,17,final_answer_cue,0.10814227647403594,0.1240093622757743,-0.01586708580173836,6,16
13,17,harmful_instruction,0.0,0.0016992660982564072,-0.0016992660982564072,6,16
13,17,injected_reasoning,0.0,0.00032422210525337593,-0.00032422210525337593,6,16
13,18,benign_puzzle_scaffold,0.34450131166380576,0.4385910016070037,-0.09408968994319794,6,16
13,18,final_answer_cue,0.10803640281869738,0.16953604744414014,-0.06149964462544276,6,16
13,18,harmful_instruction,0.0,0.001042628528406279,-0.001042628528406279,6,16
13,18,injected_reasoning,0.0,0.0017944905330016057,-0.0017944905330016057,6,16
13,19,benign_puzzle_scaffold,0.19147662584976588,0.19706940181593136,-0.005592775966165475,6,16
13,19,final_answer_cue,0.6614720185062913,0.676349870322263,-0.014877851815971677,6,16
13,19,harmful_instruction,0.0,0.006543698845061799,-0.006543698845061799,6,16
13,19,injected_reasoning,0.0,0.0013843441436349664,-0.0013843441436349664,6,16
13,20,benign_puzzle_scaffold,0.30770411779135154,0.30660029030950453,0.0011038274818470084,6,16
13,20,final_answer_cue,0.07611811775096035,0.12025704847804573,-0.044138930727085385,6,16
13,20,harmful_instruction,0.0,0.0017829830021868403,-0.0017829830021868403,6,16
13,20,injected_reasoning,0.0,0.003508285517433949,-0.003508285517433949,6,16
13,21,benign_puzzle_scaffold,0.31448111461392214,0.3278175627462998,-0.013336448132377665,6,16
13,21,final_answer_cue,0.04830979482788578,0.07473991544337943,-0.026430120615493657,6,16
13,21,harmful_instruction,0.0,0.0025914811678563587,-0.0025914811678563587,6,16
13,21,injected_reasoning,0.0,0.003148946832630288,-0.003148946832630288,6,16
13,22,benign_puzzle_scaffold,0.3263506213604977,0.3460192126258358,-0.019668591265338098,6,16
13,22,final_answer_cue,0.4899259377793232,0.5068367510583559,-0.01691081327903271,6,16
13,22,harmful_instruction,0.0,0.005971644128042932,-0.005971644128042932,6,16
13,22,injected_reasoning,0.0,0.0018008820390980362,-0.0018008820390980362,6,16
13,23,benign_puzzle_scaffold,0.3844232475647671,0.3703670489494597,0.01405619861530738,6,16
13,23,final_answer_cue,0.27836771465936233,0.33461173208907713,-0.0562440174297148,6,16
13,23,harmful_instruction,0.0,0.004834945459958734,-0.004834945459958734,6,16
13,23,injected_reasoning,0.0,0.0022625196232681066,-0.0022625196232681066,6,16
13,24,benign_puzzle_scaffold,0.24606017719976034,0.20264443161997198,0.04341574557978836,6,16
13,24,final_answer_cue,0.09751359751370682,0.13630016216617238,-0.03878656465246556,6,16
13,24,harmful_instruction,0.0,0.00090017244540118,-0.00090017244540118,6,16
13,24,injected_reasoning,0.0,0.0012624911813925903,-0.0012624911813925903,6,16
13,25,benign_puzzle_scaffold,0.2990936819291888,0.29873077358822353,0.00036290834096525115,6,16
13,25,final_answer_cue,0.5525485758597083,0.5925284765842955,-0.039979900724587236,6,16
13,25,harmful_instruction,0.0,0.006222392985019531,-0.006222392985019531,6,16
13,25,injected_reasoning,0.0,0.003227117017034366,-0.003227117017034366,6,16
13,26,benign_puzzle_scaffold,0.44834381532099243,0.5237274941081108,-0.07538367878711838,6,16
13,26,final_answer_cue,0.11150959570908399,0.1694474662036278,-0.05793787049454381,6,16
13,26,harmful_instruction,0.0,0.003343039918661913,-0.003343039918661913,6,16
13,26,injected_reasoning,0.0,0.005461269180166631,-0.005461269180166631,6,16
13,27,benign_puzzle_scaffold,0.2851974779690492,0.2883101158466568,-0.0031126378776075714,6,16
13,27,final_answer_cue,0.37982892915019484,0.37776452287984086,0.00206440627035398,6,16
13,27,harmful_instruction,0.0,0.0023183169255880224,-0.0023183169255880224,6,16
13,27,injected_reasoning,0.0,0.0012286929180449708,-0.0012286929180449708,6,16
13,28,benign_puzzle_scaffold,0.24498802507047537,0.2522781717453184,-0.00729014667484304,6,16
13,28,final_answer_cue,0.3789612684690562,0.39285837272790014,-0.01389710425884394,6,16
13,28,harmful_instruction,0.0,0.0032578461612775955,-0.0032578461612775955,6,16
13,28,injected_reasoning,0.0,0.00155068769105841,-0.00155068769105841,6,16
13,29,benign_puzzle_scaffold,0.3298406786013216,0.4167985204191207,-0.08695784181779909,6,16
13,29,final_answer_cue,0.18508638830118693,0.24219888622920352,-0.05711249792801659,6,16
13,29,harmful_instruction,0.0,0.001307383606279466,-0.001307383606279466,6,16
13,29,injected_reasoning,0.0,0.001587729903945297,-0.001587729903945297,6,16
13,30,benign_puzzle_scaffold,0.3799444874412435,0.45313991580198554,-0.07319542836074205,6,16
13,30,final_answer_cue,0.20323814900657533,0.24406688350914804,-0.04082873450257271,6,16
13,30,harmful_instruction,0.0,0.003211389037196613,-0.003211389037196613,6,16
13,30,injected_reasoning,0.0,0.0046507997322458965,-0.0046507997322458965,6,16
13,31,benign_puzzle_scaffold,0.42729907000516043,0.5023118910122855,-0.07501282100712503,6,16
13,31,final_answer_cue,0.07599480687420937,0.12507925947845094,-0.049084452604241574,6,16
13,31,harmful_instruction,0.0,0.0011475995331688032,-0.0011475995331688032,6,16
13,31,injected_reasoning,0.0,0.005017013537358492,-0.005017013537358492,6,16
13,32,benign_puzzle_scaffold,0.23144914518067058,0.15052532466224872,0.08092382051842187,6,16
13,32,final_answer_cue,0.5848952897264752,0.6629759306159322,-0.07808064088945699,6,16
13,32,harmful_instruction,0.0,0.004478415396374308,-0.004478415396374308,6,16
13,32,injected_reasoning,0.0,0.001205769245191762,-0.001205769245191762,6,16
13,33,benign_puzzle_scaffold,0.288107063387185,0.2489918369836273,0.03911522640355769,6,16
13,33,final_answer_cue,0.3400830223148095,0.40746986124889617,-0.06738683893408665,6,16
13,33,harmful_instruction,0.0,0.004016616128045417,-0.004016616128045417,6,16
13,33,injected_reasoning,0.0,0.0010641726171174237,-0.0010641726171174237,6,16
13,34,benign_puzzle_scaffold,0.10577644460769713,0.10447199973880514,0.001304444868891988,6,16
13,34,final_answer_cue,0.3044035273248195,0.34656246736143764,-0.04215894003661813,6,16
13,34,harmful_instruction,0.0,0.0060159693583308515,-0.0060159693583308515,6,16
13,34,injected_reasoning,0.0,0.00042357618512754876,-0.00042357618512754876,6,16
13,35,benign_puzzle_scaffold,0.1758022504976354,0.11703094760837204,0.058771302889263355,6,16
13,35,final_answer_cue,0.5260319791349585,0.5952204286053591,-0.06918844947040059,6,16
13,35,harmful_instruction,0.0,0.005106129830202824,-0.005106129830202824,6,16
13,35,injected_reasoning,0.0,0.00013871682035868527,-0.00013871682035868527,6,16
13,36,benign_puzzle_scaffold,0.15528855428891192,0.12508513257228265,0.030203421716629264,6,16
13,36,final_answer_cue,0.4752990558530597,0.5272949796665103,-0.051995923813450584,6,16
13,36,harmful_instruction,0.0,0.006527053893925548,-0.006527053893925548,6,16
13,36,injected_reasoning,0.0,0.00028296975253291857,-0.00028296975253291857,6,16
13,37,benign_puzzle_scaffold,0.19977883155640278,0.21301632510559154,-0.013237493549188767,6,16
13,37,final_answer_cue,0.3709332965890156,0.41986869154901596,-0.04893539496000038,6,16
13,37,harmful_instruction,0.0,0.0049367336073404605,-0.0049367336073404605,6,16
13,37,injected_reasoning,0.0,0.0006233703324750186,-0.0006233703324750186,6,16
13,38,benign_puzzle_scaffold,0.12461671335945579,0.09766678100883244,0.026949932350623346,6,16
13,38,final_answer_cue,0.41622134970232755,0.4445935315600882,-0.028372181857760637,6,16
13,38,harmful_instruction,0.0,0.00567985783379973,-0.00567985783379973,6,16
13,38,injected_reasoning,0.0,0.00015884837848464573,-0.00015884837848464573,6,16
13,39,benign_puzzle_scaffold,0.09371677118381093,0.06409087390900314,0.029625897274807786,6,16
13,39,final_answer_cue,0.622070601405931,0.6289802707100245,-0.006909669304093535,6,16
13,39,harmful_instruction,0.0,0.008166903965908781,-0.008166903965908781,6,16
13,39,injected_reasoning,0.0,0.00010987897988343322,-0.00010987897988343322,6,16
14,0,benign_puzzle_scaffold,0.40596554326341794,0.37651632080486575,0.029449222458552193,6,16
14,0,final_answer_cue,0.355398328556844,0.41115900545362044,-0.05576067689677644,6,16
14,0,harmful_instruction,0.0,0.006379201641476411,-0.006379201641476411,6,16
14,0,injected_reasoning,0.0,0.0023596099891811835,-0.0023596099891811835,6,16
14,1,benign_puzzle_scaffold,0.29579147314862636,0.35290620464771266,-0.0571147314990863,6,16
14,1,final_answer_cue,0.29292650686293475,0.319469758801346,-0.026543251938411228,6,16
14,1,harmful_instruction,0.0,0.0024909310619664164,-0.0024909310619664164,6,16
14,1,injected_reasoning,0.0,0.0027560404593175553,-0.0027560404593175553,6,16
14,2,benign_puzzle_scaffold,0.35289178834401086,0.34179207010290324,0.011099718241107615,6,16
14,2,final_answer_cue,0.31124355111145635,0.38281846343308945,-0.0715749123216331,6,16
14,2,harmful_instruction,0.0,0.0036682589342058114,-0.0036682589342058114,6,16
14,2,injected_reasoning,0.0,0.0024706447908100725,-0.0024706447908100725,6,16
14,3,benign_puzzle_scaffold,0.5111695510174465,0.5384225284331566,-0.02725297741571009,6,16
14,3,final_answer_cue,0.17997190773569408,0.2662953075126311,-0.08632339977693701,6,16
14,3,harmful_instruction,0.0,0.004099797023111213,-0.004099797023111213,6,16
14,3,injected_reasoning,0.0,0.0036781718835763155,-0.0036781718835763155,6,16
14,4,benign_puzzle_scaffold,0.38316724937518815,0.3742768162405515,0.008890433134636666,6,16
14,4,final_answer_cue,0.412914643483296,0.47349917713256096,-0.06058453364926497,6,16
14,4,harmful_instruction,0.0,0.006756729918099974,-0.006756729918099974,6,16
14,4,injected_reasoning,0.0,0.0027056159534468984,-0.0027056159534468984,6,16
14,5,benign_puzzle_scaffold,0.5134984999132375,0.5375188323235784,-0.02402033241034096,6,16
14,5,final_answer_cue,0.1575572208646358,0.20391193996732299,-0.04635471910268718,6,16
14,5,harmful_instruction,0.0,0.0038304505110805893,-0.0038304505110805893,6,16
14,5,injected_reasoning,0.0,0.011243482548515404,-0.011243482548515404,6,16
14,6,benign_puzzle_scaffold,0.3268722661088772,0.3211752469893282,0.005697019119549007,6,16
14,6,final_answer_cue,0.09293525970001341,0.10838639836210201,-0.015451138662088595,6,16
14,6,harmful_instruction,0.0,0.0035271228121006686,-0.0035271228121006686,6,16
14,6,injected_reasoning,0.0,0.002400361413836328,-0.002400361413836328,6,16
14,7,benign_puzzle_scaffold,0.2411071022656929,0.24668642328268287,-0.005579321016989963,6,16
14,7,final_answer_cue,0.49678121274823134,0.5131212352976585,-0.01634002254942718,6,16
14,7,harmful_instruction,0.0,0.005742264994123034,-0.005742264994123034,6,16
14,7,injected_reasoning,0.0,0.0013159673550468406,-0.0013159673550468406,6,16
14,8,benign_puzzle_scaffold,0.19999252400114287,0.2109226678298221,-0.01093014382867924,6,16
14,8,final_answer_cue,0.06524255838159747,0.07676524482810158,-0.011522686446504116,6,16
14,8,harmful_instruction,0.0,0.0005701917696627074,-0.0005701917696627074,6,16
14,8,injected_reasoning,0.0,0.00234765521933627,-0.00234765521933627,6,16
14,9,benign_puzzle_scaffold,0.5641965600765992,0.5072675232833729,0.05692903679322636,6,16
14,9,final_answer_cue,0.25970050433910885,0.34594670613236095,-0.0862462017932521,6,16
14,9,harmful_instruction,0.0,0.0019448074780408177,-0.0019448074780408177,6,16
14,9,injected_reasoning,0.0,0.00399273274098693,-0.00399273274098693,6,16
14,10,benign_puzzle_scaffold,0.0912430629101366,0.08307836797850955,0.008164694931627053,6,16
14,10,final_answer_cue,0.33882213695623614,0.35830211900613373,-0.019479982049897593,6,16
14,10,harmful_instruction,0.0,0.003626454267748737,-0.003626454267748737,6,16
14,10,injected_reasoning,0.0,0.00028544409140380904,-0.00028544409140380904,6,16
14,11,benign_puzzle_scaffold,0.04546389339525167,0.03710296584492594,0.008360927550325727,6,16
14,11,final_answer_cue,0.12427546915614672,0.13648138862804132,-0.012205919471894602,6,16
14,11,harmful_instruction,0.0,0.0014086995039756774,-0.0014086995039756774,6,16
14,11,injected_reasoning,0.0,0.00019352268887918808,-0.00019352268887918808,6,16
14,12,benign_puzzle_scaffold,0.0734148658160388,0.07030191975030178,0.0031129460657370184,6,16
14,12,final_answer_cue,0.6072004609585943,0.5931424365680624,0.014058024390531831,6,16
14,12,harmful_instruction,0.0,0.007763816986566419,-0.007763816986566419,6,16
14,12,injected_reasoning,0.0,0.00029322500150010206,-0.00029322500150010206,6,16
14,13,benign_puzzle_scaffold,0.03316725464907415,0.03431848927345163,-0.0011512346243774813,6,16
14,13,final_answer_cue,0.1959883256004241,0.2580602277212752,-0.06207190212085109,6,16
14,13,harmful_instruction,0.0,0.0017546660537049062,-0.0017546660537049062,6,16
14,13,injected_reasoning,0.0,0.0001633924325233513,-0.0001633924325233513,6,16
14,14,benign_puzzle_scaffold,0.04578403767065262,0.034791190015431975,0.010992847655220649,6,16
14,14,final_answer_cue,0.31314273902361284,0.33140347021227523,-0.018260731188662394,6,16
14,14,harmful_instruction,0.0,0.004903169096522789,-0.004903169096522789,6,16
14,14,injected_reasoning,0.0,0.0002194645752048591,-0.0002194645752048591,6,16
14,15,benign_puzzle_scaffold,0.6032495082082385,0.6062865008162472,-0.003036992608008715,6,16
14,15,final_answer_cue,0.07665417269828761,0.1142302610510027,-0.03757608835271509,6,16
14,15,harmful_instruction,0.0,0.0007089678547155622,-0.0007089678547155622,6,16
14,15,injected_reasoning,0.0,0.00422606739816005,-0.00422606739816005,6,16
14,16,benign_puzzle_scaffold,0.13874509729911985,0.09764621776998227,0.041098879529137586,6,16
14,16,final_answer_cue,0.8463173495399143,0.8867387520924277,-0.040421402552513364,6,16
14,16,harmful_instruction,0.0,0.010952972795185374,-0.010952972795185374,6,16
14,16,injected_reasoning,0.0,0.0003669797881461444,-0.0003669797881461444,6,16
14,17,benign_puzzle_scaffold,0.160277931800729,0.19967646906007253,-0.03939853725934353,6,16
14,17,final_answer_cue,0.13114120605247345,0.1916859553117129,-0.060544749259239444,6,16
14,17,harmful_instruction,0.0,0.0015124575364459246,-0.0015124575364459246,6,16
14,17,injected_reasoning,0.0,0.0012564537916371736,-0.0012564537916371736,6,16
14,18,benign_puzzle_scaffold,0.25385931521160016,0.1530128509762238,0.10084646423537635,6,16
14,18,final_answer_cue,0.5892286703259947,0.7068620372484149,-0.11763336692242021,6,16
14,18,harmful_instruction,0.0,0.0065789658287854335,-0.0065789658287854335,6,16
14,18,injected_reasoning,0.0,0.000551723176568476,-0.000551723176568476,6,16
14,19,benign_puzzle_scaffold,0.5049290620610539,0.3812963614766141,0.12363270058443981,6,16
14,19,final_answer_cue,0.20249054466391678,0.3454355521649631,-0.1429450075010463,6,16
14,19,harmful_instruction,0.0,0.0014602108402452752,-0.0014602108402452752,6,16
14,19,injected_reasoning,0.0,0.0005664295647145605,-0.0005664295647145605,6,16
14,20,benign_puzzle_scaffold,0.0038601895720794077,0.007335099049458843,-0.003474909477379435,6,16
14,20,final_answer_cue,0.0019826057829361236,0.0018050804610545024,0.00017752532188162118,6,16
14,20,harmful_instruction,0.0,2.072978817409003e-05,-2.072978817409003e-05,6,16
14,20,injected_reasoning,0.0,5.388260999159039e-05,-5.388260999159039e-05,6,16
14,21,benign_puzzle_scaffold,0.14342125916208484,0.2114059555958246,-0.06798469643373975,6,16
14,21,final_answer_cue,0.12295581754992031,0.13270485148555788,-0.009749033935637572,6,16
14,21,harmful_instruction,0.0,0.001582510116828526,-0.001582510116828526,6,16
14,21,injected_reasoning,0.0,0.0017483092134962977,-0.0017483092134962977,6,16
14,22,benign_puzzle_scaffold,0.011046317631547642,0.027965191343359924,-0.016918873711812284,6,16
14,22,final_answer_cue,0.013915068587380537,0.014747907407522843,-0.0008328388201423054,6,16
14,22,harmful_instruction,0.0,0.00019844014811862157,-0.00019844014811862157,6,16
14,22,injected_reasoning,0.0,0.000923089673488115,-0.000923089673488115,6,16
14,23,benign_puzzle_scaffold,0.1716034124170646,0.2844962062298732,-0.11289279381280862,6,16
14,23,final_answer_cue,0.04787888333459558,0.05408836831218442,-0.0062094849775888444,6,16
14,23,harmful_instruction,0.0,0.0009251245706593665,-0.0009251245706593665,6,16
14,23,injected_reasoning,0.0,0.009886416318742592,-0.009886416318742592,6,16
14,24,benign_puzzle_scaffold,0.0010195485659914671,0.00229509575116233,-0.0012755471851708627,6,16
14,24,final_answer_cue,0.00012046613013277697,0.00022909049989576299,-0.00010862436976298601,6,16
14,24,harmful_instruction,0.0,2.5438540630186367e-06,-2.5438540630186367e-06,6,16
14,24,injected_reasoning,0.0,1.5059270330765132e-05,-1.5059270330765132e-05,6,16
14,25,benign_puzzle_scaffold,0.03125659389589848,0.02788841446721347,0.00336817942868501,6,16
14,25,final_answer_cue,0.3280008993335232,0.3424663414094776,-0.014465442075954404,6,16
14,25,harmful_instruction,0.0,0.005963899773351294,-0.005963899773351294,6,16
14,25,injected_reasoning,0.0,0.00015245888521076264,-0.00015245888521076264,6,16
14,26,benign_puzzle_scaffold,0.10370058479415138,0.08518800261754284,0.018512582176608547,6,16
14,26,final_answer_cue,0.37453767911656827,0.3971179532899626,-0.02258027417339431,6,16
14,26,harmful_instruction,0.0,0.0040202661111676825,-0.0040202661111676825,6,16
14,26,injected_reasoning,0.0,0.0008535303583206903,-0.0008535303583206903,6,16
14,27,benign_puzzle_scaffold,0.12612230181295925,0.07432231437317247,0.05179998743978678,6,16
14,27,final_answer_cue,0.7632768184157221,0.787617142988073,-0.024340324572350802,6,16
14,27,harmful_instruction,0.0,0.009513571251152033,-0.009513571251152033,6,16
14,27,injected_reasoning,0.0,0.00040012849484788546,-0.00040012849484788546,6,16
14,28,benign_puzzle_scaffold,0.027497118063594016,0.03089034898788673,-0.0033932309242927124,6,16
14,28,final_answer_cue,0.16215413165215134,0.19181961330086644,-0.029665481648715103,6,16
14,28,harmful_instruction,0.0,0.003174949139904823,-0.003174949139904823,6,16
14,28,injected_reasoning,0.0,0.0001635873200094054,-0.0001635873200094054,6,16
14,29,benign_puzzle_scaffold,0.10387483357373557,0.08597509381748895,0.01789973975624662,6,16
14,29,final_answer_cue,0.8251635442706505,0.8449582011444554,-0.019794656873804883,6,16
14,29,harmful_instruction,0.0,0.011505688036047769,-0.011505688036047769,6,16
14,29,injected_reasoning,0.0,0.0004776084130453359,-0.0004776084130453359,6,16
14,30,benign_puzzle_scaffold,0.5640861319900373,0.6243669676533353,-0.060280835663298005,6,16
14,30,final_answer_cue,0.3362155633289999,0.33109411036169384,0.005121452967306039,6,16
14,30,harmful_instruction,0.0,0.003926432391320282,-0.003926432391320282,6,16
14,30,injected_reasoning,0.0,0.007171717460290106,-0.007171717460290106,6,16
14,31,benign_puzzle_scaffold,0.29440268227425126,0.3291702213931565,-0.03476753911890523,6,16
14,31,final_answer_cue,0.4629988273055632,0.48378452261119825,-0.020785695305635066,6,16
14,31,harmful_instruction,0.0,0.0026796997493412017,-0.0026796997493412017,6,16
14,31,injected_reasoning,0.0,0.004501388511132704,-0.004501388511132704,6,16
14,32,benign_puzzle_scaffold,0.5986355563928686,0.5774943551539613,0.02114120123890728,6,16
14,32,final_answer_cue,0.17845822117369858,0.2767107909489035,-0.09825256977520491,6,16
14,32,harmful_instruction,0.0,0.0027989954047474355,-0.0027989954047474355,6,16
14,32,injected_reasoning,0.0,0.004369550115955539,-0.004369550115955539,6,16
14,33,benign_puzzle_scaffold,0.20056678739427314,0.16959859597485316,0.030968191419419977,6,16
14,33,final_answer_cue,0.4103131991049749,0.44496852571087614,-0.03465532660590126,6,16
14,33,harmful_instruction,0.0,0.005107759887395038,-0.005107759887395038,6,16
14,33,injected_reasoning,0.0,0.0011534167804191906,-0.0011534167804191906,6,16
14,34,benign_puzzle_scaffold,0.10032853224170328,0.09905898881838204,0.0012695434233212372,6,16
14,34,final_answer_cue,0.5069144184127622,0.5148611023314638,-0.00794668391870157,6,16
14,34,harmful_instruction,0.0,0.006721407006062426,-0.006721407006062426,6,16
14,34,injected_reasoning,0.0,0.0005968766888744062,-0.0005968766888744062,6,16
14,35,benign_puzzle_scaffold,0.08610151102710129,0.06763004597018842,0.01847146505691287,6,16
14,35,final_answer_cue,0.41585345408258084,0.46142436711097085,-0.04557091302839,6,16
14,35,harmful_instruction,0.0,0.004190142170094859,-0.004190142170094859,6,16
14,35,injected_reasoning,0.0,0.0004223871558549046,-0.0004223871558549046,6,16
14,36,benign_puzzle_scaffold,0.14568420667385198,0.15186075083146405,-0.006176544157612068,6,16
14,36,final_answer_cue,0.47340974101857664,0.4936959039492527,-0.020286162930676088,6,16
14,36,harmful_instruction,0.0,0.0074791747638477575,-0.0074791747638477575,6,16
14,36,injected_reasoning,0.0,0.0008780966308114577,-0.0008780966308114577,6,16
14,37,benign_puzzle_scaffold,0.19414474707803778,0.24061990255859078,-0.046475155480553004,6,16
14,37,final_answer_cue,0.22357929352194042,0.24979754654775715,-0.026218253025816735,6,16
14,37,harmful_instruction,0.0,0.004567400443728788,-0.004567400443728788,6,16
14,37,injected_reasoning,0.0,0.0026399072282937298,-0.0026399072282937298,6,16
14,38,benign_puzzle_scaffold,0.09376523163250938,0.08081652950137191,0.012948702131137468,6,16
14,38,final_answer_cue,0.564389247749462,0.5899764812975814,-0.025587233548119426,6,16
14,38,harmful_instruction,0.0,0.006291718264490353,-0.006291718264490353,6,16
14,38,injected_reasoning,0.0,0.0003303454946827942,-0.0003303454946827942,6,16
14,39,benign_puzzle_scaffold,0.015983799140145548,0.013003435228906983,0.0029803639112385653,6,16
14,39,final_answer_cue,0.11212076729267427,0.11596258658899629,-0.003841819296322019,6,16
14,39,harmful_instruction,0.0,0.0024381852760139416,-0.0024381852760139416,6,16
14,39,injected_reasoning,0.0,6.0080389395789356e-05,-6.0080389395789356e-05,6,16
15,0,benign_puzzle_scaffold,0.5292952018149034,0.47971729326648027,0.049577908548423144,6,16
15,0,final_answer_cue,0.37153534060366705,0.46596062566232627,-0.09442528505865921,6,16
15,0,harmful_instruction,0.0,0.005865566350389175,-0.005865566350389175,6,16
15,0,injected_reasoning,0.0,0.0038642206237017723,-0.0038642206237017723,6,16
15,1,benign_puzzle_scaffold,0.349019920981463,0.3425383222336958,0.006481598747767214,6,16
15,1,final_answer_cue,0.40152040397981187,0.47402385516333734,-0.07250345118352547,6,16
15,1,harmful_instruction,0.0,0.003762421410429975,-0.003762421410429975,6,16
15,1,injected_reasoning,0.0,0.003116016022058769,-0.003116016022058769,6,16
15,2,benign_puzzle_scaffold,0.15376886964650757,0.1355241321945007,0.01824473745200686,6,16
15,2,final_answer_cue,0.33374127586152386,0.3904465471032962,-0.056705271241772326,6,16
15,2,harmful_instruction,0.0,0.003544395436901872,-0.003544395436901872,6,16
15,2,injected_reasoning,0.0,0.0014307770867426663,-0.0014307770867426663,6,16
15,3,benign_puzzle_scaffold,0.20842064382560385,0.251906799997676,-0.04348615617207216,6,16
15,3,final_answer_cue,0.23808797355440117,0.2704201779222861,-0.03233220436788495,6,16
15,3,harmful_instruction,0.0,0.002625708075577397,-0.002625708075577397,6,16
15,3,injected_reasoning,0.0,0.001488063279731252,-0.001488063279731252,6,16
15,4,benign_puzzle_scaffold,0.5042351855039913,0.4661152794584373,0.038119906045553986,6,16
15,4,final_answer_cue,0.19130894096060436,0.25923485786881895,-0.06792591690821459,6,16
15,4,harmful_instruction,0.0,0.002979418194904694,-0.002979418194904694,6,16
15,4,injected_reasoning,0.0,0.0039606822336554345,-0.0039606822336554345,6,16
15,5,benign_puzzle_scaffold,0.6286887883026503,0.6680944610139937,-0.03940567271134343,6,16
15,5,final_answer_cue,0.1135513397336826,0.18273578173738425,-0.06918444200370165,6,16
15,5,harmful_instruction,0.0,0.0026388553845628424,-0.0026388553845628424,6,16
15,5,injected_reasoning,0.0,0.004982785680686693,-0.004982785680686693,6,16
15,6,benign_puzzle_scaffold,0.5650293117829203,0.6479375856997908,-0.0829082739168705,6,16
15,6,final_answer_cue,0.19651332920151057,0.23735683437201222,-0.04084350517050164,6,16
15,6,harmful_instruction,0.0,0.0032830847001819245,-0.0032830847001819245,6,16
15,6,injected_reasoning,0.0,0.005568007580540133,-0.005568007580540133,6,16
15,7,benign_puzzle_scaffold,0.43894297613412964,0.39825587203438434,0.0406871040997453,6,16
15,7,final_answer_cue,0.3246924461628879,0.4306064024102205,-0.10591395624733263,6,16
15,7,harmful_instruction,0.0,0.00519467337027599,-0.00519467337027599,6,16
15,7,injected_reasoning,0.0,0.0036230121191052605,-0.0036230121191052605,6,16
15,8,benign_puzzle_scaffold,0.09216072360393456,0.09086477519323921,0.001295948410695344,6,16
15,8,final_answer_cue,0.6085516277276029,0.6274844954743891,-0.018932867746786264,6,16
15,8,harmful_instruction,0.0,0.007291703315282654,-0.007291703315282654,6,16
15,8,injected_reasoning,0.0,0.0006508566313663199,-0.0006508566313663199,6,16
15,9,benign_puzzle_scaffold,0.30730791811649866,0.3701160207927685,-0.06280810267626985,6,16
15,9,final_answer_cue,0.27525541117042557,0.32870308049370156,-0.05344766932327599,6,16
15,9,harmful_instruction,0.0,0.0030462262671359115,-0.0030462262671359115,6,16
15,9,injected_reasoning,0.0,0.004183423903790003,-0.004183423903790003,6,16
15,10,benign_puzzle_scaffold,0.08598736632891424,0.06831329226210803,0.01767407406680621,6,16
15,10,final_answer_cue,0.2752379324872217,0.3177637018064623,-0.04252576931924057,6,16
15,10,harmful_instruction,0.0,0.0017361299501522996,-0.0017361299501522996,6,16
15,10,injected_reasoning,0.0,0.0005847588394691136,-0.0005847588394691136,6,16
15,11,benign_puzzle_scaffold,0.13875896734432627,0.08595648479787883,0.05280248254644744,6,16
15,11,final_answer_cue,0.4661606972700186,0.5313156028461739,-0.06515490557615528,6,16
15,11,harmful_instruction,0.0,0.0045174964669015836,-0.0045174964669015836,6,16
15,11,injected_reasoning,0.0,0.000897726071895602,-0.000897726071895602,6,16
15,12,benign_puzzle_scaffold,0.07382660879922201,0.04146696887234941,0.0323596399268726,6,16
15,12,final_answer_cue,0.4253509031203258,0.44120042340603727,-0.01584952028571146,6,16
15,12,harmful_instruction,0.0,0.004578849457458973,-0.004578849457458973,6,16
15,12,injected_reasoning,0.0,0.00015341115062849505,-0.00015341115062849505,6,16
15,13,benign_puzzle_scaffold,0.15680113838446472,0.1108547535107805,0.045946384873684215,6,16
15,13,final_answer_cue,0.2937806508942821,0.3323491979111358,-0.038568547016853694,6,16
15,13,harmful_instruction,0.0,0.0010416318292812696,-0.0010416318292812696,6,16
15,13,injected_reasoning,0.0,0.0005224607636728138,-0.0005224607636728138,6,16
15,14,benign_puzzle_scaffold,0.10618377338214735,0.06156903139215464,0.04461474198999271,6,16
15,14,final_answer_cue,0.368486182255019,0.39331643843036324,-0.024830256175344234,6,16
15,14,harmful_instruction,0.0,0.0017993005851977874,-0.0017993005851977874,6,16
15,14,injected_reasoning,0.0,0.00033050748747014315,-0.00033050748747014315,6,16
15,15,benign_puzzle_scaffold,0.35516828925942795,0.3395446507236981,0.015623638535729845,6,16
15,15,final_answer_cue,0.3529440284496843,0.37790192315023785,-0.02495789470055354,6,16
15,15,harmful_instruction,0.0,0.003820809454709998,-0.003820809454709998,6,16
15,15,injected_reasoning,0.0,0.0022390005964165126,-0.0022390005964165126,6,16
15,16,benign_puzzle_scaffold,0.29207551232907236,0.34707819900224723,-0.05500268667317487,6,16
15,16,final_answer_cue,0.35501254024460693,0.3901072368106666,-0.03509469656605968,6,16
15,16,harmful_instruction,0.0,0.0042595627113405764,-0.0042595627113405764,6,16
15,16,injected_reasoning,0.0,0.002462116786966818,-0.002462116786966818,6,16
15,17,benign_puzzle_scaffold,0.14972221880946182,0.10753487451857144,0.04218734429089038,6,16
15,17,final_answer_cue,0.4914956909031069,0.5078928254028856,-0.0163971344997787,6,16
15,17,harmful_instruction,0.0,0.0035251601446340073,-0.0035251601446340073,6,16
15,17,injected_reasoning,0.0,0.0007357344950401597,-0.0007357344950401597,6,16
15,18,benign_puzzle_scaffold,0.27601798796252885,0.28949847039176724,-0.013480482429238383,6,16
15,18,final_answer_cue,0.43506606935157127,0.4570156187403778,-0.021949549388806555,6,16
15,18,harmful_instruction,0.0,0.005639974472050573,-0.005639974472050573,6,16
15,18,injected_reasoning,0.0,0.0022671732015270476,-0.0022671732015270476,6,16
15,19,benign_puzzle_scaffold,0.33949346024943083,0.35167443986648816,-0.01218097961705733,6,16
15,19,final_answer_cue,0.3116904690662241,0.39658782811459775,-0.08489735904837364,6,16
15,19,harmful_instruction,0.0,0.004861563239178274,-0.004861563239178274,6,16
15,19,injected_reasoning,0.0,0.002981633523048763,-0.002981633523048763,6,16
15,20,benign_puzzle_scaffold,0.25387682824927393,0.24980463027265126,0.004072197976622671,6,16
15,20,final_answer_cue,0.318046313460866,0.34623266277593595,-0.02818634931506997,6,16
15,20,harmful_instruction,0.0,0.001958863314831869,-0.001958863314831869,6,16
15,20,injected_reasoning,0.0,0.0004780714304806511,-0.0004780714304806511,6,16
15,21,benign_puzzle_scaffold,0.1639150136880348,0.2242494871022217,-0.06033447341418691,6,16
15,21,final_answer_cue,0.053527454278963195,0.07422341271064016,-0.020695958431676965,6,16
15,21,harmful_instruction,0.0,0.00044185067539933307,-0.00044185067539933307,6,16
15,21,injected_reasoning,0.0,0.0029882626223219763,-0.0029882626223219763,6,16
15,22,benign_puzzle_scaffold,0.13549858185412708,0.22642762148694712,-0.09092903963282004,6,16
15,22,final_answer_cue,0.036850095775089665,0.0393310916260395,-0.002480995850949831,6,16
15,22,harmful_instruction,0.0,0.0008598284391843016,-0.0008598284391843016,6,16
15,22,injected_reasoning,0.0,0.004727113794063378,-0.004727113794063378,6,16
15,23,benign_puzzle_scaffold,0.35609691805741844,0.4957002687446944,-0.13960335068727597,6,16
15,23,final_answer_cue,0.0908379149135022,0.09277983367689382,-0.0019419187633916285,6,16
15,23,harmful_instruction,0.0,0.000602037053422353,-0.000602037053422353,6,16
15,23,injected_reasoning,0.0,0.009258101128876015,-0.009258101128876015,6,16
15,24,benign_puzzle_scaffold,0.37598286718081636,0.4773621259915084,-0.10137925881069204,6,16
15,24,final_answer_cue,0.1062177167890291,0.15211273298518782,-0.045895016196158725,6,16
15,24,harmful_instruction,0.0,0.0009895342872780892,-0.0009895342872780892,6,16
15,24,injected_reasoning,0.0,0.006669670856027841,-0.006669670856027841,6,16
15,25,benign_puzzle_scaffold,0.23465060956407047,0.31078304670752765,-0.07613243714345719,6,16
15,25,final_answer_cue,0.12838397982796335,0.1861939514069696,-0.05780997157900625,6,16
15,25,harmful_instruction,0.0,0.0027171750829284836,-0.0027171750829284836,6,16
15,25,injected_reasoning,0.0,0.0033914125026001584,-0.0033914125026001584,6,16
15,26,benign_puzzle_scaffold,0.356948523055371,0.2221470927247841,0.1348014303305869,6,16
15,26,final_answer_cue,0.5542703454001628,0.693823260909447,-0.13955291550928417,6,16
15,26,harmful_instruction,0.0,0.007961916304163529,-0.007961916304163529,6,16
15,26,injected_reasoning,0.0,0.0006390971449182709,-0.0006390971449182709,6,16
15,27,benign_puzzle_scaffold,0.38327457811793003,0.36353231702629263,0.019742261091637403,6,16
15,27,final_answer_cue,0.10666223090872619,0.1451106718897998,-0.038448440981073626,6,16
15,27,harmful_instruction,0.0,0.0014871745085302272,-0.0014871745085302272,6,16
15,27,injected_reasoning,0.0,0.001675573589225059,-0.001675573589225059,6,16
15,28,benign_puzzle_scaffold,0.2679180627309293,0.2806153516063277,-0.01269728887539845,6,16
15,28,final_answer_cue,0.29166710267099366,0.33894080676251426,-0.047273704091520596,6,16
15,28,harmful_instruction,0.0,0.004035738918308654,-0.004035738918308654,6,16
15,28,injected_reasoning,0.0,0.0019131807365494553,-0.0019131807365494553,6,16
15,29,benign_puzzle_scaffold,0.30688078425227466,0.3584805284663267,-0.05159974421405206,6,16
15,29,final_answer_cue,0.14688601432643647,0.22341584024393124,-0.07652982591749477,6,16
15,29,harmful_instruction,0.0,0.0013813679340504215,-0.0013813679340504215,6,16
15,29,injected_reasoning,0.0,0.004441012509402539,-0.004441012509402539,6,16
15,30,benign_puzzle_scaffold,0.09465939567966851,0.08653554262337898,0.008123853056289529,6,16
15,30,final_answer_cue,0.4644721944544958,0.46705177354275995,-0.0025795790882641723,6,16
15,30,harmful_instruction,0.0,0.004913402947360906,-0.004913402947360906,6,16
15,30,injected_reasoning,0.0,0.0005953085547039595,-0.0005953085547039595,6,16
15,31,benign_puzzle_scaffold,0.01797346992898668,0.018384046403279418,-0.00041057647429273633,6,16
15,31,final_answer_cue,0.057537432609526984,0.06441872540361074,-0.006881292794083754,6,16
15,31,harmful_instruction,0.0,0.0006320309718366684,-0.0006320309718366684,6,16
15,31,injected_reasoning,0.0,0.0001516052496486945,-0.0001516052496486945,6,16
15,32,benign_puzzle_scaffold,0.06319693058672231,0.050532962178888134,0.012663968407834174,6,16
15,32,final_answer_cue,0.31897370056528584,0.3055694707789003,0.013404229786385558,6,16
15,32,harmful_instruction,0.0,0.005174368670865887,-0.005174368670865887,6,16
15,32,injected_reasoning,0.0,0.00022300186749064498,-0.00022300186749064498,6,16
15,33,benign_puzzle_scaffold,0.05822024551713076,0.051533848939392245,0.006686396577738514,6,16
15,33,final_answer_cue,0.5212137186564567,0.5197521264938509,0.0014615921626057737,6,16
15,33,harmful_instruction,0.0,0.005769057500717757,-0.005769057500717757,6,16
15,33,injected_reasoning,0.0,0.0003163560776397342,-0.0003163560776397342,6,16
15,34,benign_puzzle_scaffold,0.0694342660447859,0.07229792613482636,-0.0028636600900404513,6,16
15,34,final_answer_cue,0.3888948093001216,0.3845652313828647,0.0043295779172569104,6,16
15,34,harmful_instruction,0.0,0.003664320440647099,-0.003664320440647099,6,16
15,34,injected_reasoning,0.0,0.00037495583391976885,-0.00037495583391976885,6,16
15,35,benign_puzzle_scaffold,0.13412760447872646,0.09748252315517658,0.03664508132354988,6,16
15,35,final_answer_cue,0.5440727753996719,0.5552603281340155,-0.011187552734343575,6,16
15,35,harmful_instruction,0.0,0.005179284860986229,-0.005179284860986229,6,16
15,35,injected_reasoning,0.0,0.0006934696325643216,-0.0006934696325643216,6,16
15,36,benign_puzzle_scaffold,0.08099592627696693,0.05843146360355976,0.02256446267340717,6,16
15,36,final_answer_cue,0.5576246603516126,0.5565852102168358,0.0010394501347767982,6,16
15,36,harmful_instruction,0.0,0.007895146253568863,-0.007895146253568863,6,16
15,36,injected_reasoning,0.0,0.00039150545959803855,-0.00039150545959803855,6,16
15,37,benign_puzzle_scaffold,0.06915654845825613,0.05794608087760474,0.011210467580651383,6,16
15,37,final_answer_cue,0.7091942924096086,0.7022493336501543,0.006944958759454334,6,16
15,37,harmful_instruction,0.0,0.009480711228941237,-0.009480711228941237,6,16
15,37,injected_reasoning,0.0,0.0004034810362896323,-0.0004034810362896323,6,16
15,38,benign_puzzle_scaffold,0.17369890015795722,0.13840834240674435,0.03529055775121287,6,16
15,38,final_answer_cue,0.5088301229862767,0.5514504602773473,-0.04262033729107062,6,16
15,38,harmful_instruction,0.0,0.006713507362801771,-0.006713507362801771,6,16
15,38,injected_reasoning,0.0,0.0011162781658389102,-0.0011162781658389102,6,16
15,39,benign_puzzle_scaffold,0.10623259229476127,0.07218540040585761,0.03404719188890366,6,16
15,39,final_answer_cue,0.6139239095525967,0.6316852352229994,-0.017761325670402672,6,16
15,39,harmful_instruction,0.0,0.0063501668964320605,-0.0063501668964320605,6,16
15,39,injected_reasoning,0.0,0.00027951437696476845,-0.00027951437696476845,6,16
16,0,benign_puzzle_scaffold,0.060075168802222745,0.04555734585991167,0.014517822942311076,6,16
16,0,final_answer_cue,0.8553032030073403,0.8533280968208274,0.001975106186512865,6,16
16,0,harmful_instruction,0.0,0.011275930790231297,-0.011275930790231297,6,16
16,0,injected_reasoning,0.0,7.226115218479877e-05,-7.226115218479877e-05,6,16
16,1,benign_puzzle_scaffold,0.0413026648688155,0.03192155427161411,0.00938111059720139,6,16
16,1,final_answer_cue,0.4446053616359487,0.47000250639026797,-0.025397144754319256,6,16
16,1,harmful_instruction,0.0,0.008766620193216107,-0.008766620193216107,6,16
16,1,injected_reasoning,0.0,7.12450661965289e-05,-7.12450661965289e-05,6,16
16,2,benign_puzzle_scaffold,0.02824091734336598,0.02935633722123994,-0.0011154198778739605,6,16
16,2,final_answer_cue,0.3277727753450213,0.33026068030398026,-0.002487904958958953,6,16
16,2,harmful_instruction,0.0,0.0031389255905923128,-0.0031389255905923128,6,16
16,2,injected_reasoning,0.0,6.487589668890545e-05,-6.487589668890545e-05,6,16
16,3,benign_puzzle_scaffold,0.09112063432896546,0.056452520785541915,0.03466811354342354,6,16
16,3,final_answer_cue,0.665501824138958,0.6944674876618935,-0.028965663522935503,6,16
16,3,harmful_instruction,0.0,0.008401747880992553,-0.008401747880992553,6,16
16,3,injected_reasoning,0.0,0.0001037512196283156,-0.0001037512196283156,6,16
16,4,benign_puzzle_scaffold,0.03830229807291484,0.039004397823721774,-0.0007020997508069352,6,16
16,4,final_answer_cue,0.25570004694823145,0.2581180648877761,-0.002418017939544659,6,16
16,4,harmful_instruction,0.0,0.004458732062941161,-0.004458732062941161,6,16
16,4,injected_reasoning,0.0,8.119406517637653e-05,-8.119406517637653e-05,6,16
16,5,benign_puzzle_scaffold,0.09598260741310664,0.09025483357611783,0.005727773836988817,6,16
16,5,final_answer_cue,0.24892477463757245,0.2941881932119127,-0.04526341857434024,6,16
16,5,harmful_instruction,0.0,0.004834105421497533,-0.004834105421497533,6,16
16,5,injected_reasoning,0.0,0.00042480478827757384,-0.00042480478827757384,6,16
16,6,benign_puzzle_scaffold,0.20970033832601534,0.15034111921213625,0.05935921911387909,6,16
16,6,final_answer_cue,0.45003166323162497,0.5810082216395465,-0.1309765584079215,6,16
16,6,harmful_instruction,0.0,0.007195046120548533,-0.007195046120548533,6,16
16,6,injected_reasoning,0.0,0.000617407679876781,-0.000617407679876781,6,16
16,7,benign_puzzle_scaffold,0.04052086986741846,0.029543854913192752,0.010977014954225706,6,16
16,7,final_answer_cue,0.9594257473173619,0.963178630589522,-0.003752883272160168,6,16
16,7,harmful_instruction,0.0,0.01352504736733456,-0.01352504736733456,6,16
16,7,injected_reasoning,0.0,0.00016921072678174488,-0.00016921072678174488,6,16
16,8,benign_puzzle_scaffold,0.5984814040055855,0.5300467079535733,0.06843469605201213,6,16
16,8,final_answer_cue,0.20596730297579638,0.2964086283510218,-0.0904413253752254,6,16
16,8,harmful_instruction,0.0,0.0017315920743340698,-0.0017315920743340698,6,16
16,8,injected_reasoning,0.0,0.004548105852809922,-0.004548105852809922,6,16
16,9,benign_puzzle_scaffold,0.16495497576818272,0.14636783126230266,0.01858714450588006,6,16
16,9,final_answer_cue,0.19741618264643912,0.23408515199755103,-0.03666896935111191,6,16
16,9,harmful_instruction,0.0,0.0038599187951246965,-0.0038599187951246965,6,16
16,9,injected_reasoning,0.0,0.00042777369017204506,-0.00042777369017204506,6,16
16,10,benign_puzzle_scaffold,0.40532292437136874,0.42990458436464335,-0.024581659993274607,6,16
16,10,final_answer_cue,0.25594613687288736,0.33485330584311646,-0.07890716897022909,6,16
16,10,harmful_instruction,0.0,0.002897396269238843,-0.002897396269238843,6,16
16,10,injected_reasoning,0.0,0.0028312677128099813,-0.0028312677128099813,6,16
16,11,benign_puzzle_scaffold,0.23370663626234936,0.1880123294201741,0.045694306842175264,6,16
16,11,final_answer_cue,0.30991719786788596,0.39614201340710087,-0.0862248155392149,6,16
16,11,harmful_instruction,0.0,0.0007297118042606991,-0.0007297118042606991,6,16
16,11,injected_reasoning,0.0,0.00047013161465287367,-0.00047013161465287367,6,16
16,12,benign_puzzle_scaffold,0.3833631276206923,0.4571374883461299,-0.07377436072543758,6,16
16,12,final_answer_cue,0.3321596843072325,0.3340380424387618,-0.0018783581315293119,6,16
16,12,harmful_instruction,0.0,0.002912299131857694,-0.002912299131857694,6,16
16,12,injected_reasoning,0.0,0.004590231546692346,-0.004590231546692346,6,16
16,13,benign_puzzle_scaffold,0.24410594558252205,0.16785055381566963,0.07625539176685242,6,16
16,13,final_answer_cue,0.6569905455625321,0.7461669614769918,-0.08917641591445968,6,16
16,13,harmful_instruction,0.0,0.004903412765985922,-0.004903412765985922,6,16
16,13,injected_reasoning,0.0,0.0007059933664424489,-0.0007059933664424489,6,16
16,14,benign_puzzle_scaffold,0.4612906564052168,0.4198987157537247,0.0413919406514921,6,16
16,14,final_answer_cue,0.22974618436558894,0.3310542555389884,-0.10130807117339943,6,16
16,14,harmful_instruction,0.0,0.0026825655845556695,-0.0026825655845556695,6,16
16,14,injected_reasoning,0.0,0.0021728991965398324,-0.0021728991965398324,6,16
16,15,benign_puzzle_scaffold,0.1481844122971487,0.07251774369225031,0.0756666686048984,6,16
16,15,final_answer_cue,0.5902820984872273,0.6253393297164695,-0.0350572312292422,6,16
16,15,harmful_instruction,0.0,0.004493500627166842,-0.004493500627166842,6,16
16,15,injected_reasoning,0.0,0.0002549362902355341,-0.0002549362902355341,6,16
16,16,benign_puzzle_scaffold,0.07448294785668504,0.04346210728597251,0.031020840570712527,6,16
16,16,final_answer_cue,0.6514645761027417,0.675995640696369,-0.024531064593627305,6,16
16,16,harmful_instruction,0.0,0.010466674193605696,-0.010466674193605696,6,16
16,16,injected_reasoning,0.0,0.00014648471566293143,-0.00014648471566293143,6,16
16,17,benign_puzzle_scaffold,0.11818660954305153,0.06639442587652712,0.05179218366652441,6,16
16,17,final_answer_cue,0.46585146529805127,0.4811216439892495,-0.015270178691198233,6,16
16,17,harmful_instruction,0.0,0.0018454125412298923,-0.0018454125412298923,6,16
16,17,injected_reasoning,0.0,0.0003219909846953068,-0.0003219909846953068,6,16
16,18,benign_puzzle_scaffold,0.15011699046136512,0.14356637346125212,0.0065506170001130015,6,16
16,18,final_answer_cue,0.7775021498285893,0.7991834306888683,-0.021681280860278984,6,16
16,18,harmful_instruction,0.0,0.012603851628016702,-0.012603851628016702,6,16
16,18,injected_reasoning,0.0,0.0006152847931833248,-0.0006152847931833248,6,16
16,19,benign_puzzle_scaffold,0.23578774476940514,0.170441142581446,0.06534660218795915,6,16
16,19,final_answer_cue,0.26037395303644845,0.3601426237264893,-0.09976867069004086,6,16
16,19,harmful_instruction,0.0,0.003049496468461444,-0.003049496468461444,6,16
16,19,injected_reasoning,0.0,0.0009460565838229564,-0.0009460565838229564,6,16
16,20,benign_puzzle_scaffold,0.6109217386775335,0.605990170399844,0.00493156827768948,6,16
16,20,final_answer_cue,0.1735992179285977,0.23271073951167753,-0.059111521583079835,6,16
16,20,harmful_instruction,0.0,0.002015122228019823,-0.002015122228019823,6,16
16,20,injected_reasoning,0.0,0.00676208643432338,-0.00676208643432338,6,16
16,21,benign_puzzle_scaffold,0.2321285103969567,0.2069700624811433,0.025158447915813398,6,16
16,21,final_answer_cue,0.4327025567304071,0.5125554031901126,-0.07985284645970553,6,16
16,21,harmful_instruction,0.0,0.007466550937188147,-0.007466550937188147,6,16
16,21,injected_reasoning,0.0,0.0003603018235172597,-0.0003603018235172597,6,16
16,22,benign_puzzle_scaffold,0.1536671327486174,0.12840604524049704,0.025261087508120367,6,16
16,22,final_answer_cue,0.5747717306796184,0.614706967471277,-0.03993523679165856,6,16
16,22,harmful_instruction,0.0,0.008944388976686687,-0.008944388976686687,6,16
16,22,injected_reasoning,0.0,0.00036800902193129216,-0.00036800902193129216,6,16
16,23,benign_puzzle_scaffold,0.4455558526613382,0.44985595072412976,-0.00430009806279158,6,16
16,23,final_answer_cue,0.20828553346971845,0.29177553260895267,-0.08348999913923422,6,16
16,23,harmful_instruction,0.0,0.0026491769700750538,-0.0026491769700750538,6,16
16,23,injected_reasoning,0.0,0.0030986538287785144,-0.0030986538287785144,6,16
16,24,benign_puzzle_scaffold,0.6105264623435108,0.610006485571752,0.0005199767717588566,6,16
16,24,final_answer_cue,0.13530294563250095,0.22728666464143768,-0.09198371900893673,6,16
16,24,harmful_instruction,0.0,0.0018743381524630397,-0.0018743381524630397,6,16
16,24,injected_reasoning,0.0,0.0033846054987019267,-0.0033846054987019267,6,16
16,25,benign_puzzle_scaffold,0.2874912826102708,0.24113976370466034,0.046351518905610456,6,16
16,25,final_answer_cue,0.35802396113860185,0.40358823175632175,-0.04556427061771989,6,16
16,25,harmful_instruction,0.0,0.0032459659160031656,-0.0032459659160031656,6,16
16,25,injected_reasoning,0.0,0.0010669861171754274,-0.0010669861171754274,6,16
16,26,benign_puzzle_scaffold,0.22450909117768472,0.214812793120259,0.009696298057425723,6,16
16,26,final_answer_cue,0.4083391234651775,0.3861911612789707,0.022147962186206793,6,16
16,26,harmful_instruction,0.0,0.0060407615473840855,-0.0060407615473840855,6,16
16,26,injected_reasoning,0.0,0.0009284438627092233,-0.0009284438627092233,6,16
16,27,benign_puzzle_scaffold,0.3208534446073211,0.3569935305570977,-0.03614008594977658,6,16
16,27,final_answer_cue,0.28526431614785963,0.3129086186083233,-0.027644302460463677,6,16
16,27,harmful_instruction,0.0,0.00452983704520565,-0.00452983704520565,6,16
16,27,injected_reasoning,0.0,0.0022488144242041766,-0.0022488144242041766,6,16
16,28,benign_puzzle_scaffold,0.3693668181174585,0.3304893252720003,0.03887749284545816,6,16
16,28,final_answer_cue,0.3716306878126394,0.48070333838723966,-0.10907265057460025,6,16
16,28,harmful_instruction,0.0,0.0038083696858987374,-0.0038083696858987374,6,16
16,28,injected_reasoning,0.0,0.0016843328037310773,-0.0016843328037310773,6,16
16,29,benign_puzzle_scaffold,0.26223370637400567,0.2739227076108799,-0.011689001236874219,6,16
16,29,final_answer_cue,0.2731593805164435,0.35203972411308204,-0.07888034359663854,6,16
16,29,harmful_instruction,0.0,0.0037209773258871353,-0.0037209773258871353,6,16
16,29,injected_reasoning,0.0,0.0016063398721355296,-0.0016063398721355296,6,16
16,30,benign_puzzle_scaffold,0.2855679057133556,0.27687832136208346,0.00868958435127215,6,16
16,30,final_answer_cue,0.39164608624533176,0.42210992895990196,-0.0304638427145702,6,16
16,30,harmful_instruction,0.0,0.0036966448318992906,-0.0036966448318992906,6,16
16,30,injected_reasoning,0.0,0.0010559040591912611,-0.0010559040591912611,6,16
16,31,benign_puzzle_scaffold,0.35641874112248306,0.47721877819577585,-0.12080003707329279,6,16
16,31,final_answer_cue,0.09340920200274894,0.11323073402967179,-0.019821532026922856,6,16
16,31,harmful_instruction,0.0,0.0009784654486249711,-0.0009784654486249711,6,16
16,31,injected_reasoning,0.0,0.005547581932703789,-0.005547581932703789,6,16
16,32,benign_puzzle_scaffold,0.09244409040890895,0.10144631258877337,-0.00900222217986442,6,16
16,32,final_answer_cue,0.2878371650913499,0.30951004423915823,-0.021672879147808355,6,16
16,32,harmful_instruction,0.0,0.0050221487446784835,-0.0050221487446784835,6,16
16,32,injected_reasoning,0.0,0.0002721770599936352,-0.0002721770599936352,6,16
16,33,benign_puzzle_scaffold,0.3759830546873936,0.3567601953361873,0.019222859351206323,6,16
16,33,final_answer_cue,0.225275512400412,0.3278619037303455,-0.10258639132993352,6,16
16,33,harmful_instruction,0.0,0.0037709681015305023,-0.0037709681015305023,6,16
16,33,injected_reasoning,0.0,0.0028924126127874298,-0.0028924126127874298,6,16
16,34,benign_puzzle_scaffold,0.1553018159610641,0.17493972730186388,-0.019637911340799785,6,16
16,34,final_answer_cue,0.26437505762053415,0.2921793051648408,-0.02780424754430666,6,16
16,34,harmful_instruction,0.0,0.0019762471484117763,-0.0019762471484117763,6,16
16,34,injected_reasoning,0.0,0.0006449859596229055,-0.0006449859596229055,6,16
16,35,benign_puzzle_scaffold,0.07619042366248684,0.13930730124394453,-0.06311687758145769,6,16
16,35,final_answer_cue,0.009457609338437832,0.017964880406527113,-0.008507271068089281,6,16
16,35,harmful_instruction,0.0,0.00012725260533808446,-0.00012725260533808446,6,16
16,35,injected_reasoning,0.0,0.0023269273829359407,-0.0023269273829359407,6,16
16,36,benign_puzzle_scaffold,0.1311409392021257,0.14655955606439192,-0.015418616862266227,6,16
16,36,final_answer_cue,0.3888324006697892,0.4889277326664561,-0.10009533199666693,6,16
16,36,harmful_instruction,0.0,0.005089088363080547,-0.005089088363080547,6,16
16,36,injected_reasoning,0.0,0.0007585468165030491,-0.0007585468165030491,6,16
16,37,benign_puzzle_scaffold,0.30824373779101927,0.4058820508255077,-0.09763831303448844,6,16
16,37,final_answer_cue,0.22377938944665088,0.2659828226575711,-0.04220343321092024,6,16
16,37,harmful_instruction,0.0,0.003445565584763198,-0.003445565584763198,6,16
16,37,injected_reasoning,0.0,0.006659336647392888,-0.006659336647392888,6,16
16,38,benign_puzzle_scaffold,0.4379287016725241,0.5298669903954512,-0.09193828872292703,6,16
16,38,final_answer_cue,0.15283615081158664,0.20698301831455718,-0.05414686750297054,6,16
16,38,harmful_instruction,0.0,0.0024020593567268475,-0.0024020593567268475,6,16
16,38,injected_reasoning,0.0,0.007920292343247537,-0.007920292343247537,6,16
16,39,benign_puzzle_scaffold,0.262107499134679,0.3662001097924194,-0.10409261065774039,6,16
16,39,final_answer_cue,0.1450712339812907,0.18813125082706533,-0.043060016845774624,6,16
16,39,harmful_instruction,0.0,0.0006392410718786359,-0.0006392410718786359,6,16
16,39,injected_reasoning,0.0,0.0028779188483233006,-0.0028779188483233006,6,16
17,0,benign_puzzle_scaffold,0.3659429103833345,0.37263878635504777,-0.006695875971713283,6,16
17,0,final_answer_cue,0.43496221942177266,0.4761188757731355,-0.04115665635136284,6,16
17,0,harmful_instruction,0.0,0.005634783009689299,-0.005634783009689299,6,16
17,0,injected_reasoning,0.0,0.002126584159244373,-0.002126584159244373,6,16
17,1,benign_puzzle_scaffold,0.17718221338404408,0.12163690241000175,0.05554531097404233,6,16
17,1,final_answer_cue,0.6470031124552204,0.7247935165058432,-0.07779040405062287,6,16
17,1,harmful_instruction,0.0,0.006264457204882902,-0.006264457204882902,6,16
17,1,injected_reasoning,0.0,0.0005651431388849352,-0.0005651431388849352,6,16
17,2,benign_puzzle_scaffold,0.3817698098753746,0.36379356943760066,0.01797624043777396,6,16
17,2,final_answer_cue,0.31890621139274855,0.40305555717618113,-0.08414934578343258,6,16
17,2,harmful_instruction,0.0,0.001955574656381762,-0.001955574656381762,6,16
17,2,injected_reasoning,0.0,0.002842010569064888,-0.002842010569064888,6,16
17,3,benign_puzzle_scaffold,0.5701126913294234,0.4829712467299948,0.08714144459942863,6,16
17,3,final_answer_cue,0.20305376133206923,0.34313424894517536,-0.14008048761310612,6,16
17,3,harmful_instruction,0.0,0.0046062046564715985,-0.0046062046564715985,6,16
17,3,injected_reasoning,0.0,0.0019549084284204298,-0.0019549084284204298,6,16
17,4,benign_puzzle_scaffold,0.45326877360270856,0.4426247264509643,0.010644047151744274,6,16
17,4,final_answer_cue,0.3139054502924998,0.4017101305631372,-0.08780468027063743,6,16
17,4,harmful_instruction,0.0,0.002648561305262193,-0.002648561305262193,6,16
17,4,injected_reasoning,0.0,0.002579106454716526,-0.002579106454716526,6,16
17,5,benign_puzzle_scaffold,0.1407138430230868,0.12799749044848538,0.012716352574601408,6,16
17,5,final_answer_cue,0.27706722662528244,0.3114585451752636,-0.034391318549981176,6,16
17,5,harmful_instruction,0.0,0.002873174883380002,-0.002873174883380002,6,16
17,5,injected_reasoning,0.0,0.0005614634638793131,-0.0005614634638793131,6,16
17,6,benign_puzzle_scaffold,0.2057378226798372,0.22549891921893556,-0.019761096539098355,6,16
17,6,final_answer_cue,0.16974500702503417,0.18617884536741852,-0.01643383834238435,6,16
17,6,harmful_instruction,0.0,0.002553008044426588,-0.002553008044426588,6,16
17,6,injected_reasoning,0.0,0.0018101994836945841,-0.0018101994836945841,6,16
17,7,benign_puzzle_scaffold,0.06367587673806945,0.08543982865812458,-0.021763951920055133,6,16
17,7,final_answer_cue,0.013150876570038718,0.016092475566334356,-0.002941598996295638,6,16
17,7,harmful_instruction,0.0,0.00012006172678799039,-0.00012006172678799039,6,16
17,7,injected_reasoning,0.0,0.0025408435150252387,-0.0025408435150252387,6,16
17,8,benign_puzzle_scaffold,0.2623584497785921,0.30783360317433706,-0.04547515339574498,6,16
17,8,final_answer_cue,0.14795080903614885,0.19371605702947964,-0.04576524799333079,6,16
17,8,harmful_instruction,0.0,0.0014848828599221889,-0.0014848828599221889,6,16
17,8,injected_reasoning,0.0,0.004125811075031666,-0.004125811075031666,6,16
17,9,benign_puzzle_scaffold,0.21275582166140028,0.2866362749503585,-0.0738804532889582,6,16
17,9,final_answer_cue,0.07455521106509307,0.08215151941323812,-0.0075963083481450505,6,16
17,9,harmful_instruction,0.0,0.00025203346627902627,-0.00025203346627902627,6,16
17,9,injected_reasoning,0.0,0.0053197699570621095,-0.0053197699570621095,6,16
17,10,benign_puzzle_scaffold,0.30606404543234017,0.2601366072697976,0.04592743816254258,6,16
17,10,final_answer_cue,0.3114026643588061,0.4208047821236488,-0.10940211776484271,6,16
17,10,harmful_instruction,0.0,0.0024901630394863947,-0.0024901630394863947,6,16
17,10,injected_reasoning,0.0,0.002469988656169469,-0.002469988656169469,6,16
17,11,benign_puzzle_scaffold,0.35882753578693954,0.4688192259710985,-0.10999169018415894,6,16
17,11,final_answer_cue,0.1438153228347992,0.18775356093066128,-0.04393823809586209,6,16
17,11,harmful_instruction,0.0,0.0008461425857596494,-0.0008461425857596494,6,16
17,11,injected_reasoning,0.0,0.006595864004683229,-0.006595864004683229,6,16
17,12,benign_puzzle_scaffold,0.16922138975172854,0.1539170046415103,0.015304385110218227,6,16
17,12,final_answer_cue,0.341062255158808,0.4585404433696886,-0.11747818821088057,6,16
17,12,harmful_instruction,0.0,0.0024661398246671657,-0.0024661398246671657,6,16
17,12,injected_reasoning,0.0,0.0014387902021904871,-0.0014387902021904871,6,16
17,13,benign_puzzle_scaffold,0.2575294237918595,0.2447494110019398,0.012780012789919692,6,16
17,13,final_answer_cue,0.46055170559185593,0.5376817082634242,-0.07713000267156828,6,16
17,13,harmful_instruction,0.0,0.002605348665016521,-0.002605348665016521,6,16
17,13,injected_reasoning,0.0,0.002976035599340029,-0.002976035599340029,6,16
17,14,benign_puzzle_scaffold,0.12426885846786767,0.08528891926789466,0.038979939199973015,6,16
17,14,final_answer_cue,0.51950243937534,0.5863547107749884,-0.06685227139964833,6,16
17,14,harmful_instruction,0.0,0.0045242464610397515,-0.0045242464610397515,6,16
17,14,injected_reasoning,0.0,0.00038082057203071796,-0.00038082057203071796,6,16
17,15,benign_puzzle_scaffold,0.7567852987432934,0.8587169977770314,-0.101931699033738,6,16
17,15,final_answer_cue,0.07406376754658385,0.09741498919497532,-0.02335122164839147,6,16
17,15,harmful_instruction,0.0,0.0009707422072213913,-0.0009707422072213913,6,16
17,15,injected_reasoning,0.0,0.008422394544259401,-0.008422394544259401,6,16
17,16,benign_puzzle_scaffold,0.048250799394578055,0.04029994254896909,0.007950856845608964,6,16
17,16,final_answer_cue,0.10665795157777984,0.1189313054458346,-0.012273353868054768,6,16
17,16,harmful_instruction,0.0,0.0007279106470351839,-0.0007279106470351839,6,16
17,16,injected_reasoning,0.0,0.0002793651153531793,-0.0002793651153531793,6,16
17,17,benign_puzzle_scaffold,0.48964668922757726,0.3196654516112251,0.16998123761635214,6,16
17,17,final_answer_cue,0.427488999560032,0.600585472298423,-0.17309647273839096,6,16
17,17,harmful_instruction,0.0,0.002878175577230016,-0.002878175577230016,6,16
17,17,injected_reasoning,0.0,0.0006908411931287411,-0.0006908411931287411,6,16
17,18,benign_puzzle_scaffold,0.11514145290104162,0.07432476440062738,0.04081668850041424,6,16
17,18,final_answer_cue,0.611767225612358,0.6765810880084511,-0.0648138623960931,6,16
17,18,harmful_instruction,0.0,0.0085103497754786,-0.0085103497754786,6,16
17,18,injected_reasoning,0.0,0.00021676891970878265,-0.00021676891970878265,6,16
17,19,benign_puzzle_scaffold,0.07979640171026703,0.05388126741510651,0.02591513429516052,6,16
17,19,final_answer_cue,0.7795371807576251,0.7779950766911418,0.001542104066483363,6,16
17,19,harmful_instruction,0.0,0.012204099834022515,-0.012204099834022515,6,16
17,19,injected_reasoning,0.0,0.0002302470214244567,-0.0002302470214244567,6,16
17,20,benign_puzzle_scaffold,0.3884889298990903,0.33765744687620725,0.05083148302288304,6,16
17,20,final_answer_cue,0.3273509592261284,0.4510964363270707,-0.1237454771009423,6,16
17,20,harmful_instruction,0.0,0.004543777931168131,-0.004543777931168131,6,16
17,20,injected_reasoning,0.0,0.002182612605061165,-0.002182612605061165,6,16
17,21,benign_puzzle_scaffold,0.15841619202335105,0.12240436924340559,0.03601182277994547,6,16
17,21,final_answer_cue,0.44866856194319366,0.49774411523228124,-0.04907555328908758,6,16
17,21,harmful_instruction,0.0,0.005661194224072909,-0.005661194224072909,6,16
17,21,injected_reasoning,0.0,0.000540986258153734,-0.000540986258153734,6,16
17,22,benign_puzzle_scaffold,0.2587680649309257,0.26157479402420475,-0.002806729093279059,6,16
17,22,final_answer_cue,0.39552081371294606,0.4465595336418717,-0.05103871992892561,6,16
17,22,harmful_instruction,0.0,0.005582324021193166,-0.005582324021193166,6,16
17,22,injected_reasoning,0.0,0.0012370743260163367,-0.0012370743260163367,6,16
17,23,benign_puzzle_scaffold,0.31172455831096735,0.28374533229617754,0.027979226014789804,6,16
17,23,final_answer_cue,0.3559777949474651,0.4650968942024846,-0.1091190992550195,6,16
17,23,harmful_instruction,0.0,0.004823235965851773,-0.004823235965851773,6,16
17,23,injected_reasoning,0.0,0.0013781041885529634,-0.0013781041885529634,6,16
17,24,benign_puzzle_scaffold,0.2676159393649919,0.2210858052043972,0.046530134160594705,6,16
17,24,final_answer_cue,0.5499389342844341,0.620734833662907,-0.07079589937847297,6,16
17,24,harmful_instruction,0.0,0.007552422003999756,-0.007552422003999756,6,16
17,24,injected_reasoning,0.0,0.0009515658178824549,-0.0009515658178824549,6,16
17,25,benign_puzzle_scaffold,0.45564255148946026,0.41399652088676964,0.04164603060269062,6,16
17,25,final_answer_cue,0.160092916183656,0.23179579134387218,-0.07170287516021617,6,16
17,25,harmful_instruction,0.0,0.002419355119896858,-0.002419355119896858,6,16
17,25,injected_reasoning,0.0,0.0026460371739742182,-0.0026460371739742182,6,16
17,26,benign_puzzle_scaffold,0.4842907622415762,0.5289977466215892,-0.04470698438001297,6,16
17,26,final_answer_cue,0.17475435455107557,0.2186811768155997,-0.04392682226452413,6,16
17,26,harmful_instruction,0.0,0.0018675509134744935,-0.0018675509134744935,6,16
17,26,injected_reasoning,0.0,0.008988390917708748,-0.008988390917708748,6,16
17,27,benign_puzzle_scaffold,0.4261086889164127,0.42140093114993105,0.004707757766481635,6,16
17,27,final_answer_cue,0.1475196824886467,0.19447131330959153,-0.046951630820944834,6,16
17,27,harmful_instruction,0.0,0.0015366831389879904,-0.0015366831389879904,6,16
17,27,injected_reasoning,0.0,0.0026988851684006014,-0.0026988851684006014,6,16
17,28,benign_puzzle_scaffold,0.12319602556745984,0.11144462376346398,0.011751401803995865,6,16
17,28,final_answer_cue,0.42813300769128215,0.46441953155918364,-0.03628652386790149,6,16
17,28,harmful_instruction,0.0,0.008236034486008471,-0.008236034486008471,6,16
17,28,injected_reasoning,0.0,0.0003783815844853091,-0.0003783815844853091,6,16
17,29,benign_puzzle_scaffold,0.41233807692981167,0.43160215124015977,-0.0192640743103481,6,16
17,29,final_answer_cue,0.1605011744882435,0.18408264634530996,-0.023581471857066466,6,16
17,29,harmful_instruction,0.0,0.0010504717204513393,-0.0010504717204513393,6,16
17,29,injected_reasoning,0.0,0.005293571960770356,-0.005293571960770356,6,16
17,30,benign_puzzle_scaffold,0.4548247552408586,0.5672652591821858,-0.11244050394132726,6,16
17,30,final_answer_cue,0.27322494103769385,0.27025833415727524,0.0029666068804186096,6,16
17,30,harmful_instruction,0.0,0.0025298691301875263,-0.0025298691301875263,6,16
17,30,injected_reasoning,0.0,0.004548285065293584,-0.004548285065293584,6,16
17,31,benign_puzzle_scaffold,0.5330749417013778,0.5215992924070079,0.01147564929436995,6,16
17,31,final_answer_cue,0.19066001749512776,0.2570329488615536,-0.06637293136642583,6,16
17,31,harmful_instruction,0.0,0.005049585024135057,-0.005049585024135057,6,16
17,31,injected_reasoning,0.0,0.002556221131506624,-0.002556221131506624,6,16
17,32,benign_puzzle_scaffold,0.3738466856848582,0.34852288614435323,0.025323799540504954,6,16
17,32,final_answer_cue,0.5162291580675221,0.5559275887553088,-0.03969843068778667,6,16
17,32,harmful_instruction,0.0,0.0055976828160459215,-0.0055976828160459215,6,16
17,32,injected_reasoning,0.0,0.0018043444365408222,-0.0018043444365408222,6,16
17,33,benign_puzzle_scaffold,0.3060242709235251,0.26475729809280424,0.04126697283072084,6,16
17,33,final_answer_cue,0.3813730103644017,0.47096293246456533,-0.08958992210016364,6,16
17,33,harmful_instruction,0.0,0.0028373985585672984,-0.0028373985585672984,6,16
17,33,injected_reasoning,0.0,0.0009610484695884347,-0.0009610484695884347,6,16
17,34,benign_puzzle_scaffold,0.6328576250306952,0.6312453729943921,0.0016122520363031079,6,16
17,34,final_answer_cue,0.2883665096279407,0.33553114257126493,-0.047164632943324236,6,16
17,34,harmful_instruction,0.0,0.003609998952800039,-0.003609998952800039,6,16
17,34,injected_reasoning,0.0,0.003318537671392045,-0.003318537671392045,6,16
17,35,benign_puzzle_scaffold,0.514932564833891,0.49729427525697495,0.0176382895769161,6,16
17,35,final_answer_cue,0.3085454459880566,0.3882418094228116,-0.079696363434755,6,16
17,35,harmful_instruction,0.0,0.003309724495787255,-0.003309724495787255,6,16
17,35,injected_reasoning,0.0,0.002192235649598269,-0.002192235649598269,6,16
17,36,benign_puzzle_scaffold,0.43832678575891787,0.5668238911927981,-0.1284971054338802,6,16
17,36,final_answer_cue,0.19569967789032894,0.2235412813243351,-0.027841603434006157,6,16
17,36,harmful_instruction,0.0,0.0018194874955882456,-0.0018194874955882456,6,16
17,36,injected_reasoning,0.0,0.004789062265099199,-0.004789062265099199,6,16
17,37,benign_puzzle_scaffold,0.33224582394081414,0.32976704224742626,0.002478781693387888,6,16
17,37,final_answer_cue,0.3198458090838054,0.39569693202098855,-0.07585112293718316,6,16
17,37,harmful_instruction,0.0,0.004659297436540404,-0.004659297436540404,6,16
17,37,injected_reasoning,0.0,0.0011839644765745372,-0.0011839644765745372,6,16
17,38,benign_puzzle_scaffold,0.2698520289797904,0.24639427358132993,0.023457755398460456,6,16
17,38,final_answer_cue,0.5167594036871411,0.5860763802248378,-0.06931697653769664,6,16
17,38,harmful_instruction,0.0,0.006502172051864772,-0.006502172051864772,6,16
17,38,injected_reasoning,0.0,0.0006872453436591721,-0.0006872453436591721,6,16
17,39,benign_puzzle_scaffold,0.4134725482046749,0.39588714990186813,0.017585398302806754,6,16
17,39,final_answer_cue,0.33330549019693184,0.4306084577537732,-0.09730296755684137,6,16
17,39,harmful_instruction,0.0,0.003056581572966302,-0.003056581572966302,6,16
17,39,injected_reasoning,0.0,0.001414153887745601,-0.001414153887745601,6,16
18,0,benign_puzzle_scaffold,0.06268123713871608,0.13305423611194195,-0.07037299897322587,6,16
18,0,final_answer_cue,0.027698228589933024,0.039759284768792286,-0.012061056178859261,6,16
18,0,harmful_instruction,0.0,0.00034119864538397616,-0.00034119864538397616,6,16
18,0,injected_reasoning,0.0,0.0019134329581363264,-0.0019134329581363264,6,16
18,1,benign_puzzle_scaffold,0.2748704873184459,0.4512055755258741,-0.17633508820742821,6,16
18,1,final_answer_cue,0.07994870345969866,0.07775332407523347,0.002195379384465193,6,16
18,1,harmful_instruction,0.0,0.0006071123131406108,-0.0006071123131406108,6,16
18,1,injected_reasoning,0.0,0.005946650289570277,-0.005946650289570277,6,16
18,2,benign_puzzle_scaffold,0.5413504629290544,0.6542595284809749,-0.11290906555192048,6,16
18,2,final_answer_cue,0.1636875826620174,0.1751135568273724,-0.011425974165354985,6,16
18,2,harmful_instruction,0.0,0.0007516160212779407,-0.0007516160212779407,6,16
18,2,injected_reasoning,0.0,0.004527899493897168,-0.004527899493897168,6,16
18,3,benign_puzzle_scaffold,0.3091909565095298,0.4274177533010214,-0.11822679679149156,6,16
18,3,final_answer_cue,0.18647847204508308,0.2072561369692466,-0.020777664924163525,6,16
18,3,harmful_instruction,0.0,0.0011697276650493148,-0.0011697276650493148,6,16
18,3,injected_reasoning,0.0,0.001260198051239891,-0.001260198051239891,6,16
18,4,benign_puzzle_scaffold,0.4710648246359861,0.6206026189885037,-0.14953779435251757,6,16
18,4,final_answer_cue,0.41261819801079125,0.3450293174452211,0.06758888056557016,6,16
18,4,harmful_instruction,0.0,0.00285363050609737,-0.00285363050609737,6,16
18,4,injected_reasoning,0.0,0.00852218658687533,-0.00852218658687533,6,16
18,5,benign_puzzle_scaffold,0.3854921907925917,0.33456733493372054,0.05092485585887119,6,16
18,5,final_answer_cue,0.5270230612782134,0.593625605887915,-0.06660254460970161,6,16
18,5,harmful_instruction,0.0,0.0062772167447055025,-0.0062772167447055025,6,16
18,5,injected_reasoning,0.0,0.001901818352198756,-0.001901818352198756,6,16
18,6,benign_puzzle_scaffold,0.4680664878209033,0.5101040481403032,-0.04203756031939987,6,16
18,6,final_answer_cue,0.30110963817119146,0.30979012979889364,-0.00868049162770218,6,16
18,6,harmful_instruction,0.0,0.0029097425714505925,-0.0029097425714505925,6,16
18,6,injected_reasoning,0.0,0.007822983035618049,-0.007822983035618049,6,16
18,7,benign_puzzle_scaffold,0.5204388260720604,0.517506352412525,0.0029324736595354173,6,16
18,7,final_answer_cue,0.2628641896876756,0.3101270331242403,-0.04726284343656467,6,16
18,7,harmful_instruction,0.0,0.0015250654766242923,-0.0015250654766242923,6,16
18,7,injected_reasoning,0.0,0.004017373996284719,-0.004017373996284719,6,16
18,8,benign_puzzle_scaffold,0.3579951407060344,0.28719787812366504,0.07079726258236935,6,16
18,8,final_answer_cue,0.23038754368944347,0.269803808017749,-0.03941626432830553,6,16
18,8,harmful_instruction,0.0,0.0018839704460201232,-0.0018839704460201232,6,16
18,8,injected_reasoning,0.0,0.0010743681962652322,-0.0010743681962652322,6,16
18,9,benign_puzzle_scaffold,0.501845884957537,0.48471177366613527,0.017134111291401743,6,16
18,9,final_answer_cue,0.24210449995683003,0.2747826161028861,-0.03267811614605609,6,16
18,9,harmful_instruction,0.0,0.0029088089657705314,-0.0029088089657705314,6,16
18,9,injected_reasoning,0.0,0.0026280982467790496,-0.0026280982467790496,6,16
18,10,benign_puzzle_scaffold,0.15498571215679985,0.12935140755939384,0.02563430459740601,6,16
18,10,final_answer_cue,0.540555416124613,0.5708181145238398,-0.030262698399226795,6,16
18,10,harmful_instruction,0.0,0.006714186515505521,-0.006714186515505521,6,16
18,10,injected_reasoning,0.0,0.0008343005355069644,-0.0008343005355069644,6,16
18,11,benign_puzzle_scaffold,0.10644002703489762,0.06217667049268566,0.04426335654221196,6,16
18,11,final_answer_cue,0.6469153816183388,0.6937371485338388,-0.046821766915499996,6,16
18,11,harmful_instruction,0.0,0.009427856168840114,-0.009427856168840114,6,16
18,11,injected_reasoning,0.0,0.00024277526770957516,-0.00024277526770957516,6,16
18,12,benign_puzzle_scaffold,0.21892554150415958,0.1504159100543795,0.06850963144978009,6,16
18,12,final_answer_cue,0.43705952238332474,0.5149573027762914,-0.07789778039296663,6,16
18,12,harmful_instruction,0.0,0.00343279964569847,-0.00343279964569847,6,16
18,12,injected_reasoning,0.0,0.0008260591774687375,-0.0008260591774687375,6,16
18,13,benign_puzzle_scaffold,0.10340573309714492,0.08993976289684164,0.013465970200303282,6,16
18,13,final_answer_cue,0.2694903061531424,0.30788155371176473,-0.03839124755862233,6,16
18,13,harmful_instruction,0.0,0.004634288805751122,-0.004634288805751122,6,16
18,13,injected_reasoning,0.0,0.0004413722060063888,-0.0004413722060063888,6,16
18,14,benign_puzzle_scaffold,0.04976599288168953,0.03736962989244624,0.012396362989243286,6,16
18,14,final_answer_cue,0.47828986352334946,0.4922676528790975,-0.01397778935574806,6,16
18,14,harmful_instruction,0.0,0.006210315469850729,-0.006210315469850729,6,16
18,14,injected_reasoning,0.0,0.00016109607084023687,-0.00016109607084023687,6,16
18,15,benign_puzzle_scaffold,0.6445368744705299,0.6059174217415056,0.03861945272902423,6,16
18,15,final_answer_cue,0.17155303570447986,0.2725474334916902,-0.10099439778721034,6,16
18,15,harmful_instruction,0.0,0.002792086220731492,-0.002792086220731492,6,16
18,15,injected_reasoning,0.0,0.002676191481729928,-0.002676191481729928,6,16
18,16,benign_puzzle_scaffold,0.5280076287203206,0.5108434454917311,0.01716418322858948,6,16
18,16,final_answer_cue,0.309312751338605,0.39845349182632706,-0.08914074048772208,6,16
18,16,harmful_instruction,0.0,0.002857804364225361,-0.002857804364225361,6,16
18,16,injected_reasoning,0.0,0.004166901139575066,-0.004166901139575066,6,16
18,17,benign_puzzle_scaffold,0.08830539501443102,0.08134877125591995,0.0069566237585110685,6,16
18,17,final_answer_cue,0.7146026160756062,0.7703990578326674,-0.05579644175706122,6,16
18,17,harmful_instruction,0.0,0.01016749441322863,-0.01016749441322863,6,16
18,17,injected_reasoning,0.0,0.000436456124885429,-0.000436456124885429,6,16
18,18,benign_puzzle_scaffold,0.5419345857089687,0.5601646615196634,-0.01823007581069469,6,16
18,18,final_answer_cue,0.2785101286351474,0.33366831318551926,-0.05515818455037186,6,16
18,18,harmful_instruction,0.0,0.003135574014056141,-0.003135574014056141,6,16
18,18,injected_reasoning,0.0,0.003477183499534654,-0.003477183499534654,6,16
18,19,benign_puzzle_scaffold,0.6116577637569046,0.6856007847170991,-0.07394302096019445,6,16
18,19,final_answer_cue,0.25903428229418624,0.27298879962799927,-0.013954517333813032,6,16
18,19,harmful_instruction,0.0,0.0030391421250158803,-0.0030391421250158803,6,16
18,19,injected_reasoning,0.0,0.006198410406948167,-0.006198410406948167,6,16
18,20,benign_puzzle_scaffold,0.3439430792557217,0.35885975218345106,-0.014916672927729357,6,16
18,20,final_answer_cue,0.03145127151123576,0.05906001794380966,-0.027608746432573904,6,16
18,20,harmful_instruction,0.0,0.0004896493024256943,-0.0004896493024256943,6,16
18,20,injected_reasoning,0.0,0.003018501617463005,-0.003018501617463005,6,16
18,21,benign_puzzle_scaffold,0.29707557099173004,0.24144232769161578,0.055633243300114266,6,16
18,21,final_answer_cue,0.13487572785436377,0.19862345110824187,-0.06374772325387809,6,16
18,21,harmful_instruction,0.0,0.0012538650895627238,-0.0012538650895627238,6,16
18,21,injected_reasoning,0.0,0.0011329125789133155,-0.0011329125789133155,6,16
18,22,benign_puzzle_scaffold,0.07821603044194814,0.09956201989763706,-0.021345989455688927,6,16
18,22,final_answer_cue,0.01645618186698504,0.016976525858419758,-0.0005203439914347185,6,16
18,22,harmful_instruction,0.0,5.5049252179860626e-05,-5.5049252179860626e-05,6,16
18,22,injected_reasoning,0.0,0.0031420904250730017,-0.0031420904250730017,6,16
18,23,benign_puzzle_scaffold,0.11141362711217674,0.09212225958456205,0.019291367527614692,6,16
18,23,final_answer_cue,0.2296428575307111,0.2589111849539758,-0.02926832742326471,6,16
18,23,harmful_instruction,0.0,0.0026926033899137736,-0.0026926033899137736,6,16
18,23,injected_reasoning,0.0,0.0008153213106931902,-0.0008153213106931902,6,16
18,24,benign_puzzle_scaffold,0.3189079792777532,0.29466688680797265,0.024241092469780567,6,16
18,24,final_answer_cue,0.1343483431787666,0.17730517147434527,-0.042956828295578675,6,16
18,24,harmful_instruction,0.0,0.0007779899698775511,-0.0007779899698775511,6,16
18,24,injected_reasoning,0.0,0.002751324241728079,-0.002751324241728079,6,16
18,25,benign_puzzle_scaffold,0.27407562395647955,0.31371933294052823,-0.039643708984048676,6,16
18,25,final_answer_cue,0.28416015822180424,0.3206233896136941,-0.03646323139188984,6,16
18,25,harmful_instruction,0.0,0.0022749202132449995,-0.0022749202132449995,6,16
18,25,injected_reasoning,0.0,0.0016913186771228756,-0.0016913186771228756,6,16
18,26,benign_puzzle_scaffold,0.4534737925286653,0.5629646740839966,-0.10949088155533132,6,16
18,26,final_answer_cue,0.1309429499785212,0.16910109868188694,-0.03815814870336573,6,16
18,26,harmful_instruction,0.0,0.0017888245857082168,-0.0017888245857082168,6,16
18,26,injected_reasoning,0.0,0.0025216115437967333,-0.0025216115437967333,6,16
18,27,benign_puzzle_scaffold,0.30480324410764414,0.2853294613765005,0.01947378273114364,6,16
18,27,final_answer_cue,0.15392449097713046,0.2023939711645567,-0.04846948018742625,6,16
18,27,harmful_instruction,0.0,0.0018988048804866923,-0.0018988048804866923,6,16
18,27,injected_reasoning,0.0,0.0011630989174989661,-0.0011630989174989661,6,16
18,28,benign_puzzle_scaffold,0.3175317870267559,0.41786577074605347,-0.10033398371929758,6,16
18,28,final_answer_cue,0.04950947693855193,0.07035398213612606,-0.020844505197574137,6,16
18,28,harmful_instruction,0.0,0.0004209153994841244,-0.0004209153994841244,6,16
18,28,injected_reasoning,0.0,0.0058214469851455685,-0.0058214469851455685,6,16
18,29,benign_puzzle_scaffold,0.2751422414225729,0.27006558683108367,0.005076654591489205,6,16
18,29,final_answer_cue,0.22888362456887448,0.27580542819794157,-0.04692180362906709,6,16
18,29,harmful_instruction,0.0,0.0020740975183101244,-0.0020740975183101244,6,16
18,29,injected_reasoning,0.0,0.0014329973802183712,-0.0014329973802183712,6,16
18,30,benign_puzzle_scaffold,0.2355184440415388,0.25887579893089085,-0.02335735488935206,6,16
18,30,final_answer_cue,0.19373861436948422,0.2858722953156675,-0.09213368094618327,6,16
18,30,harmful_instruction,0.0,0.0028773918223130063,-0.0028773918223130063,6,16
18,30,injected_reasoning,0.0,0.002082915188278812,-0.002082915188278812,6,16
18,31,benign_puzzle_scaffold,0.24378052871079348,0.27990649365556086,-0.036125964944767386,6,16
18,31,final_answer_cue,0.12756854839483367,0.20799397965886957,-0.0804254312640359,6,16
18,31,harmful_instruction,0.0,0.0014340931669443561,-0.0014340931669443561,6,16
18,31,injected_reasoning,0.0,0.002243025619226812,-0.002243025619226812,6,16
18,32,benign_puzzle_scaffold,0.37353724023188795,0.3497987145471858,0.02373852568470214,6,16
18,32,final_answer_cue,0.1854370155470755,0.28290292642636594,-0.09746591087929043,6,16
18,32,harmful_instruction,0.0,0.0018281025434225724,-0.0018281025434225724,6,16
18,32,injected_reasoning,0.0,0.002975290477726625,-0.002975290477726625,6,16
18,33,benign_puzzle_scaffold,0.2997686407418923,0.3826118749913204,-0.08284323424942808,6,16
18,33,final_answer_cue,0.1932770502380803,0.19759038040557408,-0.004313330167493773,6,16
18,33,harmful_instruction,0.0,0.0012480695283664705,-0.0012480695283664705,6,16
18,33,injected_reasoning,0.0,0.0035994261423369623,-0.0035994261423369623,6,16
18,34,benign_puzzle_scaffold,0.13123201472262494,0.17803329786117442,-0.046801283138549477,6,16
18,34,final_answer_cue,0.05618729288789614,0.09173771011534412,-0.035550417227447985,6,16
18,34,harmful_instruction,0.0,0.0005174990056880749,-0.0005174990056880749,6,16
18,34,injected_reasoning,0.0,0.0020583320964004314,-0.0020583320964004314,6,16
18,35,benign_puzzle_scaffold,0.11679409947652793,0.07712592655176476,0.03966817292476317,6,16
18,35,final_answer_cue,0.672974865064203,0.6922162252532559,-0.01924136018905287,6,16
18,35,harmful_instruction,0.0,0.00897239334595253,-0.00897239334595253,6,16
18,35,injected_reasoning,0.0,0.0001924964392483959,-0.0001924964392483959,6,16
18,36,benign_puzzle_scaffold,0.1292735031352919,0.08706351574262655,0.04220998739266535,6,16
18,36,final_answer_cue,0.5912051491704539,0.6164764698482155,-0.02527132067776161,6,16
18,36,harmful_instruction,0.0,0.007668887727877062,-0.007668887727877062,6,16
18,36,injected_reasoning,0.0,0.00020290856759571697,-0.00020290856759571697,6,16
18,37,benign_puzzle_scaffold,0.08366346472209646,0.06589846788112326,0.0177649968409732,6,16
18,37,final_answer_cue,0.46864226787767055,0.5218423265196142,-0.053200058641943604,6,16
18,37,harmful_instruction,0.0,0.007863761777483165,-0.007863761777483165,6,16
18,37,injected_reasoning,0.0,0.00028259627175912115,-0.00028259627175912115,6,16
18,38,benign_puzzle_scaffold,0.09192981944731043,0.07077290847156667,0.021156910975743765,6,16
18,38,final_answer_cue,0.5784962435627884,0.6183520894519385,-0.03985584588915014,6,16
18,38,harmful_instruction,0.0,0.009047071823358541,-0.009047071823358541,6,16
18,38,injected_reasoning,0.0,0.00020885974017736494,-0.00020885974017736494,6,16
18,39,benign_puzzle_scaffold,0.1514574156370433,0.09370396403485684,0.05775345160218645,6,16
18,39,final_answer_cue,0.663616958228659,0.7236855768326516,-0.060068618603992596,6,16
18,39,harmful_instruction,0.0,0.007488141548134662,-0.007488141548134662,6,16
18,39,injected_reasoning,0.0,0.00023289008494564617,-0.00023289008494564617,6,16
19,0,benign_puzzle_scaffold,0.06364612035368511,0.04318951295392259,0.020456607399762516,6,16
19,0,final_answer_cue,0.569829596237202,0.5912892490095802,-0.021459652772378268,6,16
19,0,harmful_instruction,0.0,0.008614858656759072,-0.008614858656759072,6,16
19,0,injected_reasoning,0.0,0.00038014549029066763,-0.00038014549029066763,6,16
19,1,benign_puzzle_scaffold,0.13529704445229407,0.11892697472040697,0.016370069731887094,6,16
19,1,final_answer_cue,0.5251454597258098,0.5527293831666484,-0.027583923440838598,6,16
19,1,harmful_instruction,0.0,0.007052537646370875,-0.007052537646370875,6,16
19,1,injected_reasoning,0.0,0.0011630390080272972,-0.0011630390080272972,6,16
19,2,benign_puzzle_scaffold,0.16699435072203642,0.11569524506025786,0.05129910566177856,6,16
19,2,final_answer_cue,0.4649501019869449,0.5366751402927047,-0.07172503830575977,6,16
19,2,harmful_instruction,0.0,0.005184208339575515,-0.005184208339575515,6,16
19,2,injected_reasoning,0.0,0.0005469023080517344,-0.0005469023080517344,6,16
19,3,benign_puzzle_scaffold,0.1090790327401686,0.06036067108440094,0.04871836165576766,6,16
19,3,final_answer_cue,0.5031255303326282,0.5484932730330312,-0.045367742700403,6,16
19,3,harmful_instruction,0.0,0.005172956365213789,-0.005172956365213789,6,16
19,3,injected_reasoning,0.0,0.0004613313567548462,-0.0004613313567548462,6,16
19,4,benign_puzzle_scaffold,0.0700049663459321,0.04268516827189779,0.027319798074034313,6,16
19,4,final_answer_cue,0.5609324130925083,0.6022984277849285,-0.04136601469242018,6,16
19,4,harmful_instruction,0.0,0.006900466120514193,-0.006900466120514193,6,16
19,4,injected_reasoning,0.0,0.00049447725412106,-0.00049447725412106,6,16
19,5,benign_puzzle_scaffold,0.3071862330110258,0.3585974428205372,-0.05141120980951136,6,16
19,5,final_answer_cue,0.2567161093338489,0.27857566061938244,-0.02185955128553352,6,16
19,5,harmful_instruction,0.0,0.0015707974597076733,-0.0015707974597076733,6,16
19,5,injected_reasoning,0.0,0.0032515167956083443,-0.0032515167956083443,6,16
19,6,benign_puzzle_scaffold,0.0802022440540409,0.05114075668479911,0.029061487369241794,6,16
19,6,final_answer_cue,0.42691074068909535,0.4360510051930678,-0.009140264503972428,6,16
19,6,harmful_instruction,0.0,0.005912805877398147,-0.005912805877398147,6,16
19,6,injected_reasoning,0.0,0.00032723071584319805,-0.00032723071584319805,6,16
19,7,benign_puzzle_scaffold,0.3347293443789205,0.3487116492374759,-0.013982304858555394,6,16
19,7,final_answer_cue,0.07561453519873325,0.10033794026994781,-0.024723405071214566,6,16
19,7,harmful_instruction,0.0,0.0010039273150948304,-0.0010039273150948304,6,16
19,7,injected_reasoning,0.0,0.0036253390253739096,-0.0036253390253739096,6,16
19,8,benign_puzzle_scaffold,0.26260890805515325,0.3222633464501691,-0.05965443839501583,6,16
19,8,final_answer_cue,0.22159003514306522,0.22748967245335894,-0.0058996373102937205,6,16
19,8,harmful_instruction,0.0,0.0019244864583239966,-0.0019244864583239966,6,16
19,8,injected_reasoning,0.0,0.0039285004626292966,-0.0039285004626292966,6,16
19,9,benign_puzzle_scaffold,0.08346807627877499,0.06922871273270707,0.014239363546067918,6,16
19,9,final_answer_cue,0.634396900708669,0.6549497937522044,-0.02055289304353536,6,16
19,9,harmful_instruction,0.0,0.010095300350732559,-0.010095300350732559,6,16
19,9,injected_reasoning,0.0,0.0003002003362434773,-0.0003002003362434773,6,16
19,10,benign_puzzle_scaffold,0.2268686461164464,0.18545186439847192,0.04141678171797447,6,16
19,10,final_answer_cue,0.45888701755838995,0.5066801991373084,-0.04779318157891849,6,16
19,10,harmful_instruction,0.0,0.00307436658836618,-0.00307436658836618,6,16
19,10,injected_reasoning,0.0,0.0005484486695797431,-0.0005484486695797431,6,16
19,11,benign_puzzle_scaffold,0.22748469930769433,0.2725873168974333,-0.04510261758973899,6,16
19,11,final_answer_cue,0.1922028996773869,0.2578692343248339,-0.06566633464744698,6,16
19,11,harmful_instruction,0.0,0.00177316262014938,-0.00177316262014938,6,16
19,11,injected_reasoning,0.0,0.0013434876004039715,-0.0013434876004039715,6,16
19,12,benign_puzzle_scaffold,0.27293665888843555,0.35317043541861326,-0.08023377653017771,6,16
19,12,final_answer_cue,0.27883860700052615,0.2765682637200032,0.002270343280522946,6,16
19,12,harmful_instruction,0.0,0.0035257710244520645,-0.0035257710244520645,6,16
19,12,injected_reasoning,0.0,0.0029149993114655636,-0.0029149993114655636,6,16
19,13,benign_puzzle_scaffold,0.28388753950860146,0.2775081244668273,0.006379415041774139,6,16
19,13,final_answer_cue,0.5450370260373818,0.5777996116371387,-0.032762585599756866,6,16
19,13,harmful_instruction,0.0,0.006555768537512649,-0.006555768537512649,6,16
19,13,injected_reasoning,0.0,0.0009510710031923757,-0.0009510710031923757,6,16
19,14,benign_puzzle_scaffold,0.3178320993771247,0.28775812727557126,0.030073972101553437,6,16
19,14,final_answer_cue,0.3648307968747993,0.38680028782150355,-0.02196949094670425,6,16
19,14,harmful_instruction,0.0,0.003732769039345672,-0.003732769039345672,6,16
19,14,injected_reasoning,0.0,0.0016357753107353868,-0.0016357753107353868,6,16
19,15,benign_puzzle_scaffold,0.3519622426451752,0.46321067678226774,-0.11124843413709251,6,16
19,15,final_answer_cue,0.16698494817215803,0.1791403192296165,-0.01215537105745848,6,16
19,15,harmful_instruction,0.0,0.0006983447494361467,-0.0006983447494361467,6,16
19,15,injected_reasoning,0.0,0.003072514771725647,-0.003072514771725647,6,16
19,16,benign_puzzle_scaffold,0.15883350775464067,0.1773507906020491,-0.018517282847408445,6,16
19,16,final_answer_cue,0.33355880561741674,0.3522757911948188,-0.018716985577402034,6,16
19,16,harmful_instruction,0.0,0.003385995058814566,-0.003385995058814566,6,16
19,16,injected_reasoning,0.0,0.0004261910069718654,-0.0004261910069718654,6,16
19,17,benign_puzzle_scaffold,0.17102915723935486,0.2629933395391528,-0.09196418229979797,6,16
19,17,final_answer_cue,0.15878647777753754,0.1335320679140462,0.02525440986349134,6,16
19,17,harmful_instruction,0.0,0.0007257745772380598,-0.0007257745772380598,6,16
19,17,injected_reasoning,0.0,0.0021954336243409237,-0.0021954336243409237,6,16
19,18,benign_puzzle_scaffold,0.3485686839562754,0.41485406446729145,-0.06628538051101607,6,16
19,18,final_answer_cue,0.19016859618776163,0.2505228103865389,-0.06035421419877726,6,16
19,18,harmful_instruction,0.0,0.0012863816945385383,-0.0012863816945385383,6,16
19,18,injected_reasoning,0.0,0.0023648975387758767,-0.0023648975387758767,6,16
19,19,benign_puzzle_scaffold,0.21458682212546973,0.3456101949891076,-0.13102337286363788,6,16
19,19,final_answer_cue,0.15025854086139806,0.15137620536531746,-0.0011176645039193966,6,16
19,19,harmful_instruction,0.0,0.001126029064792498,-0.001126029064792498,6,16
19,19,injected_reasoning,0.0,0.0038582789025724436,-0.0038582789025724436,6,16
19,20,benign_puzzle_scaffold,0.3228820122896167,0.31849688879874555,0.004385123490871168,6,16
19,20,final_answer_cue,0.5029601042928988,0.5517994113158189,-0.04883930702292005,6,16
19,20,harmful_instruction,0.0,0.00481370292905956,-0.00481370292905956,6,16
19,20,injected_reasoning,0.0,0.0010238853185210025,-0.0010238853185210025,6,16
19,21,benign_puzzle_scaffold,0.3179899564964053,0.2559317957299043,0.062058160766501,6,16
19,21,final_answer_cue,0.4265521682909566,0.5399077540269854,-0.11335558573602883,6,16
19,21,harmful_instruction,0.0,0.005385382059498339,-0.005385382059498339,6,16
19,21,injected_reasoning,0.0,0.0007808506368526235,-0.0007808506368526235,6,16
19,22,benign_puzzle_scaffold,0.39143818706854544,0.5018154047509129,-0.11037721768236747,6,16
19,22,final_answer_cue,0.2618774635533896,0.2805632172069909,-0.01868575365360131,6,16
19,22,harmful_instruction,0.0,0.001790116225479527,-0.001790116225479527,6,16
19,22,injected_reasoning,0.0,0.00458561035812478,-0.00458561035812478,6,16
19,23,benign_puzzle_scaffold,0.17399550185787707,0.1811221248730471,-0.0071266230151700305,6,16
19,23,final_answer_cue,0.35085131319155244,0.38111351617554223,-0.030262202983989794,6,16
19,23,harmful_instruction,0.0,0.004264397815744463,-0.004264397815744463,6,16
19,23,injected_reasoning,0.0,0.0010018574559673844,-0.0010018574559673844,6,16
19,24,benign_puzzle_scaffold,0.3333061428612361,0.3251959057658681,0.008110237095368011,6,16
19,24,final_answer_cue,0.43398483641635427,0.49968398874879844,-0.06569915233244417,6,16
19,24,harmful_instruction,0.0,0.002573499771062026,-0.002573499771062026,6,16
19,24,injected_reasoning,0.0,0.0012015978674242852,-0.0012015978674242852,6,16
19,25,benign_puzzle_scaffold,0.3174703548913318,0.2778530656455057,0.03961728924582608,6,16
19,25,final_answer_cue,0.2747945556396896,0.3860765378876114,-0.11128198224792185,6,16
19,25,harmful_instruction,0.0,0.003592327545906609,-0.003592327545906609,6,16
19,25,injected_reasoning,0.0,0.0016060017463601407,-0.0016060017463601407,6,16
19,26,benign_puzzle_scaffold,0.3722606789172885,0.4229425338119591,-0.05068185489467064,6,16
19,26,final_answer_cue,0.09983523267208265,0.12141596177724151,-0.02158072910515886,6,16
19,26,harmful_instruction,0.0,0.0012297524253174642,-0.0012297524253174642,6,16
19,26,injected_reasoning,0.0,0.0020591108548241007,-0.0020591108548241007,6,16
19,27,benign_puzzle_scaffold,0.2259036494838096,0.1812224569673043,0.04468119251650529,6,16
19,27,final_answer_cue,0.34393761873233303,0.4558324200026832,-0.11189480127035017,6,16
19,27,harmful_instruction,0.0,0.004359869848659995,-0.004359869848659995,6,16
19,27,injected_reasoning,0.0,0.0011509547503635964,-0.0011509547503635964,6,16
19,28,benign_puzzle_scaffold,0.20154912441276332,0.18364408530980986,0.017905039102953463,6,16
19,28,final_answer_cue,0.3485171926504372,0.4197574542117383,-0.07124026156130114,6,16
19,28,harmful_instruction,0.0,0.004695818209695534,-0.004695818209695534,6,16
19,28,injected_reasoning,0.0,0.0009120645329055181,-0.0009120645329055181,6,16
19,29,benign_puzzle_scaffold,0.17199653784544067,0.16731844438729504,0.004678093458145627,6,16
19,29,final_answer_cue,0.3903961560984801,0.46997088243714,-0.07957472633865992,6,16
19,29,harmful_instruction,0.0,0.006190732984389457,-0.006190732984389457,6,16
19,29,injected_reasoning,0.0,0.0008924764738191558,-0.0008924764738191558,6,16
19,30,benign_puzzle_scaffold,0.4053207783800112,0.3880070423781602,0.017313736001850988,6,16
19,30,final_answer_cue,0.3364126957131748,0.41396240002121865,-0.07754970430804387,6,16
19,30,harmful_instruction,0.0,0.003435337730220433,-0.003435337730220433,6,16
19,30,injected_reasoning,0.0,0.001467670205323868,-0.001467670205323868,6,16
19,31,benign_puzzle_scaffold,0.3493346983921149,0.35672757073220207,-0.007392872340087175,6,16
19,31,final_answer_cue,0.3671860407925431,0.4388753432165786,-0.07168930242403554,6,16
19,31,harmful_instruction,0.0,0.002823912625881642,-0.002823912625881642,6,16
19,31,injected_reasoning,0.0,0.001065522257207118,-0.001065522257207118,6,16
19,32,benign_puzzle_scaffold,0.3203183060020542,0.2873359921402364,0.03298231386181777,6,16
19,32,final_answer_cue,0.46832562429205504,0.5407007918434519,-0.07237516755139684,6,16
19,32,harmful_instruction,0.0,0.005867674311842602,-0.005867674311842602,6,16
19,32,injected_reasoning,0.0,0.0011493855087686834,-0.0011493855087686834,6,16
19,33,benign_puzzle_scaffold,0.33406543133047,0.35353238023261785,-0.01946694890214784,6,16
19,33,final_answer_cue,0.45537505947705775,0.4881607766855003,-0.03278571720844253,6,16
19,33,harmful_instruction,0.0,0.0034379274055451607,-0.0034379274055451607,6,16
19,33,injected_reasoning,0.0,0.0010696370459580893,-0.0010696370459580893,6,16
19,34,benign_puzzle_scaffold,0.3882163488005243,0.3826084447588082,0.0056079040417161274,6,16
19,34,final_answer_cue,0.39129260474073146,0.47197202965114937,-0.08067942491041791,6,16
19,34,harmful_instruction,0.0,0.004352446287164907,-0.004352446287164907,6,16
19,34,injected_reasoning,0.0,0.0016223550635841247,-0.0016223550635841247,6,16
19,35,benign_puzzle_scaffold,0.3977559229827052,0.3841544305261725,0.013601492456532693,6,16
19,35,final_answer_cue,0.4098819478083486,0.4725695219953294,-0.06268757418698084,6,16
19,35,harmful_instruction,0.0,0.005333654390878956,-0.005333654390878956,6,16
19,35,injected_reasoning,0.0,0.0020319441155949095,-0.0020319441155949095,6,16
19,36,benign_puzzle_scaffold,0.5012303596585782,0.48696709418152384,0.014263265477054365,6,16
19,36,final_answer_cue,0.2872641263983069,0.3528318333095263,-0.06556770691121938,6,16
19,36,harmful_instruction,0.0,0.0031428647693186856,-0.0031428647693186856,6,16
19,36,injected_reasoning,0.0,0.00310870275879684,-0.00310870275879684,6,16
19,37,benign_puzzle_scaffold,0.31146110139300814,0.2728967348935014,0.03856436649950673,6,16
19,37,final_answer_cue,0.4366041965364961,0.5311865310758204,-0.09458233453932424,6,16
19,37,harmful_instruction,0.0,0.0037986189397993452,-0.0037986189397993452,6,16
19,37,injected_reasoning,0.0,0.0010744558839028981,-0.0010744558839028981,6,16
19,38,benign_puzzle_scaffold,0.19222547995706638,0.19896364248673137,-0.006738162529664998,6,16
19,38,final_answer_cue,0.594947702880129,0.6196914967466574,-0.024743793866528363,6,16
19,38,harmful_instruction,0.0,0.009220775084293177,-0.009220775084293177,6,16
19,38,injected_reasoning,0.0,0.0006318979935296043,-0.0006318979935296043,6,16
19,39,benign_puzzle_scaffold,0.5470243240026443,0.46863212840045365,0.07839219560219068,6,16
19,39,final_answer_cue,0.21503176082374278,0.34729459011645963,-0.13226282929271685,6,16
19,39,harmful_instruction,0.0,0.0027067286135906777,-0.0027067286135906777,6,16
19,39,injected_reasoning,0.0,0.001855105185723761,-0.001855105185723761,6,16
20,0,benign_puzzle_scaffold,0.2703060544603784,0.2726944259840044,-0.002388371523625976,6,16
20,0,final_answer_cue,0.36641109199793886,0.3894242172346332,-0.023013125236694354,6,16
20,0,harmful_instruction,0.0,0.004570247753203768,-0.004570247753203768,6,16
20,0,injected_reasoning,0.0,0.0011171489898282982,-0.0011171489898282982,6,16
20,1,benign_puzzle_scaffold,0.0974573451633054,0.08538619937881216,0.01207114578449324,6,16
20,1,final_answer_cue,0.2358784150709051,0.26351425258894157,-0.02763583751803647,6,16
20,1,harmful_instruction,0.0,0.00395668480633822,-0.00395668480633822,6,16
20,1,injected_reasoning,0.0,0.0004128258738049947,-0.0004128258738049947,6,16
20,2,benign_puzzle_scaffold,0.273994085268442,0.28878114501145036,-0.014787059743008368,6,16
20,2,final_answer_cue,0.07195611031002618,0.09455273859929345,-0.02259662828926727,6,16
20,2,harmful_instruction,0.0,0.0009643880383134667,-0.0009643880383134667,6,16
20,2,injected_reasoning,0.0,0.002494421171528281,-0.002494421171528281,6,16
20,3,benign_puzzle_scaffold,0.2317679224822067,0.21017100262368807,0.021596919858518637,6,16
20,3,final_answer_cue,0.16848963398893999,0.18835394234293698,-0.019864308353996996,6,16
20,3,harmful_instruction,0.0,0.004083226433289943,-0.004083226433289943,6,16
20,3,injected_reasoning,0.0,0.0010942936469787127,-0.0010942936469787127,6,16
20,4,benign_puzzle_scaffold,0.46690893660735044,0.49430164323996717,-0.027392706632616726,6,16
20,4,final_answer_cue,0.12404029154405637,0.16550514340360833,-0.04146485185955197,6,16
20,4,harmful_instruction,0.0,0.0019872628368225063,-0.0019872628368225063,6,16
20,4,injected_reasoning,0.0,0.003820615939127587,-0.003820615939127587,6,16
20,5,benign_puzzle_scaffold,0.09243006368325757,0.16103823262506184,-0.06860816894180427,6,16
20,5,final_answer_cue,0.018413593535684804,0.027979689600467206,-0.009566096064782401,6,16
20,5,harmful_instruction,0.0,0.00012195323575447752,-0.00012195323575447752,6,16
20,5,injected_reasoning,0.0,0.0022587118366506668,-0.0022587118366506668,6,16
20,6,benign_puzzle_scaffold,0.180679295767592,0.21756616737406378,-0.03688687160647178,6,16
20,6,final_answer_cue,0.04710078072161366,0.07415922638286705,-0.027058445661253393,6,16
20,6,harmful_instruction,0.0,0.00018869909117597038,-0.00018869909117597038,6,16
20,6,injected_reasoning,0.0,0.002835802431904095,-0.002835802431904095,6,16
20,7,benign_puzzle_scaffold,0.20948743789935884,0.24527116839015362,-0.03578373049079478,6,16
20,7,final_answer_cue,0.08549930408550317,0.12295397081429836,-0.03745466672879519,6,16
20,7,harmful_instruction,0.0,0.000774911530469381,-0.000774911530469381,6,16
20,7,injected_reasoning,0.0,0.0026194660255779707,-0.0026194660255779707,6,16
20,8,benign_puzzle_scaffold,0.22585053522695472,0.23018499352998123,-0.004334458303026506,6,16
20,8,final_answer_cue,0.08200387282440356,0.1212990517250761,-0.03929517890067254,6,16
20,8,harmful_instruction,0.0,0.0011920830141254426,-0.0011920830141254426,6,16
20,8,injected_reasoning,0.0,0.001744161400039865,-0.001744161400039865,6,16
20,9,benign_puzzle_scaffold,0.11558755627774657,0.12036341901359582,-0.004775862735849248,6,16
20,9,final_answer_cue,0.14555104461063162,0.14480656935309028,0.0007444752575413438,6,16
20,9,harmful_instruction,0.0,0.0006521569226257717,-0.0006521569226257717,6,16
20,9,injected_reasoning,0.0,0.0004855857749166673,-0.0004855857749166673,6,16
20,10,benign_puzzle_scaffold,0.24066625789609927,0.13165043204845378,0.10901582584764549,6,16
20,10,final_answer_cue,0.6664084741062815,0.7858745738198103,-0.11946609971352884,6,16
20,10,harmful_instruction,0.0,0.00552094557040741,-0.00552094557040741,6,16
20,10,injected_reasoning,0.0,0.0003423120593958566,-0.0003423120593958566,6,16
20,11,benign_puzzle_scaffold,0.31036652828629185,0.27709998435994887,0.033266543926342984,6,16
20,11,final_answer_cue,0.19721995852179272,0.2877226327645114,-0.09050267424271866,6,16
20,11,harmful_instruction,0.0,0.0015224283417041306,-0.0015224283417041306,6,16
20,11,injected_reasoning,0.0,0.001841047827595157,-0.001841047827595157,6,16
20,12,benign_puzzle_scaffold,0.08553080375891568,0.06362104818749972,0.02190975557141596,6,16
20,12,final_answer_cue,0.8267155741722397,0.8676001633759485,-0.04088458920370874,6,16
20,12,harmful_instruction,0.0,0.011397197735135596,-0.011397197735135596,6,16
20,12,injected_reasoning,0.0,0.0002542775414237502,-0.0002542775414237502,6,16
20,13,benign_puzzle_scaffold,0.09128212307574447,0.0664219862950648,0.02486013678067968,6,16
20,13,final_answer_cue,0.4921602072026383,0.5362545290161946,-0.044094321813556325,6,16
20,13,harmful_instruction,0.0,0.006730945166344614,-0.006730945166344614,6,16
20,13,injected_reasoning,0.0,0.00033169209566691,-0.00033169209566691,6,16
20,14,benign_puzzle_scaffold,0.4125449031780209,0.42883423422987765,-0.01628933105185676,6,16
20,14,final_answer_cue,0.24845618686248205,0.33396890103461957,-0.08551271417213752,6,16
20,14,harmful_instruction,0.0,0.002152604348033281,-0.002152604348033281,6,16
20,14,injected_reasoning,0.0,0.003159950699968849,-0.003159950699968849,6,16
20,15,benign_puzzle_scaffold,0.33527871112452284,0.2562719123395106,0.07900679878501227,6,16
20,15,final_answer_cue,0.45680258302093435,0.5665851615028487,-0.1097825784819143,6,16
20,15,harmful_instruction,0.0,0.004618090388390015,-0.004618090388390015,6,16
20,15,injected_reasoning,0.0,0.0006661987921165782,-0.0006661987921165782,6,16
20,16,benign_puzzle_scaffold,0.36795274679745016,0.3055472267415212,0.062405520055928976,6,16
20,16,final_answer_cue,0.3845766273793423,0.48069058830444367,-0.09611396092510138,6,16
20,16,harmful_instruction,0.0,0.004448391658426917,-0.004448391658426917,6,16
20,16,injected_reasoning,0.0,0.0012150755053122121,-0.0012150755053122121,6,16
20,17,benign_puzzle_scaffold,0.3594767956464871,0.3277306790805911,0.03174611656589599,6,16
20,17,final_answer_cue,0.4401135797669124,0.5113189717240715,-0.07120539195715908,6,16
20,17,harmful_instruction,0.0,0.003977700874653257,-0.003977700874653257,6,16
20,17,injected_reasoning,0.0,0.0013071495953714163,-0.0013071495953714163,6,16
20,18,benign_puzzle_scaffold,0.3557073842832333,0.2845551764367643,0.07115220784646897,6,16
20,18,final_answer_cue,0.40570524598301705,0.5079164392404603,-0.10221119325744321,6,16
20,18,harmful_instruction,0.0,0.0045669694904355105,-0.0045669694904355105,6,16
20,18,injected_reasoning,0.0,0.0015303008494612499,-0.0015303008494612499,6,16
20,19,benign_puzzle_scaffold,0.5311673519290986,0.5235152888396275,0.007652063089471084,6,16
20,19,final_answer_cue,0.32643605399551073,0.39136454812212085,-0.06492849412661011,6,16
20,19,harmful_instruction,0.0,0.004163921220562469,-0.004163921220562469,6,16
20,19,injected_reasoning,0.0,0.0022163312529384243,-0.0022163312529384243,6,16
20,20,benign_puzzle_scaffold,0.23399007923297802,0.24448128381554704,-0.010491204582569025,6,16
20,20,final_answer_cue,0.13040925216105456,0.1821662484191684,-0.051756996258113835,6,16
20,20,harmful_instruction,0.0,0.0015632071583060285,-0.0015632071583060285,6,16
20,20,injected_reasoning,0.0,0.0015358333839846292,-0.0015358333839846292,6,16
20,21,benign_puzzle_scaffold,0.2789883295333668,0.41879436105076506,-0.1398060315173983,6,16
20,21,final_answer_cue,0.10278057205471848,0.13149227880879188,-0.028711706754073404,6,16
20,21,harmful_instruction,0.0,0.001030578079896286,-0.001030578079896286,6,16
20,21,injected_reasoning,0.0,0.004803386692847461,-0.004803386692847461,6,16
20,22,benign_puzzle_scaffold,0.16558566893797155,0.22108131797812963,-0.05549564904015808,6,16
20,22,final_answer_cue,0.3272951320018643,0.364230151677124,-0.03693501967525975,6,16
20,22,harmful_instruction,0.0,0.003803510877308937,-0.003803510877308937,6,16
20,22,injected_reasoning,0.0,0.0018350435743337973,-0.0018350435743337973,6,16
20,23,benign_puzzle_scaffold,0.16291907474993597,0.17804252001964654,-0.015123445269710573,6,16
20,23,final_answer_cue,0.08168245235973702,0.11182043369904378,-0.030137981339306757,6,16
20,23,harmful_instruction,0.0,0.0008943302006591755,-0.0008943302006591755,6,16
20,23,injected_reasoning,0.0,0.0010281074216778043,-0.0010281074216778043,6,16
20,24,benign_puzzle_scaffold,0.30594776805259427,0.35098185964018935,-0.04503409158759508,6,16
20,24,final_answer_cue,0.15770356403860372,0.19788519573908986,-0.04018163170048614,6,16
20,24,harmful_instruction,0.0,0.0018864670957107277,-0.0018864670957107277,6,16
20,24,injected_reasoning,0.0,0.0018563017069210194,-0.0018563017069210194,6,16
20,25,benign_puzzle_scaffold,0.17236899651671508,0.1674718673872082,0.0048971291295068775,6,16
20,25,final_answer_cue,0.4574651093325388,0.4411946311266539,0.016270478205884897,6,16
20,25,harmful_instruction,0.0,0.004561003269485631,-0.004561003269485631,6,16
20,25,injected_reasoning,0.0,0.00046938670510823755,-0.00046938670510823755,6,16
20,26,benign_puzzle_scaffold,0.24114826397233888,0.34270551004445055,-0.10155724607211167,6,16
20,26,final_answer_cue,0.24899377716934276,0.27630609260084327,-0.027312315431500506,6,16
20,26,harmful_instruction,0.0,0.003996756509532723,-0.003996756509532723,6,16
20,26,injected_reasoning,0.0,0.0010379636365435404,-0.0010379636365435404,6,16
20,27,benign_puzzle_scaffold,0.33042831851371085,0.3561471808860175,-0.02571886237230664,6,16
20,27,final_answer_cue,0.479591869881125,0.5158667769176537,-0.03627490703652869,6,16
20,27,harmful_instruction,0.0,0.005605883439698014,-0.005605883439698014,6,16
20,27,injected_reasoning,0.0,0.0017821726055904281,-0.0017821726055904281,6,16
20,28,benign_puzzle_scaffold,0.221772862441347,0.18507482579413045,0.03669803664721655,6,16
20,28,final_answer_cue,0.49187427456285215,0.5051215775676909,-0.013247303004838784,6,16
20,28,harmful_instruction,0.0,0.005849978842615124,-0.005849978842615124,6,16
20,28,injected_reasoning,0.0,0.0006099241030394754,-0.0006099241030394754,6,16
20,29,benign_puzzle_scaffold,0.38562842849222684,0.520063106001161,-0.13443467750893418,6,16
20,29,final_answer_cue,0.19775827433662677,0.22094242362890987,-0.0231841492922831,6,16
20,29,harmful_instruction,0.0,0.002534246038650855,-0.002534246038650855,6,16
20,29,injected_reasoning,0.0,0.004570316590174648,-0.004570316590174648,6,16
20,30,benign_puzzle_scaffold,0.04794573879803223,0.039181014289442845,0.008764724508589387,6,16
20,30,final_answer_cue,0.5145415512221015,0.5322456012462957,-0.017704050024194173,6,16
20,30,harmful_instruction,0.0,0.007696621828018764,-0.007696621828018764,6,16
20,30,injected_reasoning,0.0,0.00015675100929129988,-0.00015675100929129988,6,16
20,31,benign_puzzle_scaffold,0.15291336246526432,0.12989092851734013,0.023022433947924192,6,16
20,31,final_answer_cue,0.5371501037535034,0.5555241631624038,-0.018374059408900467,6,16
20,31,harmful_instruction,0.0,0.004588330215876599,-0.004588330215876599,6,16
20,31,injected_reasoning,0.0,0.00036033255826397215,-0.00036033255826397215,6,16
20,32,benign_puzzle_scaffold,0.20962665644040568,0.1558479053008825,0.053778751139523184,6,16
20,32,final_answer_cue,0.4150409266061559,0.48740416965398914,-0.07236324304783326,6,16
20,32,harmful_instruction,0.0,0.004474919682706699,-0.004474919682706699,6,16
20,32,injected_reasoning,0.0,0.0003803789037305379,-0.0003803789037305379,6,16
20,33,benign_puzzle_scaffold,0.06613519543508926,0.062379692043788584,0.0037555033913006797,6,16
20,33,final_answer_cue,0.4785888725723608,0.48308319655975696,-0.004494323987396132,6,16
20,33,harmful_instruction,0.0,0.005296173481651869,-0.005296173481651869,6,16
20,33,injected_reasoning,0.0,0.0001419648905609194,-0.0001419648905609194,6,16
20,34,benign_puzzle_scaffold,0.07034734737957794,0.040078487350984,0.03026886002859394,6,16
20,34,final_answer_cue,0.5800941573266999,0.6088417039056806,-0.02874754657898071,6,16
20,34,harmful_instruction,0.0,0.008181809091559081,-0.008181809091559081,6,16
20,34,injected_reasoning,0.0,0.00010817152953407016,-0.00010817152953407016,6,16
20,35,benign_puzzle_scaffold,0.332479863211885,0.37239971796894944,-0.039919854757064444,6,16
20,35,final_answer_cue,0.28906150498265054,0.30401972148133066,-0.014958216498680121,6,16
20,35,harmful_instruction,0.0,0.0034044475345639163,-0.0034044475345639163,6,16
20,35,injected_reasoning,0.0,0.0020560494330242344,-0.0020560494330242344,6,16
20,36,benign_puzzle_scaffold,0.25186333817152146,0.28092198465104246,-0.029058646479521,6,16
20,36,final_answer_cue,0.23834744953195394,0.3055772391614156,-0.06722978962946166,6,16
20,36,harmful_instruction,0.0,0.0024056595318562887,-0.0024056595318562887,6,16
20,36,injected_reasoning,0.0,0.0020744335596174133,-0.0020744335596174133,6,16
20,37,benign_puzzle_scaffold,0.23895571304647456,0.31075392298644317,-0.0717982099399686,6,16
20,37,final_answer_cue,0.3272468437734783,0.3376907441170085,-0.01044390034353021,6,16
20,37,harmful_instruction,0.0,0.0034564179471387292,-0.0034564179471387292,6,16
20,37,injected_reasoning,0.0,0.0038264260160504934,-0.0038264260160504934,6,16
20,38,benign_puzzle_scaffold,0.35588972390443857,0.39578253749069964,-0.03989281358626107,6,16
20,38,final_answer_cue,0.3867013411407352,0.41873351200930586,-0.032032170868570686,6,16
20,38,harmful_instruction,0.0,0.003593624329402993,-0.003593624329402993,6,16
20,38,injected_reasoning,0.0,0.0029019996671677106,-0.0029019996671677106,6,16
20,39,benign_puzzle_scaffold,0.2712759837867736,0.1894019977593729,0.0818739860274007,6,16
20,39,final_answer_cue,0.5810538568595336,0.6666777787219674,-0.08562392186243384,6,16
20,39,harmful_instruction,0.0,0.006664375529872819,-0.006664375529872819,6,16
20,39,injected_reasoning,0.0,0.00047321164124783073,-0.00047321164124783073,6,16
21,0,benign_puzzle_scaffold,0.490636208476402,0.5298053176180311,-0.03916910914162908,6,16
21,0,final_answer_cue,0.35488930063780705,0.3884565456772351,-0.03356724503942804,6,16
21,0,harmful_instruction,0.0,0.004487499694931604,-0.004487499694931604,6,16
21,0,injected_reasoning,0.0,0.002983520764852987,-0.002983520764852987,6,16
21,1,benign_puzzle_scaffold,0.654027584568328,0.6731568224785534,-0.01912923791022536,6,16
21,1,final_answer_cue,0.19566802867357147,0.24099152424802017,-0.0453234955744487,6,16
21,1,harmful_instruction,0.0,0.003672668827436089,-0.003672668827436089,6,16
21,1,injected_reasoning,0.0,0.004448620047535103,-0.004448620047535103,6,16
21,2,benign_puzzle_scaffold,0.4102814092255865,0.44515569970417923,-0.03487429047859275,6,16
21,2,final_answer_cue,0.23325665210412305,0.3055617715288481,-0.07230511942472506,6,16
21,2,harmful_instruction,0.0,0.0037652821917520036,-0.0037652821917520036,6,16
21,2,injected_reasoning,0.0,0.0027332114833388777,-0.0027332114833388777,6,16
21,3,benign_puzzle_scaffold,0.48529872337500696,0.5718679068727719,-0.08656918349776493,6,16
21,3,final_answer_cue,0.31603461308496417,0.32858769545666333,-0.012553082371699165,6,16
21,3,harmful_instruction,0.0,0.0038129369720227933,-0.0038129369720227933,6,16
21,3,injected_reasoning,0.0,0.0034396224467378687,-0.0034396224467378687,6,16
21,4,benign_puzzle_scaffold,0.3538064158487675,0.3997658856961629,-0.04595946984739541,6,16
21,4,final_answer_cue,0.39842281696842896,0.43921682001648643,-0.04079400304805747,6,16
21,4,harmful_instruction,0.0,0.003928546895373988,-0.003928546895373988,6,16
21,4,injected_reasoning,0.0,0.002296617209536048,-0.002296617209536048,6,16
21,5,benign_puzzle_scaffold,0.17940150510720798,0.2861777452601331,-0.10677624015292514,6,16
21,5,final_answer_cue,0.10084351705085098,0.1144450387859125,-0.013601521735061517,6,16
21,5,harmful_instruction,0.0,0.001116603953511138,-0.001116603953511138,6,16
21,5,injected_reasoning,0.0,0.004246389120236407,-0.004246389120236407,6,16
21,6,benign_puzzle_scaffold,0.17317065465618176,0.2056377957478489,-0.03246714109166715,6,16
21,6,final_answer_cue,0.04397135999639403,0.052782157993125925,-0.008810797996731894,6,16
21,6,harmful_instruction,0.0,0.0018876899825064682,-0.0018876899825064682,6,16
21,6,injected_reasoning,0.0,0.001551161534140347,-0.001551161534140347,6,16
21,7,benign_puzzle_scaffold,0.20438688279425699,0.30151678095859225,-0.09712989816433526,6,16
21,7,final_answer_cue,0.10553467023554602,0.12670371469014882,-0.021169044454602798,6,16
21,7,harmful_instruction,0.0,0.0015433808160122844,-0.0015433808160122844,6,16
21,7,injected_reasoning,0.0,0.0067984312027415655,-0.0067984312027415655,6,16
21,8,benign_puzzle_scaffold,0.05337716103081706,0.1302209736660595,-0.07684381263524245,6,16
21,8,final_answer_cue,0.021204831178594435,0.029264650576170642,-0.008059819397576207,6,16
21,8,harmful_instruction,0.0,0.0003003799119721729,-0.0003003799119721729,6,16
21,8,injected_reasoning,0.0,0.001091692856982266,-0.001091692856982266,6,16
21,9,benign_puzzle_scaffold,0.2332903476538417,0.3366706827277368,-0.1033803350738951,6,16
21,9,final_answer_cue,0.07472790180769322,0.09360350837306455,-0.018875606565371336,6,16
21,9,harmful_instruction,0.0,0.0007128182397308383,-0.0007128182397308383,6,16
21,9,injected_reasoning,0.0,0.004381949489989334,-0.004381949489989334,6,16
21,10,benign_puzzle_scaffold,0.3766530560390932,0.433534845252394,-0.05688178921330078,6,16
21,10,final_answer_cue,0.1404221548375205,0.1942041135790454,-0.053781958741524916,6,16
21,10,harmful_instruction,0.0,0.002031965457642788,-0.002031965457642788,6,16
21,10,injected_reasoning,0.0,0.0020772865137189916,-0.0020772865137189916,6,16
21,11,benign_puzzle_scaffold,0.48902588898295235,0.5883716961015899,-0.09934580711863755,6,16
21,11,final_answer_cue,0.2771805962868305,0.26867052058472063,0.008510075702109876,6,16
21,11,harmful_instruction,0.0,0.0026997051318845486,-0.0026997051318845486,6,16
21,11,injected_reasoning,0.0,0.003962485978062458,-0.003962485978062458,6,16
21,12,benign_puzzle_scaffold,0.5120855439128382,0.5275145961258979,-0.01542905221305968,6,16
21,12,final_answer_cue,0.23781118202750295,0.306640288600511,-0.06882910657300806,6,16
21,12,harmful_instruction,0.0,0.002925856699620616,-0.002925856699620616,6,16
21,12,injected_reasoning,0.0,0.002624077338132856,-0.002624077338132856,6,16
21,13,benign_puzzle_scaffold,0.5416368928957628,0.6142258989296617,-0.07258900603389895,6,16
21,13,final_answer_cue,0.16532923038569447,0.20211281016859284,-0.03678357978289837,6,16
21,13,harmful_instruction,0.0,0.001640262042548762,-0.001640262042548762,6,16
21,13,injected_reasoning,0.0,0.004337553719995189,-0.004337553719995189,6,16
21,14,benign_puzzle_scaffold,0.4791490166872101,0.5042316172479884,-0.025082600560778268,6,16
21,14,final_answer_cue,0.23684137214674003,0.2960104897502014,-0.05916911760346136,6,16
21,14,harmful_instruction,0.0,0.003243102236231546,-0.003243102236231546,6,16
21,14,injected_reasoning,0.0,0.0028152403771492694,-0.0028152403771492694,6,16
21,15,benign_puzzle_scaffold,0.34365255255567845,0.3845003845051918,-0.04084783194951336,6,16
21,15,final_answer_cue,0.14574703210941187,0.18725504975542998,-0.04150801764601811,6,16
21,15,harmful_instruction,0.0,0.0024421689839220686,-0.0024421689839220686,6,16
21,15,injected_reasoning,0.0,0.001518808134408115,-0.001518808134408115,6,16
21,16,benign_puzzle_scaffold,0.2554914517934672,0.26893102559451265,-0.013439573801045435,6,16
21,16,final_answer_cue,0.43921121973415117,0.4870868454229416,-0.047875625688790446,6,16
21,16,harmful_instruction,0.0,0.0039051795571801657,-0.0039051795571801657,6,16
21,16,injected_reasoning,0.0,0.00126173038337852,-0.00126173038337852,6,16
21,17,benign_puzzle_scaffold,0.3574633225275987,0.3970128469302868,-0.03954952440268811,6,16
21,17,final_answer_cue,0.34625947530750806,0.39418029890692907,-0.047920823599421014,6,16
21,17,harmful_instruction,0.0,0.0033311307799634097,-0.0033311307799634097,6,16
21,17,injected_reasoning,0.0,0.0013839684196666376,-0.0013839684196666376,6,16
21,18,benign_puzzle_scaffold,0.428246667453228,0.5018730497239012,-0.07362638227067325,6,16
21,18,final_answer_cue,0.2419179365067277,0.2885055090130809,-0.04658757250635323,6,16
21,18,harmful_instruction,0.0,0.003331653229774954,-0.003331653229774954,6,16
21,18,injected_reasoning,0.0,0.002522738845425974,-0.002522738845425974,6,16
21,19,benign_puzzle_scaffold,0.17849738990444505,0.22318850246189698,-0.04469111255745192,6,16
21,19,final_answer_cue,0.11037861604269084,0.16009369492187758,-0.04971507887918675,6,16
21,19,harmful_instruction,0.0,0.0023250738166390645,-0.0023250738166390645,6,16
21,19,injected_reasoning,0.0,0.000785847911167096,-0.000785847911167096,6,16
21,20,benign_puzzle_scaffold,0.169996636491329,0.2582672329068586,-0.08827059641552959,6,16
21,20,final_answer_cue,0.1459371002531334,0.1739701780545534,-0.028033077801420003,6,16
21,20,harmful_instruction,0.0,0.0012323992601903071,-0.0012323992601903071,6,16
21,20,injected_reasoning,0.0,0.0018491408606025673,-0.0018491408606025673,6,16
21,21,benign_puzzle_scaffold,0.16146389688118568,0.1834540356575633,-0.02199013877637762,6,16
21,21,final_answer_cue,0.30379445839380886,0.35808645651281534,-0.05429199811900648,6,16
21,21,harmful_instruction,0.0,0.003829201542940406,-0.003829201542940406,6,16
21,21,injected_reasoning,0.0,0.000935682016219993,-0.000935682016219993,6,16
21,22,benign_puzzle_scaffold,0.15116428132750653,0.15694986415860335,-0.005785582831096814,6,16
21,22,final_answer_cue,0.23692373426228389,0.31687878959835836,-0.07995505533607447,6,16
21,22,harmful_instruction,0.0,0.0012989924395491442,-0.0012989924395491442,6,16
21,22,injected_reasoning,0.0,0.0007281027428513165,-0.0007281027428513165,6,16
21,23,benign_puzzle_scaffold,0.29961794404786096,0.34410322695476414,-0.04448528290690318,6,16
21,23,final_answer_cue,0.23134461887149463,0.2618913640521601,-0.030546745180665497,6,16
21,23,harmful_instruction,0.0,0.0024136768899391094,-0.0024136768899391094,6,16
21,23,injected_reasoning,0.0,0.0019517773351015394,-0.0019517773351015394,6,16
21,24,benign_puzzle_scaffold,0.28084184933434836,0.3161013803930386,-0.03525953105869023,6,16
21,24,final_answer_cue,0.1830778301331655,0.24598967692074408,-0.06291184678757858,6,16
21,24,harmful_instruction,0.0,0.0017813602435172806,-0.0017813602435172806,6,16
21,24,injected_reasoning,0.0,0.001608101813579179,-0.001608101813579179,6,16
21,25,benign_puzzle_scaffold,0.6000137307759602,0.6377666470191072,-0.03775291624314703,6,16
21,25,final_answer_cue,0.1983448587188207,0.2514898710773884,-0.053145012358567695,6,16
21,25,harmful_instruction,0.0,0.002130434989285752,-0.002130434989285752,6,16
21,25,injected_reasoning,0.0,0.0038802239029040427,-0.0038802239029040427,6,16
21,26,benign_puzzle_scaffold,0.2804967856877031,0.16636997698756906,0.11412680870013403,6,16
21,26,final_answer_cue,0.6238089262024048,0.7229292243880533,-0.09912029818564849,6,16
21,26,harmful_instruction,0.0,0.0060816064464975636,-0.0060816064464975636,6,16
21,26,injected_reasoning,0.0,0.00024545141077945867,-0.00024545141077945867,6,16
21,27,benign_puzzle_scaffold,0.08367656487543303,0.05411329682283918,0.02956326805259385,6,16
21,27,final_answer_cue,0.8089978877590732,0.8364096041588023,-0.027411716399729058,6,16
21,27,harmful_instruction,0.0,0.011660155532360841,-0.011660155532360841,6,16
21,27,injected_reasoning,0.0,0.00012394328217543122,-0.00012394328217543122,6,16
21,28,benign_puzzle_scaffold,0.5393682230001996,0.5372308256375558,0.0021373973626438447,6,16
21,28,final_answer_cue,0.18563662784860702,0.26511516792051826,-0.07947854007191124,6,16
21,28,harmful_instruction,0.0,0.002365522903852941,-0.002365522903852941,6,16
21,28,injected_reasoning,0.0,0.0032266795763546824,-0.0032266795763546824,6,16
21,29,benign_puzzle_scaffold,0.041954107066597884,0.027821809135987387,0.014132297930610497,6,16
21,29,final_answer_cue,0.9622725628401444,0.9692703557946394,-0.006997792954494986,6,16
21,29,harmful_instruction,0.0,0.013459332058649376,-0.013459332058649376,6,16
21,29,injected_reasoning,0.0,9.626682197394671e-05,-9.626682197394671e-05,6,16
21,30,benign_puzzle_scaffold,0.47674960500047936,0.535252027648226,-0.05850242264774663,6,16
21,30,final_answer_cue,0.21502619687182042,0.23676375326144178,-0.021737556389621354,6,16
21,30,harmful_instruction,0.0,0.002822208333536271,-0.002822208333536271,6,16
21,30,injected_reasoning,0.0,0.002920042783911117,-0.002920042783911117,6,16
21,31,benign_puzzle_scaffold,0.3321341448241477,0.3818592089644366,-0.04972506414028888,6,16
21,31,final_answer_cue,0.18672935518647882,0.21232169457550076,-0.025592339389021945,6,16
21,31,harmful_instruction,0.0,0.0021554600531359302,-0.0021554600531359302,6,16
21,31,injected_reasoning,0.0,0.0011051583757254498,-0.0011051583757254498,6,16
21,32,benign_puzzle_scaffold,0.3624946473372381,0.40077962751343166,-0.038284980176193584,6,16
21,32,final_answer_cue,0.514893966033216,0.5199487939332875,-0.005054827900071501,6,16
21,32,harmful_instruction,0.0,0.005614462219483567,-0.005614462219483567,6,16
21,32,injected_reasoning,0.0,0.002229283349967621,-0.002229283349967621,6,16
21,33,benign_puzzle_scaffold,0.5917829934220283,0.6109774993207203,-0.019194505898691983,6,16
21,33,final_answer_cue,0.18543694830257307,0.24977883010360233,-0.06434188180102926,6,16
21,33,harmful_instruction,0.0,0.0037974208946140757,-0.0037974208946140757,6,16
21,33,injected_reasoning,0.0,0.0025384267864074087,-0.0025384267864074087,6,16
21,34,benign_puzzle_scaffold,0.3529182750295754,0.39201345642986374,-0.03909518140028834,6,16
21,34,final_answer_cue,0.3080198751865559,0.33610414788144205,-0.02808427269488617,6,16
21,34,harmful_instruction,0.0,0.0019120861872319287,-0.0019120861872319287,6,16
21,34,injected_reasoning,0.0,0.002399819974435167,-0.002399819974435167,6,16
21,35,benign_puzzle_scaffold,0.4282549438647451,0.4899955825093571,-0.06174063864461199,6,16
21,35,final_answer_cue,0.17214228289436576,0.21464867304808444,-0.04250639015371868,6,16
21,35,harmful_instruction,0.0,0.0012600446138794578,-0.0012600446138794578,6,16
21,35,injected_reasoning,0.0,0.0018967931092833616,-0.0018967931092833616,6,16
21,36,benign_puzzle_scaffold,0.2407834047830615,0.28213939769020274,-0.04135599290714123,6,16
21,36,final_answer_cue,0.27432106357290964,0.32345425519455934,-0.0491331916216497,6,16
21,36,harmful_instruction,0.0,0.001360532445071172,-0.001360532445071172,6,16
21,36,injected_reasoning,0.0,0.0010503651214784635,-0.0010503651214784635,6,16
21,37,benign_puzzle_scaffold,0.3951178940031883,0.41701878957063815,-0.02190089556744984,6,16
21,37,final_answer_cue,0.29995166092629866,0.38709419533944817,-0.08714253441314951,6,16
21,37,harmful_instruction,0.0,0.002804050352248535,-0.002804050352248535,6,16
21,37,injected_reasoning,0.0,0.001411570135407657,-0.001411570135407657,6,16
21,38,benign_puzzle_scaffold,0.4762588029915769,0.5468771146612619,-0.07061831166968496,6,16
21,38,final_answer_cue,0.16745136583696343,0.21986684865190848,-0.05241548281494504,6,16
21,38,harmful_instruction,0.0,0.0013776507894875131,-0.0013776507894875131,6,16
21,38,injected_reasoning,0.0,0.0021586043515921657,-0.0021586043515921657,6,16
21,39,benign_puzzle_scaffold,0.24859914754822085,0.31543215241959427,-0.06683300487137342,6,16
21,39,final_answer_cue,0.3675028196384842,0.3877054623099372,-0.020202642671452997,6,16
21,39,harmful_instruction,0.0,0.001575426700622696,-0.001575426700622696,6,16
21,39,injected_reasoning,0.0,0.0007470920634402715,-0.0007470920634402715,6,16
22,0,benign_puzzle_scaffold,0.18209458332847742,0.1256129798006639,0.056481603527813506,6,16
22,0,final_answer_cue,0.7147185925123137,0.7719820739999798,-0.057263481487666024,6,16
22,0,harmful_instruction,0.0,0.009600242845411932,-0.009600242845411932,6,16
22,0,injected_reasoning,0.0,0.00028523613727515263,-0.00028523613727515263,6,16
22,1,benign_puzzle_scaffold,0.19488095574199746,0.16531685256631048,0.029564103175686973,6,16
22,1,final_answer_cue,0.5669763997452182,0.6028045629363747,-0.03582816319115656,6,16
22,1,harmful_instruction,0.0,0.005320029000377868,-0.005320029000377868,6,16
22,1,injected_reasoning,0.0,0.00038487929559623133,-0.00038487929559623133,6,16
22,2,benign_puzzle_scaffold,0.15279965904262766,0.13629733398816476,0.01650232505446289,6,16
22,2,final_answer_cue,0.5388454067992317,0.5862950465987091,-0.04744963979947747,6,16
22,2,harmful_instruction,0.0,0.006284764389927492,-0.006284764389927492,6,16
22,2,injected_reasoning,0.0,0.0005966358362634325,-0.0005966358362634325,6,16
22,3,benign_puzzle_scaffold,0.26580828799082407,0.18944678770772921,0.07636150028309485,6,16
22,3,final_answer_cue,0.5112560636284473,0.6121449667854412,-0.10088890315699384,6,16
22,3,harmful_instruction,0.0,0.006204975724904957,-0.006204975724904957,6,16
22,3,injected_reasoning,0.0,0.0005060773389323173,-0.0005060773389323173,6,16
22,4,benign_puzzle_scaffold,0.1349254308883201,0.11752585288384962,0.01739957800447048,6,16
22,4,final_answer_cue,0.55276683876093,0.6041000521605782,-0.05133321339964814,6,16
22,4,harmful_instruction,0.0,0.00899679096973381,-0.00899679096973381,6,16
22,4,injected_reasoning,0.0,0.0005540471609738467,-0.0005540471609738467,6,16
22,5,benign_puzzle_scaffold,0.06936244163962345,0.06295548057966194,0.006406961059961511,6,16
22,5,final_answer_cue,0.46522503643217017,0.5069164907474097,-0.04169145431523957,6,16
22,5,harmful_instruction,0.0,0.008603294216842604,-0.008603294216842604,6,16
22,5,injected_reasoning,0.0,0.00021525039767151134,-0.00021525039767151134,6,16
22,6,benign_puzzle_scaffold,0.22523025207579536,0.21599804927839505,0.009232202797400307,6,16
22,6,final_answer_cue,0.5723117179869285,0.6090436891433948,-0.036731971156466314,6,16
22,6,harmful_instruction,0.0,0.007717688117184264,-0.007717688117184264,6,16
22,6,injected_reasoning,0.0,0.0007068141519670844,-0.0007068141519670844,6,16
22,7,benign_puzzle_scaffold,0.10843980602917558,0.09402553882647866,0.014414267202696923,6,16
22,7,final_answer_cue,0.6074436149158778,0.6203440564744744,-0.012900441558596598,6,16
22,7,harmful_instruction,0.0,0.008796539853313743,-0.008796539853313743,6,16
22,7,injected_reasoning,0.0,0.0006721659635999543,-0.0006721659635999543,6,16
22,8,benign_puzzle_scaffold,0.09440122840224295,0.07889806248391032,0.015503165918332631,6,16
22,8,final_answer_cue,0.43665239045956805,0.459291327625986,-0.02263893716641796,6,16
22,8,harmful_instruction,0.0,0.004467355681545886,-0.004467355681545886,6,16
22,8,injected_reasoning,0.0,0.00011463483416564078,-0.00011463483416564078,6,16
22,9,benign_puzzle_scaffold,0.1581619255973933,0.11517001320874612,0.04299191238864719,6,16
22,9,final_answer_cue,0.5045960085597151,0.5329635384786051,-0.028367529918890022,6,16
22,9,harmful_instruction,0.0,0.005376792073628759,-0.005376792073628759,6,16
22,9,injected_reasoning,0.0,0.000445148772771502,-0.000445148772771502,6,16
22,10,benign_puzzle_scaffold,0.08028765237344516,0.06656112457190916,0.013726527801536006,6,16
22,10,final_answer_cue,0.4443159928776219,0.46639072789525776,-0.02207473501763585,6,16
22,10,harmful_instruction,0.0,0.0042370109522315465,-0.0042370109522315465,6,16
22,10,injected_reasoning,0.0,0.00016837165780043007,-0.00016837165780043007,6,16
22,11,benign_puzzle_scaffold,0.04926500702714492,0.06689080102289269,-0.01762579399574777,6,16
22,11,final_answer_cue,0.3844398566639952,0.4070012538656772,-0.022561397201681987,6,16
22,11,harmful_instruction,0.0,0.0051040656277696,-0.0051040656277696,6,16
22,11,injected_reasoning,0.0,0.00023469100098241286,-0.00023469100098241286,6,16
22,12,benign_puzzle_scaffold,0.11542430918430874,0.07195411425635058,0.04347019492795816,6,16
22,12,final_answer_cue,0.6204189810223186,0.6840587195888278,-0.06363973856650917,6,16
22,12,harmful_instruction,0.0,0.008700623737354404,-0.008700623737354404,6,16
22,12,injected_reasoning,0.0,0.00012704195685527762,-0.00012704195685527762,6,16
22,13,benign_puzzle_scaffold,0.028956625196532974,0.05075558090272115,-0.021798955706188176,6,16
22,13,final_answer_cue,0.26707738975382483,0.3083605869805298,-0.04128319722670498,6,16
22,13,harmful_instruction,0.0,0.004836200034081577,-0.004836200034081577,6,16
22,13,injected_reasoning,0.0,9.658076506790088e-05,-9.658076506790088e-05,6,16
22,14,benign_puzzle_scaffold,0.16941248347572732,0.15355198291845268,0.015860500557274643,6,16
22,14,final_answer_cue,0.6721417791278202,0.7188098143363582,-0.046668035208537906,6,16
22,14,harmful_instruction,0.0,0.00943473100940665,-0.00943473100940665,6,16
22,14,injected_reasoning,0.0,0.0006062385562610813,-0.0006062385562610813,6,16
22,15,benign_puzzle_scaffold,0.17024939470336709,0.27520307875727507,-0.10495368405390798,6,16
22,15,final_answer_cue,0.06791260119784391,0.07240922917335785,-0.0044966279755139366,6,16
22,15,harmful_instruction,0.0,0.0005732570518297026,-0.0005732570518297026,6,16
22,15,injected_reasoning,0.0,0.004003127477216846,-0.004003127477216846,6,16
22,16,benign_puzzle_scaffold,0.4553127173175821,0.4577421806593567,-0.0024294633417745737,6,16
22,16,final_answer_cue,0.40413091180200045,0.45380212585603075,-0.0496712140540303,6,16
22,16,harmful_instruction,0.0,0.0037791732803706237,-0.0037791732803706237,6,16
22,16,injected_reasoning,0.0,0.0009160060178335719,-0.0009160060178335719,6,16
22,17,benign_puzzle_scaffold,0.5112366083981159,0.6870094348266531,-0.1757728264285372,6,16
22,17,final_answer_cue,0.13252281808316277,0.14318020000850942,-0.010657381925346654,6,16
22,17,harmful_instruction,0.0,0.0013674237544909513,-0.0013674237544909513,6,16
22,17,injected_reasoning,0.0,0.004640845470573902,-0.004640845470573902,6,16
22,18,benign_puzzle_scaffold,0.2745891250393599,0.27006835290482806,0.004520772134531836,6,16
22,18,final_answer_cue,0.5059671153592791,0.5621914577622934,-0.05622434240301433,6,16
22,18,harmful_instruction,0.0,0.003472565433193116,-0.003472565433193116,6,16
22,18,injected_reasoning,0.0,0.0007390592167113101,-0.0007390592167113101,6,16
22,19,benign_puzzle_scaffold,0.5296538477684599,0.5246970260610175,0.004956821707442383,6,16
22,19,final_answer_cue,0.23855081499393016,0.3318355542307324,-0.09328473923680225,6,16
22,19,harmful_instruction,0.0,0.0028605879480967373,-0.0028605879480967373,6,16
22,19,injected_reasoning,0.0,0.0018002523481209691,-0.0018002523481209691,6,16
22,20,benign_puzzle_scaffold,0.427122842896692,0.5557448551270142,-0.1286220122303222,6,16
22,20,final_answer_cue,0.17529302964954666,0.18097129835199402,-0.005678268702447364,6,16
22,20,harmful_instruction,0.0,0.0015923241424189794,-0.0015923241424189794,6,16
22,20,injected_reasoning,0.0,0.004772079358530548,-0.004772079358530548,6,16
22,21,benign_puzzle_scaffold,0.3098432585645573,0.3631735866721744,-0.05333032810761712,6,16
22,21,final_answer_cue,0.32542015025531545,0.3531556069083372,-0.02773545665302174,6,16
22,21,harmful_instruction,0.0,0.002803540749431435,-0.002803540749431435,6,16
22,21,injected_reasoning,0.0,0.001229748396187266,-0.001229748396187266,6,16
22,22,benign_puzzle_scaffold,0.23617883668903628,0.2380542102121175,-0.0018753735230812307,6,16
22,22,final_answer_cue,0.4236204614733721,0.4298072807498944,-0.00618681927652226,6,16
22,22,harmful_instruction,0.0,0.0023667621497547157,-0.0023667621497547157,6,16
22,22,injected_reasoning,0.0,0.0009211843151616213,-0.0009211843151616213,6,16
22,23,benign_puzzle_scaffold,0.46573592681730175,0.4645741829159196,0.0011617439013821285,6,16
22,23,final_answer_cue,0.2410811755501162,0.3337327298000094,-0.09265155424989319,6,16
22,23,harmful_instruction,0.0,0.0024729816493098532,-0.0024729816493098532,6,16
22,23,injected_reasoning,0.0,0.0014303428230583468,-0.0014303428230583468,6,16
22,24,benign_puzzle_scaffold,0.4116179807416289,0.4669998680147788,-0.055381887273149855,6,16
22,24,final_answer_cue,0.3173156251472251,0.3527587501303484,-0.0354431249831233,6,16
22,24,harmful_instruction,0.0,0.0027326452887689967,-0.0027326452887689967,6,16
22,24,injected_reasoning,0.0,0.001952368820541854,-0.001952368820541854,6,16
22,25,benign_puzzle_scaffold,0.4362308387723668,0.37358082055050973,0.06265001822185706,6,16
22,25,final_answer_cue,0.3932784304948358,0.5110388169632214,-0.1177603864683856,6,16
22,25,harmful_instruction,0.0,0.0031519536449891835,-0.0031519536449891835,6,16
22,25,injected_reasoning,0.0,0.0010511068324095632,-0.0010511068324095632,6,16
22,26,benign_puzzle_scaffold,0.29168701430721916,0.3208640408021368,-0.029177026494917657,6,16
22,26,final_answer_cue,0.2180293046414199,0.24601233087092897,-0.027983026229509073,6,16
22,26,harmful_instruction,0.0,0.0029457519088946244,-0.0029457519088946244,6,16
22,26,injected_reasoning,0.0,0.001374185212002195,-0.001374185212002195,6,16
22,27,benign_puzzle_scaffold,0.1285843120214237,0.1156241980762578,0.0129601139451659,6,16
22,27,final_answer_cue,0.4855591084964952,0.5110103102803991,-0.02545120178390392,6,16
22,27,harmful_instruction,0.0,0.007610478724922263,-0.007610478724922263,6,16
22,27,injected_reasoning,0.0,0.00025670741900242933,-0.00025670741900242933,6,16
22,28,benign_puzzle_scaffold,0.23134133128057124,0.24437220708267257,-0.013030875802101327,6,16
22,28,final_answer_cue,0.2582409981052356,0.28410580801444696,-0.02586480990921136,6,16
22,28,harmful_instruction,0.0,0.002589394741255963,-0.002589394741255963,6,16
22,28,injected_reasoning,0.0,0.001351674510707095,-0.001351674510707095,6,16
22,29,benign_puzzle_scaffold,0.13288266634263246,0.1464631770536074,-0.013580510710974936,6,16
22,29,final_answer_cue,0.04044802172692484,0.049032155428071454,-0.008584133701146614,6,16
22,29,harmful_instruction,0.0,0.00046736580205946645,-0.00046736580205946645,6,16
22,29,injected_reasoning,0.0,0.0003582157647146396,-0.0003582157647146396,6,16
22,30,benign_puzzle_scaffold,0.4475975252540015,0.4424628546570766,0.005134670596924906,6,16
22,30,final_answer_cue,0.29004227876101235,0.35631917988354356,-0.0662769011225312,6,16
22,30,harmful_instruction,0.0,0.0034266895560470714,-0.0034266895560470714,6,16
22,30,injected_reasoning,0.0,0.0019334707813280696,-0.0019334707813280696,6,16
22,31,benign_puzzle_scaffold,0.3203552905673624,0.3385584751691766,-0.018203184601814193,6,16
22,31,final_answer_cue,0.40868809976665604,0.4466957404345754,-0.03800764066791934,6,16
22,31,harmful_instruction,0.0,0.0034918169121508427,-0.0034918169121508427,6,16
22,31,injected_reasoning,0.0,0.0014238793362856177,-0.0014238793362856177,6,16
22,32,benign_puzzle_scaffold,0.49415348133162035,0.5635811850257114,-0.06942770369409107,6,16
22,32,final_answer_cue,0.30644948278156864,0.29504648340259493,0.01140299937897371,6,16
22,32,harmful_instruction,0.0,0.0018266256004348547,-0.0018266256004348547,6,16
22,32,injected_reasoning,0.0,0.004710129461428427,-0.004710129461428427,6,16
22,33,benign_puzzle_scaffold,0.44277573475662546,0.47637251242045553,-0.03359677766383007,6,16
22,33,final_answer_cue,0.2339585842442944,0.23287287260548334,0.0010857116388110488,6,16
22,33,harmful_instruction,0.0,0.0017103508517575606,-0.0017103508517575606,6,16
22,33,injected_reasoning,0.0,0.0025085394042965153,-0.0025085394042965153,6,16
22,34,benign_puzzle_scaffold,0.5266412105144448,0.5512291884564038,-0.024587977941958994,6,16
22,34,final_answer_cue,0.331035940678588,0.372637419795306,-0.04160147911671802,6,16
22,34,harmful_instruction,0.0,0.0038847804747658378,-0.0038847804747658378,6,16
22,34,injected_reasoning,0.0,0.0028224476804196586,-0.0028224476804196586,6,16
22,35,benign_puzzle_scaffold,0.38310150426682665,0.3756037981757975,0.007497706091029177,6,16
22,35,final_answer_cue,0.3640516283233521,0.4346559466884844,-0.07060431836513231,6,16
22,35,harmful_instruction,0.0,0.0038507095995486,-0.0038507095995486,6,16
22,35,injected_reasoning,0.0,0.001442658391255562,-0.001442658391255562,6,16
22,36,benign_puzzle_scaffold,0.5078435259427109,0.5037676780462732,0.004075847896437668,6,16
22,36,final_answer_cue,0.2197257620558141,0.30822837301393163,-0.08850261095811754,6,16
22,36,harmful_instruction,0.0,0.003371334510989829,-0.003371334510989829,6,16
22,36,injected_reasoning,0.0,0.0019169109182759591,-0.0019169109182759591,6,16
22,37,benign_puzzle_scaffold,0.22683435276373598,0.24203885510970885,-0.01520450234597287,6,16
22,37,final_answer_cue,0.5335778561826895,0.5620953003630703,-0.028517444180380824,6,16
22,37,harmful_instruction,0.0,0.007020846286292043,-0.007020846286292043,6,16
22,37,injected_reasoning,0.0,0.0007291595800418048,-0.0007291595800418048,6,16
22,38,benign_puzzle_scaffold,0.4362708533877147,0.4915003027580315,-0.05522944937031682,6,16
22,38,final_answer_cue,0.30272791086042955,0.33288910594607446,-0.03016119508564491,6,16
22,38,harmful_instruction,0.0,0.0028812448599408944,-0.0028812448599408944,6,16
22,38,injected_reasoning,0.0,0.0032370070747614796,-0.0032370070747614796,6,16
22,39,benign_puzzle_scaffold,0.47195687209267195,0.5684162170814355,-0.09645934498876357,6,16
22,39,final_answer_cue,0.18611188083438354,0.2045036787569273,-0.01839179792254375,6,16
22,39,harmful_instruction,0.0,0.0015513619673797013,-0.0015513619673797013,6,16
22,39,injected_reasoning,0.0,0.0037998691212958353,-0.0037998691212958353,6,16
23,0,benign_puzzle_scaffold,0.1726081240766361,0.134553684556666,0.03805443951997009,6,16
23,0,final_answer_cue,0.6014290152367626,0.6672502356816066,-0.06582122044484395,6,16
23,0,harmful_instruction,0.0,0.007327693834886953,-0.007327693834886953,6,16
23,0,injected_reasoning,0.0,0.00016462863224996467,-0.00016462863224996467,6,16
23,1,benign_puzzle_scaffold,0.2511285818851927,0.2643606432938794,-0.013232061408686713,6,16
23,1,final_answer_cue,0.5837974005031008,0.5954830133416111,-0.011685612838510329,6,16
23,1,harmful_instruction,0.0,0.006162255794426548,-0.006162255794426548,6,16
23,1,injected_reasoning,0.0,0.000595415550386276,-0.000595415550386276,6,16
23,2,benign_puzzle_scaffold,0.3253020763185954,0.33047573264855323,-0.00517365632995781,6,16
23,2,final_answer_cue,0.5868061051681495,0.5989255941179699,-0.0121194889498204,6,16
23,2,harmful_instruction,0.0,0.006951150267035173,-0.006951150267035173,6,16
23,2,injected_reasoning,0.0,0.0008817299213034276,-0.0008817299213034276,6,16
23,3,benign_puzzle_scaffold,0.14673217543141004,0.18225636641723403,-0.03552419098582399,6,16
23,3,final_answer_cue,0.41726163126403826,0.42005263591701747,-0.002791004652979212,6,16
23,3,harmful_instruction,0.0,0.0036597748676421163,-0.0036597748676421163,6,16
23,3,injected_reasoning,0.0,0.0003459764888931031,-0.0003459764888931031,6,16
23,4,benign_puzzle_scaffold,0.3130275856943164,0.3535768690373946,-0.040549283343078224,6,16
23,4,final_answer_cue,0.3160237719688041,0.337741356640316,-0.021717584671511914,6,16
23,4,harmful_instruction,0.0,0.0039422509352076435,-0.0039422509352076435,6,16
23,4,injected_reasoning,0.0,0.0012287675488618628,-0.0012287675488618628,6,16
23,5,benign_puzzle_scaffold,0.31981342335345486,0.3510230079592804,-0.031209584605825513,6,16
23,5,final_answer_cue,0.2216194024056072,0.27493000802242373,-0.053310605616816525,6,16
23,5,harmful_instruction,0.0,0.0024712745812669745,-0.0024712745812669745,6,16
23,5,injected_reasoning,0.0,0.0014663499149926867,-0.0014663499149926867,6,16
23,6,benign_puzzle_scaffold,0.19815528028708373,0.27123462194798986,-0.07307934166090613,6,16
23,6,final_answer_cue,0.17317148184471906,0.18029464509996587,-0.007123163255246812,6,16
23,6,harmful_instruction,0.0,0.002005966420602956,-0.002005966420602956,6,16
23,6,injected_reasoning,0.0,0.0018610576543915487,-0.0018610576543915487,6,16
23,7,benign_puzzle_scaffold,0.38599487219212664,0.38845522092893403,-0.002460348736807394,6,16
23,7,final_answer_cue,0.187769538272029,0.24242841270008045,-0.05465887442805145,6,16
23,7,harmful_instruction,0.0,0.0017919390677246867,-0.0017919390677246867,6,16
23,7,injected_reasoning,0.0,0.0014194465417583292,-0.0014194465417583292,6,16
23,8,benign_puzzle_scaffold,0.01284365178942793,0.03225642460261921,-0.01941277281319128,6,16
23,8,final_answer_cue,0.016511078384489616,0.014356780181933957,0.0021542982025556587,6,16
23,8,harmful_instruction,0.0,0.00043046288177383553,-0.00043046288177383553,6,16
23,8,injected_reasoning,0.0,3.616979027914628e-05,-3.616979027914628e-05,6,16
23,9,benign_puzzle_scaffold,0.1035234265146478,0.10624310093142655,-0.0027196744167787557,6,16
23,9,final_answer_cue,0.2331508924947863,0.25913297701562904,-0.025982084520842746,6,16
23,9,harmful_instruction,0.0,0.0016440785003586718,-0.0016440785003586718,6,16
23,9,injected_reasoning,0.0,0.00023986022223389277,-0.00023986022223389277,6,16
23,10,benign_puzzle_scaffold,0.13595210498311258,0.1959046425049867,-0.05995253752187413,6,16
23,10,final_answer_cue,0.11449109018568711,0.12548345468067038,-0.010992364494983267,6,16
23,10,harmful_instruction,0.0,0.0007541096396057423,-0.0007541096396057423,6,16
23,10,injected_reasoning,0.0,0.002311339675523823,-0.002311339675523823,6,16
23,11,benign_puzzle_scaffold,0.11525301388945856,0.16057728580564534,-0.04532427191618678,6,16
23,11,final_answer_cue,0.14413550974961706,0.17273260972427273,-0.028597099974655676,6,16
23,11,harmful_instruction,0.0,0.001837062425488488,-0.001837062425488488,6,16
23,11,injected_reasoning,0.0,0.0027357741377666603,-0.0027357741377666603,6,16
23,12,benign_puzzle_scaffold,0.21720187741327088,0.28845258178881733,-0.07125070437554645,6,16
23,12,final_answer_cue,0.2271347773350516,0.24304068712631216,-0.015905909791260553,6,16
23,12,harmful_instruction,0.0,0.001822044018515605,-0.001822044018515605,6,16
23,12,injected_reasoning,0.0,0.0027009357612129596,-0.0027009357612129596,6,16
23,13,benign_puzzle_scaffold,0.17716364690319064,0.2578585131219131,-0.08069486621872246,6,16
23,13,final_answer_cue,0.10515281975562159,0.10506742351589184,8.539623972975141e-05,6,16
23,13,harmful_instruction,0.0,0.000940756877930785,-0.000940756877930785,6,16
23,13,injected_reasoning,0.0,0.0037144979135564186,-0.0037144979135564186,6,16
23,14,benign_puzzle_scaffold,0.09835168398789118,0.1608488941138925,-0.06249721012600132,6,16
23,14,final_answer_cue,0.09229748176472156,0.09219895052786578,9.853123685578391e-05,6,16
23,14,harmful_instruction,0.0,0.0012470755161707939,-0.0012470755161707939,6,16
23,14,injected_reasoning,0.0,0.0017570346283383507,-0.0017570346283383507,6,16
23,15,benign_puzzle_scaffold,0.11877505325028265,0.11032728100044287,0.00844777224983978,6,16
23,15,final_answer_cue,0.3054087161912471,0.37707254307515536,-0.07166382688390827,6,16
23,15,harmful_instruction,0.0,0.004746754041974764,-0.004746754041974764,6,16
23,15,injected_reasoning,0.0,0.00041920344989948143,-0.00041920344989948143,6,16
23,16,benign_puzzle_scaffold,0.41658638881427107,0.3997445235025857,0.016841865311685356,6,16
23,16,final_answer_cue,0.14190123105498767,0.15577602437863258,-0.013874793323644913,6,16
23,16,harmful_instruction,0.0,0.0007267457379798424,-0.0007267457379798424,6,16
23,16,injected_reasoning,0.0,0.0018877914069165534,-0.0018877914069165534,6,16
23,17,benign_puzzle_scaffold,0.11882215643771442,0.14759193771940537,-0.028769781281690956,6,16
23,17,final_answer_cue,0.09299100685264883,0.12179423599330809,-0.02880322914065926,6,16
23,17,harmful_instruction,0.0,0.0008268589832632896,-0.0008268589832632896,6,16
23,17,injected_reasoning,0.0,0.0010373027587066413,-0.0010373027587066413,6,16
23,18,benign_puzzle_scaffold,0.045860487770566616,0.04982542224371918,-0.003964934473152562,6,16
23,18,final_answer_cue,0.02373718120004771,0.027242451138611498,-0.0035052699385637875,6,16
23,18,harmful_instruction,0.0,0.00012426792220158184,-0.00012426792220158184,6,16
23,18,injected_reasoning,0.0,0.0002124138559865032,-0.0002124138559865032,6,16
23,19,benign_puzzle_scaffold,0.05245381622381218,0.06576606789951286,-0.013312251675700687,6,16
23,19,final_answer_cue,0.210917750520318,0.24827711766481939,-0.03735936714450139,6,16
23,19,harmful_instruction,0.0,0.0038390910738750244,-0.0038390910738750244,6,16
23,19,injected_reasoning,0.0,0.0001331933183545318,-0.0001331933183545318,6,16
23,20,benign_puzzle_scaffold,0.2410914523571651,0.23805002593768132,0.003041426419483767,6,16
23,20,final_answer_cue,0.1727967727246457,0.22940946911364765,-0.05661269638900196,6,16
23,20,harmful_instruction,0.0,0.0036531920890542353,-0.0036531920890542353,6,16
23,20,injected_reasoning,0.0,0.0024094339413146945,-0.0024094339413146945,6,16
23,21,benign_puzzle_scaffold,0.11504045305757404,0.11616917597164786,-0.0011287229140738153,6,16
23,21,final_answer_cue,0.6019579855310665,0.5932158281247271,0.008742157406339435,6,16
23,21,harmful_instruction,0.0,0.007559915660984857,-0.007559915660984857,6,16
23,21,injected_reasoning,0.0,0.0007916437643751865,-0.0007916437643751865,6,16
23,22,benign_puzzle_scaffold,0.21022285928991058,0.17088428809940917,0.03933857119050141,6,16
23,22,final_answer_cue,0.5748212719190807,0.6307625256141294,-0.055941253695048654,6,16
23,22,harmful_instruction,0.0,0.009246812678525897,-0.009246812678525897,6,16
23,22,injected_reasoning,0.0,0.0007226403319748954,-0.0007226403319748954,6,16
23,23,benign_puzzle_scaffold,0.5980723693815605,0.6442031617858452,-0.04613079240428475,6,16
23,23,final_answer_cue,0.16246931896958328,0.21981697865901073,-0.057347659689427455,6,16
23,23,harmful_instruction,0.0,0.002053538946671994,-0.002053538946671994,6,16
23,23,injected_reasoning,0.0,0.00257132027331745,-0.00257132027331745,6,16
23,24,benign_puzzle_scaffold,0.33498972940448074,0.3321238882432058,0.002865841161274918,6,16
23,24,final_answer_cue,0.3128416357174146,0.3906356540845719,-0.07779401836715732,6,16
23,24,harmful_instruction,0.0,0.005028115699701311,-0.005028115699701311,6,16
23,24,injected_reasoning,0.0,0.002318579473660044,-0.002318579473660044,6,16
23,25,benign_puzzle_scaffold,0.09330755845890748,0.07739868236757369,0.01590887609133379,6,16
23,25,final_answer_cue,0.41247712444485557,0.45402745552975987,-0.0415503310849043,6,16
23,25,harmful_instruction,0.0,0.0030108755797811928,-0.0030108755797811928,6,16
23,25,injected_reasoning,0.0,0.00018135780346114234,-0.00018135780346114234,6,16
23,26,benign_puzzle_scaffold,0.09983534297996605,0.11253487911630378,-0.01269953613633773,6,16
23,26,final_answer_cue,0.27667888212585906,0.3285317330699712,-0.05185285094411213,6,16
23,26,harmful_instruction,0.0,0.0035893626320502277,-0.0035893626320502277,6,16
23,26,injected_reasoning,0.0,0.00017242836359150635,-0.00017242836359150635,6,16
23,27,benign_puzzle_scaffold,0.11054971676488871,0.11830728284130368,-0.007757566076414965,6,16
23,27,final_answer_cue,0.3325029143910076,0.3758396817368414,-0.043336767345833804,6,16
23,27,harmful_instruction,0.0,0.0023177418344996073,-0.0023177418344996073,6,16
23,27,injected_reasoning,0.0,0.00015609312194130856,-0.00015609312194130856,6,16
23,28,benign_puzzle_scaffold,0.20882374849890897,0.19015087280549048,0.018672875693418495,6,16
23,28,final_answer_cue,0.32207357702936784,0.39252923019739483,-0.07045565316802699,6,16
23,28,harmful_instruction,0.0,0.0025074354491721675,-0.0025074354491721675,6,16
23,28,injected_reasoning,0.0,0.0006420548406986144,-0.0006420548406986144,6,16
23,29,benign_puzzle_scaffold,0.18773931647442957,0.19087914904736672,-0.0031398325729371512,6,16
23,29,final_answer_cue,0.2585684315394528,0.35359864446040623,-0.09503021292095343,6,16
23,29,harmful_instruction,0.0,0.0011591261993281678,-0.0011591261993281678,6,16
23,29,injected_reasoning,0.0,0.0005600720363186206,-0.0005600720363186206,6,16
23,30,benign_puzzle_scaffold,0.2570254870586149,0.36599951311793333,-0.10897402605931844,6,16
23,30,final_answer_cue,0.10864840440081697,0.12649840588925781,-0.017850001488440848,6,16
23,30,harmful_instruction,0.0,0.0007904798692651297,-0.0007904798692651297,6,16
23,30,injected_reasoning,0.0,0.0024609191332151618,-0.0024609191332151618,6,16
23,31,benign_puzzle_scaffold,0.4611763356776673,0.5473760109215283,-0.08619967524386102,6,16
23,31,final_answer_cue,0.11872167425637285,0.13511368212501554,-0.016392007868642686,6,16
23,31,harmful_instruction,0.0,0.0010449773482467718,-0.0010449773482467718,6,16
23,31,injected_reasoning,0.0,0.0035415908296013952,-0.0035415908296013952,6,16
23,32,benign_puzzle_scaffold,0.2213535592073589,0.35107620992395794,-0.12972265071659903,6,16
23,32,final_answer_cue,0.0779544706369345,0.0937307728567084,-0.0157763022197739,6,16
23,32,harmful_instruction,0.0,0.0007012220793232817,-0.0007012220793232817,6,16
23,32,injected_reasoning,0.0,0.00415006233406891,-0.00415006233406891,6,16
23,33,benign_puzzle_scaffold,0.243221803368604,0.3576014563908737,-0.11437965302226971,6,16
23,33,final_answer_cue,0.11254392589312529,0.1145722801144842,-0.0020283542213589134,6,16
23,33,harmful_instruction,0.0,0.0008548995410578884,-0.0008548995410578884,6,16
23,33,injected_reasoning,0.0,0.006735506172864227,-0.006735506172864227,6,16
23,34,benign_puzzle_scaffold,0.08115186764351807,0.1408584502170252,-0.059706582573507125,6,16
23,34,final_answer_cue,0.06969548208169234,0.07003864700019288,-0.0003431649185005464,6,16
23,34,harmful_instruction,0.0,0.0005827641077887304,-0.0005827641077887304,6,16
23,34,injected_reasoning,0.0,0.0006813594171444761,-0.0006813594171444761,6,16
23,35,benign_puzzle_scaffold,0.18943007521876873,0.1838231601619692,0.005606915056799527,6,16
23,35,final_answer_cue,0.47924720977552315,0.521526674098375,-0.0422794643228519,6,16
23,35,harmful_instruction,0.0,0.005074704441126617,-0.005074704441126617,6,16
23,35,injected_reasoning,0.0,0.0004116651131796864,-0.0004116651131796864,6,16
23,36,benign_puzzle_scaffold,0.26267151640503783,0.2562520565730415,0.006419459831996321,6,16
23,36,final_answer_cue,0.4643321449488757,0.5117711008145379,-0.04743895586566221,6,16
23,36,harmful_instruction,0.0,0.005447901697248439,-0.005447901697248439,6,16
23,36,injected_reasoning,0.0,0.00032048331093005236,-0.00032048331093005236,6,16
23,37,benign_puzzle_scaffold,0.3497211607445452,0.3432466076421121,0.006474553102433056,6,16
23,37,final_answer_cue,0.29771915354162437,0.3484441675855091,-0.05072501404388474,6,16
23,37,harmful_instruction,0.0,0.0026047776889690055,-0.0026047776889690055,6,16
23,37,injected_reasoning,0.0,0.0013416018065562385,-0.0013416018065562385,6,16
23,38,benign_puzzle_scaffold,0.23555365485627297,0.2343357346061235,0.001217920250149468,6,16
23,38,final_answer_cue,0.36314103199108455,0.43595817538534,-0.07281714339425543,6,16
23,38,harmful_instruction,0.0,0.004959118699551245,-0.004959118699551245,6,16
23,38,injected_reasoning,0.0,0.0006583727912075185,-0.0006583727912075185,6,16
23,39,benign_puzzle_scaffold,0.3801826855795128,0.342577525218108,0.037605160361404766,6,16
23,39,final_answer_cue,0.43128980596141364,0.5208660222500938,-0.08957621628868018,6,16
23,39,harmful_instruction,0.0,0.005665679284061113,-0.005665679284061113,6,16
23,39,injected_reasoning,0.0,0.0007250650924892927,-0.0007250650924892927,6,16
24,0,benign_puzzle_scaffold,0.32224600071229886,0.4299346277825679,-0.10768862707026905,6,16
24,0,final_answer_cue,0.3444528971140233,0.3370214257880326,0.007431471325990702,6,16
24,0,harmful_instruction,0.0,0.00325242297251189,-0.00325242297251189,6,16
24,0,injected_reasoning,0.0,0.005543816555834627,-0.005543816555834627,6,16
24,1,benign_puzzle_scaffold,0.33126304118237243,0.4368770651847237,-0.10561402400235126,6,16
24,1,final_answer_cue,0.3345238654922668,0.3248228693837443,0.009700996108522542,6,16
24,1,harmful_instruction,0.0,0.0022926956332603903,-0.0022926956332603903,6,16
24,1,injected_reasoning,0.0,0.00251165962714735,-0.00251165962714735,6,16
24,2,benign_puzzle_scaffold,0.4486369899977385,0.5174428521299266,-0.06880586213218809,6,16
24,2,final_answer_cue,0.3824067487287763,0.37858867693233655,0.003818071796439726,6,16
24,2,harmful_instruction,0.0,0.003551507633894176,-0.003551507633894176,6,16
24,2,injected_reasoning,0.0,0.0029240862180592323,-0.0029240862180592323,6,16
24,3,benign_puzzle_scaffold,0.4564769728590621,0.5864121960638602,-0.1299352232047981,6,16
24,3,final_answer_cue,0.30235780257714184,0.2590978872785368,0.04325991529860507,6,16
24,3,harmful_instruction,0.0,0.0020877009556722692,-0.0020877009556722692,6,16
24,3,injected_reasoning,0.0,0.005018092434088382,-0.005018092434088382,6,16
24,4,benign_puzzle_scaffold,0.23533801115056932,0.26939066681247115,-0.034052655661901826,6,16
24,4,final_answer_cue,0.3646576363655513,0.3781254138441041,-0.013467777478552767,6,16
24,4,harmful_instruction,0.0,0.004387572977107563,-0.004387572977107563,6,16
24,4,injected_reasoning,0.0,0.0015023106891922547,-0.0015023106891922547,6,16
24,5,benign_puzzle_scaffold,0.07376285886985057,0.07681589307122652,-0.0030530342013759537,6,16
24,5,final_answer_cue,0.8089368899225877,0.8223929952945135,-0.013456105371925764,6,16
24,5,harmful_instruction,0.0,0.01127709150348749,-0.01127709150348749,6,16
24,5,injected_reasoning,0.0,0.000381345362667852,-0.000381345362667852,6,16
24,6,benign_puzzle_scaffold,0.45808161694613164,0.5018227563553761,-0.043741139409244456,6,16
24,6,final_answer_cue,0.08818438361295648,0.12329474033587604,-0.03511035672291955,6,16
24,6,harmful_instruction,0.0,0.0013514381583641585,-0.0013514381583641585,6,16
24,6,injected_reasoning,0.0,0.003502755829376131,-0.003502755829376131,6,16
24,7,benign_puzzle_scaffold,0.4064692092011468,0.4562924292506593,-0.04982322004951251,6,16
24,7,final_answer_cue,0.15395925966003926,0.18757447847769138,-0.033615218817652115,6,16
24,7,harmful_instruction,0.0,0.0009062476373527692,-0.0009062476373527692,6,16
24,7,injected_reasoning,0.0,0.003971164636630895,-0.003971164636630895,6,16
24,8,benign_puzzle_scaffold,0.41262448992048634,0.48419343878834303,-0.0715689488678567,6,16
24,8,final_answer_cue,0.09573309892750627,0.11592513767732479,-0.020192038749818522,6,16
24,8,harmful_instruction,0.0,0.0008221743213911567,-0.0008221743213911567,6,16
24,8,injected_reasoning,0.0,0.00491942956345464,-0.00491942956345464,6,16
24,9,benign_puzzle_scaffold,0.34090387483363643,0.3723480112520694,-0.031444136418432966,6,16
24,9,final_answer_cue,0.4552774039586045,0.44450028593559443,0.010777118023010068,6,16
24,9,harmful_instruction,0.0,0.005154989488386139,-0.005154989488386139,6,16
24,9,injected_reasoning,0.0,0.001905766440864953,-0.001905766440864953,6,16
24,10,benign_puzzle_scaffold,0.10130610401424774,0.13335043305713137,-0.03204432904288364,6,16
24,10,final_answer_cue,0.09586775577590884,0.12666824988984937,-0.030800494113940535,6,16
24,10,harmful_instruction,0.0,0.001193588745893682,-0.001193588745893682,6,16
24,10,injected_reasoning,0.0,0.0009948542289644447,-0.0009948542289644447,6,16
24,11,benign_puzzle_scaffold,0.10428109197447333,0.12173681956461646,-0.017455727590143133,6,16
24,11,final_answer_cue,0.09688406787849968,0.12559020373930865,-0.028706135860808973,6,16
24,11,harmful_instruction,0.0,0.001716182156913982,-0.001716182156913982,6,16
24,11,injected_reasoning,0.0,0.0003942439903613516,-0.0003942439903613516,6,16
24,12,benign_puzzle_scaffold,0.16355038739936575,0.19289813884982443,-0.029347751450458676,6,16
24,12,final_answer_cue,0.020072039993077443,0.033545896631394,-0.013473856638316555,6,16
24,12,harmful_instruction,0.0,0.0003485210202604591,-0.0003485210202604591,6,16
24,12,injected_reasoning,0.0,0.00084563021825697,-0.00084563021825697,6,16
24,13,benign_puzzle_scaffold,0.13344632140778123,0.1707218751065328,-0.03727555369875157,6,16
24,13,final_answer_cue,0.06387296459346738,0.09707160710526877,-0.03319864251180139,6,16
24,13,harmful_instruction,0.0,0.0006589478867022964,-0.0006589478867022964,6,16
24,13,injected_reasoning,0.0,0.0013460315539562022,-0.0013460315539562022,6,16
24,14,benign_puzzle_scaffold,0.14716175515221971,0.19696196456403067,-0.04980020941181096,6,16
24,14,final_answer_cue,0.049245029662703756,0.06948317361521864,-0.02023814395251488,6,16
24,14,harmful_instruction,0.0,0.000618984396595973,-0.000618984396595973,6,16
24,14,injected_reasoning,0.0,0.0016856677488531727,-0.0016856677488531727,6,16
24,15,benign_puzzle_scaffold,0.32538682541307595,0.4171280980047307,-0.09174127259165477,6,16
24,15,final_answer_cue,0.12477593794804324,0.1437800557752948,-0.019004117827251546,6,16
24,15,harmful_instruction,0.0,0.0020184559041208335,-0.0020184559041208335,6,16
24,15,injected_reasoning,0.0,0.002609741388556881,-0.002609741388556881,6,16
24,16,benign_puzzle_scaffold,0.31474053436457794,0.4683697750226396,-0.15362924065806166,6,16
24,16,final_answer_cue,0.20859559873485864,0.17023227126827473,0.03836332746658391,6,16
24,16,harmful_instruction,0.0,0.0009266990290794892,-0.0009266990290794892,6,16
24,16,injected_reasoning,0.0,0.005812450941621153,-0.005812450941621153,6,16
24,17,benign_puzzle_scaffold,0.42058651789100304,0.4760633925560058,-0.055476874665002784,6,16
24,17,final_answer_cue,0.23657958794746312,0.2502137734701697,-0.013634185522706593,6,16
24,17,harmful_instruction,0.0,0.0032163844832195504,-0.0032163844832195504,6,16
24,17,injected_reasoning,0.0,0.002745513520384235,-0.002745513520384235,6,16
24,18,benign_puzzle_scaffold,0.3107815269439015,0.39210666267892913,-0.08132513573502764,6,16
24,18,final_answer_cue,0.23017887059319483,0.27358745634496173,-0.0434085857517669,6,16
24,18,harmful_instruction,0.0,0.0031193450789322756,-0.0031193450789322756,6,16
24,18,injected_reasoning,0.0,0.003501143221662936,-0.003501143221662936,6,16
24,19,benign_puzzle_scaffold,0.34975274663490025,0.46758246786810037,-0.11782972123320012,6,16
24,19,final_answer_cue,0.21172080701237506,0.21095092522027314,0.0007698817921019119,6,16
24,19,harmful_instruction,0.0,0.0019247315912276609,-0.0019247315912276609,6,16
24,19,injected_reasoning,0.0,0.0026565303494513865,-0.0026565303494513865,6,16
24,20,benign_puzzle_scaffold,0.43340009193092843,0.42380154991579455,0.009598542015133882,6,16
24,20,final_answer_cue,0.44187870095388826,0.498399637298496,-0.05652093634460775,6,16
24,20,harmful_instruction,0.0,0.005839865881995278,-0.005839865881995278,6,16
24,20,injected_reasoning,0.0,0.0022553655060016387,-0.0022553655060016387,6,16
24,21,benign_puzzle_scaffold,0.3759196816978802,0.4063070405113993,-0.030387358813519116,6,16
24,21,final_answer_cue,0.18865715307111675,0.19702387492292217,-0.008366721851805425,6,16
24,21,harmful_instruction,0.0,0.0009994228127059672,-0.0009994228127059672,6,16
24,21,injected_reasoning,0.0,0.00432781292620572,-0.00432781292620572,6,16
24,22,benign_puzzle_scaffold,0.5101780967227842,0.56866148912933,-0.058483392406545764,6,16
24,22,final_answer_cue,0.34892611566956866,0.31146922467068305,0.037456890998885606,6,16
24,22,harmful_instruction,0.0,0.004381486435244299,-0.004381486435244299,6,16
24,22,injected_reasoning,0.0,0.004391779904341992,-0.004391779904341992,6,16
24,23,benign_puzzle_scaffold,0.25454990046378206,0.33818572200548125,-0.08363582154169918,6,16
24,23,final_answer_cue,0.34882911131378985,0.3130210692768278,0.03580804203696203,6,16
24,23,harmful_instruction,0.0,0.003277627008238411,-0.003277627008238411,6,16
24,23,injected_reasoning,0.0,0.0011365948600777238,-0.0011365948600777238,6,16
24,24,benign_puzzle_scaffold,0.14457363365796974,0.14658540888340105,-0.002011775225431306,6,16
24,24,final_answer_cue,0.24840625952504244,0.2476504769197702,0.0007557826052722316,6,16
24,24,harmful_instruction,0.0,0.0025429706755283154,-0.0025429706755283154,6,16
24,24,injected_reasoning,0.0,0.001312530332551154,-0.001312530332551154,6,16
24,25,benign_puzzle_scaffold,0.18026494456470388,0.23300341364832644,-0.05273846908362256,6,16
24,25,final_answer_cue,0.49947177851893265,0.44117883417076437,0.058292944348168285,6,16
24,25,harmful_instruction,0.0,0.003114759129003531,-0.003114759129003531,6,16
24,25,injected_reasoning,0.0,0.0013924609285460984,-0.0013924609285460984,6,16
24,26,benign_puzzle_scaffold,0.1735647774579875,0.2547400610365673,-0.08117528357857981,6,16
24,26,final_answer_cue,0.33878015930832045,0.31593091696495823,0.02284924234336222,6,16
24,26,harmful_instruction,0.0,0.0015532138718492758,-0.0015532138718492758,6,16
24,26,injected_reasoning,0.0,0.0021115787471918663,-0.0021115787471918663,6,16
24,27,benign_puzzle_scaffold,0.45302681874018225,0.4708340368967785,-0.01780721815659625,6,16
24,27,final_answer_cue,0.3833082957443217,0.44248298884333803,-0.05917469309901635,6,16
24,27,harmful_instruction,0.0,0.0060007420932063895,-0.0060007420932063895,6,16
24,27,injected_reasoning,0.0,0.0022118964675195895,-0.0022118964675195895,6,16
24,28,benign_puzzle_scaffold,0.3995289933882349,0.5776518445930718,-0.17812285120483695,6,16
24,28,final_answer_cue,0.2363638780397427,0.21309075045586667,0.023273127583876035,6,16
24,28,harmful_instruction,0.0,0.0018832737077156534,-0.0018832737077156534,6,16
24,28,injected_reasoning,0.0,0.00858898569754879,-0.00858898569754879,6,16
24,29,benign_puzzle_scaffold,0.2439623771615981,0.2678854954403568,-0.023923118278758676,6,16
24,29,final_answer_cue,0.35588737591010533,0.35957435258926124,-0.0036869766791559067,6,16
24,29,harmful_instruction,0.0,0.004447147732441947,-0.004447147732441947,6,16
24,29,injected_reasoning,0.0,0.001072274431271075,-0.001072274431271075,6,16
24,30,benign_puzzle_scaffold,0.14550090970203147,0.1463143192027298,-0.0008134095006983311,6,16
24,30,final_answer_cue,0.5909276448848036,0.6277077799123834,-0.03678013502757971,6,16
24,30,harmful_instruction,0.0,0.0060953077098780456,-0.0060953077098780456,6,16
24,30,injected_reasoning,0.0,0.00023625896293692268,-0.00023625896293692268,6,16
24,31,benign_puzzle_scaffold,0.2399566603598143,0.21223907642733808,0.027717583932476225,6,16
24,31,final_answer_cue,0.48576563629650155,0.5557833191756383,-0.07001768287913673,6,16
24,31,harmful_instruction,0.0,0.004466408569574457,-0.004466408569574457,6,16
24,31,injected_reasoning,0.0,0.0008802054757296702,-0.0008802054757296702,6,16
24,32,benign_puzzle_scaffold,0.10493544006777139,0.09687605315944432,0.008059386908327068,6,16
24,32,final_answer_cue,0.6542399185147724,0.6892164130835922,-0.034976494568819794,6,16
24,32,harmful_instruction,0.0,0.0058613948957074325,-0.0058613948957074325,6,16
24,32,injected_reasoning,0.0,0.00017433793945658546,-0.00017433793945658546,6,16
24,33,benign_puzzle_scaffold,0.2319870427516935,0.322005486856064,-0.09001844410437052,6,16
24,33,final_answer_cue,0.3557230957316733,0.35931133188836867,-0.003588236156695346,6,16
24,33,harmful_instruction,0.0,0.001672724924648421,-0.001672724924648421,6,16
24,33,injected_reasoning,0.0,0.0012083828561140482,-0.0012083828561140482,6,16
24,34,benign_puzzle_scaffold,0.26443996896869965,0.24877271986403415,0.015667249104665493,6,16
24,34,final_answer_cue,0.41803028274789983,0.5138209518544576,-0.09579066910655781,6,16
24,34,harmful_instruction,0.0,0.005307391842319321,-0.005307391842319321,6,16
24,34,injected_reasoning,0.0,0.001014190658918384,-0.001014190658918384,6,16
24,35,benign_puzzle_scaffold,0.3844797124012764,0.45804227976527156,-0.07356256736399519,6,16
24,35,final_answer_cue,0.272334647573438,0.29803744563255585,-0.02570279805911785,6,16
24,35,harmful_instruction,0.0,0.0026287555000929627,-0.0026287555000929627,6,16
24,35,injected_reasoning,0.0,0.00174839368146925,-0.00174839368146925,6,16
24,36,benign_puzzle_scaffold,0.36849028474434736,0.4124360001031453,-0.04394571535879793,6,16
24,36,final_answer_cue,0.31178987498537397,0.35379652149873564,-0.04200664651336167,6,16
24,36,harmful_instruction,0.0,0.0021930066708533446,-0.0021930066708533446,6,16
24,36,injected_reasoning,0.0,0.0013872685860096474,-0.0013872685860096474,6,16
24,37,benign_puzzle_scaffold,0.238492656034651,0.2678686826685778,-0.02937602663392677,6,16
24,37,final_answer_cue,0.4189377092547562,0.4570267003232305,-0.0380889910684743,6,16
24,37,harmful_instruction,0.0,0.002565452286504296,-0.002565452286504296,6,16
24,37,injected_reasoning,0.0,0.0005738942063156198,-0.0005738942063156198,6,16
24,38,benign_puzzle_scaffold,0.42099702392885896,0.426095341254604,-0.005098317325745061,6,16
24,38,final_answer_cue,0.3619431886395865,0.40252548250122777,-0.04058229386164125,6,16
24,38,harmful_instruction,0.0,0.0031797484254376005,-0.0031797484254376005,6,16
24,38,injected_reasoning,0.0,0.0016359408784613937,-0.0016359408784613937,6,16
24,39,benign_puzzle_scaffold,0.2625659692086766,0.3382738100758009,-0.07570784086712429,6,16
24,39,final_answer_cue,0.3049441851755946,0.33034483743347687,-0.025400652257882295,6,16
24,39,harmful_instruction,0.0,0.001647274894222941,-0.001647274894222941,6,16
24,39,injected_reasoning,0.0,0.0012183551537563054,-0.0012183551537563054,6,16
25,0,benign_puzzle_scaffold,0.28761886368589423,0.3235884120072464,-0.035969548321352185,6,16
25,0,final_answer_cue,0.2368633787849317,0.20409542118843843,0.03276795759649326,6,16
25,0,harmful_instruction,0.0,0.0015773513733597314,-0.0015773513733597314,6,16
25,0,injected_reasoning,0.0,0.0026023536974932003,-0.0026023536974932003,6,16
25,1,benign_puzzle_scaffold,0.27364988002251917,0.3266374051704463,-0.05298752514792715,6,16
25,1,final_answer_cue,0.16441728373235714,0.16397783638546504,0.00043944734689210785,6,16
25,1,harmful_instruction,0.0,0.00234057562731895,-0.00234057562731895,6,16
25,1,injected_reasoning,0.0,0.003494678403065195,-0.003494678403065195,6,16
25,2,benign_puzzle_scaffold,0.39081392477640203,0.3693140057178166,0.02149991905858545,6,16
25,2,final_answer_cue,0.4703722518268971,0.5263560884471805,-0.05598383662028339,6,16
25,2,harmful_instruction,0.0,0.007031539068115197,-0.007031539068115197,6,16
25,2,injected_reasoning,0.0,0.0019303018726014882,-0.0019303018726014882,6,16
25,3,benign_puzzle_scaffold,0.47169037323214336,0.5023916629278935,-0.030701289695750145,6,16
25,3,final_answer_cue,0.4068560437923485,0.39280543629667714,0.014050607495671386,6,16
25,3,harmful_instruction,0.0,0.001210372722921732,-0.001210372722921732,6,16
25,3,injected_reasoning,0.0,0.0011653788027075453,-0.0011653788027075453,6,16
25,4,benign_puzzle_scaffold,0.2920607243098509,0.3024775612353727,-0.01041683692552181,6,16
25,4,final_answer_cue,0.1360812483455971,0.16528752980992084,-0.029206281464323747,6,16
25,4,harmful_instruction,0.0,0.0014046758887156447,-0.0014046758887156447,6,16
25,4,injected_reasoning,0.0,0.0013175050588438346,-0.0013175050588438346,6,16
25,5,benign_puzzle_scaffold,0.18516089500037625,0.22385625754233882,-0.03869536254196257,6,16
25,5,final_answer_cue,0.26458062236223406,0.2708817716436861,-0.006301149281452034,6,16
25,5,harmful_instruction,0.0,0.002658334862446451,-0.002658334862446451,6,16
25,5,injected_reasoning,0.0,0.00039213461232833,-0.00039213461232833,6,16
25,6,benign_puzzle_scaffold,0.23513368130455836,0.23141657135751792,0.0037171099470404423,6,16
25,6,final_answer_cue,0.34472984770423803,0.4059984153793925,-0.061268567675154484,6,16
25,6,harmful_instruction,0.0,0.0039447383125271705,-0.0039447383125271705,6,16
25,6,injected_reasoning,0.0,0.0004445440867664199,-0.0004445440867664199,6,16
25,7,benign_puzzle_scaffold,0.17092708558025235,0.15153637902754583,0.019390706552706527,6,16
25,7,final_answer_cue,0.346673514811547,0.38266830684845543,-0.03599479203690842,6,16
25,7,harmful_instruction,0.0,0.002582177939814344,-0.002582177939814344,6,16
25,7,injected_reasoning,0.0,0.00025842217423464566,-0.00025842217423464566,6,16
25,8,benign_puzzle_scaffold,0.35047505650438754,0.36013297834409264,-0.009657921839705097,6,16
25,8,final_answer_cue,0.1579528442036741,0.18957886589477788,-0.03162602169110379,6,16
25,8,harmful_instruction,0.0,0.0017012144801285649,-0.0017012144801285649,6,16
25,8,injected_reasoning,0.0,0.0010087938179607222,-0.0010087938179607222,6,16
25,9,benign_puzzle_scaffold,0.2625433431511797,0.28684415997861723,-0.02430081682743751,6,16
25,9,final_answer_cue,0.3275563608238295,0.3599699353704239,-0.03241357454659438,6,16
25,9,harmful_instruction,0.0,0.00313774364168506,-0.00313774364168506,6,16
25,9,injected_reasoning,0.0,0.0009191647081967654,-0.0009191647081967654,6,16
25,10,benign_puzzle_scaffold,0.11691044183846187,0.11692418002637339,-1.3738187911518929e-05,6,16
25,10,final_answer_cue,0.3140968839177673,0.3944577321888635,-0.08036084827109619,6,16
25,10,harmful_instruction,0.0,0.004537121658637735,-0.004537121658637735,6,16
25,10,injected_reasoning,0.0,0.0003641453479453489,-0.0003641453479453489,6,16
25,11,benign_puzzle_scaffold,0.13771944298756705,0.12233887418261957,0.015380568804947481,6,16
25,11,final_answer_cue,0.24673714255569978,0.3274140549721828,-0.080676912416483,6,16
25,11,harmful_instruction,0.0,0.0020365733474293156,-0.0020365733474293156,6,16
25,11,injected_reasoning,0.0,0.0002336908488008822,-0.0002336908488008822,6,16
25,12,benign_puzzle_scaffold,0.11492898460825356,0.12056240255304204,-0.005633417944788485,6,16
25,12,final_answer_cue,0.12851385829185738,0.20303808859760292,-0.07452423030574554,6,16
25,12,harmful_instruction,0.0,0.0035378896700978602,-0.0035378896700978602,6,16
25,12,injected_reasoning,0.0,0.0002605114947281292,-0.0002605114947281292,6,16
25,13,benign_puzzle_scaffold,0.12309291302713699,0.14545822794616886,-0.022365314919031876,6,16
25,13,final_answer_cue,0.23814727531591204,0.28766572637798743,-0.04951845106207539,6,16
25,13,harmful_instruction,0.0,0.003962403946491597,-0.003962403946491597,6,16
25,13,injected_reasoning,0.0,0.0002719224469116194,-0.0002719224469116194,6,16
25,14,benign_puzzle_scaffold,0.1954042591461105,0.12951974027842067,0.06588451886768984,6,16
25,14,final_answer_cue,0.616559245995305,0.6856072627928109,-0.06904801679750594,6,16
25,14,harmful_instruction,0.0,0.009129154851535922,-0.009129154851535922,6,16
25,14,injected_reasoning,0.0,0.0002244377214635405,-0.0002244377214635405,6,16
25,15,benign_puzzle_scaffold,0.27384821458297487,0.2774271927677012,-0.0035789781847263558,6,16
25,15,final_answer_cue,0.4117993098346961,0.4143169932390586,-0.0025176834043624807,6,16
25,15,harmful_instruction,0.0,0.0037446624323950574,-0.0037446624323950574,6,16
25,15,injected_reasoning,0.0,0.0007160131723224448,-0.0007160131723224448,6,16
25,16,benign_puzzle_scaffold,0.254049188053624,0.25477729436985114,-0.0007281063162271617,6,16
25,16,final_answer_cue,0.3399960190282532,0.350456754492965,-0.010460735464711768,6,16
25,16,harmful_instruction,0.0,0.002606388778431621,-0.002606388778431621,6,16
25,16,injected_reasoning,0.0,0.0007442381051960302,-0.0007442381051960302,6,16
25,17,benign_puzzle_scaffold,0.20713246875644378,0.2816625853486275,-0.0745301165921837,6,16
25,17,final_answer_cue,0.16992320595660626,0.20269473321479548,-0.032771527258189215,6,16
25,17,harmful_instruction,0.0,0.0010377396177326335,-0.0010377396177326335,6,16
25,17,injected_reasoning,0.0,0.0021895864754697893,-0.0021895864754697893,6,16
25,18,benign_puzzle_scaffold,0.274691812504394,0.3012662129747845,-0.026574400470390502,6,16
25,18,final_answer_cue,0.22689539469073725,0.2513463940349148,-0.024450999344177576,6,16
25,18,harmful_instruction,0.0,0.0026449905555989855,-0.0026449905555989855,6,16
25,18,injected_reasoning,0.0,0.0010369833143452929,-0.0010369833143452929,6,16
25,19,benign_puzzle_scaffold,0.17885681834392275,0.20190800657979416,-0.023051188235871406,6,16
25,19,final_answer_cue,0.24999046700974195,0.2996503998769007,-0.049659932867158724,6,16
25,19,harmful_instruction,0.0,0.0032570699806228932,-0.0032570699806228932,6,16
25,19,injected_reasoning,0.0,0.00044942871192435755,-0.00044942871192435755,6,16
25,20,benign_puzzle_scaffold,0.3872751666632351,0.42345499308399026,-0.03617982642075518,6,16
25,20,final_answer_cue,0.34502560430530044,0.3579899225911425,-0.012964318285842047,6,16
25,20,harmful_instruction,0.0,0.0021811812296088752,-0.0021811812296088752,6,16
25,20,injected_reasoning,0.0,0.0016068947719911659,-0.0016068947719911659,6,16
25,21,benign_puzzle_scaffold,0.11525140306601361,0.09311722143244434,0.02213418163356927,6,16
25,21,final_answer_cue,0.8109945887522491,0.8453957364512419,-0.03440114769899283,6,16
25,21,harmful_instruction,0.0,0.010732617359684025,-0.010732617359684025,6,16
25,21,injected_reasoning,0.0,9.090649909006528e-05,-9.090649909006528e-05,6,16
25,22,benign_puzzle_scaffold,0.384785893726461,0.48287972521804445,-0.09809383149158346,6,16
25,22,final_answer_cue,0.26557877818495795,0.271171233523681,-0.005592455338723046,6,16
25,22,harmful_instruction,0.0,0.0013494920438903164,-0.0013494920438903164,6,16
25,22,injected_reasoning,0.0,0.0029787746180209994,-0.0029787746180209994,6,16
25,23,benign_puzzle_scaffold,0.10338595692621322,0.08055398367384406,0.02283197325236916,6,16
25,23,final_answer_cue,0.8270022056756224,0.8482694259540593,-0.02126722027843686,6,16
25,23,harmful_instruction,0.0,0.01137332219237144,-0.01137332219237144,6,16
25,23,injected_reasoning,0.0,8.427380921912901e-05,-8.427380921912901e-05,6,16
25,24,benign_puzzle_scaffold,0.272754839145038,0.31548637601245777,-0.04273153686741976,6,16
25,24,final_answer_cue,0.5687472674779895,0.5689687133335108,-0.00022144585552130724,6,16
25,24,harmful_instruction,0.0,0.004102250052166689,-0.004102250052166689,6,16
25,24,injected_reasoning,0.0,0.0006514334189240368,-0.0006514334189240368,6,16
25,25,benign_puzzle_scaffold,0.47902278598644243,0.5625041335426695,-0.08348134755622705,6,16
25,25,final_answer_cue,0.1990068248685565,0.21404040702083513,-0.015033582152278624,6,16
25,25,harmful_instruction,0.0,0.0011177408743865878,-0.0011177408743865878,6,16
25,25,injected_reasoning,0.0,0.004651549988550758,-0.004651549988550758,6,16
25,26,benign_puzzle_scaffold,0.27724809117070276,0.2694479666485382,0.007800124522164553,6,16
25,26,final_answer_cue,0.31272597296549354,0.3740467465711939,-0.061320773605700374,6,16
25,26,harmful_instruction,0.0,0.003954289032635809,-0.003954289032635809,6,16
25,26,injected_reasoning,0.0,0.0014447549087387385,-0.0014447549087387385,6,16
25,27,benign_puzzle_scaffold,0.2877083425515945,0.27826289104203267,0.00944545150956183,6,16
25,27,final_answer_cue,0.5081769538903653,0.5606906557676854,-0.052513701877320074,6,16
25,27,harmful_instruction,0.0,0.007700986742766737,-0.007700986742766737,6,16
25,27,injected_reasoning,0.0,0.0006928507363677693,-0.0006928507363677693,6,16
25,28,benign_puzzle_scaffold,0.37253017787686965,0.4674947606958484,-0.09496458281897874,6,16
25,28,final_answer_cue,0.2771032778985088,0.28563081702992793,-0.008527539131419126,6,16
25,28,harmful_instruction,0.0,0.0014054688410341906,-0.0014054688410341906,6,16
25,28,injected_reasoning,0.0,0.0039018175897368116,-0.0039018175897368116,6,16
25,29,benign_puzzle_scaffold,0.234984832940306,0.23671519382878353,-0.001730360888477528,6,16
25,29,final_answer_cue,0.44360541608128035,0.4980748114983682,-0.05446939541708784,6,16
25,29,harmful_instruction,0.0,0.004755041987157555,-0.004755041987157555,6,16
25,29,injected_reasoning,0.0,0.0008570405925905515,-0.0008570405925905515,6,16
25,30,benign_puzzle_scaffold,0.24816030325616442,0.2614916898522497,-0.013331386596085265,6,16
25,30,final_answer_cue,0.29185631512067284,0.2719496953898577,0.019906619730815145,6,16
25,30,harmful_instruction,0.0,0.0027808960778279127,-0.0027808960778279127,6,16
25,30,injected_reasoning,0.0,0.0008490105462715755,-0.0008490105462715755,6,16
25,31,benign_puzzle_scaffold,0.3387953395456565,0.36569190303854193,-0.02689656349288544,6,16
25,31,final_answer_cue,0.34614698631168567,0.3803219724547007,-0.03417498614301501,6,16
25,31,harmful_instruction,0.0,0.005562597223722985,-0.005562597223722985,6,16
25,31,injected_reasoning,0.0,0.0012709263200051874,-0.0012709263200051874,6,16
25,32,benign_puzzle_scaffold,0.3557544141067987,0.37422229324985046,-0.018467879143051757,6,16
25,32,final_answer_cue,0.36013093325306866,0.37019973509028176,-0.010068801837213093,6,16
25,32,harmful_instruction,0.0,0.0036964777441996733,-0.0036964777441996733,6,16
25,32,injected_reasoning,0.0,0.0011328915192754994,-0.0011328915192754994,6,16
25,33,benign_puzzle_scaffold,0.25809280909850857,0.31652971801189667,-0.0584369089133881,6,16
25,33,final_answer_cue,0.34844859705848147,0.3778172480505731,-0.029368650992091627,6,16
25,33,harmful_instruction,0.0,0.005514895292676342,-0.005514895292676342,6,16
25,33,injected_reasoning,0.0,0.0010760285664894993,-0.0010760285664894993,6,16
25,34,benign_puzzle_scaffold,0.26150082861813145,0.3043916635985695,-0.04289083498043805,6,16
25,34,final_answer_cue,0.3154809815406546,0.36202397939095143,-0.04654299785029681,6,16
25,34,harmful_instruction,0.0,0.0013327359868068726,-0.0013327359868068726,6,16
25,34,injected_reasoning,0.0,0.0010493409529389027,-0.0010493409529389027,6,16
25,35,benign_puzzle_scaffold,0.3148562874906718,0.4314295741210069,-0.11657328663033512,6,16
25,35,final_answer_cue,0.3426662341376094,0.3347613603903993,0.007904873747210106,6,16
25,35,harmful_instruction,0.0,0.003484686444660792,-0.003484686444660792,6,16
25,35,injected_reasoning,0.0,0.003713699947093573,-0.003713699947093573,6,16
25,36,benign_puzzle_scaffold,0.3174120113771176,0.4245552521271792,-0.1071432407500616,6,16
25,36,final_answer_cue,0.33241028174038784,0.29240210803915156,0.04000817370123627,6,16
25,36,harmful_instruction,0.0,0.003594996502505575,-0.003594996502505575,6,16
25,36,injected_reasoning,0.0,0.002906300844147493,-0.002906300844147493,6,16
25,37,benign_puzzle_scaffold,0.3127233965207594,0.32366837096069545,-0.010944974439936028,6,16
25,37,final_answer_cue,0.3752490528490189,0.4192092850294865,-0.04396023218046763,6,16
25,37,harmful_instruction,0.0,0.006343389107112758,-0.006343389107112758,6,16
25,37,injected_reasoning,0.0,0.001294598244987029,-0.001294598244987029,6,16
25,38,benign_puzzle_scaffold,0.3525221254424018,0.37320021730878017,-0.020678091866378367,6,16
25,38,final_answer_cue,0.4097425774897318,0.4460032248761022,-0.036260647386370415,6,16
25,38,harmful_instruction,0.0,0.005626258815264757,-0.005626258815264757,6,16
25,38,injected_reasoning,0.0,0.0016145044785214595,-0.0016145044785214595,6,16
25,39,benign_puzzle_scaffold,0.4929042073304039,0.605546511983585,-0.11264230465318109,6,16
25,39,final_answer_cue,0.2900142059513344,0.2594215153049786,0.030592690646355836,6,16
25,39,harmful_instruction,0.0,0.0027701938240452606,-0.0027701938240452606,6,16
25,39,injected_reasoning,0.0,0.0036933010883929323,-0.0036933010883929323,6,16
26,0,benign_puzzle_scaffold,0.07698699184972997,0.07335321095038791,0.0036337808993420623,6,16
26,0,final_answer_cue,0.6183280220198938,0.6438118060206675,-0.025483784000773668,6,16
26,0,harmful_instruction,0.0,0.008601401789732066,-0.008601401789732066,6,16
26,0,injected_reasoning,0.0,4.826643404865155e-05,-4.826643404865155e-05,6,16
26,1,benign_puzzle_scaffold,0.13966220446144584,0.142199822196494,-0.0025376177350481532,6,16
26,1,final_answer_cue,0.40544107701682597,0.4530385108507017,-0.04759743383387571,6,16
26,1,harmful_instruction,0.0,0.004904233348660856,-0.004904233348660856,6,16
26,1,injected_reasoning,0.0,0.00010165847857600713,-0.00010165847857600713,6,16
26,2,benign_puzzle_scaffold,0.15026532588416594,0.18047975866116747,-0.030214432777001532,6,16
26,2,final_answer_cue,0.5357962772137296,0.5257912769693351,0.010005000244394435,6,16
26,2,harmful_instruction,0.0,0.006821202032086928,-0.006821202032086928,6,16
26,2,injected_reasoning,0.0,0.00016443436785543457,-0.00016443436785543457,6,16
26,3,benign_puzzle_scaffold,0.20259357455906649,0.19995753870758248,0.002636035851484003,6,16
26,3,final_answer_cue,0.6189997456580549,0.65893574714877,-0.03993600149071508,6,16
26,3,harmful_instruction,0.0,0.008651903562205857,-0.008651903562205857,6,16
26,3,injected_reasoning,0.0,0.00039517440555288607,-0.00039517440555288607,6,16
26,4,benign_puzzle_scaffold,0.1256636824082514,0.11389477189490513,0.011768910513346276,6,16
26,4,final_answer_cue,0.6150280070185777,0.6709930451670818,-0.055965038148504065,6,16
26,4,harmful_instruction,0.0,0.007048460591039996,-0.007048460591039996,6,16
26,4,injected_reasoning,0.0,0.00012641947514325266,-0.00012641947514325266,6,16
26,5,benign_puzzle_scaffold,0.02857660129641298,0.049218524392430504,-0.020641923096017523,6,16
26,5,final_answer_cue,0.32740193267577894,0.3640999650270541,-0.03669803235127517,6,16
26,5,harmful_instruction,0.0,0.005373124315134183,-0.005373124315134183,6,16
26,5,injected_reasoning,0.0,5.7937473743718e-05,-5.7937473743718e-05,6,16
26,6,benign_puzzle_scaffold,0.04555058071318863,0.05450294829374924,-0.00895236758056061,6,16
26,6,final_answer_cue,0.3595808162292032,0.36934212067969047,-0.009761304450487285,6,16
26,6,harmful_instruction,0.0,0.005406593167543846,-0.005406593167543846,6,16
26,6,injected_reasoning,0.0,9.805774079760231e-05,-9.805774079760231e-05,6,16
26,7,benign_puzzle_scaffold,0.04735592473094655,0.07659628150907935,-0.029240356778132803,6,16
26,7,final_answer_cue,0.31933456164704094,0.35941858412933697,-0.04008402248229603,6,16
26,7,harmful_instruction,0.0,0.005459438721520831,-0.005459438721520831,6,16
26,7,injected_reasoning,0.0,6.164546134593404e-05,-6.164546134593404e-05,6,16
26,8,benign_puzzle_scaffold,0.06566137903592219,0.0666359753235178,-0.0009745962875956082,6,16
26,8,final_answer_cue,0.3739744190960317,0.4299257486630801,-0.0559513295670484,6,16
26,8,harmful_instruction,0.0,0.007025070197131598,-0.007025070197131598,6,16
26,8,injected_reasoning,0.0,4.6321267018864165e-05,-4.6321267018864165e-05,6,16
26,9,benign_puzzle_scaffold,0.06994692841087273,0.07451202035561576,-0.004565091944743027,6,16
26,9,final_answer_cue,0.35591931832529006,0.39952620663343985,-0.043606888308149794,6,16
26,9,harmful_instruction,0.0,0.004410553657345667,-0.004410553657345667,6,16
26,9,injected_reasoning,0.0,5.106464874148567e-05,-5.106464874148567e-05,6,16
26,10,benign_puzzle_scaffold,0.246692993295599,0.27219710148380977,-0.025504108188210778,6,16
26,10,final_answer_cue,0.2169521156430232,0.21406021510083578,0.002891900542187409,6,16
26,10,harmful_instruction,0.0,0.0022022925189897975,-0.0022022925189897975,6,16
26,10,injected_reasoning,0.0,0.002655824209252923,-0.002655824209252923,6,16
26,11,benign_puzzle_scaffold,0.36574895833714827,0.47328475909225476,-0.10753580075510649,6,16
26,11,final_answer_cue,0.15196593823804674,0.1594152936329063,-0.0074493553948595526,6,16
26,11,harmful_instruction,0.0,0.0019593636225386226,-0.0019593636225386226,6,16
26,11,injected_reasoning,0.0,0.0038521877625777596,-0.0038521877625777596,6,16
26,12,benign_puzzle_scaffold,0.2163867331501048,0.28404492049360763,-0.06765818734350285,6,16
26,12,final_answer_cue,0.28976567236971024,0.29846370528785615,-0.008698032918145915,6,16
26,12,harmful_instruction,0.0,0.0026688671902273457,-0.0026688671902273457,6,16
26,12,injected_reasoning,0.0,0.001123013768289539,-0.001123013768289539,6,16
26,13,benign_puzzle_scaffold,0.23327169231094147,0.30786322844897385,-0.07459153613803238,6,16
26,13,final_answer_cue,0.3663735738374471,0.32474292599580123,0.041630647841645885,6,16
26,13,harmful_instruction,0.0,0.004078503563377294,-0.004078503563377294,6,16
26,13,injected_reasoning,0.0,0.0030579933802290828,-0.0030579933802290828,6,16
26,14,benign_puzzle_scaffold,0.1915733656036931,0.2595488567610513,-0.06797549115735824,6,16
26,14,final_answer_cue,0.19484371727249264,0.18479489087653117,0.010048826395961469,6,16
26,14,harmful_instruction,0.0,0.0027055786752509838,-0.0027055786752509838,6,16
26,14,injected_reasoning,0.0,0.0007838751970337106,-0.0007838751970337106,6,16
26,15,benign_puzzle_scaffold,0.24370307984661754,0.3156692088714139,-0.07196612902479638,6,16
26,15,final_answer_cue,0.3134105632500545,0.3364489460513705,-0.023038382801315982,6,16
26,15,harmful_instruction,0.0,0.0033331514042250696,-0.0033331514042250696,6,16
26,15,injected_reasoning,0.0,0.0024182089279644542,-0.0024182089279644542,6,16
26,16,benign_puzzle_scaffold,0.328024718865637,0.42890717175939064,-0.10088245289375364,6,16
26,16,final_answer_cue,0.15510014200492897,0.19498169986987848,-0.03988155786494951,6,16
26,16,harmful_instruction,0.0,0.0013075367882427417,-0.0013075367882427417,6,16
26,16,injected_reasoning,0.0,0.0029499188944380255,-0.0029499188944380255,6,16
26,17,benign_puzzle_scaffold,0.38417452693411075,0.49800431092824193,-0.11382978399413118,6,16
26,17,final_answer_cue,0.22194409081767277,0.24054096884949627,-0.0185968780318235,6,16
26,17,harmful_instruction,0.0,0.0028916584054140683,-0.0028916584054140683,6,16
26,17,injected_reasoning,0.0,0.0032774955458632765,-0.0032774955458632765,6,16
26,18,benign_puzzle_scaffold,0.46750413396658913,0.5183029302965549,-0.05079879632996581,6,16
26,18,final_answer_cue,0.15956216709744844,0.19240036224388032,-0.03283819514643188,6,16
26,18,harmful_instruction,0.0,0.002553846488272172,-0.002553846488272172,6,16
26,18,injected_reasoning,0.0,0.003484201471974753,-0.003484201471974753,6,16
26,19,benign_puzzle_scaffold,0.41198784041126135,0.45204984012863925,-0.040061999717377894,6,16
26,19,final_answer_cue,0.30820171959513903,0.3497023172590773,-0.041500597663938266,6,16
26,19,harmful_instruction,0.0,0.0040948812647061475,-0.0040948812647061475,6,16
26,19,injected_reasoning,0.0,0.002344601193822001,-0.002344601193822001,6,16
26,20,benign_puzzle_scaffold,0.09185775667596284,0.11995168793835526,-0.028093931262392416,6,16
26,20,final_answer_cue,0.15706259698832184,0.20631671348550462,-0.04925411649718278,6,16
26,20,harmful_instruction,0.0,0.0011481408090621445,-0.0011481408090621445,6,16
26,20,injected_reasoning,0.0,0.0008267057089755149,-0.0008267057089755149,6,16
26,21,benign_puzzle_scaffold,0.23670767627181397,0.31495107079943613,-0.07824339452762216,6,16
26,21,final_answer_cue,0.09564790126698765,0.10465418242199602,-0.009006281155008372,6,16
26,21,harmful_instruction,0.0,0.0017534871852999733,-0.0017534871852999733,6,16
26,21,injected_reasoning,0.0,0.0029011116755497937,-0.0029011116755497937,6,16
26,22,benign_puzzle_scaffold,0.11236112873586383,0.1462578094131361,-0.033896680677272265,6,16
26,22,final_answer_cue,0.20160094107990437,0.23422415926679402,-0.03262321818688965,6,16
26,22,harmful_instruction,0.0,0.0016908425958843194,-0.0016908425958843194,6,16
26,22,injected_reasoning,0.0,0.0009455461591856153,-0.0009455461591856153,6,16
26,23,benign_puzzle_scaffold,0.19894715297323703,0.3186173329899018,-0.11967018001666477,6,16
26,23,final_answer_cue,0.09860986920489767,0.12521794129677682,-0.026608072091879154,6,16
26,23,harmful_instruction,0.0,0.0010765433770001315,-0.0010765433770001315,6,16
26,23,injected_reasoning,0.0,0.003765118264865044,-0.003765118264865044,6,16
26,24,benign_puzzle_scaffold,0.09898739673552161,0.1489900113713528,-0.05000261463583118,6,16
26,24,final_answer_cue,0.11640377794569505,0.1637695545056864,-0.04736577655999134,6,16
26,24,harmful_instruction,0.0,0.000724554870989794,-0.000724554870989794,6,16
26,24,injected_reasoning,0.0,0.0012756403844071138,-0.0012756403844071138,6,16
26,25,benign_puzzle_scaffold,0.15118746844770348,0.1725184654705521,-0.02133099702284863,6,16
26,25,final_answer_cue,0.08890058162228287,0.08667158860987101,0.0022289930124118618,6,16
26,25,harmful_instruction,0.0,0.0013143004788539905,-0.0013143004788539905,6,16
26,25,injected_reasoning,0.0,0.0028027418107235925,-0.0028027418107235925,6,16
26,26,benign_puzzle_scaffold,0.10413665102551105,0.13202326309313606,-0.027886612067625008,6,16
26,26,final_answer_cue,0.07218600295262789,0.06497680626826648,0.007209196684361416,6,16
26,26,harmful_instruction,0.0,0.0010398081982169517,-0.0010398081982169517,6,16
26,26,injected_reasoning,0.0,0.001142539635545043,-0.001142539635545043,6,16
26,27,benign_puzzle_scaffold,0.08627363585758228,0.13124871783941436,-0.044975081981832074,6,16
26,27,final_answer_cue,0.03245053767107517,0.03632415517105046,-0.003873617499975293,6,16
26,27,harmful_instruction,0.0,0.00042342134481936316,-0.00042342134481936316,6,16
26,27,injected_reasoning,0.0,0.0013128482932993843,-0.0013128482932993843,6,16
26,28,benign_puzzle_scaffold,0.06170369933401937,0.09413888603570013,-0.03243518670168076,6,16
26,28,final_answer_cue,0.11583305925313207,0.0827340176065572,0.03309904164657487,6,16
26,28,harmful_instruction,0.0,0.0010546722236053512,-0.0010546722236053512,6,16
26,28,injected_reasoning,0.0,0.00032037729079329987,-0.00032037729079329987,6,16
26,29,benign_puzzle_scaffold,0.09050135420708726,0.13987587166433074,-0.049374517457243486,6,16
26,29,final_answer_cue,0.035580423992133035,0.0319966049059528,0.0035838190861802385,6,16
26,29,harmful_instruction,0.0,0.00025063215463246757,-0.00025063215463246757,6,16
26,29,injected_reasoning,0.0,0.0011155054960255493,-0.0011155054960255493,6,16
26,30,benign_puzzle_scaffold,0.3286524501305899,0.3819213236031356,-0.053268873472545664,6,16
26,30,final_answer_cue,0.0570567411189786,0.07192166929854944,-0.014864928179570844,6,16
26,30,harmful_instruction,0.0,0.0005540394200966286,-0.0005540394200966286,6,16
26,30,injected_reasoning,0.0,0.004835487018411151,-0.004835487018411151,6,16
26,31,benign_puzzle_scaffold,0.4206269654435914,0.3893189364579257,0.031308028985665703,6,16
26,31,final_answer_cue,0.45998321052625246,0.5066452749927257,-0.04666206446647325,6,16
26,31,harmful_instruction,0.0,0.006220203412802667,-0.006220203412802667,6,16
26,31,injected_reasoning,0.0,0.0027870430142160345,-0.0027870430142160345,6,16
26,32,benign_puzzle_scaffold,0.4469122814931518,0.39083983526113675,0.05607244623201507,6,16
26,32,final_answer_cue,0.35607057671352105,0.44160747171937453,-0.08553689500585349,6,16
26,32,harmful_instruction,0.0,0.002204778721076068,-0.002204778721076068,6,16
26,32,injected_reasoning,0.0,0.002347695672070339,-0.002347695672070339,6,16
26,33,benign_puzzle_scaffold,0.3531769303733294,0.40459144937822145,-0.05141451900489202,6,16
26,33,final_answer_cue,0.4130681910919487,0.4188423685049363,-0.00577417741298758,6,16
26,33,harmful_instruction,0.0,0.0044200268606288395,-0.0044200268606288395,6,16
26,33,injected_reasoning,0.0,0.0035942979739844905,-0.0035942979739844905,6,16
26,34,benign_puzzle_scaffold,0.47366333835020286,0.526422783237976,-0.05275944488777312,6,16
26,34,final_answer_cue,0.19885383079279342,0.2266124644299374,-0.02775863363714398,6,16
26,34,harmful_instruction,0.0,0.0019329200568745666,-0.0019329200568745666,6,16
26,34,injected_reasoning,0.0,0.005560140035148108,-0.005560140035148108,6,16
26,35,benign_puzzle_scaffold,0.48573530199534964,0.5912687805077852,-0.10553347851243555,6,16
26,35,final_answer_cue,0.14624707975474538,0.17775723126957285,-0.03151015151482747,6,16
26,35,harmful_instruction,0.0,0.0016416313947255512,-0.0016416313947255512,6,16
26,35,injected_reasoning,0.0,0.004132477749263383,-0.004132477749263383,6,16
26,36,benign_puzzle_scaffold,0.38026328929920267,0.5397285374374639,-0.15946524813826118,6,16
26,36,final_answer_cue,0.1466770087690332,0.1505294577902944,-0.003852449021261195,6,16
26,36,harmful_instruction,0.0,0.0014695522131134386,-0.0014695522131134386,6,16
26,36,injected_reasoning,0.0,0.006849961978672248,-0.006849961978672248,6,16
26,37,benign_puzzle_scaffold,0.41539836279956416,0.5022591361649265,-0.0868607733653623,6,16
26,37,final_answer_cue,0.29961593799873304,0.31507236367211144,-0.015456425673378404,6,16
26,37,harmful_instruction,0.0,0.003167213407230967,-0.003167213407230967,6,16
26,37,injected_reasoning,0.0,0.00282945979494493,-0.00282945979494493,6,16
26,38,benign_puzzle_scaffold,0.3863768307629882,0.4556495785858504,-0.06927274782286225,6,16
26,38,final_answer_cue,0.3100344493164975,0.3131099160115255,-0.0030754666950280063,6,16
26,38,harmful_instruction,0.0,0.002159773836618495,-0.002159773836618495,6,16
26,38,injected_reasoning,0.0,0.002491535751807978,-0.002491535751807978,6,16
26,39,benign_puzzle_scaffold,0.24724205208682692,0.3608159039511741,-0.11357385186434715,6,16
26,39,final_answer_cue,0.2169337125875627,0.26587461098334486,-0.04894089839578217,6,16
26,39,harmful_instruction,0.0,0.0012755216945677713,-0.0012755216945677713,6,16
26,39,injected_reasoning,0.0,0.0019971959204371425,-0.0019971959204371425,6,16
27,0,benign_puzzle_scaffold,0.35009338929342615,0.33416760962656455,0.015925779666861595,6,16
27,0,final_answer_cue,0.37908318358511234,0.43623038418431836,-0.05714720059920603,6,16
27,0,harmful_instruction,0.0,0.005686121868554998,-0.005686121868554998,6,16
27,0,injected_reasoning,0.0,0.001680004666918086,-0.001680004666918086,6,16
27,1,benign_puzzle_scaffold,0.16647138538106102,0.16101875301388235,0.005452632367178661,6,16
27,1,final_answer_cue,0.521907356431273,0.5398680763366313,-0.017960719905358302,6,16
27,1,harmful_instruction,0.0,0.005123366581959023,-0.005123366581959023,6,16
27,1,injected_reasoning,0.0,0.0005858024760754424,-0.0005858024760754424,6,16
27,2,benign_puzzle_scaffold,0.18967051065722215,0.2073172485406441,-0.017646737883421942,6,16
27,2,final_answer_cue,0.5760695501845382,0.5641911879298275,0.011878362254710728,6,16
27,2,harmful_instruction,0.0,0.006890830993084064,-0.006890830993084064,6,16
27,2,injected_reasoning,0.0,0.0007043629519587417,-0.0007043629519587417,6,16
27,3,benign_puzzle_scaffold,0.36624838612454225,0.5052182229728476,-0.13896983684830533,6,16
27,3,final_answer_cue,0.17456450864348969,0.18279219369316202,-0.008227685049672334,6,16
27,3,harmful_instruction,0.0,0.0015216551729633617,-0.0015216551729633617,6,16
27,3,injected_reasoning,0.0,0.006142219051650365,-0.006142219051650365,6,16
27,4,benign_puzzle_scaffold,0.22661699171426006,0.23340439539190672,-0.006787403677646658,6,16
27,4,final_answer_cue,0.4410638418325443,0.4639961088315519,-0.022932266999007578,6,16
27,4,harmful_instruction,0.0,0.0038616456274192493,-0.0038616456274192493,6,16
27,4,injected_reasoning,0.0,0.0012504998488370625,-0.0012504998488370625,6,16
27,5,benign_puzzle_scaffold,0.13806860112983776,0.14154313099798538,-0.0034745298681476133,6,16
27,5,final_answer_cue,0.6133790738112798,0.6523361770865972,-0.03895710327531743,6,16
27,5,harmful_instruction,0.0,0.009677848408550512,-0.009677848408550512,6,16
27,5,injected_reasoning,0.0,0.0004269588906850103,-0.0004269588906850103,6,16
27,6,benign_puzzle_scaffold,0.04158224079937931,0.063253600652779,-0.021671359853399692,6,16
27,6,final_answer_cue,0.31425316229936734,0.32549110083799504,-0.011237938538627701,6,16
27,6,harmful_instruction,0.0,0.0034638077126525418,-0.0034638077126525418,6,16
27,6,injected_reasoning,0.0,9.79333966371653e-05,-9.79333966371653e-05,6,16
27,7,benign_puzzle_scaffold,0.03461843819430551,0.04256838706023554,-0.007949948865930027,6,16
27,7,final_answer_cue,0.33946946647107773,0.357794185748595,-0.018324719277517276,6,16
27,7,harmful_instruction,0.0,0.005693973157076851,-0.005693973157076851,6,16
27,7,injected_reasoning,0.0,4.8767368244710227e-05,-4.8767368244710227e-05,6,16
27,8,benign_puzzle_scaffold,0.060900376579172445,0.05817581822993047,0.0027245583492419775,6,16
27,8,final_answer_cue,0.24294520672437783,0.29902097748062884,-0.056075770756251,6,16
27,8,harmful_instruction,0.0,0.002240979188111083,-0.002240979188111083,6,16
27,8,injected_reasoning,0.0,5.7647074867753014e-05,-5.7647074867753014e-05,6,16
27,9,benign_puzzle_scaffold,0.031448668220924444,0.05622533475239343,-0.024776666531468983,6,16
27,9,final_answer_cue,0.2982979946136039,0.31863963993490235,-0.02034164532129845,6,16
27,9,harmful_instruction,0.0,0.0038423039153150087,-0.0038423039153150087,6,16
27,9,injected_reasoning,0.0,9.65535867452427e-05,-9.65535867452427e-05,6,16
27,10,benign_puzzle_scaffold,0.09783243231074841,0.08602584680547753,0.011806585505270875,6,16
27,10,final_answer_cue,0.572949221441704,0.5835096021204764,-0.010560380678772407,6,16
27,10,harmful_instruction,0.0,0.008570022139604715,-0.008570022139604715,6,16
27,10,injected_reasoning,0.0,8.355687417058342e-05,-8.355687417058342e-05,6,16
27,11,benign_puzzle_scaffold,0.1955915255629224,0.19859494388982368,-0.0030034183269012915,6,16
27,11,final_answer_cue,0.5903599009031502,0.6107563854595093,-0.020396484556359118,6,16
27,11,harmful_instruction,0.0,0.007451334473733567,-0.007451334473733567,6,16
27,11,injected_reasoning,0.0,0.0004155428099036244,-0.0004155428099036244,6,16
27,12,benign_puzzle_scaffold,0.2890854374456516,0.3212877489591701,-0.03220231151351849,6,16
27,12,final_answer_cue,0.2946345751372876,0.35169304685106173,-0.05705847171377415,6,16
27,12,harmful_instruction,0.0,0.004384271865064848,-0.004384271865064848,6,16
27,12,injected_reasoning,0.0,0.001625271786398019,-0.001625271786398019,6,16
27,13,benign_puzzle_scaffold,0.09783769779670849,0.08014317158616271,0.017694526210545777,6,16
27,13,final_answer_cue,0.5860252453890602,0.6115318537933916,-0.025506608404331388,6,16
27,13,harmful_instruction,0.0,0.008184003766613268,-0.008184003766613268,6,16
27,13,injected_reasoning,0.0,0.00011575918325428909,-0.00011575918325428909,6,16
27,14,benign_puzzle_scaffold,0.12178372533284508,0.11995294596155451,0.0018307793712905723,6,16
27,14,final_answer_cue,0.6425545909199384,0.6534176522416055,-0.010863061321667145,6,16
27,14,harmful_instruction,0.0,0.00755399402831467,-0.00755399402831467,6,16
27,14,injected_reasoning,0.0,0.00018044686951958672,-0.00018044686951958672,6,16
27,15,benign_puzzle_scaffold,0.126194568905095,0.13768642591360417,-0.01149185700850916,6,16
27,15,final_answer_cue,0.0750384054683112,0.06176164983724446,0.013276755631066735,6,16
27,15,harmful_instruction,0.0,0.0011274866635127127,-0.0011274866635127127,6,16
27,15,injected_reasoning,0.0,0.0009255015754042813,-0.0009255015754042813,6,16
27,16,benign_puzzle_scaffold,0.10889391041510843,0.14243511476354,-0.03354120434843158,6,16
27,16,final_answer_cue,0.3458112244588481,0.3767386238168525,-0.030927399358004426,6,16
27,16,harmful_instruction,0.0,0.003790263569869789,-0.003790263569869789,6,16
27,16,injected_reasoning,0.0,0.00028358626884205404,-0.00028358626884205404,6,16
27,17,benign_puzzle_scaffold,0.2907946759147785,0.40443206504205836,-0.11363738912727989,6,16
27,17,final_answer_cue,0.2664891648494527,0.2688670147760937,-0.002377849926641029,6,16
27,17,harmful_instruction,0.0,0.004995099880884474,-0.004995099880884474,6,16
27,17,injected_reasoning,0.0,0.008261391135633622,-0.008261391135633622,6,16
27,18,benign_puzzle_scaffold,0.3620196136803471,0.4144986726374751,-0.05247905895712801,6,16
27,18,final_answer_cue,0.20720028329225426,0.2468055089791263,-0.039605225686872025,6,16
27,18,harmful_instruction,0.0,0.004951367758081232,-0.004951367758081232,6,16
27,18,injected_reasoning,0.0,0.0028592922421437216,-0.0028592922421437216,6,16
27,19,benign_puzzle_scaffold,0.2060698439707408,0.2053472374257322,0.0007226065450086083,6,16
27,19,final_answer_cue,0.40353135089730513,0.41562604045544904,-0.012094689558143912,6,16
27,19,harmful_instruction,0.0,0.0059973543967470205,-0.0059973543967470205,6,16
27,19,injected_reasoning,0.0,0.00029426973860524006,-0.00029426973860524006,6,16
27,20,benign_puzzle_scaffold,0.1551409597297604,0.2213618961400473,-0.0662209364102869,6,16
27,20,final_answer_cue,0.13333113798648608,0.16200207427932703,-0.028670936292840954,6,16
27,20,harmful_instruction,0.0,0.00026455111410072054,-0.00026455111410072054,6,16
27,20,injected_reasoning,0.0,0.0011640405145799965,-0.0011640405145799965,6,16
27,21,benign_puzzle_scaffold,0.1775134097815417,0.2277940727184809,-0.0502806629369392,6,16
27,21,final_answer_cue,0.1680752417396522,0.19620966267567733,-0.02813442093602514,6,16
27,21,harmful_instruction,0.0,0.0005706161425810918,-0.0005706161425810918,6,16
27,21,injected_reasoning,0.0,0.0009201259532651024,-0.0009201259532651024,6,16
27,22,benign_puzzle_scaffold,0.10388161713335509,0.15956868508611116,-0.055687067952756075,6,16
27,22,final_answer_cue,0.1930739239417422,0.18661200387057042,0.006461920071171773,6,16
27,22,harmful_instruction,0.0,0.0009821526826056658,-0.0009821526826056658,6,16
27,22,injected_reasoning,0.0,0.0009065784589774577,-0.0009065784589774577,6,16
27,23,benign_puzzle_scaffold,0.3467880703459994,0.4223837043579648,-0.0755956340119654,6,16
27,23,final_answer_cue,0.16124766597584284,0.16739749328127107,-0.006149827305428235,6,16
27,23,harmful_instruction,0.0,0.0025546720223970625,-0.0025546720223970625,6,16
27,23,injected_reasoning,0.0,0.0018946706182997467,-0.0018946706182997467,6,16
27,24,benign_puzzle_scaffold,0.11147333979599316,0.2316944877594545,-0.12022114796346134,6,16
27,24,final_answer_cue,0.09790264642706381,0.10502132371600167,-0.0071186772889378636,6,16
27,24,harmful_instruction,0.0,0.00046767519519245543,-0.00046767519519245543,6,16
27,24,injected_reasoning,0.0,0.0005137804514952929,-0.0005137804514952929,6,16
27,25,benign_puzzle_scaffold,0.2720359615955377,0.31901578551685306,-0.04697982392131533,6,16
27,25,final_answer_cue,0.21301882099047853,0.26583609632072736,-0.052817275330248825,6,16
27,25,harmful_instruction,0.0,0.0021371437238177256,-0.0021371437238177256,6,16
27,25,injected_reasoning,0.0,0.0020422043492522544,-0.0020422043492522544,6,16
27,26,benign_puzzle_scaffold,0.22241189100847478,0.20992609021975467,0.012485800788720108,6,16
27,26,final_answer_cue,0.34161037129113175,0.3825182888498988,-0.04090791755876705,6,16
27,26,harmful_instruction,0.0,0.0018506608244144946,-0.0018506608244144946,6,16
27,26,injected_reasoning,0.0,0.000374270505766059,-0.000374270505766059,6,16
27,27,benign_puzzle_scaffold,0.20469962998987512,0.2091136696991583,-0.0044140397092831685,6,16
27,27,final_answer_cue,0.3817056416084623,0.41899017707592123,-0.03728453546745891,6,16
27,27,harmful_instruction,0.0,0.0040119926794469195,-0.0040119926794469195,6,16
27,27,injected_reasoning,0.0,0.00038618824429253085,-0.00038618824429253085,6,16
27,28,benign_puzzle_scaffold,0.16289105690543734,0.14951943131539125,0.013371625590046093,6,16
27,28,final_answer_cue,0.38366846062245136,0.43899610749707313,-0.05532764687462177,6,16
27,28,harmful_instruction,0.0,0.004927181642405187,-0.004927181642405187,6,16
27,28,injected_reasoning,0.0,0.0002640804797204895,-0.0002640804797204895,6,16
27,29,benign_puzzle_scaffold,0.11871471888716756,0.1300508505283165,-0.011336131641148939,6,16
27,29,final_answer_cue,0.298132459473375,0.3444174513012894,-0.0462849918279144,6,16
27,29,harmful_instruction,0.0,0.003739105137221564,-0.003739105137221564,6,16
27,29,injected_reasoning,0.0,0.0003063544255084491,-0.0003063544255084491,6,16
27,30,benign_puzzle_scaffold,0.10871644957928805,0.14789794501753337,-0.03918149543824531,6,16
27,30,final_answer_cue,0.3027765666598634,0.30961098014616706,-0.006834413486303648,6,16
27,30,harmful_instruction,0.0,0.004489014754839137,-0.004489014754839137,6,16
27,30,injected_reasoning,0.0,0.0009135448443503519,-0.0009135448443503519,6,16
27,31,benign_puzzle_scaffold,0.32481742991670487,0.46056821822047267,-0.1357507883037678,6,16
27,31,final_answer_cue,0.17963410793915402,0.2040449805103531,-0.024410872571199088,6,16
27,31,harmful_instruction,0.0,0.001584658580430903,-0.001584658580430903,6,16
27,31,injected_reasoning,0.0,0.004431432088751868,-0.004431432088751868,6,16
27,32,benign_puzzle_scaffold,0.41315862769906686,0.559353154942867,-0.1461945272438001,6,16
27,32,final_answer_cue,0.11790923720024575,0.1290391063433191,-0.01112986914307336,6,16
27,32,harmful_instruction,0.0,0.0011338251397031113,-0.0011338251397031113,6,16
27,32,injected_reasoning,0.0,0.005337810678269069,-0.005337810678269069,6,16
27,33,benign_puzzle_scaffold,0.2842616662546656,0.37555845245413555,-0.09129678619946996,6,16
27,33,final_answer_cue,0.3066416453944569,0.3118866260633929,-0.005244980668936028,6,16
27,33,harmful_instruction,0.0,0.002955329126683031,-0.002955329126683031,6,16
27,33,injected_reasoning,0.0,0.004435556892262707,-0.004435556892262707,6,16
27,34,benign_puzzle_scaffold,0.2715282193634397,0.41160488988530186,-0.14007667052186218,6,16
27,34,final_answer_cue,0.20578398176499677,0.2210650289388842,-0.015281047173887424,6,16
27,34,harmful_instruction,0.0,0.001245635070005921,-0.001245635070005921,6,16
27,34,injected_reasoning,0.0,0.00630483960586488,-0.00630483960586488,6,16
27,35,benign_puzzle_scaffold,0.054288501994789747,0.05099268736019176,0.0032958146345979863,6,16
27,35,final_answer_cue,0.6383599994072481,0.666625314852225,-0.028265315444976902,6,16
27,35,harmful_instruction,0.0,0.009599593170667862,-0.009599593170667862,6,16
27,35,injected_reasoning,0.0,9.477778416278743e-05,-9.477778416278743e-05,6,16
27,36,benign_puzzle_scaffold,0.09881837012906669,0.07097159268194533,0.027846777447121357,6,16
27,36,final_answer_cue,0.5660953766410147,0.6058526883399963,-0.03975731169898156,6,16
27,36,harmful_instruction,0.0,0.008005183273113689,-0.008005183273113689,6,16
27,36,injected_reasoning,0.0,0.00016975184265990254,-0.00016975184265990254,6,16
27,37,benign_puzzle_scaffold,0.07685751937953729,0.0633166678665639,0.013540851512973393,6,16
27,37,final_answer_cue,0.6203472360796787,0.6235602154446218,-0.003212979364943136,6,16
27,37,harmful_instruction,0.0,0.006992071519357845,-0.006992071519357845,6,16
27,37,injected_reasoning,0.0,0.00016965651640047155,-0.00016965651640047155,6,16
27,38,benign_puzzle_scaffold,0.11418564511852353,0.08296914617801579,0.031216498940507736,6,16
27,38,final_answer_cue,0.6923527619731774,0.7530071645256281,-0.06065440255245069,6,16
27,38,harmful_instruction,0.0,0.011304191044941982,-0.011304191044941982,6,16
27,38,injected_reasoning,0.0,0.0005426907727450863,-0.0005426907727450863,6,16
27,39,benign_puzzle_scaffold,0.47998461813013993,0.5131951794163401,-0.033210561286200146,6,16
27,39,final_answer_cue,0.23952312153606314,0.32038340553365513,-0.08086028399759199,6,16
27,39,harmful_instruction,0.0,0.005685907838918506,-0.005685907838918506,6,16
27,39,injected_reasoning,0.0,0.004468623590260276,-0.004468623590260276,6,16
28,0,benign_puzzle_scaffold,0.13425738350824676,0.138029445264741,-0.0037720617564942494,6,16
28,0,final_answer_cue,0.26871685735965845,0.3087802370656349,-0.040063379705976454,6,16
28,0,harmful_instruction,0.0,0.0065637209227371925,-0.0065637209227371925,6,16
28,0,injected_reasoning,0.0,0.000639416513475222,-0.000639416513475222,6,16
28,1,benign_puzzle_scaffold,0.21986831678942817,0.2571882252004959,-0.03731990841106772,6,16
28,1,final_answer_cue,0.34475699395159864,0.3679340586895766,-0.02317706473797798,6,16
28,1,harmful_instruction,0.0,0.002075607850051963,-0.002075607850051963,6,16
28,1,injected_reasoning,0.0,0.0017703672928304124,-0.0017703672928304124,6,16
28,2,benign_puzzle_scaffold,0.19798211785570338,0.2953526856766098,-0.09737056782090645,6,16
28,2,final_answer_cue,0.1998827436837375,0.20179270282218803,-0.0019099591384505177,6,16
28,2,harmful_instruction,0.0,0.0008364086080052642,-0.0008364086080052642,6,16
28,2,injected_reasoning,0.0,0.0018478022170085242,-0.0018478022170085242,6,16
28,3,benign_puzzle_scaffold,0.1301875567953576,0.1891487407872583,-0.0589611839919007,6,16
28,3,final_answer_cue,0.09632679485238134,0.10683040115935663,-0.010503606306975291,6,16
28,3,harmful_instruction,0.0,0.0005856994624103421,-0.0005856994624103421,6,16
28,3,injected_reasoning,0.0,0.0007845885150076936,-0.0007845885150076936,6,16
28,4,benign_puzzle_scaffold,0.2841404682827497,0.4175409965307104,-0.13340052824796073,6,16
28,4,final_answer_cue,0.12006800054603317,0.1376441878893829,-0.01757618734334973,6,16
28,4,harmful_instruction,0.0,0.0010764191517142088,-0.0010764191517142088,6,16
28,4,injected_reasoning,0.0,0.006571647905641123,-0.006571647905641123,6,16
28,5,benign_puzzle_scaffold,0.17357809487980783,0.1904071864936365,-0.016829091613828673,6,16
28,5,final_answer_cue,0.30318080599967706,0.2879704032063384,0.015210402793338684,6,16
28,5,harmful_instruction,0.0,0.004189221853777545,-0.004189221853777545,6,16
28,5,injected_reasoning,0.0,0.0011570570216958569,-0.0011570570216958569,6,16
28,6,benign_puzzle_scaffold,0.12210235145690058,0.18079590110756633,-0.05869354965066574,6,16
28,6,final_answer_cue,0.03766591718625583,0.037786628929576654,-0.00012071174332082407,6,16
28,6,harmful_instruction,0.0,0.0013377009128072012,-0.0013377009128072012,6,16
28,6,injected_reasoning,0.0,0.0013915690702471636,-0.0013915690702471636,6,16
28,7,benign_puzzle_scaffold,0.23205237148376634,0.280451518834102,-0.04839914735033568,6,16
28,7,final_answer_cue,0.1384607987517486,0.14017493700864112,-0.0017141382568925112,6,16
28,7,harmful_instruction,0.0,0.0020348988245227624,-0.0020348988245227624,6,16
28,7,injected_reasoning,0.0,0.0036673380309725084,-0.0036673380309725084,6,16
28,8,benign_puzzle_scaffold,0.32339379401427915,0.43457389761905285,-0.1111801036047737,6,16
28,8,final_answer_cue,0.11582365435542581,0.113237242908842,0.0025864114465838084,6,16
28,8,harmful_instruction,0.0,0.0009865610813297122,-0.0009865610813297122,6,16
28,8,injected_reasoning,0.0,0.0035827831726976023,-0.0035827831726976023,6,16
28,9,benign_puzzle_scaffold,0.26788190477870766,0.36500892311126376,-0.0971270183325561,6,16
28,9,final_answer_cue,0.11575158988443483,0.13818409158304945,-0.022432501698614618,6,16
28,9,harmful_instruction,0.0,0.000558799247036385,-0.000558799247036385,6,16
28,9,injected_reasoning,0.0,0.001341400905826594,-0.001341400905826594,6,16
28,10,benign_puzzle_scaffold,0.15376973359076582,0.1698076279466838,-0.016037894355917987,6,16
28,10,final_answer_cue,0.37878337364119824,0.4264366000678813,-0.04765322642668307,6,16
28,10,harmful_instruction,0.0,0.003937099483302879,-0.003937099483302879,6,16
28,10,injected_reasoning,0.0,0.0011636675181122462,-0.0011636675181122462,6,16
28,11,benign_puzzle_scaffold,0.1282352362517062,0.17488637418791175,-0.04665113793620554,6,16
28,11,final_answer_cue,0.1114697376687317,0.1418141500380513,-0.030344412369319618,6,16
28,11,harmful_instruction,0.0,0.001361389158917534,-0.001361389158917534,6,16
28,11,injected_reasoning,0.0,0.0014751369330039243,-0.0014751369330039243,6,16
28,12,benign_puzzle_scaffold,0.031320879337694806,0.057443048475852104,-0.0261221691381573,6,16
28,12,final_answer_cue,0.3298694143052829,0.33561907798632773,-0.005749663681044848,6,16
28,12,harmful_instruction,0.0,0.004948039726959153,-0.004948039726959153,6,16
28,12,injected_reasoning,0.0,0.00015606889149202623,-0.00015606889149202623,6,16
28,13,benign_puzzle_scaffold,0.055770826176123084,0.06613285108469322,-0.010362024908570133,6,16
28,13,final_answer_cue,0.24628574424978053,0.27177666723669724,-0.025490922986916714,6,16
28,13,harmful_instruction,0.0,0.0018525611270889507,-0.0018525611270889507,6,16
28,13,injected_reasoning,0.0,0.00022717894519593842,-0.00022717894519593842,6,16
28,14,benign_puzzle_scaffold,0.04603271054352429,0.06606138696764867,-0.020028676424124377,6,16
28,14,final_answer_cue,0.3004619620004402,0.2895343504076785,0.010927611592761677,6,16
28,14,harmful_instruction,0.0,0.0035652718151202483,-0.0035652718151202483,6,16
28,14,injected_reasoning,0.0,0.000182284409805657,-0.000182284409805657,6,16
28,15,benign_puzzle_scaffold,0.116174019633964,0.14502286214281104,-0.028848842508847047,6,16
28,15,final_answer_cue,0.07368021842858988,0.1271834836310648,-0.05350326520247492,6,16
28,15,harmful_instruction,0.0,0.001056883682985018,-0.001056883682985018,6,16
28,15,injected_reasoning,0.0,0.0010215563293608314,-0.0010215563293608314,6,16
28,16,benign_puzzle_scaffold,0.14909434558713036,0.164927346712319,-0.01583300112518865,6,16
28,16,final_answer_cue,0.1368306895300974,0.18813596461921528,-0.05130527508911789,6,16
28,16,harmful_instruction,0.0,0.0015065478591725651,-0.0015065478591725651,6,16
28,16,injected_reasoning,0.0,0.0008729732956537799,-0.0008729732956537799,6,16
28,17,benign_puzzle_scaffold,0.17111119838117705,0.1842651740158638,-0.013153975634686732,6,16
28,17,final_answer_cue,0.1469373039000826,0.19680839084686605,-0.04987108694678344,6,16
28,17,harmful_instruction,0.0,0.0018170004805117563,-0.0018170004805117563,6,16
28,17,injected_reasoning,0.0,0.0010471757362847866,-0.0010471757362847866,6,16
28,18,benign_puzzle_scaffold,0.2703398285251535,0.31015178655109277,-0.03981195802593929,6,16
28,18,final_answer_cue,0.08253730253723411,0.12731101952604496,-0.044773716988810844,6,16
28,18,harmful_instruction,0.0,0.0017615479750825262,-0.0017615479750825262,6,16
28,18,injected_reasoning,0.0,0.0017486823346469184,-0.0017486823346469184,6,16
28,19,benign_puzzle_scaffold,0.42426132693195723,0.47863739542653067,-0.05437606849457344,6,16
28,19,final_answer_cue,0.14831834989370982,0.20577174746660679,-0.05745339757289697,6,16
28,19,harmful_instruction,0.0,0.003137899206018352,-0.003137899206018352,6,16
28,19,injected_reasoning,0.0,0.0043305602384153714,-0.0043305602384153714,6,16
28,20,benign_puzzle_scaffold,0.26431797026114556,0.33441770693709505,-0.07009973667594949,6,16
28,20,final_answer_cue,0.15861338549253892,0.1909731049647786,-0.03235971947223967,6,16
28,20,harmful_instruction,0.0,0.001408157098236046,-0.001408157098236046,6,16
28,20,injected_reasoning,0.0,0.0028200193144910803,-0.0028200193144910803,6,16
28,21,benign_puzzle_scaffold,0.37901575804608045,0.5571622179076321,-0.17814645986155164,6,16
28,21,final_answer_cue,0.10933876609050965,0.12267950671598182,-0.013340740625472178,6,16
28,21,harmful_instruction,0.0,0.0007691719242198837,-0.0007691719242198837,6,16
28,21,injected_reasoning,0.0,0.009324685356273019,-0.009324685356273019,6,16
28,22,benign_puzzle_scaffold,0.1648039148480225,0.2510233878467679,-0.08621947299874541,6,16
28,22,final_answer_cue,0.1080696671717748,0.1397248269169605,-0.03165515974518571,6,16
28,22,harmful_instruction,0.0,0.0010191466897225927,-0.0010191466897225927,6,16
28,22,injected_reasoning,0.0,0.0025210979252995556,-0.0025210979252995556,6,16
28,23,benign_puzzle_scaffold,0.3813238008923658,0.4265883120591537,-0.045264511166787924,6,16
28,23,final_answer_cue,0.29679769556617847,0.3329179298212305,-0.03612023425505201,6,16
28,23,harmful_instruction,0.0,0.0025113734249663606,-0.0025113734249663606,6,16
28,23,injected_reasoning,0.0,0.005414872713367227,-0.005414872713367227,6,16
28,24,benign_puzzle_scaffold,0.3810741605687687,0.44081890549896885,-0.059744744930200155,6,16
28,24,final_answer_cue,0.1473548162473998,0.17789359019860668,-0.030538773951206882,6,16
28,24,harmful_instruction,0.0,0.0013803090053903834,-0.0013803090053903834,6,16
28,24,injected_reasoning,0.0,0.002372324064790099,-0.002372324064790099,6,16
28,25,benign_puzzle_scaffold,0.255925177002237,0.35289538077256033,-0.09697020377032334,6,16
28,25,final_answer_cue,0.3807775266138845,0.3611678746399093,0.019609651973975184,6,16
28,25,harmful_instruction,0.0,0.0030707062339038983,-0.0030707062339038983,6,16
28,25,injected_reasoning,0.0,0.0017538995520568488,-0.0017538995520568488,6,16
28,26,benign_puzzle_scaffold,0.0755601902856455,0.09076185182007235,-0.015201661534426841,6,16
28,26,final_answer_cue,0.3761999248725976,0.3959415158243593,-0.0197415909517617,6,16
28,26,harmful_instruction,0.0,0.00770789202890354,-0.00770789202890354,6,16
28,26,injected_reasoning,0.0,0.00013639243302423693,-0.00013639243302423693,6,16
28,27,benign_puzzle_scaffold,0.2783930969126434,0.3499151855922328,-0.07152208867958937,6,16
28,27,final_answer_cue,0.2579787273595423,0.25754101131405915,0.0004377160454831497,6,16
28,27,harmful_instruction,0.0,0.002495779429474227,-0.002495779429474227,6,16
28,27,injected_reasoning,0.0,0.0013997647946729916,-0.0013997647946729916,6,16
28,28,benign_puzzle_scaffold,0.0858690697569655,0.08082531589318598,0.005043753863779518,6,16
28,28,final_answer_cue,0.5621443398536541,0.5775964014526511,-0.015452061598997036,6,16
28,28,harmful_instruction,0.0,0.00669343420476309,-0.00669343420476309,6,16
28,28,injected_reasoning,0.0,8.535366939747286e-05,-8.535366939747286e-05,6,16
28,29,benign_puzzle_scaffold,0.28236563944685916,0.32006865139878593,-0.03770301195192677,6,16
28,29,final_answer_cue,0.5010958291563049,0.5031473414822032,-0.002051512325898286,6,16
28,29,harmful_instruction,0.0,0.00633270812524638,-0.00633270812524638,6,16
28,29,injected_reasoning,0.0,0.001737150240107395,-0.001737150240107395,6,16
28,30,benign_puzzle_scaffold,0.14339044586189642,0.20247738720563818,-0.05908694134374176,6,16
28,30,final_answer_cue,0.03730232007499193,0.05404591268913865,-0.01674359261414672,6,16
28,30,harmful_instruction,0.0,0.0006006293082495001,-0.0006006293082495001,6,16
28,30,injected_reasoning,0.0,0.002968358983971036,-0.002968358983971036,6,16
28,31,benign_puzzle_scaffold,0.07744145707564944,0.08930003748954038,-0.011858580413890943,6,16
28,31,final_answer_cue,0.0844954522483156,0.09022755287157294,-0.0057321006232573385,6,16
28,31,harmful_instruction,0.0,0.0009565519000110526,-0.0009565519000110526,6,16
28,31,injected_reasoning,0.0,0.0003208997426637555,-0.0003208997426637555,6,16
28,32,benign_puzzle_scaffold,0.14652236741333882,0.1848223953743315,-0.03830002796099269,6,16
28,32,final_answer_cue,0.06165701734425969,0.07606013862958266,-0.014403121285322971,6,16
28,32,harmful_instruction,0.0,0.0004280282672786621,-0.0004280282672786621,6,16
28,32,injected_reasoning,0.0,0.004838049818858028,-0.004838049818858028,6,16
28,33,benign_puzzle_scaffold,0.19503502043773305,0.24377484078867587,-0.04873982035094282,6,16
28,33,final_answer_cue,0.08800901303406117,0.11552343062773071,-0.027514417593669543,6,16
28,33,harmful_instruction,0.0,0.000518675322227394,-0.000518675322227394,6,16
28,33,injected_reasoning,0.0,0.001933230136527141,-0.001933230136527141,6,16
28,34,benign_puzzle_scaffold,0.014022338371729054,0.032806432757678854,-0.0187840943859498,6,16
28,34,final_answer_cue,0.0026852517506809996,0.004587016716553535,-0.001901764965872535,6,16
28,34,harmful_instruction,0.0,7.658624704570799e-05,-7.658624704570799e-05,6,16
28,34,injected_reasoning,0.0,0.0003286577109309378,-0.0003286577109309378,6,16
28,35,benign_puzzle_scaffold,0.41825441052113393,0.4778851626970437,-0.05963075217590974,6,16
28,35,final_answer_cue,0.30130608983675944,0.30927987964986925,-0.00797378981310981,6,16
28,35,harmful_instruction,0.0,0.0029945812150641996,-0.0029945812150641996,6,16
28,35,injected_reasoning,0.0,0.00348348089504151,-0.00348348089504151,6,16
28,36,benign_puzzle_scaffold,0.1869564380384203,0.2339030336043195,-0.046946595565899196,6,16
28,36,final_answer_cue,0.28338578461068126,0.31093402750438526,-0.027548242893704,6,16
28,36,harmful_instruction,0.0,0.0014717987698797154,-0.0014717987698797154,6,16
28,36,injected_reasoning,0.0,0.0005780382485343358,-0.0005780382485343358,6,16
28,37,benign_puzzle_scaffold,0.2692699167680351,0.3412489870480142,-0.07197907027997913,6,16
28,37,final_answer_cue,0.2170696919127876,0.22129090459564188,-0.004221212682854275,6,16
28,37,harmful_instruction,0.0,0.0023591644568669782,-0.0023591644568669782,6,16
28,37,injected_reasoning,0.0,0.002314278970624796,-0.002314278970624796,6,16
28,38,benign_puzzle_scaffold,0.2617592477925673,0.34071581560410275,-0.07895656781153543,6,16
28,38,final_answer_cue,0.13449764873068507,0.16514535190500268,-0.030647703174317614,6,16
28,38,harmful_instruction,0.0,0.0016048543685767813,-0.0016048543685767813,6,16
28,38,injected_reasoning,0.0,0.0019142117047719178,-0.0019142117047719178,6,16
28,39,benign_puzzle_scaffold,0.3550335919408969,0.38852017940843786,-0.03348658746754096,6,16
28,39,final_answer_cue,0.33606616970146447,0.3684049196833021,-0.03233874998183761,6,16
28,39,harmful_instruction,0.0,0.0033833867697809963,-0.0033833867697809963,6,16
28,39,injected_reasoning,0.0,0.0026083128702313867,-0.0026083128702313867,6,16
29,0,benign_puzzle_scaffold,0.2244440256358546,0.32476075680251104,-0.10031673116665643,6,16
29,0,final_answer_cue,0.12946866200521578,0.1659714300218185,-0.03650276801660271,6,16
29,0,harmful_instruction,0.0,0.0006440333941789077,-0.0006440333941789077,6,16
29,0,injected_reasoning,0.0,0.0016808125959104064,-0.0016808125959104064,6,16
29,1,benign_puzzle_scaffold,0.08350682347637543,0.12961693977742378,-0.046110116301048346,6,16
29,1,final_answer_cue,0.13490305855717094,0.13194069532269392,0.0029623632344770168,6,16
29,1,harmful_instruction,0.0,0.0011337359406334959,-0.0011337359406334959,6,16
29,1,injected_reasoning,0.0,0.00044177280869248407,-0.00044177280869248407,6,16
29,2,benign_puzzle_scaffold,0.1751527096450254,0.260042202696637,-0.08488949305161161,6,16
29,2,final_answer_cue,0.1441127608347619,0.17988539805474796,-0.03577263721998605,6,16
29,2,harmful_instruction,0.0,0.0003855729964493364,-0.0003855729964493364,6,16
29,2,injected_reasoning,0.0,0.0010984727718777734,-0.0010984727718777734,6,16
29,3,benign_puzzle_scaffold,0.16583278125538956,0.25060908835568646,-0.0847763071002969,6,16
29,3,final_answer_cue,0.17046986903604047,0.16813071777142224,0.0023391512646182278,6,16
29,3,harmful_instruction,0.0,0.0012833412627466737,-0.0012833412627466737,6,16
29,3,injected_reasoning,0.0,0.0009925233984671815,-0.0009925233984671815,6,16
29,4,benign_puzzle_scaffold,0.08185192609189974,0.10668086821615302,-0.02482894212425328,6,16
29,4,final_answer_cue,0.1709158557242072,0.1568895976336129,0.014026258090594296,6,16
29,4,harmful_instruction,0.0,0.0016117062929752574,-0.0016117062929752574,6,16
29,4,injected_reasoning,0.0,9.081952822946662e-05,-9.081952822946662e-05,6,16
29,5,benign_puzzle_scaffold,0.030265560049279366,0.052915024324962284,-0.02264946427568292,6,16
29,5,final_answer_cue,0.22444938525407862,0.23668515502201878,-0.012235769767940163,6,16
29,5,harmful_instruction,0.0,0.00357156609673404,-0.00357156609673404,6,16
29,5,injected_reasoning,0.0,0.00010433078139293045,-0.00010433078139293045,6,16
29,6,benign_puzzle_scaffold,0.027174922121538464,0.05880539955884502,-0.031630477437306556,6,16
29,6,final_answer_cue,0.17151368371900477,0.18220471912693476,-0.010691035407929983,6,16
29,6,harmful_instruction,0.0,0.0023255692902332714,-0.0023255692902332714,6,16
29,6,injected_reasoning,0.0,0.00019211489968547812,-0.00019211489968547812,6,16
29,7,benign_puzzle_scaffold,0.03300432907501376,0.06451984678203457,-0.03151551770702081,6,16
29,7,final_answer_cue,0.2463966855091518,0.24430374514217437,0.002092940366977436,6,16
29,7,harmful_instruction,0.0,0.004287713213115451,-0.004287713213115451,6,16
29,7,injected_reasoning,0.0,0.00010244215654141615,-0.00010244215654141615,6,16
29,8,benign_puzzle_scaffold,0.03634575570737432,0.0704207413163344,-0.03407498560896008,6,16
29,8,final_answer_cue,0.28053434957476925,0.2464851495898735,0.03404919998489575,6,16
29,8,harmful_instruction,0.0,0.0034284715195264616,-0.0034284715195264616,6,16
29,8,injected_reasoning,0.0,0.00014171023678525842,-0.00014171023678525842,6,16
29,9,benign_puzzle_scaffold,0.015956063001736083,0.04768776537463673,-0.03173170237290065,6,16
29,9,final_answer_cue,0.16235134959790695,0.19584385189539422,-0.033492502297487264,6,16
29,9,harmful_instruction,0.0,0.0030503133368685814,-0.0030503133368685814,6,16
29,9,injected_reasoning,0.0,0.00010175070443179215,-0.00010175070443179215,6,16
29,10,benign_puzzle_scaffold,0.2917715455385831,0.39691845935471876,-0.10514691381613567,6,16
29,10,final_answer_cue,0.18761770327719696,0.1986097122878056,-0.01099200901060865,6,16
29,10,harmful_instruction,0.0,0.0014798297356342991,-0.0014798297356342991,6,16
29,10,injected_reasoning,0.0,0.004310293123246848,-0.004310293123246848,6,16
29,11,benign_puzzle_scaffold,0.23370430616562,0.31748336753330514,-0.08377906136768515,6,16
29,11,final_answer_cue,0.17149664966688247,0.18179633890695956,-0.010299689240077098,6,16
29,11,harmful_instruction,0.0,0.001382496082485463,-0.001382496082485463,6,16
29,11,injected_reasoning,0.0,0.003861470968872914,-0.003861470968872914,6,16
29,12,benign_puzzle_scaffold,0.12374165018313292,0.180935607512369,-0.057193957329236086,6,16
29,12,final_answer_cue,0.08850166992222928,0.09869030986218949,-0.010188639939960206,6,16
29,12,harmful_instruction,0.0,0.0006575508905130636,-0.0006575508905130636,6,16
29,12,injected_reasoning,0.0,0.001755946308370888,-0.001755946308370888,6,16
29,13,benign_puzzle_scaffold,0.10148433148800119,0.13309955550806135,-0.03161522402006016,6,16
29,13,final_answer_cue,0.22499853646248724,0.2556758023018678,-0.030677265839380574,6,16
29,13,harmful_instruction,0.0,0.0025455663334521743,-0.0025455663334521743,6,16
29,13,injected_reasoning,0.0,0.0005705669797183063,-0.0005705669797183063,6,16
29,14,benign_puzzle_scaffold,0.1278259862071829,0.15679141589959533,-0.02896542969241242,6,16
29,14,final_answer_cue,0.22009929936681139,0.17732945882498372,0.04276984054182767,6,16
29,14,harmful_instruction,0.0,0.001275507142396036,-0.001275507142396036,6,16
29,14,injected_reasoning,0.0,0.000828455586858828,-0.000828455586858828,6,16
29,15,benign_puzzle_scaffold,0.179493781161427,0.2060215371722573,-0.026527756010830295,6,16
29,15,final_answer_cue,0.16618630497117795,0.13492645624592814,0.03125984872524981,6,16
29,15,harmful_instruction,0.0,0.001730589760080193,-0.001730589760080193,6,16
29,15,injected_reasoning,0.0,0.001094659949660228,-0.001094659949660228,6,16
29,16,benign_puzzle_scaffold,0.19613926420745723,0.22086589378107568,-0.024726629573618458,6,16
29,16,final_answer_cue,0.19643679607293052,0.23746786970966172,-0.0410310736367312,6,16
29,16,harmful_instruction,0.0,0.001254796231903388,-0.001254796231903388,6,16
29,16,injected_reasoning,0.0,0.0006909768941335429,-0.0006909768941335429,6,16
29,17,benign_puzzle_scaffold,0.1656957171749693,0.16143013724496602,0.004265579930003288,6,16
29,17,final_answer_cue,0.22024616820783363,0.24880029784131247,-0.028554129633478836,6,16
29,17,harmful_instruction,0.0,0.0018424733618586805,-0.0018424733618586805,6,16
29,17,injected_reasoning,0.0,0.0005628369667210057,-0.0005628369667210057,6,16
29,18,benign_puzzle_scaffold,0.22380427805378547,0.2632456874048334,-0.039441409351047924,6,16
29,18,final_answer_cue,0.32438892472270026,0.3218351274351657,0.002553797287534576,6,16
29,18,harmful_instruction,0.0,0.0022035579467282146,-0.0022035579467282146,6,16
29,18,injected_reasoning,0.0,0.0023346263766228954,-0.0023346263766228954,6,16
29,19,benign_puzzle_scaffold,0.19921563543476217,0.16152540252554737,0.037690232909214805,6,16
29,19,final_answer_cue,0.7002936907242415,0.7243709675140699,-0.024077276789828406,6,16
29,19,harmful_instruction,0.0,0.009422419754502925,-0.009422419754502925,6,16
29,19,injected_reasoning,0.0,0.0010382404578968413,-0.0010382404578968413,6,16
29,20,benign_puzzle_scaffold,0.35467973303041517,0.47823713583511296,-0.12355740280469779,6,16
29,20,final_answer_cue,0.0727704392050799,0.08681970769925124,-0.014049268494171332,6,16
29,20,harmful_instruction,0.0,0.000919367958117647,-0.000919367958117647,6,16
29,20,injected_reasoning,0.0,0.00790595753293102,-0.00790595753293102,6,16
29,21,benign_puzzle_scaffold,0.27269157780582837,0.33799092923569574,-0.06529935142986737,6,16
29,21,final_answer_cue,0.12314075681653679,0.13932070122202078,-0.016179944405483995,6,16
29,21,harmful_instruction,0.0,0.0012522940573048813,-0.0012522940573048813,6,16
29,21,injected_reasoning,0.0,0.0037315325309520138,-0.0037315325309520138,6,16
29,22,benign_puzzle_scaffold,0.2660001243504511,0.3667328320868755,-0.1007327077364244,6,16
29,22,final_answer_cue,0.15066437034893962,0.14976579014419258,0.0008985802047470348,6,16
29,22,harmful_instruction,0.0,0.0010530616380817715,-0.0010530616380817715,6,16
29,22,injected_reasoning,0.0,0.007233167694859364,-0.007233167694859364,6,16
29,23,benign_puzzle_scaffold,0.4914077258292054,0.5839030942427406,-0.09249536841353517,6,16
29,23,final_answer_cue,0.0757538991900051,0.1288102922784955,-0.0530563930884904,6,16
29,23,harmful_instruction,0.0,0.0011907643602789768,-0.0011907643602789768,6,16
29,23,injected_reasoning,0.0,0.005552093709251223,-0.005552093709251223,6,16
29,24,benign_puzzle_scaffold,0.03994727000914106,0.08628161889387381,-0.04633434888473275,6,16
29,24,final_answer_cue,0.008176032642652932,0.009944964466865578,-0.0017689318242126457,6,16
29,24,harmful_instruction,0.0,9.212732531509429e-05,-9.212732531509429e-05,6,16
29,24,injected_reasoning,0.0,0.0017497044465987653,-0.0017497044465987653,6,16
29,25,benign_puzzle_scaffold,0.05054198934572318,0.07129171291302636,-0.020749723567303174,6,16
29,25,final_answer_cue,0.3502653278749068,0.3465867922611654,0.003678535613741374,6,16
29,25,harmful_instruction,0.0,0.005328487999656134,-0.005328487999656134,6,16
29,25,injected_reasoning,0.0,0.0001048350122472342,-0.0001048350122472342,6,16
29,26,benign_puzzle_scaffold,0.04903138658727892,0.06464046303397918,-0.015609076446700253,6,16
29,26,final_answer_cue,0.2761434099754099,0.278754199810586,-0.002610789835176097,6,16
29,26,harmful_instruction,0.0,0.0018343463243689442,-0.0018343463243689442,6,16
29,26,injected_reasoning,0.0,0.00010657815616009247,-0.00010657815616009247,6,16
29,27,benign_puzzle_scaffold,0.02427768855425039,0.05920261905517654,-0.034924930500926155,6,16
29,27,final_answer_cue,0.17443825155738868,0.21250570162774504,-0.03806745007035636,6,16
29,27,harmful_instruction,0.0,0.002704640592279175,-0.002704640592279175,6,16
29,27,injected_reasoning,0.0,6.393810491837782e-05,-6.393810491837782e-05,6,16
29,28,benign_puzzle_scaffold,0.06329278166584906,0.08670533290498003,-0.02341255123913097,6,16
29,28,final_answer_cue,0.1717594882109346,0.19106263296091125,-0.01930314474997666,6,16
29,28,harmful_instruction,0.0,0.002899828389583897,-0.002899828389583897,6,16
29,28,injected_reasoning,0.0,0.00023266648110106857,-0.00023266648110106857,6,16
29,29,benign_puzzle_scaffold,0.03581435844124398,0.058558219566414375,-0.022743861125170392,6,16
29,29,final_answer_cue,0.19851280752476144,0.21645257426527284,-0.017939766740511398,6,16
29,29,harmful_instruction,0.0,0.003787093440258708,-0.003787093440258708,6,16
29,29,injected_reasoning,0.0,5.908638873829322e-05,-5.908638873829322e-05,6,16
29,30,benign_puzzle_scaffold,0.30085446358010565,0.415088694100615,-0.11423423052050935,6,16
29,30,final_answer_cue,0.17642677838511758,0.18552385716539138,-0.009097078780273798,6,16
29,30,harmful_instruction,0.0,0.0010351057281362418,-0.0010351057281362418,6,16
29,30,injected_reasoning,0.0,0.004063861128521847,-0.004063861128521847,6,16
29,31,benign_puzzle_scaffold,0.28854133972267804,0.3425703712679638,-0.054029031545285766,6,16
29,31,final_answer_cue,0.2191654573607484,0.2492692261805998,-0.030103768819851384,6,16
29,31,harmful_instruction,0.0,0.002874289097362423,-0.002874289097362423,6,16
29,31,injected_reasoning,0.0,0.0036723602185964807,-0.0036723602185964807,6,16
29,32,benign_puzzle_scaffold,0.23920062853747057,0.3719468916366022,-0.13274626309913165,6,16
29,32,final_answer_cue,0.12777346216202193,0.12658048102746122,0.0011929811345607055,6,16
29,32,harmful_instruction,0.0,0.0015257873107767778,-0.0015257873107767778,6,16
29,32,injected_reasoning,0.0,0.002197437379294658,-0.002197437379294658,6,16
29,33,benign_puzzle_scaffold,0.23895062869176217,0.2834236208447178,-0.04447299215295561,6,16
29,33,final_answer_cue,0.18114786293447302,0.21022951566321885,-0.029081652728745827,6,16
29,33,harmful_instruction,0.0,0.001224149870113701,-0.001224149870113701,6,16
29,33,injected_reasoning,0.0,0.0010495192789867843,-0.0010495192789867843,6,16
29,34,benign_puzzle_scaffold,0.2133164691094911,0.2848420394420851,-0.07152557033259399,6,16
29,34,final_answer_cue,0.25475678929509304,0.23634222770253352,0.018414561592559525,6,16
29,34,harmful_instruction,0.0,0.00198029936109413,-0.00198029936109413,6,16
29,34,injected_reasoning,0.0,0.002553759522341905,-0.002553759522341905,6,16
29,35,benign_puzzle_scaffold,0.07221147067611136,0.09263227608122633,-0.02042080540511497,6,16
29,35,final_answer_cue,0.30695037213338766,0.30516348018018324,0.001786891953204417,6,16
29,35,harmful_instruction,0.0,0.00325310822140467,-0.00325310822140467,6,16
29,35,injected_reasoning,0.0,0.00014117588738451548,-0.00014117588738451548,6,16
29,36,benign_puzzle_scaffold,0.04198567119962065,0.07237652391485416,-0.030390852715233514,6,16
29,36,final_answer_cue,0.2892555726627162,0.2947605299819366,-0.005504957319220405,6,16
29,36,harmful_instruction,0.0,0.004034363901478788,-0.004034363901478788,6,16
29,36,injected_reasoning,0.0,0.00010466700616991304,-0.00010466700616991304,6,16
29,37,benign_puzzle_scaffold,0.057727223979744224,0.05865326719680538,-0.0009260432170611552,6,16
29,37,final_answer_cue,0.4790808924115035,0.5163871046968351,-0.03730621228533165,6,16
29,37,harmful_instruction,0.0,0.006238525386449669,-0.006238525386449669,6,16
29,37,injected_reasoning,0.0,0.00011190703915830554,-0.00011190703915830554,6,16
29,38,benign_puzzle_scaffold,0.07755083789670192,0.10466114365753854,-0.027110305760836617,6,16
29,38,final_answer_cue,0.29217342635712185,0.3299629360486651,-0.037789509691543266,6,16
29,38,harmful_instruction,0.0,0.003337129382241694,-0.003337129382241694,6,16
29,38,injected_reasoning,0.0,0.00010726460777991226,-0.00010726460777991226,6,16
29,39,benign_puzzle_scaffold,0.09369789258894608,0.12501919131432981,-0.03132129872538374,6,16
29,39,final_answer_cue,0.33224235379447215,0.37645415334452814,-0.044211799550056,6,16
29,39,harmful_instruction,0.0,0.0034468494910627912,-0.0034468494910627912,6,16
29,39,injected_reasoning,0.0,0.00021635269412330645,-0.00021635269412330645,6,16
30,0,benign_puzzle_scaffold,0.0962318995463316,0.1350422262185647,-0.03881032667223311,6,16
30,0,final_answer_cue,0.14817258886611995,0.14348505531936018,0.00468753354675977,6,16
30,0,harmful_instruction,0.0,0.0009197850752491207,-0.0009197850752491207,6,16
30,0,injected_reasoning,0.0,0.0001928779659353601,-0.0001928779659353601,6,16
30,1,benign_puzzle_scaffold,0.05537779484015882,0.0732084961296784,-0.017830701289519586,6,16
30,1,final_answer_cue,0.17035801383049257,0.16282498007166762,0.007533033758824942,6,16
30,1,harmful_instruction,0.0,0.004207826263242522,-0.004207826263242522,6,16
30,1,injected_reasoning,0.0,0.00018188483231644298,-0.00018188483231644298,6,16
30,2,benign_puzzle_scaffold,0.04075641212963753,0.07603431860634144,-0.03527790647670391,6,16
30,2,final_answer_cue,0.08922669217049599,0.09341279702119637,-0.004186104850700381,6,16
30,2,harmful_instruction,0.0,0.0017773113620553945,-0.0017773113620553945,6,16
30,2,injected_reasoning,0.0,0.0002137467864628516,-0.0002137467864628516,6,16
30,3,benign_puzzle_scaffold,0.04159777915633352,0.07770825208531125,-0.03611047292897773,6,16
30,3,final_answer_cue,0.08855900688070445,0.08682076207433151,0.0017382448063729405,6,16
30,3,harmful_instruction,0.0,0.0012472538262789867,-0.0012472538262789867,6,16
30,3,injected_reasoning,0.0,0.000103355848162897,-0.000103355848162897,6,16
30,4,benign_puzzle_scaffold,0.050310758547906696,0.08112788180377488,-0.030817123255868183,6,16
30,4,final_answer_cue,0.14438005797807082,0.1856248745417034,-0.041244816563632575,6,16
30,4,harmful_instruction,0.0,0.003348525288140162,-0.003348525288140162,6,16
30,4,injected_reasoning,0.0,0.000366269180909266,-0.000366269180909266,6,16
30,5,benign_puzzle_scaffold,0.17048439457954379,0.23048796482746234,-0.06000357024791855,6,16
30,5,final_answer_cue,0.06697941553027191,0.07225228562256839,-0.005272870092296475,6,16
30,5,harmful_instruction,0.0,0.0009234588289451031,-0.0009234588289451031,6,16
30,5,injected_reasoning,0.0,0.003711616990240775,-0.003711616990240775,6,16
30,6,benign_puzzle_scaffold,0.299465143114183,0.3298718469930929,-0.030406703878909924,6,16
30,6,final_answer_cue,0.2024295821970249,0.18283081720716376,0.019598764989861128,6,16
30,6,harmful_instruction,0.0,0.002258029154647955,-0.002258029154647955,6,16
30,6,injected_reasoning,0.0,0.0017973672929787155,-0.0017973672929787155,6,16
30,7,benign_puzzle_scaffold,0.2496513853506608,0.3208180866355186,-0.07116670128485778,6,16
30,7,final_answer_cue,0.2966034506040676,0.30488300080247577,-0.008279550198408148,6,16
30,7,harmful_instruction,0.0,0.004061823539312696,-0.004061823539312696,6,16
30,7,injected_reasoning,0.0,0.0041860928817159335,-0.0041860928817159335,6,16
30,8,benign_puzzle_scaffold,0.3325312723181035,0.3451410908772675,-0.012609818559164043,6,16
30,8,final_answer_cue,0.14486069804108878,0.14729492425566096,-0.002434226214572177,6,16
30,8,harmful_instruction,0.0,0.00447967838514354,-0.00447967838514354,6,16
30,8,injected_reasoning,0.0,0.006857296521312755,-0.006857296521312755,6,16
30,9,benign_puzzle_scaffold,0.14935000936045306,0.1802410210449671,-0.030891011684514025,6,16
30,9,final_answer_cue,0.0672360806438164,0.0645275073201898,0.0027085733236266035,6,16
30,9,harmful_instruction,0.0,0.0005797441932318427,-0.0005797441932318427,6,16
30,9,injected_reasoning,0.0,0.0012213093832771989,-0.0012213093832771989,6,16
30,10,benign_puzzle_scaffold,0.09791293811353252,0.15143485548845403,-0.05352191737492151,6,16
30,10,final_answer_cue,0.06189599862196247,0.06976425111752468,-0.007868252495562215,6,16
30,10,harmful_instruction,0.0,0.00044322191528099964,-0.00044322191528099964,6,16
30,10,injected_reasoning,0.0,0.002180709367927485,-0.002180709367927485,6,16
30,11,benign_puzzle_scaffold,0.3259104037248992,0.37223438741191806,-0.046323983687018844,6,16
30,11,final_answer_cue,0.303548974103162,0.3227400266049927,-0.019191052501830674,6,16
30,11,harmful_instruction,0.0,0.0019097827179036058,-0.0019097827179036058,6,16
30,11,injected_reasoning,0.0,0.004237323320828925,-0.004237323320828925,6,16
30,12,benign_puzzle_scaffold,0.13225853251207012,0.191954098850616,-0.05969556633854589,6,16
30,12,final_answer_cue,0.10278226938144493,0.10458284295577758,-0.0018005735743326506,6,16
30,12,harmful_instruction,0.0,0.0009283230854602207,-0.0009283230854602207,6,16
30,12,injected_reasoning,0.0,0.0024431091396979673,-0.0024431091396979673,6,16
30,13,benign_puzzle_scaffold,0.24002686106172808,0.3158635981517972,-0.07583673709006913,6,16
30,13,final_answer_cue,0.21328994177688146,0.2179320749569983,-0.004642133180116831,6,16
30,13,harmful_instruction,0.0,0.0013349049998338828,-0.0013349049998338828,6,16
30,13,injected_reasoning,0.0,0.006127390774980162,-0.006127390774980162,6,16
30,14,benign_puzzle_scaffold,0.11268117736843118,0.19274606509591546,-0.08006488772748428,6,16
30,14,final_answer_cue,0.056307221868889125,0.06078446712350313,-0.004477245254614008,6,16
30,14,harmful_instruction,0.0,0.00045292947666789794,-0.00045292947666789794,6,16
30,14,injected_reasoning,0.0,0.005735658960003316,-0.005735658960003316,6,16
30,15,benign_puzzle_scaffold,0.10012935754376708,0.12210579091099988,-0.021976433367232803,6,16
30,15,final_answer_cue,0.33766935903108647,0.3486586198170194,-0.01098926078593293,6,16
30,15,harmful_instruction,0.0,0.005505540558202236,-0.005505540558202236,6,16
30,15,injected_reasoning,0.0,0.00024255574174154675,-0.00024255574174154675,6,16
30,16,benign_puzzle_scaffold,0.1498675715502685,0.1798538171247264,-0.029986245574457893,6,16
30,16,final_answer_cue,0.19388383045630975,0.22179986692199904,-0.027916036465689298,6,16
30,16,harmful_instruction,0.0,0.004052300088515793,-0.004052300088515793,6,16
30,16,injected_reasoning,0.0,0.0011062525285034477,-0.0011062525285034477,6,16
30,17,benign_puzzle_scaffold,0.05449333369272402,0.06673243678215621,-0.012239103089432185,6,16
30,17,final_answer_cue,0.43697432884908016,0.4394255018999783,-0.0024511730508981477,6,16
30,17,harmful_instruction,0.0,0.00762785985305324,-0.00762785985305324,6,16
30,17,injected_reasoning,0.0,7.833899653682055e-05,-7.833899653682055e-05,6,16
30,18,benign_puzzle_scaffold,0.14370690863483518,0.15075430218423536,-0.007047393549400177,6,16
30,18,final_answer_cue,0.09843403833556134,0.11660949568594367,-0.018175457350382326,6,16
30,18,harmful_instruction,0.0,0.0007707763384329509,-0.0007707763384329509,6,16
30,18,injected_reasoning,0.0,0.0004215703222921655,-0.0004215703222921655,6,16
30,19,benign_puzzle_scaffold,0.14218564821418533,0.15533221894036975,-0.013146570726184414,6,16
30,19,final_answer_cue,0.5377222739765872,0.5382571123276401,-0.0005348383510528354,6,16
30,19,harmful_instruction,0.0,0.007877627807936539,-0.007877627807936539,6,16
30,19,injected_reasoning,0.0,0.00013433437040039558,-0.00013433437040039558,6,16
30,20,benign_puzzle_scaffold,0.06211257777126797,0.07225503804070879,-0.010142460269440823,6,16
30,20,final_answer_cue,0.36451675150346813,0.35031826812692335,0.01419848337654478,6,16
30,20,harmful_instruction,0.0,0.00494000468832414,-0.00494000468832414,6,16
30,20,injected_reasoning,0.0,6.004358798933694e-05,-6.004358798933694e-05,6,16
30,21,benign_puzzle_scaffold,0.045889656416595766,0.06334613421959302,-0.017456477802997257,6,16
30,21,final_answer_cue,0.21298904266533836,0.22777749666993252,-0.014788454004594165,6,16
30,21,harmful_instruction,0.0,0.00190699936527204,-0.00190699936527204,6,16
30,21,injected_reasoning,0.0,4.524662471629424e-05,-4.524662471629424e-05,6,16
30,22,benign_puzzle_scaffold,0.03040409959408973,0.05566315904109815,-0.02525905944700842,6,16
30,22,final_answer_cue,0.18914955838975103,0.20930126811121924,-0.02015170972146821,6,16
30,22,harmful_instruction,0.0,0.0015481415209023176,-0.0015481415209023176,6,16
30,22,injected_reasoning,0.0,9.308976265720166e-05,-9.308976265720166e-05,6,16
30,23,benign_puzzle_scaffold,0.03601690135683368,0.054352678145866896,-0.01833577678903322,6,16
30,23,final_answer_cue,0.2255969003251199,0.24802949515609113,-0.022432594830971236,6,16
30,23,harmful_instruction,0.0,0.00210135539872742,-0.00210135539872742,6,16
30,23,injected_reasoning,0.0,5.9257130793198583e-05,-5.9257130793198583e-05,6,16
30,24,benign_puzzle_scaffold,0.031026756787899967,0.05940383620560676,-0.028377079417706796,6,16
30,24,final_answer_cue,0.24195724451703224,0.2385425083372816,0.0034147361797506326,6,16
30,24,harmful_instruction,0.0,0.0015827005619319283,-0.0015827005619319283,6,16
30,24,injected_reasoning,0.0,7.099062890050846e-05,-7.099062890050846e-05,6,16
30,25,benign_puzzle_scaffold,0.3902458400908582,0.4470732941816855,-0.05682745409082729,6,16
30,25,final_answer_cue,0.17808669639168337,0.2100227937135895,-0.03193609732190614,6,16
30,25,harmful_instruction,0.0,0.00378817001182188,-0.00378817001182188,6,16
30,25,injected_reasoning,0.0,0.004094319406964744,-0.004094319406964744,6,16
30,26,benign_puzzle_scaffold,0.32935726456163333,0.32745460711448693,0.0019026574471464053,6,16
30,26,final_answer_cue,0.31304929863363434,0.36170790332573866,-0.04865860469210431,6,16
30,26,harmful_instruction,0.0,0.002787405042646035,-0.002787405042646035,6,16
30,26,injected_reasoning,0.0,0.0025373946039964207,-0.0025373946039964207,6,16
30,27,benign_puzzle_scaffold,0.1164085452820653,0.1481455238220353,-0.03173697853997,6,16
30,27,final_answer_cue,0.09934576801877974,0.09357773027875747,0.005768037740022269,6,16
30,27,harmful_instruction,0.0,0.0014382965730442847,-0.0014382965730442847,6,16
30,27,injected_reasoning,0.0,0.0005966154500652462,-0.0005966154500652462,6,16
30,28,benign_puzzle_scaffold,0.2025487552939568,0.2734568915754802,-0.0709081362815234,6,16
30,28,final_answer_cue,0.311846714488326,0.29529289067131065,0.016553823817015367,6,16
30,28,harmful_instruction,0.0,0.0031694660378332714,-0.0031694660378332714,6,16
30,28,injected_reasoning,0.0,0.0012600570200294067,-0.0012600570200294067,6,16
30,29,benign_puzzle_scaffold,0.28510992608964536,0.3374021149647132,-0.05229218887506781,6,16
30,29,final_answer_cue,0.34498324879478465,0.3348331823901029,0.010150066404681746,6,16
30,29,harmful_instruction,0.0,0.0026741483362897576,-0.0026741483362897576,6,16
30,29,injected_reasoning,0.0,0.002172518609840445,-0.002172518609840445,6,16
30,30,benign_puzzle_scaffold,0.05197467513017146,0.08448235106888177,-0.03250767593871031,6,16
30,30,final_answer_cue,0.1624695166155229,0.1782674460853237,-0.015797929469800798,6,16
30,30,harmful_instruction,0.0,0.001653293327360051,-0.001653293327360051,6,16
30,30,injected_reasoning,0.0,0.0003158569410574415,-0.0003158569410574415,6,16
30,31,benign_puzzle_scaffold,0.048413308842307275,0.07709122373381663,-0.028677914891509358,6,16
30,31,final_answer_cue,0.12404037640042166,0.14010351421055045,-0.01606313781012879,6,16
30,31,harmful_instruction,0.0,0.0018505649909153817,-0.0018505649909153817,6,16
30,31,injected_reasoning,0.0,0.00018015845867938446,-0.00018015845867938446,6,16
30,32,benign_puzzle_scaffold,0.03303657792230282,0.0507708696347896,-0.017734291712486777,6,16
30,32,final_answer_cue,0.21999881867686552,0.23657079191804464,-0.016571973241179122,6,16
30,32,harmful_instruction,0.0,0.0034846838138200683,-0.0034846838138200683,6,16
30,32,injected_reasoning,0.0,4.589851035289821e-05,-4.589851035289821e-05,6,16
30,33,benign_puzzle_scaffold,0.04719932762866929,0.06139591971083935,-0.014196592082170063,6,16
30,33,final_answer_cue,0.24431675973507147,0.2530422371169433,-0.008725477381871821,6,16
30,33,harmful_instruction,0.0,0.002278382742192116,-0.002278382742192116,6,16
30,33,injected_reasoning,0.0,6.322282369227561e-05,-6.322282369227561e-05,6,16
30,34,benign_puzzle_scaffold,0.01705794201972854,0.04525433419928368,-0.02819639217955514,6,16
30,34,final_answer_cue,0.182254474443601,0.2163074337128294,-0.03405295926922841,6,16
30,34,harmful_instruction,0.0,0.0022574571829592728,-0.0022574571829592728,6,16
30,34,injected_reasoning,0.0,3.1512789509881794e-05,-3.1512789509881794e-05,6,16
30,35,benign_puzzle_scaffold,0.11318502754416838,0.12018295243806315,-0.006997924893894766,6,16
30,35,final_answer_cue,0.5253729840425815,0.537005006111497,-0.01163202206891556,6,16
30,35,harmful_instruction,0.0,0.007125316454014741,-0.007125316454014741,6,16
30,35,injected_reasoning,0.0,9.731410805173174e-05,-9.731410805173174e-05,6,16
30,36,benign_puzzle_scaffold,0.26798696197155686,0.28929625843085405,-0.02130929645929719,6,16
30,36,final_answer_cue,0.3755257442931785,0.4271901376493936,-0.051664393356215144,6,16
30,36,harmful_instruction,0.0,0.00541649865555752,-0.00541649865555752,6,16
30,36,injected_reasoning,0.0,0.001324114084856368,-0.001324114084856368,6,16
30,37,benign_puzzle_scaffold,0.0521369099640604,0.08378914720563804,-0.03165223724157764,6,16
30,37,final_answer_cue,0.24553228540671754,0.25618763598121935,-0.010655350574501815,6,16
30,37,harmful_instruction,0.0,0.0032328867950511386,-0.0032328867950511386,6,16
30,37,injected_reasoning,0.0,7.976528845479144e-05,-7.976528845479144e-05,6,16
30,38,benign_puzzle_scaffold,0.31366488068961884,0.34796278286346755,-0.034297902173848704,6,16
30,38,final_answer_cue,0.3685172343733056,0.3875910439726048,-0.01907380959929922,6,16
30,38,harmful_instruction,0.0,0.0032764392653726205,-0.0032764392653726205,6,16
30,38,injected_reasoning,0.0,0.0027397204755488453,-0.0027397204755488453,6,16
30,39,benign_puzzle_scaffold,0.06868844190837275,0.08764367225221079,-0.01895523034383803,6,16
30,39,final_answer_cue,0.4247498779645343,0.4436209030609864,-0.01887102509645211,6,16
30,39,harmful_instruction,0.0,0.005434266926877548,-0.005434266926877548,6,16
30,39,injected_reasoning,0.0,0.0001704437723239644,-0.0001704437723239644,6,16
31,0,benign_puzzle_scaffold,0.09938739502480383,0.13003164098257958,-0.030644245957775748,6,16
31,0,final_answer_cue,0.05214388663630612,0.0871979294102706,-0.03505404277396448,6,16
31,0,harmful_instruction,0.0,0.0002573709388013832,-0.0002573709388013832,6,16
31,0,injected_reasoning,0.0,0.0008688203264575695,-0.0008688203264575695,6,16
31,1,benign_puzzle_scaffold,0.3301382010602492,0.3955825048309093,-0.06544430377066007,6,16
31,1,final_answer_cue,0.19745780267198546,0.24799843566733115,-0.0505406329953457,6,16
31,1,harmful_instruction,0.0,0.0019769985935395537,-0.0019769985935395537,6,16
31,1,injected_reasoning,0.0,0.0038627709594524304,-0.0038627709594524304,6,16
31,2,benign_puzzle_scaffold,0.17026479694668337,0.1723719424783784,-0.002107145531695026,6,16
31,2,final_answer_cue,0.09826995973752978,0.1354810239545525,-0.03721106421702272,6,16
31,2,harmful_instruction,0.0,0.0016551483689070789,-0.0016551483689070789,6,16
31,2,injected_reasoning,0.0,0.0009820502277743015,-0.0009820502277743015,6,16
31,3,benign_puzzle_scaffold,0.3096791072014837,0.37667065011382095,-0.06699154291233722,6,16
31,3,final_answer_cue,0.1456696133003442,0.16870859927342338,-0.023038985973079185,6,16
31,3,harmful_instruction,0.0,0.002272197313785164,-0.002272197313785164,6,16
31,3,injected_reasoning,0.0,0.006494058729436353,-0.006494058729436353,6,16
31,4,benign_puzzle_scaffold,0.3119167425552681,0.3494850769270782,-0.03756833437181012,6,16
31,4,final_answer_cue,0.15976124969066532,0.1608433914370647,-0.0010821417463993677,6,16
31,4,harmful_instruction,0.0,0.00567263210060398,-0.00567263210060398,6,16
31,4,injected_reasoning,0.0,0.0037354237523082165,-0.0037354237523082165,6,16
31,5,benign_puzzle_scaffold,0.2115738052862656,0.24018782997625834,-0.028614024689992745,6,16
31,5,final_answer_cue,0.07816956659616547,0.1105716331048438,-0.03240206650867833,6,16
31,5,harmful_instruction,0.0,0.001269536197213615,-0.001269536197213615,6,16
31,5,injected_reasoning,0.0,0.0024811641504111277,-0.0024811641504111277,6,16
31,6,benign_puzzle_scaffold,0.24915325715602887,0.27879744743614027,-0.029644190280111393,6,16
31,6,final_answer_cue,0.16863750912287964,0.22056781691705044,-0.051930307794170794,6,16
31,6,harmful_instruction,0.0,0.0038597435528755003,-0.0038597435528755003,6,16
31,6,injected_reasoning,0.0,0.0026223209513236063,-0.0026223209513236063,6,16
31,7,benign_puzzle_scaffold,0.3534936964807754,0.39312358844501727,-0.03962989196424188,6,16
31,7,final_answer_cue,0.17339675914769978,0.2104900078640596,-0.03709324871635983,6,16
31,7,harmful_instruction,0.0,0.0019357322245987208,-0.0019357322245987208,6,16
31,7,injected_reasoning,0.0,0.005962172550274959,-0.005962172550274959,6,16
31,8,benign_puzzle_scaffold,0.29668639490800697,0.32494920757763784,-0.028262812669630877,6,16
31,8,final_answer_cue,0.2703671796216748,0.3200518095469074,-0.04968462992523259,6,16
31,8,harmful_instruction,0.0,0.0035716224807156444,-0.0035716224807156444,6,16
31,8,injected_reasoning,0.0,0.002893956710683008,-0.002893956710683008,6,16
31,9,benign_puzzle_scaffold,0.322935031219498,0.3636406200087747,-0.04070558878927666,6,16
31,9,final_answer_cue,0.17079514131735848,0.23401730759587847,-0.06322216627851998,6,16
31,9,harmful_instruction,0.0,0.002719161038583549,-0.002719161038583549,6,16
31,9,injected_reasoning,0.0,0.004076843677412522,-0.004076843677412522,6,16
31,10,benign_puzzle_scaffold,0.14700879058723001,0.15543283875185243,-0.008424048164622416,6,16
31,10,final_answer_cue,0.4220405417986863,0.44347992491493027,-0.021439383116243993,6,16
31,10,harmful_instruction,0.0,0.004957883165166165,-0.004957883165166165,6,16
31,10,injected_reasoning,0.0,0.0007977723437815409,-0.0007977723437815409,6,16
31,11,benign_puzzle_scaffold,0.15227698663359954,0.1572395110321721,-0.00496252439857256,6,16
31,11,final_answer_cue,0.20295479489771948,0.1982533623563285,0.004701432541390965,6,16
31,11,harmful_instruction,0.0,0.0009153783521865502,-0.0009153783521865502,6,16
31,11,injected_reasoning,0.0,0.0013817653217653685,-0.0013817653217653685,6,16
31,12,benign_puzzle_scaffold,0.2957086206908109,0.4057743137763208,-0.1100656930855099,6,16
31,12,final_answer_cue,0.09118368352658728,0.13495211258788975,-0.043768429061302475,6,16
31,12,harmful_instruction,0.0,0.0019422826225292266,-0.0019422826225292266,6,16
31,12,injected_reasoning,0.0,0.007119359436419613,-0.007119359436419613,6,16
31,13,benign_puzzle_scaffold,0.39573056047724475,0.48174640560579385,-0.0860158451285491,6,16
31,13,final_answer_cue,0.11224469771349647,0.14216256650413422,-0.02991786879063775,6,16
31,13,harmful_instruction,0.0,0.0008686675737165331,-0.0008686675737165331,6,16
31,13,injected_reasoning,0.0,0.010099397102548415,-0.010099397102548415,6,16
31,14,benign_puzzle_scaffold,0.1314604821687986,0.1947571636505443,-0.06329668148174569,6,16
31,14,final_answer_cue,0.05245106209447911,0.07928559715237302,-0.026834535057893905,6,16
31,14,harmful_instruction,0.0,0.0006307218438961821,-0.0006307218438961821,6,16
31,14,injected_reasoning,0.0,0.0014925077518174279,-0.0014925077518174279,6,16
31,15,benign_puzzle_scaffold,0.14447603028950304,0.17989795115380466,-0.035421920864301626,6,16
31,15,final_answer_cue,0.18685225350561016,0.21340397886099,-0.026551725355379835,6,16
31,15,harmful_instruction,0.0,0.005439196875626531,-0.005439196875626531,6,16
31,15,injected_reasoning,0.0,0.0007696271847812177,-0.0007696271847812177,6,16
31,16,benign_puzzle_scaffold,0.3086441117407664,0.35619711776505875,-0.047553006024292355,6,16
31,16,final_answer_cue,0.2033816630167337,0.23636199966454435,-0.032980336647810665,6,16
31,16,harmful_instruction,0.0,0.0030972365179285084,-0.0030972365179285084,6,16
31,16,injected_reasoning,0.0,0.003288112422251072,-0.003288112422251072,6,16
31,17,benign_puzzle_scaffold,0.10310888157139943,0.12423883923530281,-0.02112995766390338,6,16
31,17,final_answer_cue,0.2842654987415521,0.28787949318778727,-0.003613994446235169,6,16
31,17,harmful_instruction,0.0,0.004529599186220623,-0.004529599186220623,6,16
31,17,injected_reasoning,0.0,0.00017356261905926808,-0.00017356261905926808,6,16
31,18,benign_puzzle_scaffold,0.21859262554844724,0.23782036028353348,-0.019227734735086238,6,16
31,18,final_answer_cue,0.24015354254163782,0.2695276715956122,-0.02937412905397438,6,16
31,18,harmful_instruction,0.0,0.0025738813128613944,-0.0025738813128613944,6,16
31,18,injected_reasoning,0.0,0.0013674490806182193,-0.0013674490806182193,6,16
31,19,benign_puzzle_scaffold,0.3215276411280133,0.37401977797189606,-0.052492136843882764,6,16
31,19,final_answer_cue,0.2885995325329151,0.3132268774534279,-0.024627344920512828,6,16
31,19,harmful_instruction,0.0,0.005133975903696365,-0.005133975903696365,6,16
31,19,injected_reasoning,0.0,0.0023496556031826024,-0.0023496556031826024,6,16
31,20,benign_puzzle_scaffold,0.24287860335791045,0.27688470789976755,-0.034006104541857096,6,16
31,20,final_answer_cue,0.12221838598565778,0.1460580720005975,-0.02383968601493973,6,16
31,20,harmful_instruction,0.0,0.0008730715821397685,-0.0008730715821397685,6,16
31,20,injected_reasoning,0.0,0.0024368942000757804,-0.0024368942000757804,6,16
31,21,benign_puzzle_scaffold,0.050061407570075274,0.10136072898811674,-0.051299321418041464,6,16
31,21,final_answer_cue,0.02859925617436551,0.03167519916150233,-0.003075942987136822,6,16
31,21,harmful_instruction,0.0,0.00039260954765239265,-0.00039260954765239265,6,16
31,21,injected_reasoning,0.0,0.0007198735349349828,-0.0007198735349349828,6,16
31,22,benign_puzzle_scaffold,0.39797701924896706,0.5189406917607344,-0.12096367251176737,6,16
31,22,final_answer_cue,0.15903624549812959,0.18633961850805045,-0.02730337300992086,6,16
31,22,harmful_instruction,0.0,0.0016558486691804137,-0.0016558486691804137,6,16
31,22,injected_reasoning,0.0,0.009847015150708873,-0.009847015150708873,6,16
31,23,benign_puzzle_scaffold,0.35304637647119513,0.43363304491001986,-0.08058666843882473,6,16
31,23,final_answer_cue,0.2180042685102348,0.23165706669732905,-0.01365279818709425,6,16
31,23,harmful_instruction,0.0,0.0015481354437629313,-0.0015481354437629313,6,16
31,23,injected_reasoning,0.0,0.009251888729391602,-0.009251888729391602,6,16
31,24,benign_puzzle_scaffold,0.21882862105835924,0.3072222065954197,-0.08839358553706048,6,16
31,24,final_answer_cue,0.12192156906470551,0.13301217791353687,-0.011090608848831354,6,16
31,24,harmful_instruction,0.0,0.0009395420892015648,-0.0009395420892015648,6,16
31,24,injected_reasoning,0.0,0.006459937302916185,-0.006459937302916185,6,16
31,25,benign_puzzle_scaffold,0.048726691436212326,0.08269543434827878,-0.03396874291206645,6,16
31,25,final_answer_cue,0.12734253490496053,0.1379717311950311,-0.010629196290070558,6,16
31,25,harmful_instruction,0.0,0.0018033301938637845,-0.0018033301938637845,6,16
31,25,injected_reasoning,0.0,0.0001658458111490866,-0.0001658458111490866,6,16
31,26,benign_puzzle_scaffold,0.12304559478174554,0.17953910395651074,-0.0564935091747652,6,16
31,26,final_answer_cue,0.07788148343480339,0.09242487436736246,-0.014543390932559075,6,16
31,26,harmful_instruction,0.0,0.0010393499133027955,-0.0010393499133027955,6,16
31,26,injected_reasoning,0.0,0.001748751718449063,-0.001748751718449063,6,16
31,27,benign_puzzle_scaffold,0.04553300366120799,0.08083783378131695,-0.03530483012010897,6,16
31,27,final_answer_cue,0.16962537223161944,0.18733155096185491,-0.017706178730235472,6,16
31,27,harmful_instruction,0.0,0.0034024137114061553,-0.0034024137114061553,6,16
31,27,injected_reasoning,0.0,6.542818250581628e-05,-6.542818250581628e-05,6,16
31,28,benign_puzzle_scaffold,0.103602770931439,0.12061108098530857,-0.01700831005386956,6,16
31,28,final_answer_cue,0.31701017589418806,0.3292170336384487,-0.012206857744260613,6,16
31,28,harmful_instruction,0.0,0.003672040602218673,-0.003672040602218673,6,16
31,28,injected_reasoning,0.0,0.00013804137436363917,-0.00013804137436363917,6,16
31,29,benign_puzzle_scaffold,0.04653658335378184,0.0797856089917171,-0.03324902563793527,6,16
31,29,final_answer_cue,0.19538768712106028,0.22386060870229946,-0.02847292158123918,6,16
31,29,harmful_instruction,0.0,0.003996057507043231,-0.003996057507043231,6,16
31,29,injected_reasoning,0.0,6.98694950014913e-05,-6.98694950014913e-05,6,16
31,30,benign_puzzle_scaffold,0.10956824968430283,0.1345960717795136,-0.025027822095210775,6,16
31,30,final_answer_cue,0.12484626471436609,0.16946172532801085,-0.044615460613644756,6,16
31,30,harmful_instruction,0.0,0.0013060872835156082,-0.0013060872835156082,6,16
31,30,injected_reasoning,0.0,0.0003758867816639692,-0.0003758867816639692,6,16
31,31,benign_puzzle_scaffold,0.05226921276726332,0.04025128537894383,0.012017927388319485,6,16
31,31,final_answer_cue,0.5712529024638305,0.6105376381158751,-0.0392847356520446,6,16
31,31,harmful_instruction,0.0,0.00945918682369333,-0.00945918682369333,6,16
31,31,injected_reasoning,0.0,5.1206456799796716e-05,-5.1206456799796716e-05,6,16
31,32,benign_puzzle_scaffold,0.2642455622679649,0.20400407875090978,0.06024148351705513,6,16
31,32,final_answer_cue,0.3350828175961748,0.4113287160986639,-0.07624589850248908,6,16
31,32,harmful_instruction,0.0,0.0035913467444231404,-0.0035913467444231404,6,16
31,32,injected_reasoning,0.0,0.0004032269398006659,-0.0004032269398006659,6,16
31,33,benign_puzzle_scaffold,0.033036833795954075,0.055992167619638405,-0.02295533382368433,6,16
31,33,final_answer_cue,0.34918821173325404,0.38020558200574006,-0.031017370272486022,6,16
31,33,harmful_instruction,0.0,0.005397890339729758,-0.005397890339729758,6,16
31,33,injected_reasoning,0.0,7.83639683756721e-05,-7.83639683756721e-05,6,16
31,34,benign_puzzle_scaffold,0.14304388497027726,0.1358852609467932,0.00715862402348405,6,16
31,34,final_answer_cue,0.4372407027065051,0.4574838779749544,-0.020243175268449265,6,16
31,34,harmful_instruction,0.0,0.006917669467076052,-0.006917669467076052,6,16
31,34,injected_reasoning,0.0,0.0002860840512371888,-0.0002860840512371888,6,16
31,35,benign_puzzle_scaffold,0.10042902232534712,0.12011292352125862,-0.0196839011959115,6,16
31,35,final_answer_cue,0.40112501490229696,0.4229960616015094,-0.021871046699212415,6,16
31,35,harmful_instruction,0.0,0.005257080534163136,-0.005257080534163136,6,16
31,35,injected_reasoning,0.0,0.00016267267191101545,-0.00016267267191101545,6,16
31,36,benign_puzzle_scaffold,0.10702936829994573,0.13149868831910977,-0.024469320019164034,6,16
31,36,final_answer_cue,0.44521131117285107,0.4719891536306393,-0.026777842457788248,6,16
31,36,harmful_instruction,0.0,0.007027351242615344,-0.007027351242615344,6,16
31,36,injected_reasoning,0.0,0.00014282029623267437,-0.00014282029623267437,6,16
31,37,benign_puzzle_scaffold,0.23749501956614738,0.246182200466863,-0.00868718090071563,6,16
31,37,final_answer_cue,0.3498866325718692,0.3893391074591427,-0.03945247488727349,6,16
31,37,harmful_instruction,0.0,0.005483194273724349,-0.005483194273724349,6,16
31,37,injected_reasoning,0.0,0.0015751658531069192,-0.0015751658531069192,6,16
31,38,benign_puzzle_scaffold,0.04765066818470484,0.07911142568360857,-0.03146075749890373,6,16
31,38,final_answer_cue,0.08509692274087989,0.0963493718490576,-0.011252449108177714,6,16
31,38,harmful_instruction,0.0,0.001240291491649471,-0.001240291491649471,6,16
31,38,injected_reasoning,0.0,0.00014640808665164376,-0.00014640808665164376,6,16
31,39,benign_puzzle_scaffold,0.28213668287332133,0.3110015874322546,-0.028864904558933258,6,16
31,39,final_answer_cue,0.42651187599148516,0.45940946725042414,-0.032897591258938985,6,16
31,39,harmful_instruction,0.0,0.005691286845315699,-0.005691286845315699,6,16
31,39,injected_reasoning,0.0,0.0024272715330144233,-0.0024272715330144233,6,16
32,0,benign_puzzle_scaffold,0.11349535214294683,0.1471444407500875,-0.03364908860714068,6,16
32,0,final_answer_cue,0.05994683443730995,0.049374672528071456,0.010572161909238494,6,16
32,0,harmful_instruction,0.0,0.0014560457289773858,-0.0014560457289773858,6,16
32,0,injected_reasoning,0.0,0.00280817888143505,-0.00280817888143505,6,16
32,1,benign_puzzle_scaffold,0.16690442513739387,0.18636707907043815,-0.019462653933044277,6,16
32,1,final_answer_cue,0.05661767481591876,0.08501062042574328,-0.02839294560982452,6,16
32,1,harmful_instruction,0.0,0.0006551754255349801,-0.0006551754255349801,6,16
32,1,injected_reasoning,0.0,0.001113965371866069,-0.001113965371866069,6,16
32,2,benign_puzzle_scaffold,0.029971278059135947,0.06343964569594027,-0.033468367636804316,6,16
32,2,final_answer_cue,0.014023222310284323,0.014350335929988564,-0.00032711361970424145,6,16
32,2,harmful_instruction,0.0,0.00024765316479615103,-0.00024765316479615103,6,16
32,2,injected_reasoning,0.0,0.0010851047974593986,-0.0010851047974593986,6,16
32,3,benign_puzzle_scaffold,0.15047834463974277,0.14744946591099048,0.0030288787287522934,6,16
32,3,final_answer_cue,0.06390637090288025,0.05761451960618544,0.006291851296694809,6,16
32,3,harmful_instruction,0.0,0.002449032010493415,-0.002449032010493415,6,16
32,3,injected_reasoning,0.0,0.0012248120341778635,-0.0012248120341778635,6,16
32,4,benign_puzzle_scaffold,0.3195566688182691,0.3651529889710599,-0.045596320152790804,6,16
32,4,final_answer_cue,0.21569357740855744,0.23337635838560553,-0.01768278097704809,6,16
32,4,harmful_instruction,0.0,0.0032427770186698283,-0.0032427770186698283,6,16
32,4,injected_reasoning,0.0,0.005337401791956704,-0.005337401791956704,6,16
32,5,benign_puzzle_scaffold,0.09555407954372903,0.12974868777084309,-0.03419460822711405,6,16
32,5,final_answer_cue,0.12162945651183087,0.11977630793379523,0.0018531485780356322,6,16
32,5,harmful_instruction,0.0,0.001277421965152836,-0.001277421965152836,6,16
32,5,injected_reasoning,0.0,0.0006385082210388423,-0.0006385082210388423,6,16
32,6,benign_puzzle_scaffold,0.12116841655910142,0.15154473913297783,-0.030376322573876416,6,16
32,6,final_answer_cue,0.03382970933891682,0.04786815431251987,-0.01403844497360305,6,16
32,6,harmful_instruction,0.0,0.000602502701820498,-0.000602502701820498,6,16
32,6,injected_reasoning,0.0,0.0004898983156032416,-0.0004898983156032416,6,16
32,7,benign_puzzle_scaffold,0.18203376967486185,0.19989280587417566,-0.01785903619931381,6,16
32,7,final_answer_cue,0.10877991950444478,0.08741992896147925,0.02135999054296553,6,16
32,7,harmful_instruction,0.0,0.00153974261197976,-0.00153974261197976,6,16
32,7,injected_reasoning,0.0,0.0006481887510651251,-0.0006481887510651251,6,16
32,8,benign_puzzle_scaffold,0.16743161822798092,0.21187880660951136,-0.044447188381530445,6,16
32,8,final_answer_cue,0.048603477189401056,0.05272946413370515,-0.004125986944304091,6,16
32,8,harmful_instruction,0.0,0.0004975130926786346,-0.0004975130926786346,6,16
32,8,injected_reasoning,0.0,0.0013997069753602664,-0.0013997069753602664,6,16
32,9,benign_puzzle_scaffold,0.23465066685360245,0.3190354958276448,-0.08438482897404234,6,16
32,9,final_answer_cue,0.13534640025627923,0.1602824580051012,-0.024936057748821988,6,16
32,9,harmful_instruction,0.0,0.002080618931774158,-0.002080618931774158,6,16
32,9,injected_reasoning,0.0,0.0030110449076751417,-0.0030110449076751417,6,16
32,10,benign_puzzle_scaffold,0.37014896595657126,0.39958827131099717,-0.029439305354425904,6,16
32,10,final_answer_cue,0.27622308960445957,0.3029530890806735,-0.026729999476213906,6,16
32,10,harmful_instruction,0.0,0.0033987463283100122,-0.0033987463283100122,6,16
32,10,injected_reasoning,0.0,0.0034115546537347103,-0.0034115546537347103,6,16
32,11,benign_puzzle_scaffold,0.07486585407800962,0.13847274907483056,-0.06360689499682094,6,16
32,11,final_answer_cue,0.021764728948480125,0.03295062140101111,-0.011185892452530988,6,16
32,11,harmful_instruction,0.0,0.000159142828217061,-0.000159142828217061,6,16
32,11,injected_reasoning,0.0,0.0009614913422673736,-0.0009614913422673736,6,16
32,12,benign_puzzle_scaffold,0.27585077512069783,0.27654329530196253,-0.0006925201812646997,6,16
32,12,final_answer_cue,0.2791551157149011,0.30858977130214404,-0.029434655587242953,6,16
32,12,harmful_instruction,0.0,0.00292109843662853,-0.00292109843662853,6,16
32,12,injected_reasoning,0.0,0.0025216379711589434,-0.0025216379711589434,6,16
32,13,benign_puzzle_scaffold,0.32302120053778066,0.3763003720695499,-0.053279171531769254,6,16
32,13,final_answer_cue,0.2755953830563282,0.29894916847605435,-0.02335378541972616,6,16
32,13,harmful_instruction,0.0,0.0031407664095194935,-0.0031407664095194935,6,16
32,13,injected_reasoning,0.0,0.0039822640332520505,-0.0039822640332520505,6,16
32,14,benign_puzzle_scaffold,0.036413431462629105,0.06489777038182434,-0.02848433891919524,6,16
32,14,final_answer_cue,0.012600742519986328,0.015132854766371396,-0.002532112246385068,6,16
32,14,harmful_instruction,0.0,0.00019876969533519595,-0.00019876969533519595,6,16
32,14,injected_reasoning,0.0,0.0002513067644116646,-0.0002513067644116646,6,16
32,15,benign_puzzle_scaffold,0.08708250191474814,0.10487231001819239,-0.017789808103444243,6,16
32,15,final_answer_cue,0.10261978673346211,0.11574764400614077,-0.01312785727267865,6,16
32,15,harmful_instruction,0.0,0.0008369788400888788,-0.0008369788400888788,6,16
32,15,injected_reasoning,0.0,0.00046832090912027997,-0.00046832090912027997,6,16
32,16,benign_puzzle_scaffold,0.11559648825262538,0.14601965187492344,-0.030423163622298063,6,16
32,16,final_answer_cue,0.036725033276005806,0.05541119196101461,-0.0186861586850088,6,16
32,16,harmful_instruction,0.0,0.0007792218516655734,-0.0007792218516655734,6,16
32,16,injected_reasoning,0.0,0.001485715755957632,-0.001485715755957632,6,16
32,17,benign_puzzle_scaffold,0.08621428691251067,0.12837216741105564,-0.04215788049854498,6,16
32,17,final_answer_cue,0.028748781282483874,0.04929328265922926,-0.020544501376745388,6,16
32,17,harmful_instruction,0.0,0.00040474016756641805,-0.00040474016756641805,6,16
32,17,injected_reasoning,0.0,0.0006370411861956988,-0.0006370411861956988,6,16
32,18,benign_puzzle_scaffold,0.06157648194608358,0.09949323262215568,-0.03791675067607209,6,16
32,18,final_answer_cue,0.022664951478583783,0.03362195160655834,-0.01095700012797456,6,16
32,18,harmful_instruction,0.0,0.0005513872187362356,-0.0005513872187362356,6,16
32,18,injected_reasoning,0.0,0.0005550558568375732,-0.0005550558568375732,6,16
32,19,benign_puzzle_scaffold,0.052250292832557804,0.0714690156758587,-0.019218722843300895,6,16
32,19,final_answer_cue,0.07286769780200962,0.07589369608794291,-0.003025998285933293,6,16
32,19,harmful_instruction,0.0,0.0011770075169947546,-0.0011770075169947546,6,16
32,19,injected_reasoning,0.0,0.0004030804161914755,-0.0004030804161914755,6,16
32,20,benign_puzzle_scaffold,0.05673515817709673,0.07234238159587372,-0.015607223418776996,6,16
32,20,final_answer_cue,0.2021810347650103,0.21755686415087105,-0.015375829385860768,6,16
32,20,harmful_instruction,0.0,0.0018097714666889426,-0.0018097714666889426,6,16
32,20,injected_reasoning,0.0,3.689910023399986e-05,-3.689910023399986e-05,6,16
32,21,benign_puzzle_scaffold,0.039585521453676636,0.05519891390815373,-0.015613392454477092,6,16
32,21,final_answer_cue,0.27028712434351404,0.2981100001329573,-0.027822875789443258,6,16
32,21,harmful_instruction,0.0,0.003769579038224921,-0.003769579038224921,6,16
32,21,injected_reasoning,0.0,1.563161176061943e-05,-1.563161176061943e-05,6,16
32,22,benign_puzzle_scaffold,0.1283433022404351,0.18263375747971383,-0.05429045523927872,6,16
32,22,final_answer_cue,0.036837295863681216,0.05642916443497643,-0.01959186857129521,6,16
32,22,harmful_instruction,0.0,0.0006857027047006106,-0.0006857027047006106,6,16
32,22,injected_reasoning,0.0,0.0005915891309929546,-0.0005915891309929546,6,16
32,23,benign_puzzle_scaffold,0.033604362956678624,0.05242566171241626,-0.01882129875573764,6,16
32,23,final_answer_cue,0.26327159271554473,0.2687231443905447,-0.005451551674999944,6,16
32,23,harmful_instruction,0.0,0.003537572501001515,-0.003537572501001515,6,16
32,23,injected_reasoning,0.0,1.914750382378482e-05,-1.914750382378482e-05,6,16
32,24,benign_puzzle_scaffold,0.026069608879423004,0.05176733225504833,-0.025697723375625325,6,16
32,24,final_answer_cue,0.1592222183633163,0.16624505544845505,-0.007022837085138761,6,16
32,24,harmful_instruction,0.0,0.0011907621790260801,-0.0011907621790260801,6,16
32,24,injected_reasoning,0.0,1.1164874832781848e-05,-1.1164874832781848e-05,6,16
32,25,benign_puzzle_scaffold,0.17477677688327176,0.2325859232094961,-0.05780914632622433,6,16
32,25,final_answer_cue,0.11884545104938458,0.11953259381901699,-0.0006871427696324012,6,16
32,25,harmful_instruction,0.0,0.0013154036574826683,-0.0013154036574826683,6,16
32,25,injected_reasoning,0.0,0.005346200605442274,-0.005346200605442274,6,16
32,26,benign_puzzle_scaffold,0.12286894519505147,0.1401723569904878,-0.017303411795436333,6,16
32,26,final_answer_cue,0.27559472762273535,0.2445517844469156,0.031042943175819737,6,16
32,26,harmful_instruction,0.0,0.0011993983468784554,-0.0011993983468784554,6,16
32,26,injected_reasoning,0.0,0.0007821115865704223,-0.0007821115865704223,6,16
32,27,benign_puzzle_scaffold,0.17882388800250834,0.2244748626069239,-0.045650974604415556,6,16
32,27,final_answer_cue,0.1457794253687648,0.13804106996337517,0.007738355405389613,6,16
32,27,harmful_instruction,0.0,0.0009083872870558566,-0.0009083872870558566,6,16
32,27,injected_reasoning,0.0,0.002314796214654096,-0.002314796214654096,6,16
32,28,benign_puzzle_scaffold,0.17301495889301965,0.25547721080683333,-0.08246225191381368,6,16
32,28,final_answer_cue,0.11628070852014623,0.11597401659299279,0.0003066919271534352,6,16
32,28,harmful_instruction,0.0,0.0014328154782092045,-0.0014328154782092045,6,16
32,28,injected_reasoning,0.0,0.0018853182358874654,-0.0018853182358874654,6,16
32,29,benign_puzzle_scaffold,0.18353856185669415,0.2331362915684722,-0.04959772971177806,6,16
32,29,final_answer_cue,0.10752100187249065,0.12696644432276183,-0.019445442450271175,6,16
32,29,harmful_instruction,0.0,0.0008451951454024499,-0.0008451951454024499,6,16
32,29,injected_reasoning,0.0,0.0033880659714495,-0.0033880659714495,6,16
32,30,benign_puzzle_scaffold,0.08104061812436651,0.11433700479226189,-0.033296386667895375,6,16
32,30,final_answer_cue,0.015115621760658343,0.027780147247266317,-0.012664525486607974,6,16
32,30,harmful_instruction,0.0,9.081959104472954e-05,-9.081959104472954e-05,6,16
32,30,injected_reasoning,0.0,0.0005319536004433513,-0.0005319536004433513,6,16
32,31,benign_puzzle_scaffold,0.2757722878586808,0.295804095058754,-0.020031807200073193,6,16
32,31,final_answer_cue,0.05809024261534102,0.10635922821290177,-0.048268985597560744,6,16
32,31,harmful_instruction,0.0,0.00028008314767727604,-0.00028008314767727604,6,16
32,31,injected_reasoning,0.0,0.0012966556639043272,-0.0012966556639043272,6,16
32,32,benign_puzzle_scaffold,0.042386827615732946,0.06552030578886023,-0.023133478173127282,6,16
32,32,final_answer_cue,0.004108241391514313,0.007769541144174599,-0.0036612997526602863,6,16
32,32,harmful_instruction,0.0,2.412608209427781e-05,-2.412608209427781e-05,6,16
32,32,injected_reasoning,0.0,0.0002766761816003141,-0.0002766761816003141,6,16
32,33,benign_puzzle_scaffold,0.22848534849874777,0.22153284727144384,0.0069525012273039255,6,16
32,33,final_answer_cue,0.06104860987864416,0.090053236837884,-0.029004626959239832,6,16
32,33,harmful_instruction,0.0,0.0004696937120391916,-0.0004696937120391916,6,16
32,33,injected_reasoning,0.0,0.0015808531464175,-0.0015808531464175,6,16
32,34,benign_puzzle_scaffold,0.14339169340897226,0.16370449807571913,-0.02031280466674687,6,16
32,34,final_answer_cue,0.028201080114546015,0.05835439899166707,-0.030153318877121055,6,16
32,34,harmful_instruction,0.0,0.00012218052436320582,-0.00012218052436320582,6,16
32,34,injected_reasoning,0.0,0.0010205138361614,-0.0010205138361614,6,16
32,35,benign_puzzle_scaffold,0.06713706246531985,0.07485254281713255,-0.007715480351812701,6,16
32,35,final_answer_cue,0.3982523806528731,0.4225042995315553,-0.02425191887868222,6,16
32,35,harmful_instruction,0.0,0.0059619705007643384,-0.0059619705007643384,6,16
32,35,injected_reasoning,0.0,0.00010279225876236947,-0.00010279225876236947,6,16
32,36,benign_puzzle_scaffold,0.08471427716712059,0.08883435387217703,-0.004120076705056444,6,16
32,36,final_answer_cue,0.3463454043122652,0.37849930857363023,-0.03215390426136505,6,16
32,36,harmful_instruction,0.0,0.00456415487857413,-0.00456415487857413,6,16
32,36,injected_reasoning,0.0,0.00011877806957123135,-0.00011877806957123135,6,16
32,37,benign_puzzle_scaffold,0.32606907729090706,0.40260937484912274,-0.07654029755821568,6,16
32,37,final_answer_cue,0.2143924077542619,0.25385429444083757,-0.03946188668657566,6,16
32,37,harmful_instruction,0.0,0.003643558491858456,-0.003643558491858456,6,16
32,37,injected_reasoning,0.0,0.004725243378767793,-0.004725243378767793,6,16
32,38,benign_puzzle_scaffold,0.06600938990758322,0.08282691986426743,-0.016817529956684216,6,16
32,38,final_answer_cue,0.24974000474473187,0.2549424376687498,-0.0052024329240179246,6,16
32,38,harmful_instruction,0.0,0.004530141626303566,-0.004530141626303566,6,16
32,38,injected_reasoning,0.0,0.00025350392857724805,-0.00025350392857724805,6,16
32,39,benign_puzzle_scaffold,0.039578758991577194,0.060863879915293684,-0.02128512092371649,6,16
32,39,final_answer_cue,0.2512421220704944,0.2681004651105674,-0.016858343040073,6,16
32,39,harmful_instruction,0.0,0.004101130396424884,-0.004101130396424884,6,16
32,39,injected_reasoning,0.0,3.958199237429036e-05,-3.958199237429036e-05,6,16
33,0,benign_puzzle_scaffold,0.2085607208486949,0.2871567420052977,-0.07859602115660283,6,16
33,0,final_answer_cue,0.06016622281819536,0.08714441077540881,-0.026978187957213455,6,16
33,0,harmful_instruction,0.0,0.0005625366181253164,-0.0005625366181253164,6,16
33,0,injected_reasoning,0.0,0.003367797842234202,-0.003367797842234202,6,16
33,1,benign_puzzle_scaffold,0.3037688413370819,0.31491352206882195,-0.011144680731740075,6,16
33,1,final_answer_cue,0.1407548750662352,0.1715658641896176,-0.0308109891233824,6,16
33,1,harmful_instruction,0.0,0.0008306373689597785,-0.0008306373689597785,6,16
33,1,injected_reasoning,0.0,0.003930371895214344,-0.003930371895214344,6,16
33,2,benign_puzzle_scaffold,0.14118798480742958,0.17247533863883768,-0.0312873538314081,6,16
33,2,final_answer_cue,0.05259348451863382,0.0676601251736546,-0.015066640655020787,6,16
33,2,harmful_instruction,0.0,0.0004745062298779372,-0.0004745062298779372,6,16
33,2,injected_reasoning,0.0,0.0013720018484412485,-0.0013720018484412485,6,16
33,3,benign_puzzle_scaffold,0.1799695854587718,0.16417233842122997,0.015797247037541845,6,16
33,3,final_answer_cue,0.15260555986723154,0.21624519143203802,-0.06363963156480648,6,16
33,3,harmful_instruction,0.0,0.0004909885539851763,-0.0004909885539851763,6,16
33,3,injected_reasoning,0.0,0.0006911501241167093,-0.0006911501241167093,6,16
33,4,benign_puzzle_scaffold,0.07870683409780203,0.09794051849709914,-0.01923368439929711,6,16
33,4,final_answer_cue,0.030487437746136197,0.044360229309312965,-0.013872791563176768,6,16
33,4,harmful_instruction,0.0,0.000122702321667347,-0.000122702321667347,6,16
33,4,injected_reasoning,0.0,0.0003358544656644613,-0.0003358544656644613,6,16
33,5,benign_puzzle_scaffold,0.3291235316723273,0.41080839248017675,-0.08168486080784948,6,16
33,5,final_answer_cue,0.11696040390291229,0.14027510479986155,-0.02331470089694926,6,16
33,5,harmful_instruction,0.0,0.0013534454720048456,-0.0013534454720048456,6,16
33,5,injected_reasoning,0.0,0.006208690315355677,-0.006208690315355677,6,16
33,6,benign_puzzle_scaffold,0.17596789957692097,0.2428862664159106,-0.06691836683898963,6,16
33,6,final_answer_cue,0.09153712457220657,0.10873770809935751,-0.01720058352715094,6,16
33,6,harmful_instruction,0.0,0.0005064929866694055,-0.0005064929866694055,6,16
33,6,injected_reasoning,0.0,0.0011773031283303062,-0.0011773031283303062,6,16
33,7,benign_puzzle_scaffold,0.2189948598834274,0.297752614499769,-0.07875775461634157,6,16
33,7,final_answer_cue,0.04353163686198885,0.06215006169720636,-0.018618424835217515,6,16
33,7,harmful_instruction,0.0,0.0007281843049624171,-0.0007281843049624171,6,16
33,7,injected_reasoning,0.0,0.005431743196278954,-0.005431743196278954,6,16
33,8,benign_puzzle_scaffold,0.19828579020965595,0.28360161389978256,-0.08531582369012661,6,16
33,8,final_answer_cue,0.11656925997363377,0.10696354669212962,0.009605713281504141,6,16
33,8,harmful_instruction,0.0,0.0006357819737174922,-0.0006357819737174922,6,16
33,8,injected_reasoning,0.0,0.0029324130434306888,-0.0029324130434306888,6,16
33,9,benign_puzzle_scaffold,0.1957866763264422,0.2571859881433224,-0.06139931181688019,6,16
33,9,final_answer_cue,0.051548499080609385,0.0664706056602185,-0.014922106579609122,6,16
33,9,harmful_instruction,0.0,0.0007041857299649162,-0.0007041857299649162,6,16
33,9,injected_reasoning,0.0,0.0025752249089055286,-0.0025752249089055286,6,16
33,10,benign_puzzle_scaffold,0.18980764218504284,0.2325127323450904,-0.04270509016004756,6,16
33,10,final_answer_cue,0.05743031001744947,0.07112829601269989,-0.01369798599525042,6,16
33,10,harmful_instruction,0.0,0.00040271376167309517,-0.00040271376167309517,6,16
33,10,injected_reasoning,0.0,0.0028302846081863847,-0.0028302846081863847,6,16
33,11,benign_puzzle_scaffold,0.16751222818272252,0.17797383660424337,-0.010461608421520857,6,16
33,11,final_answer_cue,0.30982235627116855,0.33688617109667285,-0.027063814825504295,6,16
33,11,harmful_instruction,0.0,0.0051032056629718835,-0.0051032056629718835,6,16
33,11,injected_reasoning,0.0,0.001152414150287346,-0.001152414150287346,6,16
33,12,benign_puzzle_scaffold,0.2077384840383011,0.2567069893279268,-0.04896850528962568,6,16
33,12,final_answer_cue,0.10279717788207175,0.11448058984334322,-0.01168341196127147,6,16
33,12,harmful_instruction,0.0,0.0008423931497777122,-0.0008423931497777122,6,16
33,12,injected_reasoning,0.0,0.003913788000551678,-0.003913788000551678,6,16
33,13,benign_puzzle_scaffold,0.18705650490569506,0.24509430638539975,-0.05803780147970469,6,16
33,13,final_answer_cue,0.051913740429449746,0.0726419797671968,-0.020728239337747055,6,16
33,13,harmful_instruction,0.0,0.0005004194879232858,-0.0005004194879232858,6,16
33,13,injected_reasoning,0.0,0.0043476983809564666,-0.0043476983809564666,6,16
33,14,benign_puzzle_scaffold,0.035024674045218335,0.04903211194495646,-0.014007437899738122,6,16
33,14,final_answer_cue,0.11204385140320856,0.0965281078861234,0.015515743517085165,6,16
33,14,harmful_instruction,0.0,0.0006387281996975502,-0.0006387281996975502,6,16
33,14,injected_reasoning,0.0,0.00015204637087022193,-0.00015204637087022193,6,16
33,15,benign_puzzle_scaffold,0.17421388598035661,0.20334966658012885,-0.029135780599772232,6,16
33,15,final_answer_cue,0.29666739105573486,0.30696212191632366,-0.010294730860588797,6,16
33,15,harmful_instruction,0.0,0.00447518850047952,-0.00447518850047952,6,16
33,15,injected_reasoning,0.0,0.0007861371636703333,-0.0007861371636703333,6,16
33,16,benign_puzzle_scaffold,0.2493301496219931,0.29639036719967027,-0.04706021757767717,6,16
33,16,final_answer_cue,0.2650886950019543,0.2874942205021691,-0.022405525500214796,6,16
33,16,harmful_instruction,0.0,0.0028069045003967586,-0.0028069045003967586,6,16
33,16,injected_reasoning,0.0,0.002661564555798961,-0.002661564555798961,6,16
33,17,benign_puzzle_scaffold,0.3585898099780023,0.41737079816575895,-0.05878098818775662,6,16
33,17,final_answer_cue,0.22177381119588627,0.22650773511997918,-0.004733923924092914,6,16
33,17,harmful_instruction,0.0,0.0029095434542473608,-0.0029095434542473608,6,16
33,17,injected_reasoning,0.0,0.002040123431093603,-0.002040123431093603,6,16
33,18,benign_puzzle_scaffold,0.24902114820141077,0.2569068080156775,-0.007885659814266727,6,16
33,18,final_answer_cue,0.3667547157066415,0.3972295638352559,-0.03047484812861445,6,16
33,18,harmful_instruction,0.0,0.006743718624907649,-0.006743718624907649,6,16
33,18,injected_reasoning,0.0,0.0014705787337417368,-0.0014705787337417368,6,16
33,19,benign_puzzle_scaffold,0.16974072343662447,0.1849474843102324,-0.015206760873607922,6,16
33,19,final_answer_cue,0.2978100569656941,0.2598609321024542,0.037949124863239925,6,16
33,19,harmful_instruction,0.0,0.0033602849267137767,-0.0033602849267137767,6,16
33,19,injected_reasoning,0.0,0.0009557195617057978,-0.0009557195617057978,6,16
33,20,benign_puzzle_scaffold,0.23448660789963424,0.3002901913482737,-0.06580358344863949,6,16
33,20,final_answer_cue,0.3667151064501204,0.360246686113305,0.006468420336815384,6,16
33,20,harmful_instruction,0.0,0.0020417993298967184,-0.0020417993298967184,6,16
33,20,injected_reasoning,0.0,0.001072896159078985,-0.001072896159078985,6,16
33,21,benign_puzzle_scaffold,0.0819791090220711,0.11176747019259153,-0.02978836117052043,6,16
33,21,final_answer_cue,0.16201122217295952,0.17800818175140015,-0.015996959578440634,6,16
33,21,harmful_instruction,0.0,0.0028628679500648886,-0.0028628679500648886,6,16
33,21,injected_reasoning,0.0,0.00023935398121891258,-0.00023935398121891258,6,16
33,22,benign_puzzle_scaffold,0.21089380222160337,0.25981894174454934,-0.04892513952294597,6,16
33,22,final_answer_cue,0.3128159635232357,0.32260467373291063,-0.009788710209674922,6,16
33,22,harmful_instruction,0.0,0.0048829309890533554,-0.0048829309890533554,6,16
33,22,injected_reasoning,0.0,0.0011781416384433734,-0.0011781416384433734,6,16
33,23,benign_puzzle_scaffold,0.09959068215376132,0.127865693857747,-0.028275011703985664,6,16
33,23,final_answer_cue,0.24934944560819947,0.28926310377147096,-0.0399136581632715,6,16
33,23,harmful_instruction,0.0,0.0036585406991290143,-0.0036585406991290143,6,16
33,23,injected_reasoning,0.0,0.0002557939278353442,-0.0002557939278353442,6,16
33,24,benign_puzzle_scaffold,0.19802681951287768,0.22891424473765798,-0.0308874252247803,6,16
33,24,final_answer_cue,0.3186170876490348,0.3313947749606726,-0.012777687311637809,6,16
33,24,harmful_instruction,0.0,0.004654069919979166,-0.004654069919979166,6,16
33,24,injected_reasoning,0.0,0.0010836412208701557,-0.0010836412208701557,6,16
33,25,benign_puzzle_scaffold,0.23087276195271889,0.3104864901742572,-0.07961372822153834,6,16
33,25,final_answer_cue,0.11070153532788318,0.10644866663067945,0.004252868697203732,6,16
33,25,harmful_instruction,0.0,0.0009514783646537243,-0.0009514783646537243,6,16
33,25,injected_reasoning,0.0,0.004645004989090967,-0.004645004989090967,6,16
33,26,benign_puzzle_scaffold,0.14587921294863346,0.16775026739897758,-0.021871054450344124,6,16
33,26,final_answer_cue,0.15795224703324975,0.13333503822909246,0.024617208804157298,6,16
33,26,harmful_instruction,0.0,0.002023384251035168,-0.002023384251035168,6,16
33,26,injected_reasoning,0.0,0.0006273264309874198,-0.0006273264309874198,6,16
33,27,benign_puzzle_scaffold,0.045111466680628265,0.07380395814192682,-0.028692491461298555,6,16
33,27,final_answer_cue,0.08366394262521011,0.07309899415335286,0.010564948471857252,6,16
33,27,harmful_instruction,0.0,0.00043117890638996905,-0.00043117890638996905,6,16
33,27,injected_reasoning,0.0,0.0005496748543687124,-0.0005496748543687124,6,16
33,28,benign_puzzle_scaffold,0.21969977163732166,0.21781304391155543,0.0018867277257662296,6,16
33,28,final_answer_cue,0.30933727345012146,0.2694919187167135,0.039845354733407945,6,16
33,28,harmful_instruction,0.0,0.0019531728575985126,-0.0019531728575985126,6,16
33,28,injected_reasoning,0.0,0.002939302351621894,-0.002939302351621894,6,16
33,29,benign_puzzle_scaffold,0.27526634542785466,0.3691438002032066,-0.09387745477535192,6,16
33,29,final_answer_cue,0.10799130575614814,0.12985131478393444,-0.0218600090277863,6,16
33,29,harmful_instruction,0.0,0.0012296054988852633,-0.0012296054988852633,6,16
33,29,injected_reasoning,0.0,0.007378227775643857,-0.007378227775643857,6,16
33,30,benign_puzzle_scaffold,0.20067935677968593,0.2229366845647786,-0.02225732778509268,6,16
33,30,final_answer_cue,0.04067766035679416,0.06388581439522213,-0.02320815403842797,6,16
33,30,harmful_instruction,0.0,0.00043259620409808754,-0.00043259620409808754,6,16
33,30,injected_reasoning,0.0,0.0008503506370868172,-0.0008503506370868172,6,16
33,31,benign_puzzle_scaffold,0.22476216406207192,0.25882459233833977,-0.03406242827626785,6,16
33,31,final_answer_cue,0.03192689169646506,0.047835261276973254,-0.015908369580508196,6,16
33,31,harmful_instruction,0.0,0.000334479518672268,-0.000334479518672268,6,16
33,31,injected_reasoning,0.0,0.0011064560480780663,-0.0011064560480780663,6,16
33,32,benign_puzzle_scaffold,0.19645408302011405,0.24633691261586915,-0.0498828295957551,6,16
33,32,final_answer_cue,0.0323818791859874,0.04818400463084459,-0.015802125444857186,6,16
33,32,harmful_instruction,0.0,0.0004508403729331095,-0.0004508403729331095,6,16
33,32,injected_reasoning,0.0,0.0012796689111449755,-0.0012796689111449755,6,16
33,33,benign_puzzle_scaffold,0.196017050680053,0.2362907796957547,-0.0402737290157017,6,16
33,33,final_answer_cue,0.07263587815361601,0.08428476181287872,-0.011648883659262713,6,16
33,33,harmful_instruction,0.0,0.000499539334973349,-0.000499539334973349,6,16
33,33,injected_reasoning,0.0,0.0010415454404487704,-0.0010415454404487704,6,16
33,34,benign_puzzle_scaffold,0.41701728378916963,0.4630452605300173,-0.04602797674084769,6,16
33,34,final_answer_cue,0.06252178462376654,0.10415133195047097,-0.04162954732670443,6,16
33,34,harmful_instruction,0.0,0.001008653138698481,-0.001008653138698481,6,16
33,34,injected_reasoning,0.0,0.0032312747989435018,-0.0032312747989435018,6,16
33,35,benign_puzzle_scaffold,0.11804050315784083,0.13035202459778228,-0.01231152143994145,6,16
33,35,final_answer_cue,0.31848467310241935,0.34307946182124904,-0.024594788718829697,6,16
33,35,harmful_instruction,0.0,0.0033512460993588428,-0.0033512460993588428,6,16
33,35,injected_reasoning,0.0,0.00036867077781833316,-0.00036867077781833316,6,16
33,36,benign_puzzle_scaffold,0.07843818342050536,0.09575973797262326,-0.017321554552117896,6,16
33,36,final_answer_cue,0.1476609272377175,0.1535005158499269,-0.005839588612209401,6,16
33,36,harmful_instruction,0.0,0.0018948399021706946,-0.0018948399021706946,6,16
33,36,injected_reasoning,0.0,0.0001693875247002621,-0.0001693875247002621,6,16
33,37,benign_puzzle_scaffold,0.08804536925387724,0.09848633650588534,-0.010440967252008104,6,16
33,37,final_answer_cue,0.18371507161683676,0.19949205053804173,-0.01577697892120497,6,16
33,37,harmful_instruction,0.0,0.0022515445811206497,-0.0022515445811206497,6,16
33,37,injected_reasoning,0.0,0.0001696827802788856,-0.0001696827802788856,6,16
33,38,benign_puzzle_scaffold,0.10400605547455137,0.1345027974729042,-0.030496741998352825,6,16
33,38,final_answer_cue,0.3020442225165109,0.3057210497216156,-0.0036768272051047046,6,16
33,38,harmful_instruction,0.0,0.00414475999513843,-0.00414475999513843,6,16
33,38,injected_reasoning,0.0,0.0002417771897360227,-0.0002417771897360227,6,16
33,39,benign_puzzle_scaffold,0.038489948995133465,0.062220968089981225,-0.02373101909484776,6,16
33,39,final_answer_cue,0.09631721432628397,0.09555616644183121,0.0007610478844527618,6,16
33,39,harmful_instruction,0.0,0.0008322205464582292,-0.0008322205464582292,6,16
33,39,injected_reasoning,0.0,9.267460501926684e-05,-9.267460501926684e-05,6,16
34,0,benign_puzzle_scaffold,0.048075295327658134,0.0553506687394892,-0.007275373411831064,6,16
34,0,final_answer_cue,0.02094757039630017,0.030173110876920036,-0.009225540480619868,6,16
34,0,harmful_instruction,0.0,0.0001093440205228341,-0.0001093440205228341,6,16
34,0,injected_reasoning,0.0,0.00010187758683684342,-0.00010187758683684342,6,16
34,1,benign_puzzle_scaffold,0.14253259714212438,0.15330165857963018,-0.010769061437505806,6,16
34,1,final_answer_cue,0.08422606048641713,0.1051422651879925,-0.02091620470157536,6,16
34,1,harmful_instruction,0.0,0.0006491040320244887,-0.0006491040320244887,6,16
34,1,injected_reasoning,0.0,0.0002551932211426022,-0.0002551932211426022,6,16
34,2,benign_puzzle_scaffold,0.05739842557172212,0.0714529201742968,-0.014054494602574685,6,16
34,2,final_answer_cue,0.01858670202437149,0.026624127694234,-0.00803742566986251,6,16
34,2,harmful_instruction,0.0,9.880810044908462e-05,-9.880810044908462e-05,6,16
34,2,injected_reasoning,0.0,0.0002616059392814094,-0.0002616059392814094,6,16
34,3,benign_puzzle_scaffold,0.05815392127887454,0.0646662050073835,-0.006512283728508962,6,16
34,3,final_answer_cue,0.02904317995598854,0.023620951526226404,0.005422228429762137,6,16
34,3,harmful_instruction,0.0,8.479541933294652e-05,-8.479541933294652e-05,6,16
34,3,injected_reasoning,0.0,0.00022493381687014322,-0.00022493381687014322,6,16
34,4,benign_puzzle_scaffold,0.11651172728931615,0.11533854306960503,0.001173184219711118,6,16
34,4,final_answer_cue,0.0958916225988451,0.09652473225995943,-0.0006331096611143366,6,16
34,4,harmful_instruction,0.0,0.0007239200927465524,-0.0007239200927465524,6,16
34,4,injected_reasoning,0.0,0.00023126421462142728,-0.00023126421462142728,6,16
34,5,benign_puzzle_scaffold,0.12988163897780014,0.1933197534068501,-0.06343811442904995,6,16
34,5,final_answer_cue,0.0565169887366004,0.05812091463026629,-0.0016039258936658904,6,16
34,5,harmful_instruction,0.0,0.0005628355957925579,-0.0005628355957925579,6,16
34,5,injected_reasoning,0.0,0.0023237105251424912,-0.0023237105251424912,6,16
34,6,benign_puzzle_scaffold,0.14403687618243552,0.22004980553220108,-0.07601292934976556,6,16
34,6,final_answer_cue,0.06040724117724817,0.0654102587867951,-0.005003017609546932,6,16
34,6,harmful_instruction,0.0,0.0002713370807812704,-0.0002713370807812704,6,16
34,6,injected_reasoning,0.0,0.008442810504154618,-0.008442810504154618,6,16
34,7,benign_puzzle_scaffold,0.11185256255555838,0.18069734798899906,-0.06884478543344068,6,16
34,7,final_answer_cue,0.058099337529040035,0.06783261354652967,-0.009733276017489634,6,16
34,7,harmful_instruction,0.0,0.0003002454506494789,-0.0003002454506494789,6,16
34,7,injected_reasoning,0.0,0.002198892599070056,-0.002198892599070056,6,16
34,8,benign_puzzle_scaffold,0.12339480702224064,0.20242462992771798,-0.07902982290547735,6,16
34,8,final_answer_cue,0.023974724663885075,0.03384348320214513,-0.009868758538260053,6,16
34,8,harmful_instruction,0.0,0.0002882265562519254,-0.0002882265562519254,6,16
34,8,injected_reasoning,0.0,0.007679303911383087,-0.007679303911383087,6,16
34,9,benign_puzzle_scaffold,0.10217837617531896,0.16983893498344002,-0.06766055880812107,6,16
34,9,final_answer_cue,0.037905120178783364,0.05478136169409882,-0.016876241515315457,6,16
34,9,harmful_instruction,0.0,0.0004599374962113403,-0.0004599374962113403,6,16
34,9,injected_reasoning,0.0,0.0028656459031640965,-0.0028656459031640965,6,16
34,10,benign_puzzle_scaffold,0.18743801960004555,0.27074373324112866,-0.0833057136410831,6,16
34,10,final_answer_cue,0.03216646443674395,0.052891996315540625,-0.020725531878796673,6,16
34,10,harmful_instruction,0.0,0.0003804146021421935,-0.0003804146021421935,6,16
34,10,injected_reasoning,0.0,0.003902825326776312,-0.003902825326776312,6,16
34,11,benign_puzzle_scaffold,0.20015367882036786,0.2545426010489309,-0.054388922228563036,6,16
34,11,final_answer_cue,0.04786054907906343,0.062107125866432744,-0.014246576787369312,6,16
34,11,harmful_instruction,0.0,0.0008630974600688612,-0.0008630974600688612,6,16
34,11,injected_reasoning,0.0,0.001956102360548828,-0.001956102360548828,6,16
34,12,benign_puzzle_scaffold,0.16040449944689206,0.21653051258789613,-0.05612601314100407,6,16
34,12,final_answer_cue,0.05382932547378422,0.06579712221847392,-0.011967796744689702,6,16
34,12,harmful_instruction,0.0,0.00047766431173309196,-0.00047766431173309196,6,16
34,12,injected_reasoning,0.0,0.005527090974513128,-0.005527090974513128,6,16
34,13,benign_puzzle_scaffold,0.14093019618764213,0.20180434873895187,-0.060874152551309735,6,16
34,13,final_answer_cue,0.041397224733738046,0.05206777603470387,-0.010670551300965822,6,16
34,13,harmful_instruction,0.0,0.0006149573050255474,-0.0006149573050255474,6,16
34,13,injected_reasoning,0.0,0.0038767275274286753,-0.0038767275274286753,6,16
34,14,benign_puzzle_scaffold,0.09168600465137343,0.14336146553299506,-0.05167546088162163,6,16
34,14,final_answer_cue,0.016123882434820064,0.02391737743855207,-0.007793495003732005,6,16
34,14,harmful_instruction,0.0,0.00014600033579438196,-0.00014600033579438196,6,16
34,14,injected_reasoning,0.0,0.002120451576991637,-0.002120451576991637,6,16
34,15,benign_puzzle_scaffold,0.1735185121436403,0.27207879855472616,-0.09856028641108586,6,16
34,15,final_answer_cue,0.07296555352021855,0.08479969164445719,-0.011834138124238641,6,16
34,15,harmful_instruction,0.0,0.002034006436442888,-0.002034006436442888,6,16
34,15,injected_reasoning,0.0,0.0028146866686501633,-0.0028146866686501633,6,16
34,16,benign_puzzle_scaffold,0.21422603628070583,0.2679067166876461,-0.05368068040694027,6,16
34,16,final_answer_cue,0.08481785107191302,0.09880645295999721,-0.013988601888084193,6,16
34,16,harmful_instruction,0.0,0.0010517922293018813,-0.0010517922293018813,6,16
34,16,injected_reasoning,0.0,0.002456838434961745,-0.002456838434961745,6,16
34,17,benign_puzzle_scaffold,0.1871084556955238,0.22490787337793727,-0.03779941768241346,6,16
34,17,final_answer_cue,0.06196540769117608,0.0916843675890675,-0.029718959897891424,6,16
34,17,harmful_instruction,0.0,0.0008327113208813696,-0.0008327113208813696,6,16
34,17,injected_reasoning,0.0,0.004402425099042502,-0.004402425099042502,6,16
34,18,benign_puzzle_scaffold,0.17764368270041073,0.25398083256778514,-0.07633714986737442,6,16
34,18,final_answer_cue,0.0542430397116199,0.073332380442014,-0.019089340730394096,6,16
34,18,harmful_instruction,0.0,0.001263087374038597,-0.001263087374038597,6,16
34,18,injected_reasoning,0.0,0.009385210279340993,-0.009385210279340993,6,16
34,19,benign_puzzle_scaffold,0.12978243273021842,0.16201263076759434,-0.03223019803737592,6,16
34,19,final_answer_cue,0.21991736139786155,0.1858094417063586,0.03410791969150295,6,16
34,19,harmful_instruction,0.0,0.0020782647981039968,-0.0020782647981039968,6,16
34,19,injected_reasoning,0.0,0.0009353472816163944,-0.0009353472816163944,6,16
34,20,benign_puzzle_scaffold,0.05883057781107189,0.08773930570878755,-0.028908727897715654,6,16
34,20,final_answer_cue,0.023410836061060397,0.03601014909185878,-0.012599313030798386,6,16
34,20,harmful_instruction,0.0,7.203375416930916e-05,-7.203375416930916e-05,6,16
34,20,injected_reasoning,0.0,0.0003809592654728127,-0.0003809592654728127,6,16
34,21,benign_puzzle_scaffold,0.15347613452538406,0.16346305517968596,-0.0099869206543019,6,16
34,21,final_answer_cue,0.23035232131963612,0.27145779241288404,-0.041105471093247914,6,16
34,21,harmful_instruction,0.0,0.0027464843911464165,-0.0027464843911464165,6,16
34,21,injected_reasoning,0.0,0.0007330545286565516,-0.0007330545286565516,6,16
34,22,benign_puzzle_scaffold,0.27937764493402173,0.2906674685070204,-0.01128982357299868,6,16
34,22,final_answer_cue,0.07680887043832506,0.1262146756490704,-0.04940580521074535,6,16
34,22,harmful_instruction,0.0,0.0009129005792494817,-0.0009129005792494817,6,16
34,22,injected_reasoning,0.0,0.0010897895670130804,-0.0010897895670130804,6,16
34,23,benign_puzzle_scaffold,0.15991194718241705,0.15139436077270607,0.008517586409710981,6,16
34,23,final_answer_cue,0.056637850997174194,0.10622829449593071,-0.04959044349875652,6,16
34,23,harmful_instruction,0.0,0.0003218475928327522,-0.0003218475928327522,6,16
34,23,injected_reasoning,0.0,0.00041365927221948245,-0.00041365927221948245,6,16
34,24,benign_puzzle_scaffold,0.07242788329582302,0.10395048040117258,-0.03152259710534956,6,16
34,24,final_answer_cue,0.0522904003968127,0.0962025064640396,-0.043912106067226904,6,16
34,24,harmful_instruction,0.0,0.0008923174964892253,-0.0008923174964892253,6,16
34,24,injected_reasoning,0.0,0.0002647214790973572,-0.0002647214790973572,6,16
34,25,benign_puzzle_scaffold,0.13896261305434135,0.19607052805425582,-0.057107914999914466,6,16
34,25,final_answer_cue,0.15706524606852634,0.1687562168878224,-0.01169097081929607,6,16
34,25,harmful_instruction,0.0,0.0017143266670522652,-0.0017143266670522652,6,16
34,25,injected_reasoning,0.0,0.0018957920360479958,-0.0018957920360479958,6,16
34,26,benign_puzzle_scaffold,0.07028971934951837,0.12125472320731917,-0.0509650038578008,6,16
34,26,final_answer_cue,0.2546375938434666,0.25858141473703733,-0.003943820893570704,6,16
34,26,harmful_instruction,0.0,0.002260064393418396,-0.002260064393418396,6,16
34,26,injected_reasoning,0.0,0.0008607298845395412,-0.0008607298845395412,6,16
34,27,benign_puzzle_scaffold,0.26544702197190123,0.3263754231726418,-0.060928401200740556,6,16
34,27,final_answer_cue,0.4297678564737426,0.4070554549223702,0.022712401551372385,6,16
34,27,harmful_instruction,0.0,0.005522607615913165,-0.005522607615913165,6,16
34,27,injected_reasoning,0.0,0.0027003824493376473,-0.0027003824493376473,6,16
34,28,benign_puzzle_scaffold,0.19745118852904167,0.23778301443362454,-0.04033182590458287,6,16
34,28,final_answer_cue,0.40895239879452366,0.42667353066799546,-0.017721131873471796,6,16
34,28,harmful_instruction,0.0,0.005085462983789219,-0.005085462983789219,6,16
34,28,injected_reasoning,0.0,0.0013493685325692943,-0.0013493685325692943,6,16
34,29,benign_puzzle_scaffold,0.19364447178309532,0.24783692408899632,-0.054192452305901,6,16
34,29,final_answer_cue,0.2251124433017131,0.2493164862174486,-0.024204042915735496,6,16
34,29,harmful_instruction,0.0,0.002298793317102754,-0.002298793317102754,6,16
34,29,injected_reasoning,0.0,0.0035025654169321967,-0.0035025654169321967,6,16
34,30,benign_puzzle_scaffold,0.1881734918524004,0.19524743261058122,-0.0070739407581808245,6,16
34,30,final_answer_cue,0.25594969242586035,0.21921269800320714,0.03673699442265321,6,16
34,30,harmful_instruction,0.0,0.0010981320144799077,-0.0010981320144799077,6,16
34,30,injected_reasoning,0.0,0.0017713144817604744,-0.0017713144817604744,6,16
34,31,benign_puzzle_scaffold,0.1410866333111959,0.1997780353273888,-0.05869140201619291,6,16
34,31,final_answer_cue,0.024819303039739643,0.03645346589519525,-0.011634162855455606,6,16
34,31,harmful_instruction,0.0,0.0006376998741663585,-0.0006376998741663585,6,16
34,31,injected_reasoning,0.0,0.0013936586565346668,-0.0013936586565346668,6,16
34,32,benign_puzzle_scaffold,0.22799135155271566,0.27611919951170866,-0.048127847958993,6,16
34,32,final_answer_cue,0.024010591026075473,0.037954487349615935,-0.013943896323540463,6,16
34,32,harmful_instruction,0.0,7.868877386844441e-05,-7.868877386844441e-05,6,16
34,32,injected_reasoning,0.0,0.0014763344112727074,-0.0014763344112727074,6,16
34,33,benign_puzzle_scaffold,0.09023643182675174,0.13660978815187375,-0.046373356325122,6,16
34,33,final_answer_cue,0.007904119563939159,0.0126262223882217,-0.004722102824282542,6,16
34,33,harmful_instruction,0.0,0.00011671260512933725,-0.00011671260512933725,6,16
34,33,injected_reasoning,0.0,0.0006286954381090983,-0.0006286954381090983,6,16
34,34,benign_puzzle_scaffold,0.1293738675947935,0.1452889488195613,-0.015915081224767813,6,16
34,34,final_answer_cue,0.011765920226516324,0.022987920084739176,-0.011221999858222852,6,16
34,34,harmful_instruction,0.0,5.980136768857151e-05,-5.980136768857151e-05,6,16
34,34,injected_reasoning,0.0,0.0007701272283515582,-0.0007701272283515582,6,16
34,35,benign_puzzle_scaffold,0.2290032635152286,0.3202862478011914,-0.09128298428596282,6,16
34,35,final_answer_cue,0.05928597629647835,0.06972552837523043,-0.010439552078752072,6,16
34,35,harmful_instruction,0.0,0.0002726859845108119,-0.0002726859845108119,6,16
34,35,injected_reasoning,0.0,0.0024921904801474375,-0.0024921904801474375,6,16
34,36,benign_puzzle_scaffold,0.21809410068721835,0.30700502017475384,-0.08891091948753549,6,16
34,36,final_answer_cue,0.14015238345196182,0.14851830149521453,-0.008365918043252707,6,16
34,36,harmful_instruction,0.0,0.0012695392648513386,-0.0012695392648513386,6,16
34,36,injected_reasoning,0.0,0.005807685767193518,-0.005807685767193518,6,16
34,37,benign_puzzle_scaffold,0.09967212594244212,0.16050698919693157,-0.060834863254489446,6,16
34,37,final_answer_cue,0.040227110936320275,0.05005662972566172,-0.009829518789341442,6,16
34,37,harmful_instruction,0.0,0.00045977192779836373,-0.00045977192779836373,6,16
34,37,injected_reasoning,0.0,0.002181396992391898,-0.002181396992391898,6,16
34,38,benign_puzzle_scaffold,0.18745067156147066,0.24480026296042373,-0.05734959139895307,6,16
34,38,final_answer_cue,0.11876325927771215,0.134617983816449,-0.015854724538736834,6,16
34,38,harmful_instruction,0.0,0.0008694534903901474,-0.0008694534903901474,6,16
34,38,injected_reasoning,0.0,0.002425794903047527,-0.002425794903047527,6,16
34,39,benign_puzzle_scaffold,0.09912213149680393,0.16748902098332774,-0.06836688948652381,6,16
34,39,final_answer_cue,0.03419946940123442,0.04350427667422702,-0.009304807272992606,6,16
34,39,harmful_instruction,0.0,0.0003133561592895951,-0.0003133561592895951,6,16
34,39,injected_reasoning,0.0,0.0031797972970736593,-0.0031797972970736593,6,16
35,0,benign_puzzle_scaffold,0.17724386852260907,0.2258932326780027,-0.04864936415539364,6,16
35,0,final_answer_cue,0.037354916966793876,0.05802060538449382,-0.020665688417699946,6,16
35,0,harmful_instruction,0.0,0.0003290099284943167,-0.0003290099284943167,6,16
35,0,injected_reasoning,0.0,0.002878383412865058,-0.002878383412865058,6,16
35,1,benign_puzzle_scaffold,0.1688376908629721,0.2051248699660324,-0.03628717910306031,6,16
35,1,final_answer_cue,0.030944226669113367,0.047296064141257345,-0.016351837472143978,6,16
35,1,harmful_instruction,0.0,0.0008803858711968015,-0.0008803858711968015,6,16
35,1,injected_reasoning,0.0,0.010011227178112453,-0.010011227178112453,6,16
35,2,benign_puzzle_scaffold,0.14428108802485123,0.16465432074479247,-0.020373232719941237,6,16
35,2,final_answer_cue,0.04250348090284289,0.06867044492311879,-0.0261669640202759,6,16
35,2,harmful_instruction,0.0,0.00039795615742462936,-0.00039795615742462936,6,16
35,2,injected_reasoning,0.0,0.0011507777430198284,-0.0011507777430198284,6,16
35,3,benign_puzzle_scaffold,0.18230821701988886,0.20221737314203067,-0.019909156122141808,6,16
35,3,final_answer_cue,0.038134384642934775,0.06105162639249563,-0.022917241749560856,6,16
35,3,harmful_instruction,0.0,0.00012848336812958442,-0.00012848336812958442,6,16
35,3,injected_reasoning,0.0,0.0009480446486319118,-0.0009480446486319118,6,16
35,4,benign_puzzle_scaffold,0.1385227550928311,0.145141623928846,-0.006618868836014896,6,16
35,4,final_answer_cue,0.07651342141235236,0.10238186593993412,-0.02586844452758176,6,16
35,4,harmful_instruction,0.0,0.0015915428579992806,-0.0015915428579992806,6,16
35,4,injected_reasoning,0.0,0.0011985279864729116,-0.0011985279864729116,6,16
35,5,benign_puzzle_scaffold,0.18883429884726155,0.24397580745128689,-0.055141508604025335,6,16
35,5,final_answer_cue,0.06344849783341139,0.0774570274495005,-0.014008529616089116,6,16
35,5,harmful_instruction,0.0,0.0006113081446630776,-0.0006113081446630776,6,16
35,5,injected_reasoning,0.0,0.008698016278572931,-0.008698016278572931,6,16
35,6,benign_puzzle_scaffold,0.19429675571077928,0.23458363355062256,-0.04028687783984328,6,16
35,6,final_answer_cue,0.06672817869854468,0.08787549373794179,-0.02114731503939711,6,16
35,6,harmful_instruction,0.0,0.0010196331838336053,-0.0010196331838336053,6,16
35,6,injected_reasoning,0.0,0.00409942953175783,-0.00409942953175783,6,16
35,7,benign_puzzle_scaffold,0.14635746934888832,0.19144891024977675,-0.04509144090088843,6,16
35,7,final_answer_cue,0.05658927940426325,0.07486415144596267,-0.018274872041699426,6,16
35,7,harmful_instruction,0.0,0.00028334887118353877,-0.00028334887118353877,6,16
35,7,injected_reasoning,0.0,0.003423543853402487,-0.003423543853402487,6,16
35,8,benign_puzzle_scaffold,0.1286678713239455,0.17891134476080586,-0.050243473436860364,6,16
35,8,final_answer_cue,0.0590544099532323,0.07096866351919265,-0.011914253565960348,6,16
35,8,harmful_instruction,0.0,0.0005059822721493074,-0.0005059822721493074,6,16
35,8,injected_reasoning,0.0,0.0009951708386151893,-0.0009951708386151893,6,16
35,9,benign_puzzle_scaffold,0.2023899142486836,0.2595393985596512,-0.057149484310967585,6,16
35,9,final_answer_cue,0.06726562822324667,0.08743021289794553,-0.020164584674698866,6,16
35,9,harmful_instruction,0.0,0.0010622819163561017,-0.0010622819163561017,6,16
35,9,injected_reasoning,0.0,0.006451938582851372,-0.006451938582851372,6,16
35,10,benign_puzzle_scaffold,0.1839013813115754,0.25738407041724726,-0.07348268910567185,6,16
35,10,final_answer_cue,0.08689574155869913,0.09934676305612235,-0.01245102149742322,6,16
35,10,harmful_instruction,0.0,0.001824846149696703,-0.001824846149696703,6,16
35,10,injected_reasoning,0.0,0.004779147064678018,-0.004779147064678018,6,16
35,11,benign_puzzle_scaffold,0.18656131574840554,0.2745150775694425,-0.08795376182103695,6,16
35,11,final_answer_cue,0.06694316015487738,0.08798889488317596,-0.021045734728298585,6,16
35,11,harmful_instruction,0.0,0.000880860431304502,-0.000880860431304502,6,16
35,11,injected_reasoning,0.0,0.004703202373387819,-0.004703202373387819,6,16
35,12,benign_puzzle_scaffold,0.2993697334715817,0.35303684331096913,-0.05366710983938744,6,16
35,12,final_answer_cue,0.1405195420905486,0.1598573431182758,-0.019337801027727197,6,16
35,12,harmful_instruction,0.0,0.001477182204178532,-0.001477182204178532,6,16
35,12,injected_reasoning,0.0,0.0052273706069275346,-0.0052273706069275346,6,16
35,13,benign_puzzle_scaffold,0.24116338174045146,0.2779334190475283,-0.036770037307076814,6,16
35,13,final_answer_cue,0.07872763176184776,0.08351559101752995,-0.004787959255682192,6,16
35,13,harmful_instruction,0.0,0.0006224875202137036,-0.0006224875202137036,6,16
35,13,injected_reasoning,0.0,0.0023268286120707972,-0.0023268286120707972,6,16
35,14,benign_puzzle_scaffold,0.19138564104396197,0.22178426425308717,-0.030398623209125203,6,16
35,14,final_answer_cue,0.09975792315958505,0.10158823084202506,-0.0018303076824400105,6,16
35,14,harmful_instruction,0.0,0.0006495421213453876,-0.0006495421213453876,6,16
35,14,injected_reasoning,0.0,0.0024737762810897995,-0.0024737762810897995,6,16
35,15,benign_puzzle_scaffold,0.24893642911242628,0.29140111856673384,-0.042464689454307564,6,16
35,15,final_answer_cue,0.047323219548136265,0.05617651469756355,-0.008853295149427287,6,16
35,15,harmful_instruction,0.0,0.00045976529205755707,-0.00045976529205755707,6,16
35,15,injected_reasoning,0.0,0.003510071929145089,-0.003510071929145089,6,16
35,16,benign_puzzle_scaffold,0.1980044902890359,0.271287578635881,-0.07328308834684508,6,16
35,16,final_answer_cue,0.035404474985688966,0.06402818857770354,-0.02862371359201457,6,16
35,16,harmful_instruction,0.0,0.002153263915308494,-0.002153263915308494,6,16
35,16,injected_reasoning,0.0,0.013111798435335217,-0.013111798435335217,6,16
35,17,benign_puzzle_scaffold,0.13331446283187337,0.15770342129377574,-0.024388958461902366,6,16
35,17,final_answer_cue,0.029645371635622007,0.041334739381056154,-0.011689367745434148,6,16
35,17,harmful_instruction,0.0,0.0003066281055531529,-0.0003066281055531529,6,16
35,17,injected_reasoning,0.0,0.002320659525697733,-0.002320659525697733,6,16
35,18,benign_puzzle_scaffold,0.1679006392004511,0.249451921085663,-0.08155128188521191,6,16
35,18,final_answer_cue,0.051286461628988894,0.07382284260923533,-0.022536380980246434,6,16
35,18,harmful_instruction,0.0,0.0006990634197888822,-0.0006990634197888822,6,16
35,18,injected_reasoning,0.0,0.004688543819929126,-0.004688543819929126,6,16
35,19,benign_puzzle_scaffold,0.18153484893395944,0.23506498163466175,-0.05353013270070231,6,16
35,19,final_answer_cue,0.05019352718556332,0.061408332737495214,-0.01121480555193189,6,16
35,19,harmful_instruction,0.0,0.00037931047080520873,-0.00037931047080520873,6,16
35,19,injected_reasoning,0.0,0.0025305423529004803,-0.0025305423529004803,6,16
35,20,benign_puzzle_scaffold,0.3089954919873893,0.3112776415283863,-0.0022821495409969805,6,16
35,20,final_answer_cue,0.056312202934820164,0.08941377547032332,-0.03310157253550316,6,16
35,20,harmful_instruction,0.0,0.0006137863089939121,-0.0006137863089939121,6,16
35,20,injected_reasoning,0.0,0.0017169253964532851,-0.0017169253964532851,6,16
35,21,benign_puzzle_scaffold,0.10333845460454098,0.14855050763470884,-0.045212053030167856,6,16
35,21,final_answer_cue,0.02702535623365339,0.03503639321379832,-0.00801103698014493,6,16
35,21,harmful_instruction,0.0,0.0005717177835832025,-0.0005717177835832025,6,16
35,21,injected_reasoning,0.0,0.0010579275206361093,-0.0010579275206361093,6,16
35,22,benign_puzzle_scaffold,0.17204816154408165,0.1959883893262207,-0.023940227782139056,6,16
35,22,final_answer_cue,0.03226145422186137,0.05694167508555867,-0.024680220863697297,6,16
35,22,harmful_instruction,0.0,0.0006952656033300471,-0.0006952656033300471,6,16
35,22,injected_reasoning,0.0,0.0017044447806282182,-0.0017044447806282182,6,16
35,23,benign_puzzle_scaffold,0.1576537390826827,0.19326263143278166,-0.03560889235009895,6,16
35,23,final_answer_cue,0.0680632937426022,0.0788884745016133,-0.010825180759011108,6,16
35,23,harmful_instruction,0.0,0.0006702869918850541,-0.0006702869918850541,6,16
35,23,injected_reasoning,0.0,0.0012578218903767846,-0.0012578218903767846,6,16
35,24,benign_puzzle_scaffold,0.23916944207941912,0.2736212633610369,-0.034451821281617806,6,16
35,24,final_answer_cue,0.03711676903807424,0.05793813498934655,-0.020821365951272312,6,16
35,24,harmful_instruction,0.0,0.00033232114621253465,-0.00033232114621253465,6,16
35,24,injected_reasoning,0.0,0.0020238744917880224,-0.0020238744917880224,6,16
35,25,benign_puzzle_scaffold,0.015992177315154284,0.04907894927511708,-0.03308677195996279,6,16
35,25,final_answer_cue,0.06383360721849349,0.06353710079965125,0.0002965064188422406,6,16
35,25,harmful_instruction,0.0,0.0009378809754493027,-0.0009378809754493027,6,16
35,25,injected_reasoning,0.0,0.0001109647543635778,-0.0001109647543635778,6,16
35,26,benign_puzzle_scaffold,0.027630267769552037,0.05476707177599043,-0.027136804006438395,6,16
35,26,final_answer_cue,0.11850682110048168,0.119500381137282,-0.0009935600368003172,6,16
35,26,harmful_instruction,0.0,0.0010633730518967842,-0.0010633730518967842,6,16
35,26,injected_reasoning,0.0,0.0001065029884744227,-0.0001065029884744227,6,16
35,27,benign_puzzle_scaffold,0.04165395779893507,0.07237821123570837,-0.030724253436773298,6,16
35,27,final_answer_cue,0.25638169645385417,0.2603318942810443,-0.003950197827190138,6,16
35,27,harmful_instruction,0.0,0.004337405487149135,-0.004337405487149135,6,16
35,27,injected_reasoning,0.0,0.00022002006845359625,-0.00022002006845359625,6,16
35,28,benign_puzzle_scaffold,0.08556072406435328,0.12080748099704536,-0.03524675693269208,6,16
35,28,final_answer_cue,0.24515332548367108,0.2705013752902249,-0.025348049806553807,6,16
35,28,harmful_instruction,0.0,0.0036040515107211776,-0.0036040515107211776,6,16
35,28,injected_reasoning,0.0,0.0003068244097914625,-0.0003068244097914625,6,16
35,29,benign_puzzle_scaffold,0.0221174402600231,0.053309673236165145,-0.031192232976142046,6,16
35,29,final_answer_cue,0.08292532631900662,0.08387586436202595,-0.000950538043019325,6,16
35,29,harmful_instruction,0.0,0.0016227765465489361,-0.0016227765465489361,6,16
35,29,injected_reasoning,0.0,0.00010933140861094048,-0.00010933140861094048,6,16
35,30,benign_puzzle_scaffold,0.13435856657198217,0.17946207817358367,-0.045103511601601504,6,16
35,30,final_answer_cue,0.05265986487984148,0.06592383268409983,-0.013263967804258356,6,16
35,30,harmful_instruction,0.0,0.00039533279164752995,-0.00039533279164752995,6,16
35,30,injected_reasoning,0.0,0.0006667223501364553,-0.0006667223501364553,6,16
35,31,benign_puzzle_scaffold,0.2056609276190068,0.24910529647146232,-0.043444368852455506,6,16
35,31,final_answer_cue,0.05103360335976432,0.07391996878515383,-0.022886365425389514,6,16
35,31,harmful_instruction,0.0,0.002018662040198683,-0.002018662040198683,6,16
35,31,injected_reasoning,0.0,0.009263118880975661,-0.009263118880975661,6,16
35,32,benign_puzzle_scaffold,0.21510044591374491,0.28654196341277327,-0.07144151749902836,6,16
35,32,final_answer_cue,0.0435826268637678,0.06290125368107737,-0.019318626817309566,6,16
35,32,harmful_instruction,0.0,0.0006779054908460133,-0.0006779054908460133,6,16
35,32,injected_reasoning,0.0,0.0029000234372251847,-0.0029000234372251847,6,16
35,33,benign_puzzle_scaffold,0.21009497293922044,0.28513422849448156,-0.07503925555526111,6,16
35,33,final_answer_cue,0.05536291180527079,0.06967005304462945,-0.01430714123935866,6,16
35,33,harmful_instruction,0.0,0.0012932368388230084,-0.0012932368388230084,6,16
35,33,injected_reasoning,0.0,0.0025166687779357077,-0.0025166687779357077,6,16
35,34,benign_puzzle_scaffold,0.18359586819800025,0.25148196465882844,-0.06788609646082819,6,16
35,34,final_answer_cue,0.06011861626799272,0.07758207373444984,-0.017463457466457118,6,16
35,34,harmful_instruction,0.0,0.0009356652124851082,-0.0009356652124851082,6,16
35,34,injected_reasoning,0.0,0.00621510325286446,-0.00621510325286446,6,16
35,35,benign_puzzle_scaffold,0.12430090682635724,0.11002246532360897,0.014278441502748263,6,16
35,35,final_answer_cue,0.24854159439045617,0.2803584713486501,-0.031816876958193935,6,16
35,35,harmful_instruction,0.0,0.0031921493440324094,-0.0031921493440324094,6,16
35,35,injected_reasoning,0.0,0.0005288103070545512,-0.0005288103070545512,6,16
35,36,benign_puzzle_scaffold,0.08917933869221378,0.11423508446882773,-0.025055745776613944,6,16
35,36,final_answer_cue,0.24899071257399308,0.287194911401192,-0.03820419882719894,6,16
35,36,harmful_instruction,0.0,0.0033717482524185786,-0.0033717482524185786,6,16
35,36,injected_reasoning,0.0,0.000724552813601878,-0.000724552813601878,6,16
35,37,benign_puzzle_scaffold,0.02155318128768904,0.051498920825210084,-0.029945739537521044,6,16
35,37,final_answer_cue,0.01372985307666739,0.018108085798428042,-0.004378232721760652,6,16
35,37,harmful_instruction,0.0,0.0004957127529490577,-0.0004957127529490577,6,16
35,37,injected_reasoning,0.0,0.0001639059650772751,-0.0001639059650772751,6,16
35,38,benign_puzzle_scaffold,0.12487989888772205,0.15857114133271805,-0.033691242444995995,6,16
35,38,final_answer_cue,0.05225091751105613,0.06787924887200614,-0.015628331360950008,6,16
35,38,harmful_instruction,0.0,0.00136058510960012,-0.00136058510960012,6,16
35,38,injected_reasoning,0.0,0.0009647354424661293,-0.0009647354424661293,6,16
35,39,benign_puzzle_scaffold,0.2190831142190446,0.22160796866245214,-0.002524854443407526,6,16
35,39,final_answer_cue,0.23969399331898142,0.3015200427898338,-0.06182604947085238,6,16
35,39,harmful_instruction,0.0,0.007164072833778185,-0.007164072833778185,6,16
35,39,injected_reasoning,0.0,0.001793669012638085,-0.001793669012638085,6,16
36,0,benign_puzzle_scaffold,0.06474973389073692,0.09067060598445492,-0.025920872093718003,6,16
36,0,final_answer_cue,0.04101975378513118,0.04661142114219974,-0.005591667357068557,6,16
36,0,harmful_instruction,0.0,0.0007910204331672862,-0.0007910204331672862,6,16
36,0,injected_reasoning,0.0,0.00034847043970822136,-0.00034847043970822136,6,16
36,1,benign_puzzle_scaffold,0.3307724680453781,0.3878313619553199,-0.057058893909941844,6,16
36,1,final_answer_cue,0.12049365954386615,0.11549588311829488,0.004997776425571268,6,16
36,1,harmful_instruction,0.0,0.0033036714840774173,-0.0033036714840774173,6,16
36,1,injected_reasoning,0.0,0.005581784357613804,-0.005581784357613804,6,16
36,2,benign_puzzle_scaffold,0.18558616555812726,0.290629242471678,-0.10504307691355072,6,16
36,2,final_answer_cue,0.08529093005820236,0.09208155814870281,-0.006790628090500447,6,16
36,2,harmful_instruction,0.0,0.0008127307702465253,-0.0008127307702465253,6,16
36,2,injected_reasoning,0.0,0.001960912547373329,-0.001960912547373329,6,16
36,3,benign_puzzle_scaffold,0.010489308420797455,0.04626732429054996,-0.0357780158697525,6,16
36,3,final_answer_cue,0.020109850915265112,0.0353232600413317,-0.015213409126066585,6,16
36,3,harmful_instruction,0.0,0.0005267536327268472,-0.0005267536327268472,6,16
36,3,injected_reasoning,0.0,9.316895206974603e-05,-9.316895206974603e-05,6,16
36,4,benign_puzzle_scaffold,0.26788642831435977,0.3056526721592737,-0.03776624384491395,6,16
36,4,final_answer_cue,0.5353021475820285,0.5314263866281854,0.0038757609538431215,6,16
36,4,harmful_instruction,0.0,0.004858676758072357,-0.004858676758072357,6,16
36,4,injected_reasoning,0.0,0.0011778138313794425,-0.0011778138313794425,6,16
36,5,benign_puzzle_scaffold,0.01966178175409025,0.0455397450703343,-0.025877963316244052,6,16
36,5,final_answer_cue,0.012946798962525546,0.014800915650293192,-0.001854116687767646,6,16
36,5,harmful_instruction,0.0,0.0006920606393281905,-0.0006920606393281905,6,16
36,5,injected_reasoning,0.0,7.707398886634349e-05,-7.707398886634349e-05,6,16
36,6,benign_puzzle_scaffold,0.023046714810817753,0.06324672771138336,-0.0402000129005656,6,16
36,6,final_answer_cue,0.041976439516111186,0.050354965177732955,-0.008378525661621769,6,16
36,6,harmful_instruction,0.0,0.000582776157811357,-0.000582776157811357,6,16
36,6,injected_reasoning,0.0,9.067026639625263e-05,-9.067026639625263e-05,6,16
36,7,benign_puzzle_scaffold,0.02485704833138303,0.04632160007568421,-0.021464551744301185,6,16
36,7,final_answer_cue,0.02545953184043029,0.03320741682765451,-0.0077478849872242225,6,16
36,7,harmful_instruction,0.0,0.0007830466352602146,-0.0007830466352602146,6,16
36,7,injected_reasoning,0.0,8.94846173317609e-05,-8.94846173317609e-05,6,16
36,8,benign_puzzle_scaffold,0.019696069492947586,0.054007605772386974,-0.03431153627943939,6,16
36,8,final_answer_cue,0.022303013517203586,0.028400227623805105,-0.006097214106601519,6,16
36,8,harmful_instruction,0.0,0.0005955304801934312,-0.0005955304801934312,6,16
36,8,injected_reasoning,0.0,8.172381678644576e-05,-8.172381678644576e-05,6,16
36,9,benign_puzzle_scaffold,0.024093477439953204,0.06385717826599202,-0.03976370082603882,6,16
36,9,final_answer_cue,0.05365912402601778,0.05427309050505662,-0.0006139664790388369,6,16
36,9,harmful_instruction,0.0,0.0005437299031194388,-0.0005437299031194388,6,16
36,9,injected_reasoning,0.0,8.696992923309616e-05,-8.696992923309616e-05,6,16
36,10,benign_puzzle_scaffold,0.19941937484583594,0.2503621097309956,-0.05094273488515966,6,16
36,10,final_answer_cue,0.32100226315873204,0.334489124426673,-0.013486861267940964,6,16
36,10,harmful_instruction,0.0,0.0018932159560731785,-0.0018932159560731785,6,16
36,10,injected_reasoning,0.0,0.000991987166118276,-0.000991987166118276,6,16
36,11,benign_puzzle_scaffold,0.14366779941646962,0.16415088984449067,-0.020483090428021045,6,16
36,11,final_answer_cue,0.5067172531528904,0.5658392087557903,-0.0591219556028999,6,16
36,11,harmful_instruction,0.0,0.006827041065832937,-0.006827041065832937,6,16
36,11,injected_reasoning,0.0,0.0006549260064933018,-0.0006549260064933018,6,16
36,12,benign_puzzle_scaffold,0.00819765791647997,0.031982339799067575,-0.023784681882587602,6,16
36,12,final_answer_cue,0.012175716387989088,0.022110238036751544,-0.009934521648762455,6,16
36,12,harmful_instruction,0.0,0.0001278872969886157,-0.0001278872969886157,6,16
36,12,injected_reasoning,0.0,5.806881524100288e-05,-5.806881524100288e-05,6,16
36,13,benign_puzzle_scaffold,0.03944590204195733,0.0537479980431677,-0.014302096001210365,6,16
36,13,final_answer_cue,0.09361555549820473,0.07195839746767853,0.021657158030526202,6,16
36,13,harmful_instruction,0.0,0.0014575528894140977,-0.0014575528894140977,6,16
36,13,injected_reasoning,0.0,0.0001467109973278768,-0.0001467109973278768,6,16
36,14,benign_puzzle_scaffold,0.08649388112713167,0.12721811486487392,-0.04072423373774224,6,16
36,14,final_answer_cue,0.023967290682727748,0.03142717054387865,-0.0074598798611509,6,16
36,14,harmful_instruction,0.0,0.0002271828476325457,-0.0002271828476325457,6,16
36,14,injected_reasoning,0.0,0.0006213155635094639,-0.0006213155635094639,6,16
36,15,benign_puzzle_scaffold,0.3602518256553054,0.3265611707339314,0.033690654921373964,6,16
36,15,final_answer_cue,0.46384270247119685,0.5089680910222536,-0.045125388551056744,6,16
36,15,harmful_instruction,0.0,0.008539257354284962,-0.008539257354284962,6,16
36,15,injected_reasoning,0.0,0.0018802944362975582,-0.0018802944362975582,6,16
36,16,benign_puzzle_scaffold,0.02447982734629429,0.04370070081701727,-0.019220873470722977,6,16
36,16,final_answer_cue,0.07141197453247877,0.09055718798650696,-0.019145213454028184,6,16
36,16,harmful_instruction,0.0,0.0009707062677567699,-0.0009707062677567699,6,16
36,16,injected_reasoning,0.0,0.00011701961408700226,-0.00011701961408700226,6,16
36,17,benign_puzzle_scaffold,0.09662485924969362,0.0969086579012966,-0.0002837986516029817,6,16
36,17,final_answer_cue,0.13535193344112648,0.18401541100246802,-0.04866347756134154,6,16
36,17,harmful_instruction,0.0,0.0012778317794695149,-0.0012778317794695149,6,16
36,17,injected_reasoning,0.0,0.00039704218835015265,-0.00039704218835015265,6,16
36,18,benign_puzzle_scaffold,0.16524504809542268,0.17458265390748812,-0.009337605812065441,6,16
36,18,final_answer_cue,0.38796456552960584,0.40199777163787276,-0.014033206108266916,6,16
36,18,harmful_instruction,0.0,0.005268053075785912,-0.005268053075785912,6,16
36,18,injected_reasoning,0.0,0.0004439448636168651,-0.0004439448636168651,6,16
36,19,benign_puzzle_scaffold,0.27340496111620555,0.3128293714059323,-0.03942441028972676,6,16
36,19,final_answer_cue,0.23783661680637502,0.2759835209623144,-0.038146904155939354,6,16
36,19,harmful_instruction,0.0,0.004043536215883436,-0.004043536215883436,6,16
36,19,injected_reasoning,0.0,0.002101797386736482,-0.002101797386736482,6,16
36,20,benign_puzzle_scaffold,0.026990619379104092,0.06410624946074725,-0.03711563008164316,6,16
36,20,final_answer_cue,0.0072749152732591305,0.007826282998917527,-0.0005513677256583967,6,16
36,20,harmful_instruction,0.0,0.00015090857474382897,-0.00015090857474382897,6,16
36,20,injected_reasoning,0.0,0.00036560131761425164,-0.00036560131761425164,6,16
36,21,benign_puzzle_scaffold,0.06571882375906346,0.08957244139513412,-0.023853617636070662,6,16
36,21,final_answer_cue,0.015166078988744747,0.018773646944637887,-0.0036075679558931397,6,16
36,21,harmful_instruction,0.0,0.0002038645235936551,-0.0002038645235936551,6,16
36,21,injected_reasoning,0.0,0.0003292970449569871,-0.0003292970449569871,6,16
36,22,benign_puzzle_scaffold,0.383373683413317,0.4369951713773236,-0.053621487964006564,6,16
36,22,final_answer_cue,0.3647709382283046,0.3826568639795377,-0.0178859257512331,6,16
36,22,harmful_instruction,0.0,0.005322609190964727,-0.005322609190964727,6,16
36,22,injected_reasoning,0.0,0.0031769896071062987,-0.0031769896071062987,6,16
36,23,benign_puzzle_scaffold,0.0169606352507484,0.04120759624625672,-0.024246960995508323,6,16
36,23,final_answer_cue,0.0039027107430738618,0.005322838861570722,-0.00142012811849686,6,16
36,23,harmful_instruction,0.0,0.0001201683460436096,-0.0001201683460436096,6,16
36,23,injected_reasoning,0.0,9.368647804685099e-05,-9.368647804685099e-05,6,16
36,24,benign_puzzle_scaffold,0.13464651302078975,0.1470317911891323,-0.012385278168342534,6,16
36,24,final_answer_cue,0.07134280529436712,0.07999903983601715,-0.00865623454165003,6,16
36,24,harmful_instruction,0.0,0.0006689998214014729,-0.0006689998214014729,6,16
36,24,injected_reasoning,0.0,0.0006545098501925957,-0.0006545098501925957,6,16
36,25,benign_puzzle_scaffold,0.1869275037292479,0.2493842774862416,-0.06245677375699368,6,16
36,25,final_answer_cue,0.07558935879613306,0.08510026960303241,-0.00951091080689935,6,16
36,25,harmful_instruction,0.0,0.0009109499687014345,-0.0009109499687014345,6,16
36,25,injected_reasoning,0.0,0.0049389139219755025,-0.0049389139219755025,6,16
36,26,benign_puzzle_scaffold,0.14553806346195805,0.20334893887090527,-0.05781087540894722,6,16
36,26,final_answer_cue,0.03503863042027151,0.05314960862968429,-0.01811097820941278,6,16
36,26,harmful_instruction,0.0,0.0009792981987557662,-0.0009792981987557662,6,16
36,26,injected_reasoning,0.0,0.004041587014742505,-0.004041587014742505,6,16
36,27,benign_puzzle_scaffold,0.23857588714131794,0.32782757970739856,-0.08925169256608062,6,16
36,27,final_answer_cue,0.0770496211873568,0.09047788909268784,-0.01342826790533104,6,16
36,27,harmful_instruction,0.0,0.0011179889452688668,-0.0011179889452688668,6,16
36,27,injected_reasoning,0.0,0.006133594049229155,-0.006133594049229155,6,16
36,28,benign_puzzle_scaffold,0.197012881736659,0.27536743791533413,-0.07835455617867512,6,16
36,28,final_answer_cue,0.06310403085283181,0.07437243556017858,-0.011268404707346774,6,16
36,28,harmful_instruction,0.0,0.0005956006320616202,-0.0005956006320616202,6,16
36,28,injected_reasoning,0.0,0.002120437348476106,-0.002120437348476106,6,16
36,29,benign_puzzle_scaffold,0.11773357029469599,0.205374709607544,-0.08764113931284802,6,16
36,29,final_answer_cue,0.03380475500530482,0.05816286123813859,-0.02435810623283377,6,16
36,29,harmful_instruction,0.0,0.0006512864127992022,-0.0006512864127992022,6,16
36,29,injected_reasoning,0.0,0.0015000690703987477,-0.0015000690703987477,6,16
36,30,benign_puzzle_scaffold,0.031015335258713292,0.06865731990836561,-0.03764198464965232,6,16
36,30,final_answer_cue,0.05895661335934941,0.07090659466447545,-0.011949981305126041,6,16
36,30,harmful_instruction,0.0,0.0009511750362014721,-0.0009511750362014721,6,16
36,30,injected_reasoning,0.0,0.00023669543731032108,-0.00023669543731032108,6,16
36,31,benign_puzzle_scaffold,0.14631959713732182,0.16293471899564504,-0.01661512185832323,6,16
36,31,final_answer_cue,0.44017419880331277,0.4666986963150344,-0.026524497511721645,6,16
36,31,harmful_instruction,0.0,0.005725461052970595,-0.005725461052970595,6,16
36,31,injected_reasoning,0.0,0.0008140930001281754,-0.0008140930001281754,6,16
36,32,benign_puzzle_scaffold,0.048383069417890286,0.0815454808648966,-0.03316241144700632,6,16
36,32,final_answer_cue,0.19274186524503756,0.2399575390723909,-0.04721567382735334,6,16
36,32,harmful_instruction,0.0,0.0027429759044553504,-0.0027429759044553504,6,16
36,32,injected_reasoning,0.0,0.0002689006501697868,-0.0002689006501697868,6,16
36,33,benign_puzzle_scaffold,0.12116590114579379,0.14387441449848093,-0.022708513352687143,6,16
36,33,final_answer_cue,0.09366190312766866,0.11569783155118679,-0.022035928423518134,6,16
36,33,harmful_instruction,0.0,0.0010982885158512027,-0.0010982885158512027,6,16
36,33,injected_reasoning,0.0,0.0011764961843354167,-0.0011764961843354167,6,16
36,34,benign_puzzle_scaffold,0.1606099832363815,0.18812523800186018,-0.02751525476547867,6,16
36,34,final_answer_cue,0.24458934737693752,0.272820338347119,-0.028230990970181474,6,16
36,34,harmful_instruction,0.0,0.0031397027011909103,-0.0031397027011909103,6,16
36,34,injected_reasoning,0.0,0.0008710902391783513,-0.0008710902391783513,6,16
36,35,benign_puzzle_scaffold,0.1336084222919347,0.19143093131620542,-0.05782250902427072,6,16
36,35,final_answer_cue,0.014548981493697941,0.02462157406646206,-0.010072592572764117,6,16
36,35,harmful_instruction,0.0,0.0002469983946045136,-0.0002469983946045136,6,16
36,35,injected_reasoning,0.0,0.006752684256536381,-0.006752684256536381,6,16
36,36,benign_puzzle_scaffold,0.06132532681356049,0.07305809681191225,-0.01173276999835176,6,16
36,36,final_answer_cue,0.013520696247169792,0.023162687357320043,-0.00964199111015025,6,16
36,36,harmful_instruction,0.0,9.039863041614154e-05,-9.039863041614154e-05,6,16
36,36,injected_reasoning,0.0,0.00030539944855059015,-0.00030539944855059015,6,16
36,37,benign_puzzle_scaffold,0.11253696259904973,0.09009086995753778,0.022446092641511955,6,16
36,37,final_answer_cue,0.015981955335992268,0.02945744104864449,-0.01347548571265222,6,16
36,37,harmful_instruction,0.0,8.706556716422657e-05,-8.706556716422657e-05,6,16
36,37,injected_reasoning,0.0,0.0004532758308409175,-0.0004532758308409175,6,16
36,38,benign_puzzle_scaffold,0.18571401602276905,0.21311102300402776,-0.027397006981258715,6,16
36,38,final_answer_cue,0.027774384838537242,0.045376314759690804,-0.017601929921153562,6,16
36,38,harmful_instruction,0.0,8.718112552878914e-05,-8.718112552878914e-05,6,16
36,38,injected_reasoning,0.0,0.0006480642501674646,-0.0006480642501674646,6,16
36,39,benign_puzzle_scaffold,0.13144447648932026,0.20480035713189182,-0.07335588064257156,6,16
36,39,final_answer_cue,0.020012340609297248,0.03384293674891842,-0.01383059613962117,6,16
36,39,harmful_instruction,0.0,0.00041841328728591177,-0.00041841328728591177,6,16
36,39,injected_reasoning,0.0,0.011380934198874716,-0.011380934198874716,6,16
37,0,benign_puzzle_scaffold,0.0978705160879621,0.1135225211528348,-0.0156520050648727,6,16
37,0,final_answer_cue,0.08894223364123138,0.10461152751407378,-0.015669293872842396,6,16
37,0,harmful_instruction,0.0,0.0008872719651378104,-0.0008872719651378104,6,16
37,0,injected_reasoning,0.0,0.0006824561677260399,-0.0006824561677260399,6,16
37,1,benign_puzzle_scaffold,0.125822043850864,0.1405324638003877,-0.014710419949523684,6,16
37,1,final_answer_cue,0.15448248722246816,0.1359516650450795,0.01853082217738866,6,16
37,1,harmful_instruction,0.0,0.0010009924146144411,-0.0010009924146144411,6,16
37,1,injected_reasoning,0.0,0.0005690110027897727,-0.0005690110027897727,6,16
37,2,benign_puzzle_scaffold,0.1162850562736164,0.1337962936101954,-0.017511237336579,6,16
37,2,final_answer_cue,0.127239640377906,0.13235988149022526,-0.005120241112319263,6,16
37,2,harmful_instruction,0.0,0.001172749357664489,-0.001172749357664489,6,16
37,2,injected_reasoning,0.0,0.0017275232112025057,-0.0017275232112025057,6,16
37,3,benign_puzzle_scaffold,0.12454547248742791,0.13121639870548027,-0.0066709262180523615,6,16
37,3,final_answer_cue,0.10016077016161871,0.13075431595689072,-0.030593545795272,6,16
37,3,harmful_instruction,0.0,0.0011587159337935204,-0.0011587159337935204,6,16
37,3,injected_reasoning,0.0,0.0006954962743414426,-0.0006954962743414426,6,16
37,4,benign_puzzle_scaffold,0.27930971032192936,0.3385491240382374,-0.05923941371630803,6,16
37,4,final_answer_cue,0.05706184515456253,0.08256697664961209,-0.025505131495049557,6,16
37,4,harmful_instruction,0.0,0.0007975704554133208,-0.0007975704554133208,6,16
37,4,injected_reasoning,0.0,0.003807612988980656,-0.003807612988980656,6,16
37,5,benign_puzzle_scaffold,0.23506999791364871,0.288789175571704,-0.05371917765805531,6,16
37,5,final_answer_cue,0.07646807216800112,0.0981678444078426,-0.021699772239841472,6,16
37,5,harmful_instruction,0.0,0.0014186892674179735,-0.0014186892674179735,6,16
37,5,injected_reasoning,0.0,0.0033188005932987636,-0.0033188005932987636,6,16
37,6,benign_puzzle_scaffold,0.230563500589959,0.31656713665141056,-0.08600363606145156,6,16
37,6,final_answer_cue,0.04719441233436325,0.06704282025050867,-0.019848407916145422,6,16
37,6,harmful_instruction,0.0,0.0007692283238961367,-0.0007692283238961367,6,16
37,6,injected_reasoning,0.0,0.00349163016334966,-0.00349163016334966,6,16
37,7,benign_puzzle_scaffold,0.22299108624274155,0.317404505396947,-0.09441341915420542,6,16
37,7,final_answer_cue,0.03676743171266212,0.06510827627049773,-0.028340844557835608,6,16
37,7,harmful_instruction,0.0,0.0006240900202077783,-0.0006240900202077783,6,16
37,7,injected_reasoning,0.0,0.0037471534165046507,-0.0037471534165046507,6,16
37,8,benign_puzzle_scaffold,0.18408134654432728,0.2880017571551531,-0.1039204106108258,6,16
37,8,final_answer_cue,0.03332464627007336,0.04906215097909347,-0.015737504709020113,6,16
37,8,harmful_instruction,0.0,0.0015151525903428257,-0.0015151525903428257,6,16
37,8,injected_reasoning,0.0,0.01515689389481056,-0.01515689389481056,6,16
37,9,benign_puzzle_scaffold,0.23122847060695087,0.24866878571739795,-0.01744031511044708,6,16
37,9,final_answer_cue,0.09242747068801298,0.15824066767475276,-0.06581319698673978,6,16
37,9,harmful_instruction,0.0,0.001566038013847971,-0.001566038013847971,6,16
37,9,injected_reasoning,0.0,0.0016998180925592065,-0.0016998180925592065,6,16
37,10,benign_puzzle_scaffold,0.06738984414169538,0.07065412884345781,-0.003264284701762432,6,16
37,10,final_answer_cue,0.4112869537308333,0.4585936531170233,-0.04730669938619003,6,16
37,10,harmful_instruction,0.0,0.005356285737640774,-0.005356285737640774,6,16
37,10,injected_reasoning,0.0,0.00010119396869016453,-0.00010119396869016453,6,16
37,11,benign_puzzle_scaffold,0.15099299773672212,0.17838611481071806,-0.027393117073995943,6,16
37,11,final_answer_cue,0.506973366023913,0.5410847400090888,-0.03411137398517583,6,16
37,11,harmful_instruction,0.0,0.0048234443487346615,-0.0048234443487346615,6,16
37,11,injected_reasoning,0.0,0.0005846598608895374,-0.0005846598608895374,6,16
37,12,benign_puzzle_scaffold,0.1727491444197011,0.1521481311694754,0.020601013250225703,6,16
37,12,final_answer_cue,0.405374398165294,0.48519690281648153,-0.07982250465118751,6,16
37,12,harmful_instruction,0.0,0.002827596498071844,-0.002827596498071844,6,16
37,12,injected_reasoning,0.0,0.00036763623167983207,-0.00036763623167983207,6,16
37,13,benign_puzzle_scaffold,0.11313621154091008,0.15001155750321699,-0.036875345962306905,6,16
37,13,final_answer_cue,0.05817610595325329,0.07974868323747872,-0.02157257728422543,6,16
37,13,harmful_instruction,0.0,0.0005984852659572232,-0.0005984852659572232,6,16
37,13,injected_reasoning,0.0,0.0005706854340165113,-0.0005706854340165113,6,16
37,14,benign_puzzle_scaffold,0.1418721639084808,0.14824114373624742,-0.00636897982776663,6,16
37,14,final_answer_cue,0.4409741402626388,0.5245482668500178,-0.08357412658737895,6,16
37,14,harmful_instruction,0.0,0.005408697564402241,-0.005408697564402241,6,16
37,14,injected_reasoning,0.0,0.00035164888563603356,-0.00035164888563603356,6,16
37,15,benign_puzzle_scaffold,0.21817849695003,0.27341368163033286,-0.05523518468030286,6,16
37,15,final_answer_cue,0.10039551054592007,0.10506528225456545,-0.004669771708645382,6,16
37,15,harmful_instruction,0.0,0.0023312987741495057,-0.0023312987741495057,6,16
37,15,injected_reasoning,0.0,0.011672624281544237,-0.011672624281544237,6,16
37,16,benign_puzzle_scaffold,0.22856119295038155,0.31699681971279453,-0.08843562676241298,6,16
37,16,final_answer_cue,0.052890699184199336,0.06918961569706053,-0.016298916512861195,6,16
37,16,harmful_instruction,0.0,0.0008488425627265666,-0.0008488425627265666,6,16
37,16,injected_reasoning,0.0,0.004915810948935862,-0.004915810948935862,6,16
37,17,benign_puzzle_scaffold,0.2071026003738706,0.2818903648360147,-0.07478776446214411,6,16
37,17,final_answer_cue,0.07344888986060454,0.0852271982487595,-0.011778308388154968,6,16
37,17,harmful_instruction,0.0,0.0004567653515677544,-0.0004567653515677544,6,16
37,17,injected_reasoning,0.0,0.004948941937478165,-0.004948941937478165,6,16
37,18,benign_puzzle_scaffold,0.26691570730272496,0.3284071885160717,-0.061491481213346744,6,16
37,18,final_answer_cue,0.12354769228780475,0.13065668760561155,-0.007108995317806802,6,16
37,18,harmful_instruction,0.0,0.0008299590144506772,-0.0008299590144506772,6,16
37,18,injected_reasoning,0.0,0.0061564759772950875,-0.0061564759772950875,6,16
37,19,benign_puzzle_scaffold,0.23545002187103833,0.26394184852722025,-0.028491826656181912,6,16
37,19,final_answer_cue,0.06212200970665341,0.07886357187364296,-0.01674156216698955,6,16
37,19,harmful_instruction,0.0,0.0009190194987897697,-0.0009190194987897697,6,16
37,19,injected_reasoning,0.0,0.0021629745540626046,-0.0021629745540626046,6,16
37,20,benign_puzzle_scaffold,0.02595715292081539,0.06070906938924329,-0.0347519164684279,6,16
37,20,final_answer_cue,0.020566878826585092,0.019139849286437152,0.00142702954014794,6,16
37,20,harmful_instruction,0.0,0.00019088344400252293,-0.00019088344400252293,6,16
37,20,injected_reasoning,0.0,0.00010391347268249335,-0.00010391347268249335,6,16
37,21,benign_puzzle_scaffold,0.0674515149229918,0.08577519062867157,-0.018323675705679776,6,16
37,21,final_answer_cue,0.15017168339755405,0.1671544891884355,-0.01698280579088146,6,16
37,21,harmful_instruction,0.0,0.001428216069813752,-0.001428216069813752,6,16
37,21,injected_reasoning,0.0,0.00025846613588402143,-0.00025846613588402143,6,16
37,22,benign_puzzle_scaffold,0.047769384079139554,0.05689892886292894,-0.009129544783789384,6,16
37,22,final_answer_cue,0.1418432673081371,0.15627176922124492,-0.014428501913107822,6,16
37,22,harmful_instruction,0.0,0.0022420213759928804,-0.0022420213759928804,6,16
37,22,injected_reasoning,0.0,0.00010956534008276716,-0.00010956534008276716,6,16
37,23,benign_puzzle_scaffold,0.11724783831264358,0.1251326842074589,-0.00788484589481532,6,16
37,23,final_answer_cue,0.23744913842333062,0.2858631146274739,-0.048413976204143255,6,16
37,23,harmful_instruction,0.0,0.003854742491060547,-0.003854742491060547,6,16
37,23,injected_reasoning,0.0,0.00035639898318167514,-0.00035639898318167514,6,16
37,24,benign_puzzle_scaffold,0.11256270874832452,0.11947952286446911,-0.006916814116144587,6,16
37,24,final_answer_cue,0.22323330496871172,0.2465374723563285,-0.023304167387616787,6,16
37,24,harmful_instruction,0.0,0.00376961486249901,-0.00376961486249901,6,16
37,24,injected_reasoning,0.0,0.00035165486950385614,-0.00035165486950385614,6,16
37,25,benign_puzzle_scaffold,0.1622781753065757,0.1924365891811322,-0.030158413874556506,6,16
37,25,final_answer_cue,0.05253878073578767,0.07379533378022564,-0.02125655304443797,6,16
37,25,harmful_instruction,0.0,0.0004264459336331451,-0.0004264459336331451,6,16
37,25,injected_reasoning,0.0,0.0006212386378069125,-0.0006212386378069125,6,16
37,26,benign_puzzle_scaffold,0.19507214805146011,0.2437345293612796,-0.04866238130981948,6,16
37,26,final_answer_cue,0.08405942751012892,0.10078825083796827,-0.016728823327839357,6,16
37,26,harmful_instruction,0.0,0.0010369588223820112,-0.0010369588223820112,6,16
37,26,injected_reasoning,0.0,0.000750703405614348,-0.000750703405614348,6,16
37,27,benign_puzzle_scaffold,0.28597609026422827,0.35755122114408655,-0.07157513087985828,6,16
37,27,final_answer_cue,0.07761365746120158,0.10571545835937932,-0.028101800898177737,6,16
37,27,harmful_instruction,0.0,0.0010465995472568894,-0.0010465995472568894,6,16
37,27,injected_reasoning,0.0,0.0062374491974777685,-0.0062374491974777685,6,16
37,28,benign_puzzle_scaffold,0.13978874666124583,0.19016922251348214,-0.05038047585223632,6,16
37,28,final_answer_cue,0.09986022860824588,0.11561996949906765,-0.015759740890821772,6,16
37,28,harmful_instruction,0.0,0.0007971107035159742,-0.0007971107035159742,6,16
37,28,injected_reasoning,0.0,0.0007291360969665912,-0.0007291360969665912,6,16
37,29,benign_puzzle_scaffold,0.11140454807848427,0.13416302047131812,-0.02275847239283385,6,16
37,29,final_answer_cue,0.205398671577518,0.19590151322010496,0.00949715835741305,6,16
37,29,harmful_instruction,0.0,0.0013711672663577613,-0.0013711672663577613,6,16
37,29,injected_reasoning,0.0,0.0002322839629144577,-0.0002322839629144577,6,16
37,30,benign_puzzle_scaffold,0.08069207963059387,0.1333121328597511,-0.052620053229157235,6,16
37,30,final_answer_cue,0.021877063085161685,0.0355624331156913,-0.013685370030529616,6,16
37,30,harmful_instruction,0.0,0.00042489292708935457,-0.00042489292708935457,6,16
37,30,injected_reasoning,0.0,0.0008996144879473095,-0.0008996144879473095,6,16
37,31,benign_puzzle_scaffold,0.01261518697245565,0.03067858062510181,-0.018063393652646163,6,16
37,31,final_answer_cue,0.04625188396582919,0.044773502663224156,0.0014783813026050321,6,16
37,31,harmful_instruction,0.0,0.00041114189165625644,-0.00041114189165625644,6,16
37,31,injected_reasoning,0.0,3.733446714608927e-05,-3.733446714608927e-05,6,16
37,32,benign_puzzle_scaffold,0.02237295615207613,0.03623573923818985,-0.013862783086113724,6,16
37,32,final_answer_cue,0.010172732370490543,0.010322938195142985,-0.0001502058246524423,6,16
37,32,harmful_instruction,0.0,0.00017654190419766672,-0.00017654190419766672,6,16
37,32,injected_reasoning,0.0,8.66809729702227e-05,-8.66809729702227e-05,6,16
37,33,benign_puzzle_scaffold,0.02862382530041116,0.04960456922433064,-0.02098074392391948,6,16
37,33,final_answer_cue,0.06235448477080562,0.07411498925086851,-0.01176050448006289,6,16
37,33,harmful_instruction,0.0,0.0014379600044328725,-0.0014379600044328725,6,16
37,33,injected_reasoning,0.0,8.34634419198675e-05,-8.34634419198675e-05,6,16
37,34,benign_puzzle_scaffold,0.02826150987334053,0.04443722870546425,-0.016175718832123723,6,16
37,34,final_answer_cue,0.009225312582192073,0.01412686090133514,-0.0049015483191430665,6,16
37,34,harmful_instruction,0.0,0.00011531792134804463,-0.00011531792134804463,6,16
37,34,injected_reasoning,0.0,0.00014845011060837598,-0.00014845011060837598,6,16
37,35,benign_puzzle_scaffold,0.05349782619139021,0.0826615577411833,-0.029163731549793098,6,16
37,35,final_answer_cue,0.16108064548895865,0.20134576991422107,-0.04026512442526242,6,16
37,35,harmful_instruction,0.0,0.0027271209838791955,-0.0027271209838791955,6,16
37,35,injected_reasoning,0.0,0.0001297154052755576,-0.0001297154052755576,6,16
37,36,benign_puzzle_scaffold,0.05324927773319169,0.07865050061385366,-0.025401222880661968,6,16
37,36,final_answer_cue,0.1529629793898252,0.1637945568336866,-0.010831577443861401,6,16
37,36,harmful_instruction,0.0,0.002274354921449465,-0.002274354921449465,6,16
37,36,injected_reasoning,0.0,8.156203429604886e-05,-8.156203429604886e-05,6,16
37,37,benign_puzzle_scaffold,0.04346714688864584,0.07318707351071824,-0.029719926622072394,6,16
37,37,final_answer_cue,0.1287585396791772,0.1374871185847742,-0.008728578905597001,6,16
37,37,harmful_instruction,0.0,0.0026674513889280325,-0.0026674513889280325,6,16
37,37,injected_reasoning,0.0,9.492236913514366e-05,-9.492236913514366e-05,6,16
37,38,benign_puzzle_scaffold,0.01862676229401526,0.0361761480233794,-0.01754938572936414,6,16
37,38,final_answer_cue,0.07730772575527632,0.0689293116490545,0.008378414106221824,6,16
37,38,harmful_instruction,0.0,0.000881876274960409,-0.000881876274960409,6,16
37,38,injected_reasoning,0.0,2.3289607673869517e-05,-2.3289607673869517e-05,6,16
37,39,benign_puzzle_scaffold,0.007852368011979732,0.03676416337768122,-0.02891179536570149,6,16
37,39,final_answer_cue,0.03883075379646528,0.046065045349026876,-0.0072342915525615975,6,16
37,39,harmful_instruction,0.0,0.0007592417985416645,-0.0007592417985416645,6,16
37,39,injected_reasoning,0.0,2.684030419675198e-05,-2.684030419675198e-05,6,16
38,0,benign_puzzle_scaffold,0.2737621779411659,0.31858349218547594,-0.04482131424431002,6,16
38,0,final_answer_cue,0.5818175772915309,0.5469483134855726,0.03486926380595834,6,16
38,0,harmful_instruction,0.0,0.006244226477140603,-0.006244226477140603,6,16
38,0,injected_reasoning,0.0,0.0008386445585496513,-0.0008386445585496513,6,16
38,1,benign_puzzle_scaffold,0.017130057996973366,0.037960627978838625,-0.02083056998186526,6,16
38,1,final_answer_cue,0.09113885225319163,0.09313348428956462,-0.001994632036372998,6,16
38,1,harmful_instruction,0.0,0.0008789205884680556,-0.0008789205884680556,6,16
38,1,injected_reasoning,0.0,2.0869427645329297e-05,-2.0869427645329297e-05,6,16
38,2,benign_puzzle_scaffold,0.016083706741400004,0.037814780894582886,-0.021731074153182883,6,16
38,2,final_answer_cue,0.07023867033905458,0.06455326838026118,0.0056854019587933985,6,16
38,2,harmful_instruction,0.0,0.0007893691812749682,-0.0007893691812749682,6,16
38,2,injected_reasoning,0.0,2.1199313257060318e-05,-2.1199313257060318e-05,6,16
38,3,benign_puzzle_scaffold,0.03520468917671938,0.052676513576557116,-0.017471824399837736,6,16
38,3,final_answer_cue,0.13343246993543986,0.12690544203843337,0.006527027897006488,6,16
38,3,harmful_instruction,0.0,0.0010734623440796637,-0.0010734623440796637,6,16
38,3,injected_reasoning,0.0,4.2986412156974e-05,-4.2986412156974e-05,6,16
38,4,benign_puzzle_scaffold,0.015024378600578868,0.03254135552861749,-0.01751697692803862,6,16
38,4,final_answer_cue,0.05575024406332049,0.061526629615858364,-0.0057763855525378716,6,16
38,4,harmful_instruction,0.0,0.0006777116309566822,-0.0006777116309566822,6,16
38,4,injected_reasoning,0.0,2.7427575258689818e-05,-2.7427575258689818e-05,6,16
38,5,benign_puzzle_scaffold,0.1229306058798748,0.15556415256561024,-0.03263354668573544,6,16
38,5,final_answer_cue,0.07308819488257957,0.10476449995716489,-0.03167630507458531,6,16
38,5,harmful_instruction,0.0,0.0022523773103474854,-0.0022523773103474854,6,16
38,5,injected_reasoning,0.0,0.0011428227904570765,-0.0011428227904570765,6,16
38,6,benign_puzzle_scaffold,0.014795213826130296,0.03720557095335496,-0.02241035712722466,6,16
38,6,final_answer_cue,0.007445084265781752,0.014915610242613543,-0.007470525976831791,6,16
38,6,harmful_instruction,0.0,8.017236406132311e-05,-8.017236406132311e-05,6,16
38,6,injected_reasoning,0.0,6.2172613337641e-05,-6.2172613337641e-05,6,16
38,7,benign_puzzle_scaffold,0.028438309759851777,0.05635479308826515,-0.027916483328413375,6,16
38,7,final_answer_cue,0.027155483707301756,0.026988807817518678,0.00016667588978307862,6,16
38,7,harmful_instruction,0.0,0.00030068391489265756,-0.00030068391489265756,6,16
38,7,injected_reasoning,0.0,0.00014279727495040848,-0.00014279727495040848,6,16
38,8,benign_puzzle_scaffold,0.24008299152450496,0.3063220203549782,-0.06623902883047322,6,16
38,8,final_answer_cue,0.07489900874410572,0.09480913874804725,-0.019910130003941526,6,16
38,8,harmful_instruction,0.0,0.0008681533235114688,-0.0008681533235114688,6,16
38,8,injected_reasoning,0.0,0.007012815766031065,-0.007012815766031065,6,16
38,9,benign_puzzle_scaffold,0.049474591093541166,0.0782776958137597,-0.02880310472021854,6,16
38,9,final_answer_cue,0.03475417342024822,0.03688831382288614,-0.0021341404026379227,6,16
38,9,harmful_instruction,0.0,0.00010640674346668714,-0.00010640674346668714,6,16
38,9,injected_reasoning,0.0,0.000280594300094909,-0.000280594300094909,6,16
38,10,benign_puzzle_scaffold,0.028638717298453988,0.06162123604506582,-0.03298251874661183,6,16
38,10,final_answer_cue,0.0018028171720168157,0.004803627559769111,-0.003000810387752295,6,16
38,10,harmful_instruction,0.0,0.00010590744214957192,-0.00010590744214957192,6,16
38,10,injected_reasoning,0.0,0.00021352372027617263,-0.00021352372027617263,6,16
38,11,benign_puzzle_scaffold,0.11915148527956032,0.16596075619877168,-0.04680927091921136,6,16
38,11,final_answer_cue,0.012025263213782581,0.02510741228492494,-0.013082149071142359,6,16
38,11,harmful_instruction,0.0,0.00022499968959401343,-0.00022499968959401343,6,16
38,11,injected_reasoning,0.0,0.000843883363879358,-0.000843883363879358,6,16
38,12,benign_puzzle_scaffold,0.0717759032183427,0.11088739250509791,-0.039111489286755216,6,16
38,12,final_answer_cue,0.00747977810335058,0.013964936476717748,-0.0064851583733671675,6,16
38,12,harmful_instruction,0.0,0.00020673397239210874,-0.00020673397239210874,6,16
38,12,injected_reasoning,0.0,0.0004907570564135176,-0.0004907570564135176,6,16
38,13,benign_puzzle_scaffold,0.03255342652565336,0.0700529033236879,-0.03749947679803454,6,16
38,13,final_answer_cue,0.018699291987034194,0.03071772137477641,-0.012018429387742217,6,16
38,13,harmful_instruction,0.0,0.0003560177551342727,-0.0003560177551342727,6,16
38,13,injected_reasoning,0.0,0.00024364779579011143,-0.00024364779579011143,6,16
38,14,benign_puzzle_scaffold,0.09060760121827606,0.10696531311076067,-0.01635771189248461,6,16
38,14,final_answer_cue,0.011857113408129913,0.017869166158463505,-0.0060120527503335925,6,16
38,14,harmful_instruction,0.0,0.0003510839079698523,-0.0003510839079698523,6,16
38,14,injected_reasoning,0.0,0.0004597365027077089,-0.0004597365027077089,6,16
38,15,benign_puzzle_scaffold,0.023533319598169757,0.03823348751848254,-0.014700167920312781,6,16
38,15,final_answer_cue,0.07609116284318723,0.06872256795868317,0.007368594884504059,6,16
38,15,harmful_instruction,0.0,0.0002107621537365685,-0.0002107621537365685,6,16
38,15,injected_reasoning,0.0,6.77678317755767e-05,-6.77678317755767e-05,6,16
38,16,benign_puzzle_scaffold,0.3553432589469759,0.36433673332007804,-0.008993474373102162,6,16
38,16,final_answer_cue,0.5412964620319071,0.5589894071323798,-0.0176929451004727,6,16
38,16,harmful_instruction,0.0,0.006973708767547839,-0.006973708767547839,6,16
38,16,injected_reasoning,0.0,0.003109768320773138,-0.003109768320773138,6,16
38,17,benign_puzzle_scaffold,0.029143525815718576,0.04825695357156705,-0.019113427755848473,6,16
38,17,final_answer_cue,0.07681878877491809,0.09634366413137445,-0.01952487535645636,6,16
38,17,harmful_instruction,0.0,0.0006267162452466954,-0.0006267162452466954,6,16
38,17,injected_reasoning,0.0,0.00014914835325992242,-0.00014914835325992242,6,16
38,18,benign_puzzle_scaffold,0.2503919807577126,0.28155081592606074,-0.031158835168348165,6,16
38,18,final_answer_cue,0.1670610121268442,0.2067941777716257,-0.03973316564478149,6,16
38,18,harmful_instruction,0.0,0.003553386952979248,-0.003553386952979248,6,16
38,18,injected_reasoning,0.0,0.0015090235505324974,-0.0015090235505324974,6,16
38,19,benign_puzzle_scaffold,0.0965377395918844,0.11117900609529187,-0.014641266503407468,6,16
38,19,final_answer_cue,0.24910490569273314,0.2743729814226943,-0.025268075729961148,6,16
38,19,harmful_instruction,0.0,0.002593473662572736,-0.002593473662572736,6,16
38,19,injected_reasoning,0.0,0.00023497901165552292,-0.00023497901165552292,6,16
38,20,benign_puzzle_scaffold,0.262026379640849,0.29950189343952915,-0.03747551379868014,6,16
38,20,final_answer_cue,0.5194639543580302,0.5146445920338207,0.004819362324209431,6,16
38,20,harmful_instruction,0.0,0.00725636132228309,-0.00725636132228309,6,16
38,20,injected_reasoning,0.0,0.0012713131324909783,-0.0012713131324909783,6,16
38,21,benign_puzzle_scaffold,0.22396837497724123,0.2385536395571075,-0.01458526457986628,6,16
38,21,final_answer_cue,0.3154261238470061,0.3369171589391974,-0.021491035092191302,6,16
38,21,harmful_instruction,0.0,0.0038715269650666153,-0.0038715269650666153,6,16
38,21,injected_reasoning,0.0,0.0011931459170601406,-0.0011931459170601406,6,16
38,22,benign_puzzle_scaffold,0.4070689306067666,0.43755581183311776,-0.03048688122635118,6,16
38,22,final_answer_cue,0.5059968882492901,0.5007549990531339,0.005241889196156202,6,16
38,22,harmful_instruction,0.0,0.006811081309592348,-0.006811081309592348,6,16
38,22,injected_reasoning,0.0,0.004118784116441108,-0.004118784116441108,6,16
38,23,benign_puzzle_scaffold,0.1922368153831692,0.2379604621105933,-0.0457236467274241,6,16
38,23,final_answer_cue,0.2847756695295747,0.3085695933696241,-0.023793923840049358,6,16
38,23,harmful_instruction,0.0,0.004138025437263151,-0.004138025437263151,6,16
38,23,injected_reasoning,0.0,0.001010329464690501,-0.001010329464690501,6,16
38,24,benign_puzzle_scaffold,0.312338101587899,0.318486856078558,-0.006148754490658992,6,16
38,24,final_answer_cue,0.4161280282883542,0.4301881872331793,-0.014060158944825096,6,16
38,24,harmful_instruction,0.0,0.003850255127524715,-0.003850255127524715,6,16
38,24,injected_reasoning,0.0,0.001500440272809256,-0.001500440272809256,6,16
38,25,benign_puzzle_scaffold,0.4467126683902172,0.467656420855802,-0.020943752465584775,6,16
38,25,final_answer_cue,0.22180833765259958,0.2780921681566242,-0.05628383050402461,6,16
38,25,harmful_instruction,0.0,0.0024818795562390095,-0.0024818795562390095,6,16
38,25,injected_reasoning,0.0,0.0008571931228088833,-0.0008571931228088833,6,16
38,26,benign_puzzle_scaffold,0.41207125493677843,0.4235788964734605,-0.011507641536682045,6,16
38,26,final_answer_cue,0.1361239461377962,0.15972614356320938,-0.023602197425413196,6,16
38,26,harmful_instruction,0.0,0.004175562923806553,-0.004175562923806553,6,16
38,26,injected_reasoning,0.0,0.0011514431946051508,-0.0011514431946051508,6,16
38,27,benign_puzzle_scaffold,0.07543373222027051,0.11452822819890998,-0.03909449597863947,6,16
38,27,final_answer_cue,0.06857039576076301,0.06449196130263847,0.004078434458124544,6,16
38,27,harmful_instruction,0.0,0.0008081251995898638,-0.0008081251995898638,6,16
38,27,injected_reasoning,0.0,0.0003028998747730212,-0.0003028998747730212,6,16
38,28,benign_puzzle_scaffold,0.3491161551292143,0.3885867536833527,-0.039470598554138425,6,16
38,28,final_answer_cue,0.49756875837022596,0.49341051058857177,0.00415824778165419,6,16
38,28,harmful_instruction,0.0,0.005586451838602717,-0.005586451838602717,6,16
38,28,injected_reasoning,0.0,0.0010530766161232718,-0.0010530766161232718,6,16
38,29,benign_puzzle_scaffold,0.05583648483265383,0.1038453144372281,-0.04800882960457427,6,16
38,29,final_answer_cue,0.02729780259716899,0.036790239780952805,-0.009492437183783814,6,16
38,29,harmful_instruction,0.0,0.0006524509185295217,-0.0006524509185295217,6,16
38,29,injected_reasoning,0.0,0.00038681291415498126,-0.00038681291415498126,6,16
38,30,benign_puzzle_scaffold,0.24969375506622482,0.3160956666055744,-0.0664019115393496,6,16
38,30,final_answer_cue,0.028966810628586498,0.04785538213714835,-0.018888571508561852,6,16
38,30,harmful_instruction,0.0,0.0004551614633944968,-0.0004551614633944968,6,16
38,30,injected_reasoning,0.0,0.008031868516686875,-0.008031868516686875,6,16
38,31,benign_puzzle_scaffold,0.3470632822633306,0.40396130990609036,-0.05689802764275975,6,16
38,31,final_answer_cue,0.06289468330131814,0.09771715278562329,-0.034822469484305146,6,16
38,31,harmful_instruction,0.0,0.0003880298878220155,-0.0003880298878220155,6,16
38,31,injected_reasoning,0.0,0.002573776569021453,-0.002573776569021453,6,16
38,32,benign_puzzle_scaffold,0.08886821624736137,0.11157689931315634,-0.022708683065794974,6,16
38,32,final_answer_cue,0.024652411864591273,0.030926303408196257,-0.006273891543604984,6,16
38,32,harmful_instruction,0.0,0.00046721650105573017,-0.00046721650105573017,6,16
38,32,injected_reasoning,0.0,0.00054132648817522,-0.00054132648817522,6,16
38,33,benign_puzzle_scaffold,0.1983301438717805,0.20341916090552503,-0.005089017033744536,6,16
38,33,final_answer_cue,0.46437795198366355,0.47582342724083226,-0.011445475257168714,6,16
38,33,harmful_instruction,0.0,0.006307999084554457,-0.006307999084554457,6,16
38,33,injected_reasoning,0.0,0.0012701311229756321,-0.0012701311229756321,6,16
38,34,benign_puzzle_scaffold,0.3724649779451266,0.41958540002817324,-0.04712042208304662,6,16
38,34,final_answer_cue,0.2241787042027623,0.2602262943203365,-0.03604759011757419,6,16
38,34,harmful_instruction,0.0,0.0026738003955950763,-0.0026738003955950763,6,16
38,34,injected_reasoning,0.0,0.0036704204499891533,-0.0036704204499891533,6,16
38,35,benign_puzzle_scaffold,0.33154391807529765,0.4214776188994788,-0.08993370082418117,6,16
38,35,final_answer_cue,0.06396037809855078,0.09567169000049211,-0.03171131190194133,6,16
38,35,harmful_instruction,0.0,0.0013296024772967152,-0.0013296024772967152,6,16
38,35,injected_reasoning,0.0,0.006395293218226426,-0.006395293218226426,6,16
38,36,benign_puzzle_scaffold,0.1657007592941332,0.2348675540385737,-0.06916679474444051,6,16
38,36,final_answer_cue,0.051943407074007464,0.06850563688232053,-0.016562229808313067,6,16
38,36,harmful_instruction,0.0,0.0003312085039619209,-0.0003312085039619209,6,16
38,36,injected_reasoning,0.0,0.0008041730275777497,-0.0008041730275777497,6,16
38,37,benign_puzzle_scaffold,0.18685504849134793,0.24385290288841951,-0.056997854397071585,6,16
38,37,final_answer_cue,0.07163672090391913,0.09092483098173126,-0.01928811007781213,6,16
38,37,harmful_instruction,0.0,0.0007985528331979402,-0.0007985528331979402,6,16
38,37,injected_reasoning,0.0,0.0033885769678096552,-0.0033885769678096552,6,16
38,38,benign_puzzle_scaffold,0.25372693409184954,0.3419141458104871,-0.08818721171863758,6,16
38,38,final_answer_cue,0.06966770581382803,0.08558249651135698,-0.01591479069752895,6,16
38,38,harmful_instruction,0.0,0.0004338449872106468,-0.0004338449872106468,6,16
38,38,injected_reasoning,0.0,0.0031648365671724217,-0.0031648365671724217,6,16
38,39,benign_puzzle_scaffold,0.20166979293471068,0.23951715605132767,-0.03784736311661699,6,16
38,39,final_answer_cue,0.09431365733428272,0.11096565349655779,-0.01665199616227507,6,16
38,39,harmful_instruction,0.0,0.0007992326809860525,-0.0007992326809860525,6,16
38,39,injected_reasoning,0.0,0.000718417846264259,-0.000718417846264259,6,16
39,0,benign_puzzle_scaffold,0.09170486256991299,0.10552138663861872,-0.013816524068705732,6,16
39,0,final_answer_cue,0.034611074060793466,0.04527517389380517,-0.010664099833011705,6,16
39,0,harmful_instruction,0.0,0.0009616037217153522,-0.0009616037217153522,6,16
39,0,injected_reasoning,0.0,0.00039656417901870575,-0.00039656417901870575,6,16
39,1,benign_puzzle_scaffold,0.17630591168288565,0.15371999015576437,0.022585921527121272,6,16
39,1,final_answer_cue,0.7393399433830273,0.7720553455696302,-0.03271540218660285,6,16
39,1,harmful_instruction,0.0,0.009998704933884793,-0.009998704933884793,6,16
39,1,injected_reasoning,0.0,0.0003081643198721892,-0.0003081643198721892,6,16
39,2,benign_puzzle_scaffold,0.16093136719197598,0.16864125294790688,-0.007709885755930901,6,16
39,2,final_answer_cue,0.09887144185669937,0.12246307954761523,-0.023591637690915865,6,16
39,2,harmful_instruction,0.0,0.002082434924497693,-0.002082434924497693,6,16
39,2,injected_reasoning,0.0,0.0005011212817784408,-0.0005011212817784408,6,16
39,3,benign_puzzle_scaffold,0.13204415152256274,0.12545598274840478,0.006588168774157965,6,16
39,3,final_answer_cue,0.1687368239196512,0.16073343991596778,0.008003384003683417,6,16
39,3,harmful_instruction,0.0,0.004394129179818958,-0.004394129179818958,6,16
39,3,injected_reasoning,0.0,0.000497386040549629,-0.000497386040549629,6,16
39,4,benign_puzzle_scaffold,0.3090594910626982,0.2885629037381363,0.020496587324561888,6,16
39,4,final_answer_cue,0.10978514024670305,0.16512609192284314,-0.05534095167614009,6,16
39,4,harmful_instruction,0.0,0.00106947430254163,-0.00106947430254163,6,16
39,4,injected_reasoning,0.0,0.0008539729840319758,-0.0008539729840319758,6,16
39,5,benign_puzzle_scaffold,0.14996061404735603,0.13527866320880777,0.014681950838548258,6,16
39,5,final_answer_cue,0.575163592653853,0.621240392305623,-0.04607679965177003,6,16
39,5,harmful_instruction,0.0,0.0068184069645651005,-0.0068184069645651005,6,16
39,5,injected_reasoning,0.0,0.0004446344033689182,-0.0004446344033689182,6,16
39,6,benign_puzzle_scaffold,0.1642593948458815,0.17081858106565517,-0.006559186219773666,6,16
39,6,final_answer_cue,0.41327350241785293,0.4377479805952799,-0.024474478177426984,6,16
39,6,harmful_instruction,0.0,0.005812235548984986,-0.005812235548984986,6,16
39,6,injected_reasoning,0.0,0.0005299237532691195,-0.0005299237532691195,6,16
39,7,benign_puzzle_scaffold,0.1273062649817884,0.14779302393580307,-0.020486758954014667,6,16
39,7,final_answer_cue,0.051775027255468946,0.06893911322564561,-0.017164085970176664,6,16
39,7,harmful_instruction,0.0,0.0006306179272428269,-0.0006306179272428269,6,16
39,7,injected_reasoning,0.0,0.0005029352584787868,-0.0005029352584787868,6,16
39,8,benign_puzzle_scaffold,0.21290060705720634,0.22437944055642278,-0.01147883349921644,6,16
39,8,final_answer_cue,0.30274187551577314,0.3012559598317812,0.001485915683991923,6,16
39,8,harmful_instruction,0.0,0.0037887706786377574,-0.0037887706786377574,6,16
39,8,injected_reasoning,0.0,0.0010612769367870443,-0.0010612769367870443,6,16
39,9,benign_puzzle_scaffold,0.08094977739137636,0.10043352699045668,-0.01948374959908032,6,16
39,9,final_answer_cue,0.12953090425519018,0.15003830328851694,-0.020507399033326768,6,16
39,9,harmful_instruction,0.0,0.0027506024465090307,-0.0027506024465090307,6,16
39,9,injected_reasoning,0.0,0.0003928410845496908,-0.0003928410845496908,6,16
39,10,benign_puzzle_scaffold,0.16566579668454448,0.16981936605624248,-0.0041535693716980016,6,16
39,10,final_answer_cue,0.29251974194906677,0.3003110062896178,-0.007791264340551052,6,16
39,10,harmful_instruction,0.0,0.0052224765584686535,-0.0052224765584686535,6,16
39,10,injected_reasoning,0.0,0.0018128792803155827,-0.0018128792803155827,6,16
39,11,benign_puzzle_scaffold,0.08565941265057898,0.07859325028462211,0.007066162365956877,6,16
39,11,final_answer_cue,0.623016261954965,0.6303778957343242,-0.007361633779359278,6,16
39,11,harmful_instruction,0.0,0.007963228108722567,-0.007963228108722567,6,16
39,11,injected_reasoning,0.0,0.0004765530133381764,-0.0004765530133381764,6,16
39,12,benign_puzzle_scaffold,0.09466249469793055,0.07902664325445097,0.01563585144347958,6,16
39,12,final_answer_cue,0.7802138164432972,0.7935586561629207,-0.013344839719623414,6,16
39,12,harmful_instruction,0.0,0.009412814639082553,-0.009412814639082553,6,16
39,12,injected_reasoning,0.0,0.0004330130324865742,-0.0004330130324865742,6,16
39,13,benign_puzzle_scaffold,0.15848723275168583,0.14342938204988254,0.015057850701803294,6,16
39,13,final_answer_cue,0.40946208940737056,0.44833951757277324,-0.03887742816540268,6,16
39,13,harmful_instruction,0.0,0.005505213317123402,-0.005505213317123402,6,16
39,13,injected_reasoning,0.0,0.0009799281483141035,-0.0009799281483141035,6,16
39,14,benign_puzzle_scaffold,0.2271026549723338,0.22540542178772055,0.0016972331846132616,6,16
39,14,final_answer_cue,0.4948973575414221,0.5446256916808918,-0.0497283341394697,6,16
39,14,harmful_instruction,0.0,0.006729375995269609,-0.006729375995269609,6,16
39,14,injected_reasoning,0.0,0.0019037401935315316,-0.0019037401935315316,6,16
39,15,benign_puzzle_scaffold,0.1993075357323338,0.20479626265516923,-0.0054887269228354185,6,16
39,15,final_answer_cue,0.1630653556806427,0.18491985789466953,-0.021854502214026822,6,16
39,15,harmful_instruction,0.0,0.0021693054526851557,-0.0021693054526851557,6,16
39,15,injected_reasoning,0.0,0.0008776715193887425,-0.0008776715193887425,6,16
39,16,benign_puzzle_scaffold,0.33227908721705357,0.32064164787580907,0.011637439341244504,6,16
39,16,final_answer_cue,0.13452630150336928,0.18392802509044195,-0.04940172358707268,6,16
39,16,harmful_instruction,0.0,0.0019035372153201964,-0.0019035372153201964,6,16
39,16,injected_reasoning,0.0,0.0020017735160221656,-0.0020017735160221656,6,16
39,17,benign_puzzle_scaffold,0.2614225120963744,0.2885198163117987,-0.027097304215424278,6,16
39,17,final_answer_cue,0.08776543708034673,0.11845925078858094,-0.030693813708234208,6,16
39,17,harmful_instruction,0.0,0.0011917063011684572,-0.0011917063011684572,6,16
39,17,injected_reasoning,0.0,0.002492603085668604,-0.002492603085668604,6,16
39,18,benign_puzzle_scaffold,0.2886817995393333,0.30165435883984754,-0.01297255930051422,6,16
39,18,final_answer_cue,0.14300077597581315,0.18056788714460703,-0.03756711116879388,6,16
39,18,harmful_instruction,0.0,0.0016404622467577716,-0.0016404622467577716,6,16
39,18,injected_reasoning,0.0,0.003268120419808583,-0.003268120419808583,6,16
39,19,benign_puzzle_scaffold,0.12692567519816436,0.11674031553823129,0.010185359659933071,6,16
39,19,final_answer_cue,0.26896274841038137,0.3179663265569606,-0.04900357814657924,6,16
39,19,harmful_instruction,0.0,0.005304735971335815,-0.005304735971335815,6,16
39,19,injected_reasoning,0.0,0.0003702723879428441,-0.0003702723879428441,6,16
39,20,benign_puzzle_scaffold,0.39190727071446146,0.39396387134445787,-0.002056600629996408,6,16
39,20,final_answer_cue,0.3127550618369815,0.3461181288641055,-0.033363067027123994,6,16
39,20,harmful_instruction,0.0,0.005170669796329007,-0.005170669796329007,6,16
39,20,injected_reasoning,0.0,0.001583156111007879,-0.001583156111007879,6,16
39,21,benign_puzzle_scaffold,0.09980753548381543,0.0933526228895858,0.006454912594229631,6,16
39,21,final_answer_cue,0.4372555979140307,0.48091789521019024,-0.04366229729615956,6,16
39,21,harmful_instruction,0.0,0.007036132563963984,-0.007036132563963984,6,16
39,21,injected_reasoning,0.0,0.00022151834122972777,-0.00022151834122972777,6,16
39,22,benign_puzzle_scaffold,0.43817405372063406,0.4453708079786611,-0.007196754258027016,6,16
39,22,final_answer_cue,0.4348832777795757,0.4777045436120777,-0.04282126583250201,6,16
39,22,harmful_instruction,0.0,0.0060915147804024026,-0.0060915147804024026,6,16
39,22,injected_reasoning,0.0,0.004352766386441021,-0.004352766386441021,6,16
39,23,benign_puzzle_scaffold,0.16250479179380226,0.16253258387478908,-2.779208098682706e-05,6,16
39,23,final_answer_cue,0.08760994731661964,0.09703471178130216,-0.009424764464682517,6,16
39,23,harmful_instruction,0.0,0.0008843068778255675,-0.0008843068778255675,6,16
39,23,injected_reasoning,0.0,0.0004895264328266196,-0.0004895264328266196,6,16
39,24,benign_puzzle_scaffold,0.15990314709726447,0.15756234050991108,0.002340806587353389,6,16
39,24,final_answer_cue,0.5711718208450335,0.5789457176174768,-0.007773896772443334,6,16
39,24,harmful_instruction,0.0,0.007067689172358549,-0.007067689172358549,6,16
39,24,injected_reasoning,0.0,0.00034453038309890374,-0.00034453038309890374,6,16
39,25,benign_puzzle_scaffold,0.036063928774391456,0.031327222314064956,0.004736706460326499,6,16
39,25,final_answer_cue,0.3068825814462098,0.3490674614539312,-0.042184880007721415,6,16
39,25,harmful_instruction,0.0,0.003230518141876708,-0.003230518141876708,6,16
39,25,injected_reasoning,0.0,9.678642374617777e-05,-9.678642374617777e-05,6,16
39,26,benign_puzzle_scaffold,0.12689826528657713,0.11288873332331284,0.014009531963264293,6,16
39,26,final_answer_cue,0.039876286152776545,0.04657248015827875,-0.006696194005502205,6,16
39,26,harmful_instruction,0.0,0.0005128426903249947,-0.0005128426903249947,6,16
39,26,injected_reasoning,0.0,0.0004907167057803107,-0.0004907167057803107,6,16
39,27,benign_puzzle_scaffold,0.12203423135974838,0.10516976574955572,0.016864465610192655,6,16
39,27,final_answer_cue,0.408949420672511,0.42658540274470186,-0.01763598207219086,6,16
39,27,harmful_instruction,0.0,0.006551116424015637,-0.006551116424015637,6,16
39,27,injected_reasoning,0.0,0.0004026964059175314,-0.0004026964059175314,6,16
39,28,benign_puzzle_scaffold,0.08676122452562147,0.07894330110136734,0.007817923424254136,6,16
39,28,final_answer_cue,0.036205042598531266,0.041279017712237076,-0.00507397511370581,6,16
39,28,harmful_instruction,0.0,0.0004720575915162041,-0.0004720575915162041,6,16
39,28,injected_reasoning,0.0,0.00018192481825011293,-0.00018192481825011293,6,16
39,29,benign_puzzle_scaffold,0.04547857365099022,0.0346950517391293,0.010783521911860924,6,16
39,29,final_answer_cue,0.548689770567047,0.5707337805858379,-0.02204401001879086,6,16
39,29,harmful_instruction,0.0,0.007916065579473611,-0.007916065579473611,6,16
39,29,injected_reasoning,0.0,0.00010317054954634191,-0.00010317054954634191,6,16
39,30,benign_puzzle_scaffold,0.2133825982182019,0.21374618352967037,-0.00036358531146846174,6,16
39,30,final_answer_cue,0.05254601147935426,0.06662729804983464,-0.014081286570480377,6,16
39,30,harmful_instruction,0.0,0.0009313846164039623,-0.0009313846164039623,6,16
39,30,injected_reasoning,0.0,0.000981820776428959,-0.000981820776428959,6,16
39,31,benign_puzzle_scaffold,0.10961791622296706,0.09102731819456797,0.01859059802839909,6,16
39,31,final_answer_cue,0.7204475654655041,0.7537311576169488,-0.03328359215144461,6,16
39,31,harmful_instruction,0.0,0.009012784700752908,-0.009012784700752908,6,16
39,31,injected_reasoning,0.0,0.00021674982928027454,-0.00021674982928027454,6,16
39,32,benign_puzzle_scaffold,0.11479649142900962,0.11735866054442581,-0.0025621691154161935,6,16
39,32,final_answer_cue,0.03424072535820646,0.03510184753329675,-0.0008611221750902953,6,16
39,32,harmful_instruction,0.0,0.0003636050064415054,-0.0003636050064415054,6,16
39,32,injected_reasoning,0.0,0.00042025572104339976,-0.00042025572104339976,6,16
39,33,benign_puzzle_scaffold,0.19539116637783782,0.19367219739932445,0.0017189689785133688,6,16
39,33,final_answer_cue,0.0620149661553173,0.07887581531442912,-0.016860849159111825,6,16
39,33,harmful_instruction,0.0,0.001024287096260103,-0.001024287096260103,6,16
39,33,injected_reasoning,0.0,0.0007869688683995832,-0.0007869688683995832,6,16
39,34,benign_puzzle_scaffold,0.29455154126084365,0.2860421295281341,0.008509411732709526,6,16
39,34,final_answer_cue,0.10497383498332653,0.15133285063106233,-0.0463590156477358,6,16
39,34,harmful_instruction,0.0,0.0021248876624282522,-0.0021248876624282522,6,16
39,34,injected_reasoning,0.0,0.001117379872016181,-0.001117379872016181,6,16
39,35,benign_puzzle_scaffold,0.22593862378603632,0.2144666445118113,0.011471979274225025,6,16
39,35,final_answer_cue,0.7731535024884996,0.7892852847634588,-0.01613178227495926,6,16
39,35,harmful_instruction,0.0,0.011766785999049307,-0.011766785999049307,6,16
39,35,injected_reasoning,0.0,0.003197525466564202,-0.003197525466564202,6,16
39,36,benign_puzzle_scaffold,0.159756696260136,0.09143988645077447,0.06831680980936153,6,16
39,36,final_answer_cue,0.8584141126817123,0.913148603828651,-0.054734491146938735,6,16
39,36,harmful_instruction,0.0,0.010803325685163023,-0.010803325685163023,6,16
39,36,injected_reasoning,0.0,0.00036638512738654315,-0.00036638512738654315,6,16
39,37,benign_puzzle_scaffold,0.44901500014387824,0.42553399402344505,0.02348100612043319,6,16
39,37,final_answer_cue,0.5363657690191439,0.5759634991601406,-0.039597730140996656,6,16
39,37,harmful_instruction,0.0,0.009779775753619933,-0.009779775753619933,6,16
39,37,injected_reasoning,0.0,0.0037037435842966412,-0.0037037435842966412,6,16
39,38,benign_puzzle_scaffold,0.6788545157228549,0.6805073705645864,-0.0016528548417314992,6,16
39,38,final_answer_cue,0.24577640966524272,0.31207134547459053,-0.06629493580934781,6,16
39,38,harmful_instruction,0.0,0.0027822912670848513,-0.0027822912670848513,6,16
39,38,injected_reasoning,0.0,0.0067603912461552985,-0.0067603912461552985,6,16
39,39,benign_puzzle_scaffold,0.6868604197699875,0.7334319775250595,-0.046571557755072046,6,16
39,39,final_answer_cue,0.20416891483605373,0.25128379776045184,-0.04711488292439811,6,16
39,39,harmful_instruction,0.0,0.0026130533941896967,-0.0026130533941896967,6,16
39,39,injected_reasoning,0.0,0.007837726690703796,-0.007837726690703796,6,16
