layer,head,component,succ_mean,fail_mean,delta,n_succ,n_fail
0,0,benign_puzzle_scaffold,0.9239952484118555,0.8986918770426818,0.02530337136917371,7,33
0,0,final_answer_cue,0.059595628551172744,0.08725603904709019,-0.027660410495917442,7,33
0,0,harmful_instruction,0.0,3.780470848819407e-05,-3.780470848819407e-05,7,33
0,0,injected_reasoning,0.0,0.0023085992489473867,-0.0023085992489473867,7,33
0,1,benign_puzzle_scaffold,0.9143006161080863,0.8747503783887244,0.03955023771936195,7,33
0,1,final_answer_cue,0.07358132268255566,0.1155898466238857,-0.04200852394133005,7,33
0,1,harmful_instruction,0.0,4.790764818932793e-05,-4.790764818932793e-05,7,33
0,1,injected_reasoning,0.0,0.001499929416381278,-0.001499929416381278,7,33
0,2,benign_puzzle_scaffold,0.7972260828368578,0.6850380117629583,0.1121880710738995,7,33
0,2,final_answer_cue,0.1953634234693046,0.3126049467919799,-0.11724152332267532,7,33
0,2,harmful_instruction,0.0,0.00019516919761962187,-0.00019516919761962187,7,33
0,2,injected_reasoning,0.0,0.0009494196920014474,-0.0009494196920014474,7,33
0,3,benign_puzzle_scaffold,0.7176196107269778,0.5485210900577244,0.16909852066925335,7,33
0,3,final_answer_cue,0.28490092777826936,0.45309342309900813,-0.16819249532073877,7,33
0,3,harmful_instruction,0.0,0.00021892603159693268,-0.00021892603159693268,7,33
0,3,injected_reasoning,0.0,0.00036399434015652835,-0.00036399434015652835,7,33
0,4,benign_puzzle_scaffold,0.7567585452100026,0.6104806583563486,0.14627788685365406,7,33
0,4,final_answer_cue,0.23865894638866822,0.3856127738937941,-0.1469538275051259,7,33
0,4,harmful_instruction,0.0,0.00025393534577795255,-0.00025393534577795255,7,33
0,4,injected_reasoning,0.0,0.0010413253520780066,-0.0010413253520780066,7,33
0,5,benign_puzzle_scaffold,0.34563794535760545,0.06224893488549315,0.2833890104721123,7,33
0,5,final_answer_cue,0.6622086688546797,0.9434402326691859,-0.2812315638145062,7,33
0,5,harmful_instruction,0.0,0.0016209569677029252,-0.0016209569677029252,7,33
0,5,injected_reasoning,0.0,3.665567025995369e-05,-3.665567025995369e-05,7,33
0,6,benign_puzzle_scaffold,0.8772464830914087,0.8199544687128242,0.057292014378584555,7,33
0,6,final_answer_cue,0.11308453491319255,0.17223964534723182,-0.059155110434039274,7,33
0,6,harmful_instruction,0.0,0.0003058824053180849,-0.0003058824053180849,7,33
0,6,injected_reasoning,0.0,0.00033964977984727164,-0.00033964977984727164,7,33
0,7,benign_puzzle_scaffold,0.676521863056112,0.520514120258694,0.15600774279741791,7,33
0,7,final_answer_cue,0.31609810076878997,0.4730447383835768,-0.15694663761478683,7,33
0,7,harmful_instruction,0.0,0.0009525791445236263,-0.0009525791445236263,7,33
0,7,injected_reasoning,0.0,0.0002508036467659832,-0.0002508036467659832,7,33
0,8,benign_puzzle_scaffold,0.3670760772099717,0.11071280926043088,0.25636326794954084,7,33
0,8,final_answer_cue,0.6316863850184319,0.8886327998966919,-0.25694641487826,7,33
0,8,harmful_instruction,0.0,0.0019203258655489618,-0.0019203258655489618,7,33
0,8,injected_reasoning,0.0,4.8458506402446075e-05,-4.8458506402446075e-05,7,33
0,9,benign_puzzle_scaffold,0.2789864719213219,0.009267521744539825,0.2697189501767821,7,33
0,9,final_answer_cue,0.709199358357578,0.9953326711629028,-0.28613331280532484,7,33
0,9,harmful_instruction,0.0,0.0020144229010964055,-0.0020144229010964055,7,33
0,9,injected_reasoning,0.0,7.688503952379395e-06,-7.688503952379395e-06,7,33
0,10,benign_puzzle_scaffold,0.6542829005637627,0.42166827165958953,0.23261462890417317,7,33
0,10,final_answer_cue,0.3481330645692325,0.579560124076361,-0.23142705950712855,7,33
0,10,harmful_instruction,0.0,0.000531922359222562,-0.000531922359222562,7,33
0,10,injected_reasoning,0.0,0.00027915228501997216,-0.00027915228501997216,7,33
0,11,benign_puzzle_scaffold,0.7056249798394435,0.5782082656823756,0.1274167141570679,7,33
0,11,final_answer_cue,0.277455049656801,0.4198541093215407,-0.1423990596647397,7,33
0,11,harmful_instruction,0.0,0.00017353605815635022,-0.00017353605815635022,7,33
0,11,injected_reasoning,0.0,0.0002445351222502147,-0.0002445351222502147,7,33
0,12,benign_puzzle_scaffold,0.3234390889651402,0.044538669265682417,0.2789004196994578,7,33
0,12,final_answer_cue,0.6804915080768009,0.9589046151733822,-0.2784131070965813,7,33
0,12,harmful_instruction,0.0,0.0019340102542666734,-0.0019340102542666734,7,33
0,12,injected_reasoning,0.0,7.325566489102244e-05,-7.325566489102244e-05,7,33
0,13,benign_puzzle_scaffold,0.46144007431586553,0.1989073099203798,0.26253276439548573,7,33
0,13,final_answer_cue,0.5448791744858069,0.8056044140485976,-0.2607252395627907,7,33
0,13,harmful_instruction,0.0,0.0009874876203838526,-0.0009874876203838526,7,33
0,13,injected_reasoning,0.0,0.00012726906365862392,-0.00012726906365862392,7,33
0,14,benign_puzzle_scaffold,0.7024516783613463,0.5568104105953854,0.14564126776596087,7,33
0,14,final_answer_cue,0.2954073099977343,0.4399368258162415,-0.1445295158185072,7,33
0,14,harmful_instruction,0.0,0.0005651220755880587,-0.0005651220755880587,7,33
0,14,injected_reasoning,0.0,0.001073727440130386,-0.001073727440130386,7,33
0,15,benign_puzzle_scaffold,0.763493037641009,0.6351109515247412,0.12838208611626778,7,33
0,15,final_answer_cue,0.2157482959312941,0.35870657852513316,-0.14295828259383905,7,33
0,15,harmful_instruction,0.0,0.00021718215536565609,-0.00021718215536565609,7,33
0,15,injected_reasoning,0.0,0.000698008493452786,-0.000698008493452786,7,33
0,16,benign_puzzle_scaffold,0.5975239277934918,0.3686979389250943,0.22882598886839756,7,33
0,16,final_answer_cue,0.3939000345979479,0.6372091164641008,-0.2433090818661529,7,33
0,16,harmful_instruction,0.0,0.0009762636692831299,-0.0009762636692831299,7,33
0,16,injected_reasoning,0.0,0.00041471625190669253,-0.00041471625190669253,7,33
0,17,benign_puzzle_scaffold,0.631704610139323,0.47346006881673397,0.15824454132258903,7,33
0,17,final_answer_cue,0.3092425678914213,0.4972763928159728,-0.1880338249245515,7,33
0,17,harmful_instruction,0.0,0.0004970390542171493,-0.0004970390542171493,7,33
0,17,injected_reasoning,0.0,0.0005153401230695755,-0.0005153401230695755,7,33
0,18,benign_puzzle_scaffold,0.27435867872675834,0.004936317441743327,0.269422361285015,7,33
0,18,final_answer_cue,0.7140443444369146,0.999868993015731,-0.2858246485788164,7,33
0,18,harmful_instruction,0.0,0.0020475120486686694,-0.0020475120486686694,7,33
0,18,injected_reasoning,0.0,4.789360311329611e-08,-4.789360311329611e-08,7,33
0,19,benign_puzzle_scaffold,0.8763176144293492,0.8717581901924844,0.00455942423686484,7,33
0,19,final_answer_cue,0.1095366938147662,0.11915139736131329,-0.009614703546547088,7,33
0,19,harmful_instruction,0.0,1.605313810994722e-13,-1.605313810994722e-13,7,33
0,19,injected_reasoning,0.0,1.531685906084144e-08,-1.531685906084144e-08,7,33
0,20,benign_puzzle_scaffold,0.3191235582433238,0.04719713327739241,0.2719264249659314,7,33
0,20,final_answer_cue,0.6732411282939014,0.95916237379581,-0.28592124550190867,7,33
0,20,harmful_instruction,0.0,0.00222280542034909,-0.00222280542034909,7,33
0,20,injected_reasoning,0.0,1.0957383046871002e-06,-1.0957383046871002e-06,7,33
0,21,benign_puzzle_scaffold,0.8887069342257756,0.8608888590266013,0.02781807519917434,7,33
0,21,final_answer_cue,0.1008989936187696,0.13050456927944318,-0.02960557566067358,7,33
0,21,harmful_instruction,0.0,7.253758551977092e-05,-7.253758551977092e-05,7,33
0,21,injected_reasoning,0.0,0.0003575607478723972,-0.0003575607478723972,7,33
0,22,benign_puzzle_scaffold,0.32107055443950916,0.03246264303479214,0.28860791140471703,7,33
0,22,final_answer_cue,0.6849189134107087,0.9721287003442494,-0.2872097869335407,7,33
0,22,harmful_instruction,0.0,0.002025095216149414,-0.002025095216149414,7,33
0,22,injected_reasoning,0.0,2.1262964617582365e-05,-2.1262964617582365e-05,7,33
0,23,benign_puzzle_scaffold,0.6849733376974633,0.5108961006529268,0.17407723704453648,7,33
0,23,final_answer_cue,0.31325024004703383,0.4876715603053747,-0.17442132025834084,7,33
0,23,harmful_instruction,0.0,0.0008945551270014285,-0.0008945551270014285,7,33
0,23,injected_reasoning,0.0,0.00023328527614683645,-0.00023328527614683645,7,33
1,0,benign_puzzle_scaffold,0.6308309500486811,0.4996007930623275,0.13123015698635354,7,33
1,0,final_answer_cue,0.2496747431037729,0.3751839937940683,-0.1255092506902954,7,33
1,0,harmful_instruction,0.0,0.0003477349039079104,-0.0003477349039079104,7,33
1,0,injected_reasoning,0.0,0.0001938264925612524,-0.0001938264925612524,7,33
1,1,benign_puzzle_scaffold,0.6176082466276313,0.4717538473060923,0.14585439932153893,7,33
1,1,final_answer_cue,0.2639013374045735,0.4056024812235271,-0.1417011438189536,7,33
1,1,harmful_instruction,0.0,0.0003158978083808567,-0.0003158978083808567,7,33
1,1,injected_reasoning,0.0,0.00020351110384867437,-0.00020351110384867437,7,33
1,2,benign_puzzle_scaffold,0.6768257310496452,0.5728597023868776,0.1039660286627676,7,33
1,2,final_answer_cue,0.17400615122290342,0.27033826684100865,-0.09633211561810523,7,33
1,2,harmful_instruction,0.0,0.0001517999035348383,-0.0001517999035348383,7,33
1,2,injected_reasoning,0.0,0.00039043376130048157,-0.00039043376130048157,7,33
1,3,benign_puzzle_scaffold,0.8032581143581162,0.6979667308555692,0.10529138350254708,7,33
1,3,final_answer_cue,0.16635225641910448,0.27374021576611585,-0.10738795934701137,7,33
1,3,harmful_instruction,0.0,0.00019987212133953093,-0.00019987212133953093,7,33
1,3,injected_reasoning,0.0,0.0010174580805500481,-0.0010174580805500481,7,33
1,4,benign_puzzle_scaffold,0.7930834710021111,0.6828216869684833,0.11026178403362774,7,33
1,4,final_answer_cue,0.1754646456931581,0.2880572420726321,-0.11259259637947402,7,33
1,4,harmful_instruction,0.0,0.0002508083014075894,-0.0002508083014075894,7,33
1,4,injected_reasoning,0.0,0.0011728883932537982,-0.0011728883932537982,7,33
1,5,benign_puzzle_scaffold,0.7654662154462903,0.618538290809027,0.14692792463726334,7,33
1,5,final_answer_cue,0.2188968868354592,0.36597902492068085,-0.14708213808522166,7,33
1,5,harmful_instruction,0.0,0.0004501033120000927,-0.0004501033120000927,7,33
1,5,injected_reasoning,0.0,0.0017148830969166689,-0.0017148830969166689,7,33
1,6,benign_puzzle_scaffold,0.6924685105546438,0.5509106143373356,0.1415578962173082,7,33
1,6,final_answer_cue,0.25189684550018004,0.3851149164903713,-0.13321807099019123,7,33
1,6,harmful_instruction,0.0,0.0006179628982856467,-0.0006179628982856467,7,33
1,6,injected_reasoning,0.0,0.0006831718034623808,-0.0006831718034623808,7,33
1,7,benign_puzzle_scaffold,0.686573644274862,0.5769351106849486,0.10963853358991338,7,33
1,7,final_answer_cue,0.1911254536737658,0.29627527795048336,-0.10514982427671757,7,33
1,7,harmful_instruction,0.0,0.00014813449190159903,-0.00014813449190159903,7,33
1,7,injected_reasoning,0.0,0.0003503106982707569,-0.0003503106982707569,7,33
1,8,benign_puzzle_scaffold,0.7262441775077818,0.6078963646581654,0.11834781284961637,7,33
1,8,final_answer_cue,0.19998926493105346,0.31308844139457004,-0.11309917646351658,7,33
1,8,harmful_instruction,0.0,0.00033947131122810084,-0.00033947131122810084,7,33
1,8,injected_reasoning,0.0,0.0006603571098830185,-0.0006603571098830185,7,33
1,9,benign_puzzle_scaffold,0.5456003677544613,0.38990819755970657,0.15569217019475473,7,33
1,9,final_answer_cue,0.4076012715111127,0.5663155706853304,-0.15871429917421775,7,33
1,9,harmful_instruction,0.0,0.0008533189637902296,-0.0008533189637902296,7,33
1,9,injected_reasoning,0.0,0.0005797914987642337,-0.0005797914987642337,7,33
1,10,benign_puzzle_scaffold,0.535016142575181,0.3627219773399489,0.17229416523523217,7,33
1,10,final_answer_cue,0.41688193762401193,0.587981349470522,-0.17109941184651012,7,33
1,10,harmful_instruction,0.0,0.0007991653111193353,-0.0007991653111193353,7,33
1,10,injected_reasoning,0.0,0.0004966084261186692,-0.0004966084261186692,7,33
1,11,benign_puzzle_scaffold,0.425776799606066,0.2027256822090879,0.2230511173969781,7,33
1,11,final_answer_cue,0.5475210035968148,0.7731389051300044,-0.2256179015331896,7,33
1,11,harmful_instruction,0.0,0.0012617380748505193,-0.0012617380748505193,7,33
1,11,injected_reasoning,0.0,0.00021992930031546716,-0.00021992930031546716,7,33
1,12,benign_puzzle_scaffold,0.6509640528829321,0.5448731990404936,0.10609085384243855,7,33
1,12,final_answer_cue,0.2290434237433546,0.338110709531059,-0.10906728578770439,7,33
1,12,harmful_instruction,0.0,0.00040872804812414656,-0.00040872804812414656,7,33
1,12,injected_reasoning,0.0,0.0004977334310393663,-0.0004977334310393663,7,33
1,13,benign_puzzle_scaffold,0.681620415537858,0.5777628394345676,0.10385757610329038,7,33
1,13,final_answer_cue,0.2109724875717218,0.3150804279653902,-0.10410794039366841,7,33
1,13,harmful_instruction,0.0,0.000366076727688708,-0.000366076727688708,7,33
1,13,injected_reasoning,0.0,0.0007547641807188248,-0.0007547641807188248,7,33
1,14,benign_puzzle_scaffold,0.6923129339885287,0.5934978077093763,0.09881512627915234,7,33
1,14,final_answer_cue,0.19896451575261737,0.3001799822185277,-0.10121546646591034,7,33
1,14,harmful_instruction,0.0,0.00032197530292171506,-0.00032197530292171506,7,33
1,14,injected_reasoning,0.0,0.0008694174811967578,-0.0008694174811967578,7,33
1,15,benign_puzzle_scaffold,0.7476932564907834,0.6326362580469619,0.11505699844382156,7,33
1,15,final_answer_cue,0.1644121822588375,0.27548424079920136,-0.11107205854036387,7,33
1,15,harmful_instruction,0.0,7.816482522595359e-05,-7.816482522595359e-05,7,33
1,15,injected_reasoning,0.0,0.0005098847538960406,-0.0005098847538960406,7,33
1,16,benign_puzzle_scaffold,0.7868648184258575,0.6914259581483492,0.09543886027750836,7,33
1,16,final_answer_cue,0.12497953151601407,0.21207148895745564,-0.08709195744144158,7,33
1,16,harmful_instruction,0.0,3.8161576124104874e-05,-3.8161576124104874e-05,7,33
1,16,injected_reasoning,0.0,0.0008731742664247946,-0.0008731742664247946,7,33
1,17,benign_puzzle_scaffold,0.5907471424144398,0.40946467112124735,0.18128247129319247,7,33
1,17,final_answer_cue,0.3304643642740421,0.5108443805892272,-0.18038001631518513,7,33
1,17,harmful_instruction,0.0,0.000321723890811684,-0.000321723890811684,7,33
1,17,injected_reasoning,0.0,0.00020779616041635408,-0.00020779616041635408,7,33
1,18,benign_puzzle_scaffold,0.6488432862602577,0.47563661923878453,0.17320666702147314,7,33
1,18,final_answer_cue,0.31387058407872404,0.4807949722809551,-0.16692438820223104,7,33
1,18,harmful_instruction,0.0,0.0009303458205921752,-0.0009303458205921752,7,33
1,18,injected_reasoning,0.0,0.0004319430145282688,-0.0004319430145282688,7,33
1,19,benign_puzzle_scaffold,0.6777503138872094,0.5198095720273352,0.15794074185987417,7,33
1,19,final_answer_cue,0.2828450051134498,0.4385426319262743,-0.1556976268128245,7,33
1,19,harmful_instruction,0.0,0.00040054617972879375,-0.00040054617972879375,7,33
1,19,injected_reasoning,0.0,0.0005307974337075345,-0.0005307974337075345,7,33
1,20,benign_puzzle_scaffold,0.613674613806638,0.425779685847297,0.18789492795934104,7,33
1,20,final_answer_cue,0.3509483363059743,0.5378241602249021,-0.18687582391892782,7,33
1,20,harmful_instruction,0.0,0.0005487416102882407,-0.0005487416102882407,7,33
1,20,injected_reasoning,0.0,0.00024061315564136848,-0.00024061315564136848,7,33
1,21,benign_puzzle_scaffold,0.7186921777561596,0.5956166726102056,0.123075505145954,7,33
1,21,final_answer_cue,0.19676725440972584,0.317273573857227,-0.12050631944750115,7,33
1,21,harmful_instruction,0.0,0.00022269376559496838,-0.00022269376559496838,7,33
1,21,injected_reasoning,0.0,0.001242736873342482,-0.001242736873342482,7,33
1,22,benign_puzzle_scaffold,0.6792518537523377,0.5641182506746601,0.1151336030776775,7,33
1,22,final_answer_cue,0.21092781937768076,0.3221211087285128,-0.11119328935083203,7,33
1,22,harmful_instruction,0.0,0.0003883572902519901,-0.0003883572902519901,7,33
1,22,injected_reasoning,0.0,0.0005940314404792985,-0.0005940314404792985,7,33
1,23,benign_puzzle_scaffold,0.6127384904321117,0.4733451332455871,0.13939335718652462,7,33
1,23,final_answer_cue,0.25734065436801057,0.39720216192714597,-0.1398615075591354,7,33
1,23,harmful_instruction,0.0,0.00048225277287736613,-0.00048225277287736613,7,33
1,23,injected_reasoning,0.0,0.0002551602605326724,-0.0002551602605326724,7,33
2,0,benign_puzzle_scaffold,0.4872045815254257,0.3047731510535181,0.18243143047190757,7,33
2,0,final_answer_cue,0.3626330139288458,0.5360753579831002,-0.17344234405425446,7,33
2,0,harmful_instruction,0.0,0.0007246392522496232,-0.0007246392522496232,7,33
2,0,injected_reasoning,0.0,5.405415027045913e-05,-5.405415027045913e-05,7,33
2,1,benign_puzzle_scaffold,0.5924932005290093,0.4293716362917576,0.16312156423725171,7,33
2,1,final_answer_cue,0.25193960984902813,0.40629958132743,-0.15435997147840186,7,33
2,1,harmful_instruction,0.0,0.0002313299775270744,-0.0002313299775270744,7,33
2,1,injected_reasoning,0.0,0.00026739167357781263,-0.00026739167357781263,7,33
2,2,benign_puzzle_scaffold,0.5495910386097863,0.4253027232788537,0.1242883153309326,7,33
2,2,final_answer_cue,0.20539649517439912,0.3205721095425371,-0.115175614368138,7,33
2,2,harmful_instruction,0.0,0.0002514577888582242,-0.0002514577888582242,7,33
2,2,injected_reasoning,0.0,8.088188804597003e-05,-8.088188804597003e-05,7,33
2,3,benign_puzzle_scaffold,0.6079431271913622,0.5200496808702955,0.08789344632106677,7,33
2,3,final_answer_cue,0.08795557353959124,0.16788917116478905,-0.0799335976251978,7,33
2,3,harmful_instruction,0.0,7.495259163408414e-05,-7.495259163408414e-05,7,33
2,3,injected_reasoning,0.0,0.00013549003464873618,-0.00013549003464873618,7,33
2,4,benign_puzzle_scaffold,0.6063012992072504,0.5079628428255788,0.0983384563816716,7,33
2,4,final_answer_cue,0.12024384682962966,0.20569128372122075,-0.0854474368915911,7,33
2,4,harmful_instruction,0.0,0.0001423053333612142,-0.0001423053333612142,7,33
2,4,injected_reasoning,0.0,0.00010460490074703346,-0.00010460490074703346,7,33
2,5,benign_puzzle_scaffold,0.6145563780702101,0.527624163843099,0.08693221422711117,7,33
2,5,final_answer_cue,0.09016785454387158,0.16540039540410229,-0.0752325408602307,7,33
2,5,harmful_instruction,0.0,4.4295312154807884e-05,-4.4295312154807884e-05,7,33
2,5,injected_reasoning,0.0,0.0001440844760684712,-0.0001440844760684712,7,33
2,6,benign_puzzle_scaffold,0.5718564098015041,0.475815555214018,0.09604085458748607,7,33
2,6,final_answer_cue,0.12740562360800653,0.2147767815557086,-0.08737115794770206,7,33
2,6,harmful_instruction,0.0,0.000226849169195444,-0.000226849169195444,7,33
2,6,injected_reasoning,0.0,5.040153245508674e-05,-5.040153245508674e-05,7,33
2,7,benign_puzzle_scaffold,0.5786994600045196,0.4888065784329185,0.08989288157160102,7,33
2,7,final_answer_cue,0.11360850710189019,0.19566021459658167,-0.08205170749469148,7,33
2,7,harmful_instruction,0.0,0.0001178355356020616,-0.0001178355356020616,7,33
2,7,injected_reasoning,0.0,5.113190172189363e-05,-5.113190172189363e-05,7,33
2,8,benign_puzzle_scaffold,0.573896866272696,0.47452548892149365,0.09937137735120233,7,33
2,8,final_answer_cue,0.13796438813498554,0.2279775553732048,-0.09001316723821925,7,33
2,8,harmful_instruction,0.0,0.0001811809884208469,-0.0001811809884208469,7,33
2,8,injected_reasoning,0.0,6.058318124346804e-05,-6.058318124346804e-05,7,33
2,9,benign_puzzle_scaffold,0.6504817656529239,0.512466372812208,0.13801539284071596,7,33
2,9,final_answer_cue,0.19832253228715033,0.3298982746434143,-0.13157574235626399,7,33
2,9,harmful_instruction,0.0,0.0004426692014794945,-0.0004426692014794945,7,33
2,9,injected_reasoning,0.0,0.0013916383161196226,-0.0013916383161196226,7,33
2,10,benign_puzzle_scaffold,0.59967919770118,0.5054745331186996,0.09420466458248034,7,33
2,10,final_answer_cue,0.10805602268306813,0.19081504055771845,-0.08275901787465031,7,33
2,10,harmful_instruction,0.0,0.0001446784031422785,-0.0001446784031422785,7,33
2,10,injected_reasoning,0.0,6.953995864488105e-05,-6.953995864488105e-05,7,33
2,11,benign_puzzle_scaffold,0.628333367789801,0.5091729760338191,0.11916039175598192,7,33
2,11,final_answer_cue,0.15401389962395431,0.2639429737836303,-0.10992907415967598,7,33
2,11,harmful_instruction,0.0,0.00027921058092803924,-0.00027921058092803924,7,33
2,11,injected_reasoning,0.0,0.0006301677864091622,-0.0006301677864091622,7,33
2,12,benign_puzzle_scaffold,0.5275206473330323,0.3894092262494249,0.13811142108360736,7,33
2,12,final_answer_cue,0.2504958617632481,0.3799138486523727,-0.1294179868891246,7,33
2,12,harmful_instruction,0.0,0.0005920711493093559,-0.0005920711493093559,7,33
2,12,injected_reasoning,0.0,0.00015280750806919593,-0.00015280750806919593,7,33
2,13,benign_puzzle_scaffold,0.5252548483931154,0.3855307631324324,0.13972408526068303,7,33
2,13,final_answer_cue,0.2408120376840974,0.37974800430623146,-0.13893596662213406,7,33
2,13,harmful_instruction,0.0,0.00046584536544404975,-0.00046584536544404975,7,33
2,13,injected_reasoning,0.0,9.483273164080275e-05,-9.483273164080275e-05,7,33
2,14,benign_puzzle_scaffold,0.6413221879967868,0.5158586696570828,0.12546351833970393,7,33
2,14,final_answer_cue,0.14419780076144523,0.26291836772249283,-0.1187205669610476,7,33
2,14,harmful_instruction,0.0,0.00011733037012980291,-0.00011733037012980291,7,33
2,14,injected_reasoning,0.0,0.0007706903496604873,-0.0007706903496604873,7,33
2,15,benign_puzzle_scaffold,0.5912177091795224,0.4774589028111916,0.11375880636833086,7,33
2,15,final_answer_cue,0.16218657479754486,0.26420284329067084,-0.10201626849312598,7,33
2,15,harmful_instruction,0.0,0.0003019360590981632,-0.0003019360590981632,7,33
2,15,injected_reasoning,0.0,5.842516311613888e-05,-5.842516311613888e-05,7,33
2,16,benign_puzzle_scaffold,0.6292646931678696,0.520974149218607,0.10829054394926263,7,33
2,16,final_answer_cue,0.12459728414028634,0.22154650419332544,-0.0969492200530391,7,33
2,16,harmful_instruction,0.0,0.000108484521140404,-0.000108484521140404,7,33
2,16,injected_reasoning,0.0,0.0002444496270579845,-0.0002444496270579845,7,33
2,17,benign_puzzle_scaffold,0.605035005591568,0.4829927417938939,0.12204226379767408,7,33
2,17,final_answer_cue,0.15853773376094463,0.2629087644080733,-0.10437103064712869,7,33
2,17,harmful_instruction,0.0,0.00019825508319234802,-0.00019825508319234802,7,33
2,17,injected_reasoning,0.0,8.189249563535297e-05,-8.189249563535297e-05,7,33
2,18,benign_puzzle_scaffold,0.5567067740097137,0.43201526958421155,0.12469150442550214,7,33
2,18,final_answer_cue,0.20234700173685374,0.3134716386833801,-0.11112463694652638,7,33
2,18,harmful_instruction,0.0,0.0005114023830349582,-0.0005114023830349582,7,33
2,18,injected_reasoning,0.0,5.0081391559390404e-05,-5.0081391559390404e-05,7,33
2,19,benign_puzzle_scaffold,0.5501098460830376,0.42137577613134924,0.12873406995168835,7,33
2,19,final_answer_cue,0.20231253893798723,0.3273559035557651,-0.12504336461777787,7,33
2,19,harmful_instruction,0.0,0.0002834683111641287,-0.0002834683111641287,7,33
2,19,injected_reasoning,0.0,7.44547898106456e-05,-7.44547898106456e-05,7,33
2,20,benign_puzzle_scaffold,0.5602721866788555,0.44884982280709723,0.11142236387175825,7,33
2,20,final_answer_cue,0.16944595295071493,0.27408066076803056,-0.10463470781731563,7,33
2,20,harmful_instruction,0.0,0.00020586974220341113,-0.00020586974220341113,7,33
2,20,injected_reasoning,0.0,4.111151222295337e-05,-4.111151222295337e-05,7,33
2,21,benign_puzzle_scaffold,0.6150287689381317,0.5300204120590062,0.08500835687912556,7,33
2,21,final_answer_cue,0.08911786723067963,0.16508277840161117,-0.07596491117093154,7,33
2,21,harmful_instruction,0.0,4.841700356789935e-05,-4.841700356789935e-05,7,33
2,21,injected_reasoning,0.0,0.00047427876561872615,-0.00047427876561872615,7,33
2,22,benign_puzzle_scaffold,0.6478065412073774,0.5326524516438103,0.1151540895635671,7,33
2,22,final_answer_cue,0.13349506375521095,0.23775687486159197,-0.10426181110638102,7,33
2,22,harmful_instruction,0.0,8.387650062951688e-05,-8.387650062951688e-05,7,33
2,22,injected_reasoning,0.0,0.001584911311663003,-0.001584911311663003,7,33
2,23,benign_puzzle_scaffold,0.6007434595097595,0.5179193957375519,0.08282406377220763,7,33
2,23,final_answer_cue,0.0880596424772797,0.1676692180322163,-0.0796095755549366,7,33
2,23,harmful_instruction,0.0,2.7046983543854896e-05,-2.7046983543854896e-05,7,33
2,23,injected_reasoning,0.0,0.0003428017558042145,-0.0003428017558042145,7,33
3,0,benign_puzzle_scaffold,0.6032220743860607,0.5065779808018696,0.09664409358419113,7,33
3,0,final_answer_cue,0.12560964552402015,0.21470884670315696,-0.0890992011791368,7,33
3,0,harmful_instruction,0.0,0.00010791871189109884,-0.00010791871189109884,7,33
3,0,injected_reasoning,0.0,5.208799762295864e-05,-5.208799762295864e-05,7,33
3,1,benign_puzzle_scaffold,0.5801410355212281,0.47272185767072156,0.10741917785050653,7,33
3,1,final_answer_cue,0.16641224972596938,0.26890363399561457,-0.10249138426964519,7,33
3,1,harmful_instruction,0.0,0.0002595681090626131,-0.0002595681090626131,7,33
3,1,injected_reasoning,0.0,4.303769782621499e-05,-4.303769782621499e-05,7,33
3,2,benign_puzzle_scaffold,0.5822814983625771,0.47518388226021147,0.10709761610236568,7,33
3,2,final_answer_cue,0.17018324155833725,0.271592717321519,-0.10140947576318177,7,33
3,2,harmful_instruction,0.0,0.0001341458936415769,-0.0001341458936415769,7,33
3,2,injected_reasoning,0.0,0.00010696066238084164,-0.00010696066238084164,7,33
3,3,benign_puzzle_scaffold,0.6045862896725956,0.4957679532956588,0.10881833637693683,7,33
3,3,final_answer_cue,0.1533451980053918,0.25760503423235037,-0.10425983622695859,7,33
3,3,harmful_instruction,0.0,0.0002782593355463876,-0.0002782593355463876,7,33
3,3,injected_reasoning,0.0,0.0005050956475290431,-0.0005050956475290431,7,33
3,4,benign_puzzle_scaffold,0.5910932264441764,0.4857831786179262,0.1053100478262502,7,33
3,4,final_answer_cue,0.15369600887599952,0.25007521659110826,-0.09637920771510874,7,33
3,4,harmful_instruction,0.0,0.0003253444924306182,-0.0003253444924306182,7,33
3,4,injected_reasoning,0.0,0.00015782258405031428,-0.00015782258405031428,7,33
3,5,benign_puzzle_scaffold,0.5742358089231094,0.45187481710560135,0.12236099181750809,7,33
3,5,final_answer_cue,0.2024209066065546,0.3152426332656275,-0.11282172665907292,7,33
3,5,harmful_instruction,0.0,0.000634580118148218,-0.000634580118148218,7,33
3,5,injected_reasoning,0.0,0.0002522097211150021,-0.0002522097211150021,7,33
3,6,benign_puzzle_scaffold,0.6035670402766021,0.46414528413793915,0.13942175613866298,7,33
3,6,final_answer_cue,0.21716185920130848,0.35090525531366606,-0.13374339611235758,7,33
3,6,harmful_instruction,0.0,0.0003561466483412041,-0.0003561466483412041,7,33
3,6,injected_reasoning,0.0,0.0010024966714282685,-0.0010024966714282685,7,33
3,7,benign_puzzle_scaffold,0.5681751458944202,0.4509741992960006,0.11720094659841962,7,33
3,7,final_answer_cue,0.18729932577514433,0.30274474369824994,-0.11544541792310561,7,33
3,7,harmful_instruction,0.0,0.0004642412428508493,-0.0004642412428508493,7,33
3,7,injected_reasoning,0.0,0.00036905087230689425,-0.00036905087230689425,7,33
3,8,benign_puzzle_scaffold,0.540005865300461,0.4211129564238551,0.11889290887660592,7,33
3,8,final_answer_cue,0.22352276073600338,0.34384337669631565,-0.12032061596031227,7,33
3,8,harmful_instruction,0.0,0.0003142198810375106,-0.0003142198810375106,7,33
3,8,injected_reasoning,0.0,0.00023714380986476205,-0.00023714380986476205,7,33
3,9,benign_puzzle_scaffold,0.5411764018120405,0.37279937365316573,0.1683770281588748,7,33
3,9,final_answer_cue,0.30430826866598254,0.467506811414391,-0.16319854274840845,7,33
3,9,harmful_instruction,0.0,0.00030872569858389807,-0.00030872569858389807,7,33
3,9,injected_reasoning,0.0,0.0001639446108744793,-0.0001639446108744793,7,33
3,10,benign_puzzle_scaffold,0.5085012825756791,0.3508901797207012,0.15761110285497787,7,33
3,10,final_answer_cue,0.31850431635790377,0.4696334867769756,-0.1511291704190718,7,33
3,10,harmful_instruction,0.0,0.0006440435120914899,-0.0006440435120914899,7,33
3,10,injected_reasoning,0.0,9.457771219077772e-05,-9.457771219077772e-05,7,33
3,11,benign_puzzle_scaffold,0.5562784639786922,0.4328771517281682,0.12340131225052398,7,33
3,11,final_answer_cue,0.2125437036660403,0.3431070444439081,-0.1305633407778678,7,33
3,11,harmful_instruction,0.0,0.00033197819104642876,-0.00033197819104642876,7,33
3,11,injected_reasoning,0.0,0.0001091215932443821,-0.0001091215932443821,7,33
3,12,benign_puzzle_scaffold,0.5995652497201691,0.5007388717260717,0.09882637799409744,7,33
3,12,final_answer_cue,0.13505657915518368,0.23084475733503787,-0.09578817817985419,7,33
3,12,harmful_instruction,0.0,0.00023044991848242575,-0.00023044991848242575,7,33
3,12,injected_reasoning,0.0,6.673034708336679e-05,-6.673034708336679e-05,7,33
3,13,benign_puzzle_scaffold,0.6040376940913708,0.5206696459624337,0.08336804812893706,7,33
3,13,final_answer_cue,0.11270649810763858,0.1940681753462312,-0.08136167723859261,7,33
3,13,harmful_instruction,0.0,0.0001326807697353597,-0.0001326807697353597,7,33
3,13,injected_reasoning,0.0,5.818897429718829e-05,-5.818897429718829e-05,7,33
3,14,benign_puzzle_scaffold,0.5920990346409782,0.49730754992256904,0.0947914847184092,7,33
3,14,final_answer_cue,0.14283521032879024,0.23427425040914923,-0.091439040080359,7,33
3,14,harmful_instruction,0.0,0.0002116077232669626,-0.0002116077232669626,7,33
3,14,injected_reasoning,0.0,7.954311511776978e-05,-7.954311511776978e-05,7,33
3,15,benign_puzzle_scaffold,0.603869401109671,0.5004927591935813,0.10337664191608975,7,33
3,15,final_answer_cue,0.13949803935962907,0.23068269097075217,-0.0911846516111231,7,33
3,15,harmful_instruction,0.0,0.00030186846699197043,-0.00030186846699197043,7,33
3,15,injected_reasoning,0.0,0.00022269190196933436,-0.00022269190196933436,7,33
3,16,benign_puzzle_scaffold,0.6178896422305351,0.4991409255129878,0.11874871671754733,7,33
3,16,final_answer_cue,0.16061467806799198,0.269194514176001,-0.108579836108009,7,33
3,16,harmful_instruction,0.0,0.00038629367038778447,-0.00038629367038778447,7,33
3,16,injected_reasoning,0.0,0.00033790999996019685,-0.00033790999996019685,7,33
3,17,benign_puzzle_scaffold,0.5861168534535425,0.4698148298419233,0.11630202361161918,7,33
3,17,final_answer_cue,0.18359920221019665,0.28843553695362356,-0.1048363347434269,7,33
3,17,harmful_instruction,0.0,0.00046105498591005484,-0.00046105498591005484,7,33
3,17,injected_reasoning,0.0,0.0004222362117741718,-0.0004222362117741718,7,33
3,18,benign_puzzle_scaffold,0.6584341905834558,0.5790666071022249,0.07936758348123085,7,33
3,18,final_answer_cue,0.09821419983960634,0.16781594535129085,-0.0696017455116845,7,33
3,18,harmful_instruction,0.0,4.909991142132038e-05,-4.909991142132038e-05,7,33
3,18,injected_reasoning,0.0,0.0033560455515867617,-0.0033560455515867617,7,33
3,19,benign_puzzle_scaffold,0.6019536181362604,0.45227962947900263,0.14967398865725773,7,33
3,19,final_answer_cue,0.24398823455516316,0.3859902255751489,-0.14200199101998573,7,33
3,19,harmful_instruction,0.0,0.0003226823445748548,-0.0003226823445748548,7,33
3,19,injected_reasoning,0.0,0.0012040907706690925,-0.0012040907706690925,7,33
3,20,benign_puzzle_scaffold,0.6936046823149906,0.601860658040593,0.09174402427439765,7,33
3,20,final_answer_cue,0.1313488020361216,0.21303791127717328,-0.08168910924105169,7,33
3,20,harmful_instruction,0.0,0.0001901942162494462,-0.0001901942162494462,7,33
3,20,injected_reasoning,0.0,0.003073948864735277,-0.003073948864735277,7,33
3,21,benign_puzzle_scaffold,0.686870803628205,0.5345826948566544,0.15228810877155052,7,33
3,21,final_answer_cue,0.2192585511438318,0.360920527486851,-0.1416619763430192,7,33
3,21,harmful_instruction,0.0,0.0002986568058729737,-0.0002986568058729737,7,33
3,21,injected_reasoning,0.0,0.0018657681293622532,-0.0018657681293622532,7,33
3,22,benign_puzzle_scaffold,0.6772584431961658,0.5518302659133969,0.1254281772827689,7,33
3,22,final_answer_cue,0.1370911637534918,0.2578650081371298,-0.120773844383638,7,33
3,22,harmful_instruction,0.0,0.0001389093173446231,-0.0001389093173446231,7,33
3,22,injected_reasoning,0.0,0.0011203965613896393,-0.0011203965613896393,7,33
3,23,benign_puzzle_scaffold,0.7197721649894151,0.6033090867679903,0.11646307822142477,7,33
3,23,final_answer_cue,0.13127880875177447,0.23086897795256994,-0.09959016920079547,7,33
3,23,harmful_instruction,0.0,0.00014913696517577127,-0.00014913696517577127,7,33
3,23,injected_reasoning,0.0,0.00380192879187168,-0.00380192879187168,7,33
4,0,benign_puzzle_scaffold,0.10621449228396626,0.0180437398466968,0.08817075243726946,7,33
4,0,final_answer_cue,0.20147585873686283,0.28823971532434167,-0.08676385658747884,7,33
4,0,harmful_instruction,0.0,0.0003228297138237608,-0.0003228297138237608,7,33
4,0,injected_reasoning,0.0,3.634646384616022e-05,-3.634646384616022e-05,7,33
4,1,benign_puzzle_scaffold,0.0728601527964051,0.01338451428769243,0.059475638508712673,7,33
4,1,final_answer_cue,0.13534656518036944,0.20590541784649238,-0.07055885266612294,7,33
4,1,harmful_instruction,0.0,0.0004019799813351361,-0.0004019799813351361,7,33
4,1,injected_reasoning,0.0,4.832698532101872e-05,-4.832698532101872e-05,7,33
4,2,benign_puzzle_scaffold,0.06665089316312466,0.01107284825041464,0.05557804491271001,7,33
4,2,final_answer_cue,0.12727399925754473,0.18446567624443352,-0.05719167698688879,7,33
4,2,harmful_instruction,0.0,0.0004992870701506876,-0.0004992870701506876,7,33
4,2,injected_reasoning,0.0,3.7907275498772024e-05,-3.7907275498772024e-05,7,33
4,3,benign_puzzle_scaffold,0.1611799120257445,0.13144316284994115,0.02973674917580335,7,33
4,3,final_answer_cue,0.04904566771380714,0.07499343008826417,-0.025947762374457034,7,33
4,3,harmful_instruction,0.0,4.570434355177012e-05,-4.570434355177012e-05,7,33
4,3,injected_reasoning,0.0,0.0009681713342597344,-0.0009681713342597344,7,33
4,4,benign_puzzle_scaffold,0.10091321140772605,0.07061564840517338,0.030297563002552666,7,33
4,4,final_answer_cue,0.038043891496973355,0.06027897421173526,-0.022235082714761906,7,33
4,4,harmful_instruction,0.0,2.106775997480378e-05,-2.106775997480378e-05,7,33
4,4,injected_reasoning,0.0,0.0004853992633484598,-0.0004853992633484598,7,33
4,5,benign_puzzle_scaffold,0.23775763880241968,0.15355885449164328,0.0841987843107764,7,33
4,5,final_answer_cue,0.08702442331755358,0.14519518676471868,-0.0581707634471651,7,33
4,5,harmful_instruction,0.0,6.919928370435882e-05,-6.919928370435882e-05,7,33
4,5,injected_reasoning,0.0,0.0006329526191333527,-0.0006329526191333527,7,33
4,6,benign_puzzle_scaffold,0.07795044846255697,0.01191480591006879,0.06603564255248819,7,33
4,6,final_answer_cue,0.13929750992866127,0.19906305295110927,-0.05976554302244799,7,33
4,6,harmful_instruction,0.0,0.0003641861532309842,-0.0003641861532309842,7,33
4,6,injected_reasoning,0.0,3.841178246433906e-05,-3.841178246433906e-05,7,33
4,7,benign_puzzle_scaffold,0.10967276154539166,0.024350035172162277,0.08532272637322938,7,33
4,7,final_answer_cue,0.18878329925367532,0.28334239530569827,-0.09455909605202295,7,33
4,7,harmful_instruction,0.0,0.0006440325334854049,-0.0006440325334854049,7,33
4,7,injected_reasoning,0.0,7.443088851921586e-05,-7.443088851921586e-05,7,33
4,8,benign_puzzle_scaffold,0.07547518298854408,0.012514137131496274,0.06296104585704781,7,33
4,8,final_answer_cue,0.16296282460913852,0.2426232423062532,-0.07966041769711468,7,33
4,8,harmful_instruction,0.0,0.0007391313025414756,-0.0007391313025414756,7,33
4,8,injected_reasoning,0.0,5.0295462810978464e-05,-5.0295462810978464e-05,7,33
4,9,benign_puzzle_scaffold,0.338338546685486,0.2511720900520047,0.08716645663348133,7,33
4,9,final_answer_cue,0.13070426316970848,0.20602017575018342,-0.07531591258047493,7,33
4,9,harmful_instruction,0.0,0.0004997297625731485,-0.0004997297625731485,7,33
4,9,injected_reasoning,0.0,0.0013151484891567925,-0.0013151484891567925,7,33
4,10,benign_puzzle_scaffold,0.14366876668248899,0.0588635885813556,0.08480517810113339,7,33
4,10,final_answer_cue,0.18294832757334256,0.26784745253294895,-0.08489912495960639,7,33
4,10,harmful_instruction,0.0,0.0006638838757959145,-0.0006638838757959145,7,33
4,10,injected_reasoning,0.0,0.0002621917160374849,-0.0002621917160374849,7,33
4,11,benign_puzzle_scaffold,0.31544346638851456,0.22401343400789708,0.09143003238061748,7,33
4,11,final_answer_cue,0.09830858562703973,0.16285902407250616,-0.06455043844546643,7,33
4,11,harmful_instruction,0.0,0.0003344113843718227,-0.0003344113843718227,7,33
4,11,injected_reasoning,0.0,0.0014423441305310592,-0.0014423441305310592,7,33
4,12,benign_puzzle_scaffold,0.07090037838277378,0.032652295391834694,0.03824808299093909,7,33
4,12,final_answer_cue,0.08592607549605179,0.13501117773501514,-0.049085102238963355,7,33
4,12,harmful_instruction,0.0,3.686394257208046e-05,-3.686394257208046e-05,7,33
4,12,injected_reasoning,0.0,0.00020787134736185048,-0.00020787134736185048,7,33
4,13,benign_puzzle_scaffold,0.13549501761321187,0.03576204318104482,0.09973297443216705,7,33
4,13,final_answer_cue,0.2002694900728367,0.29792352657279336,-0.09765403649995666,7,33
4,13,harmful_instruction,0.0,0.0004800181046937194,-0.0004800181046937194,7,33
4,13,injected_reasoning,0.0,0.00015377775482329758,-0.00015377775482329758,7,33
4,14,benign_puzzle_scaffold,0.17966423693459516,0.09783402094768134,0.08183021598691381,7,33
4,14,final_answer_cue,0.17020287793333186,0.2611164728911737,-0.09091359495784182,7,33
4,14,harmful_instruction,0.0,0.0001242573369307713,-0.0001242573369307713,7,33
4,14,injected_reasoning,0.0,0.0006153807230417375,-0.0006153807230417375,7,33
4,15,benign_puzzle_scaffold,0.12191392444573827,0.02383471914298162,0.09807920530275666,7,33
4,15,final_answer_cue,0.23536135980563797,0.32884519192815503,-0.09348383212251707,7,33
4,15,harmful_instruction,0.0,0.0007423383177047763,-0.0007423383177047763,7,33
4,15,injected_reasoning,0.0,0.00011231649202881015,-0.00011231649202881015,7,33
4,16,benign_puzzle_scaffold,0.1305499897013516,0.045993703776799684,0.08455628592455192,7,33
4,16,final_answer_cue,0.16706114609395026,0.22724072231591422,-0.06017957622196396,7,33
4,16,harmful_instruction,0.0,0.0006294192977205818,-0.0006294192977205818,7,33
4,16,injected_reasoning,0.0,0.0002471918980584753,-0.0002471918980584753,7,33
4,17,benign_puzzle_scaffold,0.29132070246496927,0.2244598228696028,0.06686087959536646,7,33
4,17,final_answer_cue,0.1371355320322977,0.21313131510273237,-0.07599578307043467,7,33
4,17,harmful_instruction,0.0,0.0003160539783759166,-0.0003160539783759166,7,33
4,17,injected_reasoning,0.0,0.0013749267504096685,-0.0013749267504096685,7,33
4,18,benign_puzzle_scaffold,0.25987298655189867,0.11067763381911577,0.1491953527327829,7,33
4,18,final_answer_cue,0.2877159826582551,0.43182715503005464,-0.14411117237179955,7,33
4,18,harmful_instruction,0.0,0.0003886117347011284,-0.0003886117347011284,7,33
4,18,injected_reasoning,0.0,0.00017308387326615146,-0.00017308387326615146,7,33
4,19,benign_puzzle_scaffold,0.14286087287480367,0.05486029544441702,0.08800057743038665,7,33
4,19,final_answer_cue,0.1815965029442985,0.2645941099600967,-0.0829976070157982,7,33
4,19,harmful_instruction,0.0,0.0006363817084086838,-0.0006363817084086838,7,33
4,19,injected_reasoning,0.0,0.0002344392807580366,-0.0002344392807580366,7,33
4,20,benign_puzzle_scaffold,0.5600889716855068,0.41039519003369823,0.14969378165180852,7,33
4,20,final_answer_cue,0.19990037849606052,0.3276957828928242,-0.12779540439676368,7,33
4,20,harmful_instruction,0.0,0.00033614684542160073,-0.00033614684542160073,7,33
4,20,injected_reasoning,0.0,0.0028254046488515473,-0.0028254046488515473,7,33
4,21,benign_puzzle_scaffold,0.2767076720703133,0.19519277208093844,0.08151489998937489,7,33
4,21,final_answer_cue,0.1226957905953908,0.1862329196829196,-0.0635371290875288,7,33
4,21,harmful_instruction,0.0,0.00023081236994345112,-0.00023081236994345112,7,33
4,21,injected_reasoning,0.0,0.0010360026653739752,-0.0010360026653739752,7,33
4,22,benign_puzzle_scaffold,0.43579687903588,0.35185394847644386,0.08394293055943614,7,33
4,22,final_answer_cue,0.09077330468301226,0.1548549825360019,-0.06408167785298965,7,33
4,22,harmful_instruction,0.0,0.00018832266393902647,-0.00018832266393902647,7,33
4,22,injected_reasoning,0.0,0.002576463566729725,-0.002576463566729725,7,33
4,23,benign_puzzle_scaffold,0.3272135299097712,0.28272363135745865,0.04448989855231256,7,33
4,23,final_answer_cue,0.08252643403284927,0.14485524234146208,-0.0623288083086128,7,33
4,23,harmful_instruction,0.0,4.98132837472255e-05,-4.98132837472255e-05,7,33
4,23,injected_reasoning,0.0,0.002148677682663894,-0.002148677682663894,7,33
5,0,benign_puzzle_scaffold,0.07185152400330293,0.013199410163189245,0.05865211384011368,7,33
5,0,final_answer_cue,0.15421375537548984,0.22116106512970976,-0.06694730975421992,7,33
5,0,harmful_instruction,0.0,0.0006625353346489065,-0.0006625353346489065,7,33
5,0,injected_reasoning,0.0,2.291642690027733e-05,-2.291642690027733e-05,7,33
5,1,benign_puzzle_scaffold,0.1321646440714437,0.03676949783842891,0.0953951462330148,7,33
5,1,final_answer_cue,0.21810929323773376,0.3194939035036841,-0.10138461026595036,7,33
5,1,harmful_instruction,0.0,0.00034723558877953814,-0.00034723558877953814,7,33
5,1,injected_reasoning,0.0,4.375281700032771e-05,-4.375281700032771e-05,7,33
5,2,benign_puzzle_scaffold,0.09104243002106736,0.017957825072275075,0.07308460494879229,7,33
5,2,final_answer_cue,0.14846461113851456,0.2029012184837272,-0.054436607345212634,7,33
5,2,harmful_instruction,0.0,0.0005145762822686798,-0.0005145762822686798,7,33
5,2,injected_reasoning,0.0,4.7574943316247125e-05,-4.7574943316247125e-05,7,33
5,3,benign_puzzle_scaffold,0.28123697880397147,0.18346245929722618,0.09777451950674529,7,33
5,3,final_answer_cue,0.1858706454440975,0.2855844885917965,-0.09971384314769902,7,33
5,3,harmful_instruction,0.0,0.00035611211300594136,-0.00035611211300594136,7,33
5,3,injected_reasoning,0.0,0.0015173231772221357,-0.0015173231772221357,7,33
5,4,benign_puzzle_scaffold,0.37682099101520583,0.2852132489240538,0.09160774209115202,7,33
5,4,final_answer_cue,0.16005907293491695,0.24077211841298823,-0.08071304547807129,7,33
5,4,harmful_instruction,0.0,0.00048583077294599245,-0.00048583077294599245,7,33
5,4,injected_reasoning,0.0,0.0019842799602234435,-0.0019842799602234435,7,33
5,5,benign_puzzle_scaffold,0.3906631436371983,0.22834627295235108,0.1623168706848472,7,33
5,5,final_answer_cue,0.2818705614226096,0.43659667059219154,-0.15472610916958196,7,33
5,5,harmful_instruction,0.0,0.0006184340176901658,-0.0006184340176901658,7,33
5,5,injected_reasoning,0.0,0.002610033898262259,-0.002610033898262259,7,33
5,6,benign_puzzle_scaffold,0.3412888251532625,0.2156914762870778,0.12559734886618468,7,33
5,6,final_answer_cue,0.19466557006326957,0.3024788119537549,-0.10781324189048536,7,33
5,6,harmful_instruction,0.0,0.00024105103909076867,-0.00024105103909076867,7,33
5,6,injected_reasoning,0.0,0.0011148399743871158,-0.0011148399743871158,7,33
5,7,benign_puzzle_scaffold,0.3990831817512728,0.35646439458697393,0.042618787164298844,7,33
5,7,final_answer_cue,0.05456678214301103,0.09836443175311028,-0.04379764961009926,7,33
5,7,harmful_instruction,0.0,7.270533641225419e-05,-7.270533641225419e-05,7,33
5,7,injected_reasoning,0.0,0.0059610076463575455,-0.0059610076463575455,7,33
5,8,benign_puzzle_scaffold,0.21046699166972346,0.09289367294672227,0.1175733187230012,7,33
5,8,final_answer_cue,0.24558871170564026,0.35199804424724407,-0.10640933254160381,7,33
5,8,harmful_instruction,0.0,0.00021881869079732672,-0.00021881869079732672,7,33
5,8,injected_reasoning,0.0,0.0002484993012922862,-0.0002484993012922862,7,33
5,9,benign_puzzle_scaffold,0.4262521714328775,0.32367413405703693,0.10257803737584059,7,33
5,9,final_answer_cue,0.16743657280797453,0.26189021623888414,-0.09445364343090962,7,33
5,9,harmful_instruction,0.0,0.0002807024682743152,-0.0002807024682743152,7,33
5,9,injected_reasoning,0.0,0.003104556769097664,-0.003104556769097664,7,33
5,10,benign_puzzle_scaffold,0.5383690211281658,0.45798399985993804,0.08038502126822772,7,33
5,10,final_answer_cue,0.12222687226649227,0.19822755675587045,-0.07600068448937818,7,33
5,10,harmful_instruction,0.0,0.00031277280717075515,-0.00031277280717075515,7,33
5,10,injected_reasoning,0.0,0.004384456096202769,-0.004384456096202769,7,33
5,11,benign_puzzle_scaffold,0.5062887115771322,0.44477219810378144,0.06151651347335074,7,33
5,11,final_answer_cue,0.11638510897847446,0.18430463568563965,-0.0679195267071652,7,33
5,11,harmful_instruction,0.0,0.0002014698213620104,-0.0002014698213620104,7,33
5,11,injected_reasoning,0.0,0.0038306863061840753,-0.0038306863061840753,7,33
5,12,benign_puzzle_scaffold,0.09642065231041244,0.011896898326725679,0.08452375398368676,7,33
5,12,final_answer_cue,0.2100049581292274,0.3015726974160178,-0.09156773928679038,7,33
5,12,harmful_instruction,0.0,0.0006929369799965161,-0.0006929369799965161,7,33
5,12,injected_reasoning,0.0,1.41425513870043e-05,-1.41425513870043e-05,7,33
5,13,benign_puzzle_scaffold,0.062168497227552445,0.008884163045776388,0.053284334181776055,7,33
5,13,final_answer_cue,0.15315986252829358,0.22758134309438452,-0.07442148056609094,7,33
5,13,harmful_instruction,0.0,0.0004090092774978602,-0.0004090092774978602,7,33
5,13,injected_reasoning,0.0,2.0246824084572607e-05,-2.0246824084572607e-05,7,33
5,14,benign_puzzle_scaffold,0.07594644564623758,0.0078154464332411,0.06813099921299648,7,33
5,14,final_answer_cue,0.1723284417795353,0.24275459457140686,-0.07042615279187156,7,33
5,14,harmful_instruction,0.0,0.0004428775047845713,-0.0004428775047845713,7,33
5,14,injected_reasoning,0.0,8.892413434171828e-06,-8.892413434171828e-06,7,33
5,15,benign_puzzle_scaffold,0.12047066731218006,0.04772927208188415,0.07274139523029591,7,33
5,15,final_answer_cue,0.1483395849556279,0.21067322501600197,-0.06233364006037406,7,33
5,15,harmful_instruction,0.0,0.00021524260761414653,-0.00021524260761414653,7,33
5,15,injected_reasoning,0.0,0.00037991711133865397,-0.00037991711133865397,7,33
5,16,benign_puzzle_scaffold,0.07235788290955537,0.01414818334723051,0.058209699562324864,7,33
5,16,final_answer_cue,0.1464011225601498,0.20625443353803335,-0.059853310977883545,7,33
5,16,harmful_instruction,0.0,0.00030307437342539365,-0.00030307437342539365,7,33
5,16,injected_reasoning,0.0,0.00014134105769782673,-0.00014134105769782673,7,33
5,17,benign_puzzle_scaffold,0.1538230981222989,0.024352108761496023,0.1294709893608029,7,33
5,17,final_answer_cue,0.21753916066377313,0.3108178428379158,-0.09327868217414267,7,33
5,17,harmful_instruction,0.0,0.0006294154918345061,-0.0006294154918345061,7,33
5,17,injected_reasoning,0.0,0.00017505453362659819,-0.00017505453362659819,7,33
5,18,benign_puzzle_scaffold,0.07019107839708986,0.023015143320262554,0.04717593507682731,7,33
5,18,final_answer_cue,0.18945937630229853,0.27996860271107415,-0.09050922640877562,7,33
5,18,harmful_instruction,0.0,0.00010933656075427695,-0.00010933656075427695,7,33
5,18,injected_reasoning,0.0,7.257971369216788e-05,-7.257971369216788e-05,7,33
5,19,benign_puzzle_scaffold,0.30892995246153526,0.2399210498567264,0.06900890260480885,7,33
5,19,final_answer_cue,0.1157709460866155,0.1801965483632466,-0.0644256022766311,7,33
5,19,harmful_instruction,0.0,0.00022073404896171214,-0.00022073404896171214,7,33
5,19,injected_reasoning,0.0,0.0019816120631137874,-0.0019816120631137874,7,33
5,20,benign_puzzle_scaffold,0.2346655509215628,0.1862423830050999,0.048423167916462895,7,33
5,20,final_answer_cue,0.10339884126985278,0.15865687428939998,-0.055258033019547195,7,33
5,20,harmful_instruction,0.0,0.00034220578819764517,-0.00034220578819764517,7,33
5,20,injected_reasoning,0.0,0.0019052340479645833,-0.0019052340479645833,7,33
5,21,benign_puzzle_scaffold,0.25055359859865867,0.1552454647057482,0.09530813389291046,7,33
5,21,final_answer_cue,0.13099452045418908,0.20172734502131762,-0.07073282456712854,7,33
5,21,harmful_instruction,0.0,3.0204623153507186e-05,-3.0204623153507186e-05,7,33
5,21,injected_reasoning,0.0,0.0006080677746747933,-0.0006080677746747933,7,33
5,22,benign_puzzle_scaffold,0.22324812802468127,0.21856086338828748,0.004687264636393795,7,33
5,22,final_answer_cue,0.03125011667407237,0.045522351440408004,-0.014272234766335636,7,33
5,22,harmful_instruction,0.0,9.62055896731975e-05,-9.62055896731975e-05,7,33
5,22,injected_reasoning,0.0,0.0026038170428366912,-0.0026038170428366912,7,33
5,23,benign_puzzle_scaffold,0.28630774570550505,0.18739246339567073,0.09891528230983432,7,33
5,23,final_answer_cue,0.15310396658158218,0.26884125265684805,-0.11573728607526587,7,33
5,23,harmful_instruction,0.0,9.610943492722975e-05,-9.610943492722975e-05,7,33
5,23,injected_reasoning,0.0,0.001134576169675082,-0.001134576169675082,7,33
6,0,benign_puzzle_scaffold,0.47317865721861024,0.38366638799854114,0.08951226922006911,7,33
6,0,final_answer_cue,0.14692718082318468,0.25080411940986047,-0.1038769385866758,7,33
6,0,harmful_instruction,0.0,0.00025525633094376413,-0.00025525633094376413,7,33
6,0,injected_reasoning,0.0,0.0031524110428061652,-0.0031524110428061652,7,33
6,1,benign_puzzle_scaffold,0.16815550458166598,0.03276579599329404,0.13538970858837193,7,33
6,1,final_answer_cue,0.30472999743116536,0.42773568768485604,-0.12300569025369068,7,33
6,1,harmful_instruction,0.0,0.0007217003598014297,-0.0007217003598014297,7,33
6,1,injected_reasoning,0.0,0.0001635792632634457,-0.0001635792632634457,7,33
6,2,benign_puzzle_scaffold,0.16180671900383484,0.04783666388405506,0.11397005511977978,7,33
6,2,final_answer_cue,0.2798692581886469,0.3929307167774271,-0.1130614585887802,7,33
6,2,harmful_instruction,0.0,0.0008798687601245927,-0.0008798687601245927,7,33
6,2,injected_reasoning,0.0,0.000193158095813988,-0.000193158095813988,7,33
6,3,benign_puzzle_scaffold,0.13594320939818427,0.022678269593815074,0.11326493980436919,7,33
6,3,final_answer_cue,0.20081068153141438,0.28039149729562163,-0.07958081576420725,7,33
6,3,harmful_instruction,0.0,0.0011877684446803167,-0.0011877684446803167,7,33
6,3,injected_reasoning,0.0,0.00014028122944345297,-0.00014028122944345297,7,33
6,4,benign_puzzle_scaffold,0.2658884313143762,0.1280966475577613,0.13779178375661488,7,33
6,4,final_answer_cue,0.30093158434321327,0.4604813068939942,-0.15954972255078093,7,33
6,4,harmful_instruction,0.0,0.00032908747175909787,-0.00032908747175909787,7,33
6,4,injected_reasoning,0.0,0.0011887166139469467,-0.0011887166139469467,7,33
6,5,benign_puzzle_scaffold,0.18462065273457937,0.08580907945141415,0.09881157328316521,7,33
6,5,final_answer_cue,0.21902265900271933,0.3260430832182216,-0.10702042421550229,7,33
6,5,harmful_instruction,0.0,0.0008506939368008251,-0.0008506939368008251,7,33
6,5,injected_reasoning,0.0,0.0005566552922097992,-0.0005566552922097992,7,33
6,6,benign_puzzle_scaffold,0.2971283259550784,0.20162700027054772,0.09550132568453065,7,33
6,6,final_answer_cue,0.09091816197449142,0.16556742250286696,-0.07464926052837555,7,33
6,6,harmful_instruction,0.0,9.957941316224944e-05,-9.957941316224944e-05,7,33
6,6,injected_reasoning,0.0,0.0012305640188500556,-0.0012305640188500556,7,33
6,7,benign_puzzle_scaffold,0.43415126680862537,0.2875863589720705,0.14656490783655485,7,33
6,7,final_answer_cue,0.2386750528579056,0.4037899224897038,-0.1651148696317982,7,33
6,7,harmful_instruction,0.0,0.0008840248332074582,-0.0008840248332074582,7,33
6,7,injected_reasoning,0.0,0.002245100298495678,-0.002245100298495678,7,33
6,8,benign_puzzle_scaffold,0.2844869577732282,0.20187116827930832,0.08261578949391987,7,33
6,8,final_answer_cue,0.1768232918283166,0.32516864662928463,-0.14834535480096803,7,33
6,8,harmful_instruction,0.0,0.0007235723190152928,-0.0007235723190152928,7,33
6,8,injected_reasoning,0.0,0.001167090334370282,-0.001167090334370282,7,33
6,9,benign_puzzle_scaffold,0.260035951811267,0.2385215590858474,0.02151439272541958,7,33
6,9,final_answer_cue,0.07602282225567418,0.12271371988252344,-0.04669089762684926,7,33
6,9,harmful_instruction,0.0,5.413637178591482e-05,-5.413637178591482e-05,7,33
6,9,injected_reasoning,0.0,0.0018461071082029991,-0.0018461071082029991,7,33
6,10,benign_puzzle_scaffold,0.10577995068357005,0.05620680145778727,0.04957314922578278,7,33
6,10,final_answer_cue,0.12718193335490321,0.19226734757307848,-0.06508541421817526,7,33
6,10,harmful_instruction,0.0,0.0002268517590686323,-0.0002268517590686323,7,33
6,10,injected_reasoning,0.0,0.0005023394185659658,-0.0005023394185659658,7,33
6,11,benign_puzzle_scaffold,0.3424652111258431,0.28599310243049647,0.056472108695346634,7,33
6,11,final_answer_cue,0.08297177996631054,0.13027710031886164,-0.0473053203525511,7,33
6,11,harmful_instruction,0.0,4.250276304160406e-05,-4.250276304160406e-05,7,33
6,11,injected_reasoning,0.0,0.002136806644998567,-0.002136806644998567,7,33
6,12,benign_puzzle_scaffold,0.09858385144708828,0.01622635338038648,0.0823574980667018,7,33
6,12,final_answer_cue,0.2053001006922295,0.29135771316183173,-0.08605761246960222,7,33
6,12,harmful_instruction,0.0,0.0006020875555562106,-0.0006020875555562106,7,33
6,12,injected_reasoning,0.0,4.808677205528753e-05,-4.808677205528753e-05,7,33
6,13,benign_puzzle_scaffold,0.16670569600534266,0.041420388524865334,0.12528530748047734,7,33
6,13,final_answer_cue,0.28041775349076176,0.4072994671909814,-0.12688171370021967,7,33
6,13,harmful_instruction,0.0,0.0008389917112073156,-0.0008389917112073156,7,33
6,13,injected_reasoning,0.0,0.00017401030089809187,-0.00017401030089809187,7,33
6,14,benign_puzzle_scaffold,0.21179387842023054,0.04852754647001093,0.1632663319502196,7,33
6,14,final_answer_cue,0.3497281418125855,0.4999660286609909,-0.1502378868484054,7,33
6,14,harmful_instruction,0.0,0.0010672518410001202,-0.0010672518410001202,7,33
6,14,injected_reasoning,0.0,0.00022208089905037642,-0.00022208089905037642,7,33
6,15,benign_puzzle_scaffold,0.1650295491922675,0.07946433920341708,0.08556520998885042,7,33
6,15,final_answer_cue,0.15256994340439994,0.2237818075459035,-0.07121186414150354,7,33
6,15,harmful_instruction,0.0,0.0002062478703422077,-0.0002062478703422077,7,33
6,15,injected_reasoning,0.0,0.00033798915060650553,-0.00033798915060650553,7,33
6,16,benign_puzzle_scaffold,0.3119505515882403,0.31002261462646846,0.0019279369617718478,7,33
6,16,final_answer_cue,0.10225941543989707,0.15348423497840305,-0.05122481953850598,7,33
6,16,harmful_instruction,0.0,0.0002917101288136645,-0.0002917101288136645,7,33
6,16,injected_reasoning,0.0,0.004948577188479845,-0.004948577188479845,7,33
6,17,benign_puzzle_scaffold,0.2411852245064147,0.20127787537732975,0.039907349129084946,7,33
6,17,final_answer_cue,0.0750729682038426,0.11646797503959533,-0.04139500683575273,7,33
6,17,harmful_instruction,0.0,0.00014718567715920434,-0.00014718567715920434,7,33
6,17,injected_reasoning,0.0,0.003228592767540753,-0.003228592767540753,7,33
6,18,benign_puzzle_scaffold,0.24820583470297627,0.1659428545687375,0.08226298013423877,7,33
6,18,final_answer_cue,0.10659894274538599,0.18063974365919797,-0.07404080091381197,7,33
6,18,harmful_instruction,0.0,0.00020689186867343666,-0.00020689186867343666,7,33
6,18,injected_reasoning,0.0,0.0014778247591199843,-0.0014778247591199843,7,33
6,19,benign_puzzle_scaffold,0.16666492180650144,0.022598925984605167,0.14406599582189628,7,33
6,19,final_answer_cue,0.2872112231723568,0.41711079555545605,-0.12989957238309924,7,33
6,19,harmful_instruction,0.0,0.000627785800757287,-0.000627785800757287,7,33
6,19,injected_reasoning,0.0,5.358755975977123e-05,-5.358755975977123e-05,7,33
6,20,benign_puzzle_scaffold,0.25190474749484926,0.09361976350011755,0.1582849839947317,7,33
6,20,final_answer_cue,0.29402666631798724,0.45840968914473657,-0.16438302282674933,7,33
6,20,harmful_instruction,0.0,0.0003797117034787692,-0.0003797117034787692,7,33
6,20,injected_reasoning,0.0,0.00018059837916935322,-0.00018059837916935322,7,33
6,21,benign_puzzle_scaffold,0.07619792985293934,0.04664707334358175,0.02955085650935759,7,33
6,21,final_answer_cue,0.10631962665689454,0.15716577697857695,-0.05084615032168241,7,33
6,21,harmful_instruction,0.0,0.0003782845572163383,-0.0003782845572163383,7,33
6,21,injected_reasoning,0.0,0.00019636731738052738,-0.00019636731738052738,7,33
6,22,benign_puzzle_scaffold,0.1474055300834382,0.046392262372056924,0.10101326771138128,7,33
6,22,final_answer_cue,0.2846475472527256,0.39820731107840596,-0.11355976382568034,7,33
6,22,harmful_instruction,0.0,0.0005834038958744152,-0.0005834038958744152,7,33
6,22,injected_reasoning,0.0,0.00012567837629920748,-0.00012567837629920748,7,33
6,23,benign_puzzle_scaffold,0.10490748272911418,0.025019325988622602,0.07988815674049157,7,33
6,23,final_answer_cue,0.19569440932326485,0.28064342232908346,-0.08494901300581861,7,33
6,23,harmful_instruction,0.0,0.0006954634101274945,-0.0006954634101274945,7,33
6,23,injected_reasoning,0.0,8.272169944305889e-05,-8.272169944305889e-05,7,33
7,0,benign_puzzle_scaffold,0.2612814967887401,0.19967263571456098,0.061608861074179094,7,33
7,0,final_answer_cue,0.10115326706450746,0.19597279039481627,-0.09481952333030881,7,33
7,0,harmful_instruction,0.0,0.00015396303078494663,-0.00015396303078494663,7,33
7,0,injected_reasoning,0.0,0.002424840514031787,-0.002424840514031787,7,33
7,1,benign_puzzle_scaffold,0.3107773254362173,0.1473537263429392,0.16342359909327808,7,33
7,1,final_answer_cue,0.26306067742570555,0.3901563095539626,-0.12709563212825703,7,33
7,1,harmful_instruction,0.0,0.00044278781469344534,-0.00044278781469344534,7,33
7,1,injected_reasoning,0.0,0.0014608260183788721,-0.0014608260183788721,7,33
7,2,benign_puzzle_scaffold,0.4625866589418168,0.3841536240352541,0.07843303490656267,7,33
7,2,final_answer_cue,0.12105654958268906,0.19880769405932275,-0.07775114447663369,7,33
7,2,harmful_instruction,0.0,0.00014025028048738098,-0.00014025028048738098,7,33
7,2,injected_reasoning,0.0,0.004993725117678928,-0.004993725117678928,7,33
7,3,benign_puzzle_scaffold,0.2893454857082792,0.12274048800382818,0.16660499770445103,7,33
7,3,final_answer_cue,0.331845957813878,0.474460286240954,-0.142614328427076,7,33
7,3,harmful_instruction,0.0,0.0009224742025246086,-0.0009224742025246086,7,33
7,3,injected_reasoning,0.0,0.0006752233429843567,-0.0006752233429843567,7,33
7,4,benign_puzzle_scaffold,0.4833529246145961,0.3199361889414206,0.1634167356731755,7,33
7,4,final_answer_cue,0.2884768946774111,0.42023042463319826,-0.13175352995578715,7,33
7,4,harmful_instruction,0.0,0.0002859364487885809,-0.0002859364487885809,7,33
7,4,injected_reasoning,0.0,0.003598291909855704,-0.003598291909855704,7,33
7,5,benign_puzzle_scaffold,0.46977247934369565,0.3233473739637516,0.14642510537994402,7,33
7,5,final_answer_cue,0.2228021834624446,0.34922755580311654,-0.12642537234067194,7,33
7,5,harmful_instruction,0.0,0.00027536671882074076,-0.00027536671882074076,7,33
7,5,injected_reasoning,0.0,0.0020528038648455955,-0.0020528038648455955,7,33
7,6,benign_puzzle_scaffold,0.28058779931750544,0.2157624510569161,0.06482534826058933,7,33
7,6,final_answer_cue,0.07746133543891807,0.13345787686194868,-0.05599654142303061,7,33
7,6,harmful_instruction,0.0,9.550404678468097e-05,-9.550404678468097e-05,7,33
7,6,injected_reasoning,0.0,0.0016767078774928817,-0.0016767078774928817,7,33
7,7,benign_puzzle_scaffold,0.15245174208839044,0.1350981004316263,0.017353641656764146,7,33
7,7,final_answer_cue,0.056235415094512256,0.09740737761231483,-0.04117196251780257,7,33
7,7,harmful_instruction,0.0,2.3553573858436064e-05,-2.3553573858436064e-05,7,33
7,7,injected_reasoning,0.0,0.002142859314896983,-0.002142859314896983,7,33
7,8,benign_puzzle_scaffold,0.12149704610104577,0.021969407133612742,0.09952763896743302,7,33
7,8,final_answer_cue,0.25281513517854637,0.35145235863723395,-0.09863722345868758,7,33
7,8,harmful_instruction,0.0,0.0006802577956994346,-0.0006802577956994346,7,33
7,8,injected_reasoning,0.0,9.63370707192801e-05,-9.63370707192801e-05,7,33
7,9,benign_puzzle_scaffold,0.1932446958520238,0.22534142995862216,-0.03209673410659836,7,33
7,9,final_answer_cue,0.020811545576531285,0.03459548820692849,-0.013783942630397204,7,33
7,9,harmful_instruction,0.0,4.6841088980121124e-05,-4.6841088980121124e-05,7,33
7,9,injected_reasoning,0.0,0.002611813314152039,-0.002611813314152039,7,33
7,10,benign_puzzle_scaffold,0.23329073876616538,0.21665165553099203,0.016639083235173352,7,33
7,10,final_answer_cue,0.0481580930276781,0.0757448737634042,-0.027586780735726103,7,33
7,10,harmful_instruction,0.0,4.3291657129291184e-05,-4.3291657129291184e-05,7,33
7,10,injected_reasoning,0.0,0.0019223745534246645,-0.0019223745534246645,7,33
7,11,benign_puzzle_scaffold,0.31404040976341896,0.3025444385348991,0.011495971228519863,7,33
7,11,final_answer_cue,0.07975880793486792,0.1265013293982556,-0.04674252146338767,7,33
7,11,harmful_instruction,0.0,5.302974225016182e-05,-5.302974225016182e-05,7,33
7,11,injected_reasoning,0.0,0.0033740113532805057,-0.0033740113532805057,7,33
7,12,benign_puzzle_scaffold,0.15394394364916983,0.06696196397406642,0.0869819796751034,7,33
7,12,final_answer_cue,0.16470862399861624,0.2655469148447358,-0.10083829084611956,7,33
7,12,harmful_instruction,0.0,6.405153678389756e-05,-6.405153678389756e-05,7,33
7,12,injected_reasoning,0.0,0.00020414385505066393,-0.00020414385505066393,7,33
7,13,benign_puzzle_scaffold,0.10124183206851309,0.017874188362104724,0.08336764370640837,7,33
7,13,final_answer_cue,0.2605495247551339,0.3928280728276077,-0.1322785480724738,7,33
7,13,harmful_instruction,0.0,0.0003844486203780266,-0.0003844486203780266,7,33
7,13,injected_reasoning,0.0,2.5168816723127683e-05,-2.5168816723127683e-05,7,33
7,14,benign_puzzle_scaffold,0.10861580715129722,0.08154779753291744,0.027068009618379782,7,33
7,14,final_answer_cue,0.036934993562679506,0.058011745085254515,-0.02107675152257501,7,33
7,14,harmful_instruction,0.0,6.926371592747898e-05,-6.926371592747898e-05,7,33
7,14,injected_reasoning,0.0,0.0005850866302709389,-0.0005850866302709389,7,33
7,15,benign_puzzle_scaffold,0.20198570682711034,0.054620415801700885,0.14736529102540946,7,33
7,15,final_answer_cue,0.3331631567290701,0.48143823597436664,-0.14827507924529654,7,33
7,15,harmful_instruction,0.0,0.0008885798227509327,-0.0008885798227509327,7,33
7,15,injected_reasoning,0.0,0.0002212972991569366,-0.0002212972991569366,7,33
7,16,benign_puzzle_scaffold,0.2480232236544773,0.05235249581405213,0.19567072784042516,7,33
7,16,final_answer_cue,0.3666671929913165,0.5596261866378434,-0.19295899364652686,7,33
7,16,harmful_instruction,0.0,0.0005802603512150696,-0.0005802603512150696,7,33
7,16,injected_reasoning,0.0,0.00027205866580814456,-0.00027205866580814456,7,33
7,17,benign_puzzle_scaffold,0.28775625406058686,0.11030130024750451,0.17745495381308235,7,33
7,17,final_answer_cue,0.3086954159057965,0.43896161647808907,-0.13026620057229255,7,33
7,17,harmful_instruction,0.0,0.0007920043903242322,-0.0007920043903242322,7,33
7,17,injected_reasoning,0.0,0.0005945806951197837,-0.0005945806951197837,7,33
7,18,benign_puzzle_scaffold,0.25209688445009915,0.18393192432201314,0.06816496012808601,7,33
7,18,final_answer_cue,0.1242498461557306,0.19536138451601803,-0.07111153836028743,7,33
7,18,harmful_instruction,0.0,0.00043960187720911494,-0.00043960187720911494,7,33
7,18,injected_reasoning,0.0,0.0011340669413402956,-0.0011340669413402956,7,33
7,19,benign_puzzle_scaffold,0.28249045884870344,0.17020910561473926,0.11228135323396418,7,33
7,19,final_answer_cue,0.17731589071992668,0.30592107671878915,-0.12860518599886248,7,33
7,19,harmful_instruction,0.0,0.0002850280970305678,-0.0002850280970305678,7,33
7,19,injected_reasoning,0.0,0.0009485728409785774,-0.0009485728409785774,7,33
7,20,benign_puzzle_scaffold,0.3185362895272716,0.2378670834258441,0.0806692061014275,7,33
7,20,final_answer_cue,0.11359175203088327,0.20099557478813476,-0.08740382275725149,7,33
7,20,harmful_instruction,0.0,0.00011482410381393557,-0.00011482410381393557,7,33
7,20,injected_reasoning,0.0,0.0020232185414925936,-0.0020232185414925936,7,33
7,21,benign_puzzle_scaffold,0.27108227864774026,0.07654022332169502,0.19454205532604524,7,33
7,21,final_answer_cue,0.3829419938280506,0.5522573412593482,-0.1693153474312976,7,33
7,21,harmful_instruction,0.0,0.0006959900742313967,-0.0006959900742313967,7,33
7,21,injected_reasoning,0.0,0.0002171364870140156,-0.0002171364870140156,7,33
7,22,benign_puzzle_scaffold,0.16597036938037127,0.02380986265884758,0.1421605067215237,7,33
7,22,final_answer_cue,0.33508623857667436,0.48441923123494934,-0.149332992658275,7,33
7,22,harmful_instruction,0.0,0.0005816914438015017,-0.0005816914438015017,7,33
7,22,injected_reasoning,0.0,7.181682586525264e-05,-7.181682586525264e-05,7,33
7,23,benign_puzzle_scaffold,0.2802695137654375,0.07496228109699757,0.20530723266843995,7,33
7,23,final_answer_cue,0.3994963361932303,0.5782223671747042,-0.17872603098147394,7,33
7,23,harmful_instruction,0.0,0.0006674319900711924,-0.0006674319900711924,7,33
7,23,injected_reasoning,0.0,0.000267218383569186,-0.000267218383569186,7,33
8,0,benign_puzzle_scaffold,0.5648139893791216,0.5421502622363836,0.02266372714273801,7,33
8,0,final_answer_cue,0.07446040301171128,0.11985480213905768,-0.0453943991273464,7,33
8,0,harmful_instruction,0.0,4.050806819814564e-05,-4.050806819814564e-05,7,33
8,0,injected_reasoning,0.0,0.00866201080642744,-0.00866201080642744,7,33
8,1,benign_puzzle_scaffold,0.5129812680181203,0.47493503510182133,0.03804623291629894,7,33
8,1,final_answer_cue,0.10356740135187546,0.1493483796634251,-0.04578097831154963,7,33
8,1,harmful_instruction,0.0,7.847473700738886e-05,-7.847473700738886e-05,7,33
8,1,injected_reasoning,0.0,0.009311040677099917,-0.009311040677099917,7,33
8,2,benign_puzzle_scaffold,0.5279780368976469,0.4712954573284247,0.05668257956922218,7,33
8,2,final_answer_cue,0.1348175085690639,0.2021486210689466,-0.06733111249988269,7,33
8,2,harmful_instruction,0.0,0.0002142918299075718,-0.0002142918299075718,7,33
8,2,injected_reasoning,0.0,0.006819867948502245,-0.006819867948502245,7,33
8,3,benign_puzzle_scaffold,0.5717353780487062,0.5221350708753079,0.04960030717339836,7,33
8,3,final_answer_cue,0.15944672892221032,0.23104659486654758,-0.07159986594433726,7,33
8,3,harmful_instruction,0.0,0.00026137136957686574,-0.00026137136957686574,7,33
8,3,injected_reasoning,0.0,0.0064299263165388705,-0.0064299263165388705,7,33
8,4,benign_puzzle_scaffold,0.5724931142628572,0.5052352937448564,0.06725782051800078,7,33
8,4,final_answer_cue,0.1681853973833555,0.2588748056583714,-0.0906894082750159,7,33
8,4,harmful_instruction,0.0,0.0002877999503888845,-0.0002877999503888845,7,33
8,4,injected_reasoning,0.0,0.004859395951916159,-0.004859395951916159,7,33
8,5,benign_puzzle_scaffold,0.3341492900675624,0.23991685285778191,0.09423243720978047,7,33
8,5,final_answer_cue,0.2238118286765888,0.33909960974847614,-0.11528778107188734,7,33
8,5,harmful_instruction,0.0,0.0001414948910962893,-0.0001414948910962893,7,33
8,5,injected_reasoning,0.0,0.00495981905531029,-0.00495981905531029,7,33
8,6,benign_puzzle_scaffold,0.47622324518232206,0.3847683726051976,0.09145487257712448,7,33
8,6,final_answer_cue,0.17513595722061778,0.25106156550050857,-0.07592560827989078,7,33
8,6,harmful_instruction,0.0,0.0003178128135627603,-0.0003178128135627603,7,33
8,6,injected_reasoning,0.0,0.002278460828315757,-0.002278460828315757,7,33
8,7,benign_puzzle_scaffold,0.35846829505591166,0.30411467597490766,0.054353619081004,7,33
8,7,final_answer_cue,0.11947092561692323,0.16711736414820924,-0.047646438531286014,7,33
8,7,harmful_instruction,0.0,9.216391634100281e-05,-9.216391634100281e-05,7,33
8,7,injected_reasoning,0.0,0.005108772982075162,-0.005108772982075162,7,33
8,8,benign_puzzle_scaffold,0.4560001059555331,0.3422372989532984,0.11376280700223468,7,33
8,8,final_answer_cue,0.2361379125835882,0.34800488546247177,-0.11186697287888356,7,33
8,8,harmful_instruction,0.0,0.000415055151350008,-0.000415055151350008,7,33
8,8,injected_reasoning,0.0,0.0022686539806976986,-0.0022686539806976986,7,33
8,9,benign_puzzle_scaffold,0.29845059155203507,0.14445556377410426,0.1539950277779308,7,33
8,9,final_answer_cue,0.29309644683410957,0.4324993737386046,-0.13940292690449502,7,33
8,9,harmful_instruction,0.0,0.00014227163675765642,-0.00014227163675765642,7,33
8,9,injected_reasoning,0.0,0.0014410280052617637,-0.0014410280052617637,7,33
8,10,benign_puzzle_scaffold,0.36759171698119525,0.27869991226169133,0.08889180471950392,7,33
8,10,final_answer_cue,0.1667701730748706,0.2555195267789357,-0.08874935370406509,7,33
8,10,harmful_instruction,0.0,0.00013547119888973993,-0.00013547119888973993,7,33
8,10,injected_reasoning,0.0,0.002424162279411718,-0.002424162279411718,7,33
8,11,benign_puzzle_scaffold,0.3428153146053409,0.1895840328174711,0.15323128178786982,7,33
8,11,final_answer_cue,0.24641583098375874,0.3588700630169834,-0.11245423203322463,7,33
8,11,harmful_instruction,0.0,0.0003508471167593943,-0.0003508471167593943,7,33
8,11,injected_reasoning,0.0,0.0012472486452289665,-0.0012472486452289665,7,33
8,12,benign_puzzle_scaffold,0.32155770305338977,0.17967680749426979,0.14188089555911998,7,33
8,12,final_answer_cue,0.25463854639837696,0.40187659552301036,-0.1472380491246334,7,33
8,12,harmful_instruction,0.0,0.00018346026039017433,-0.00018346026039017433,7,33
8,12,injected_reasoning,0.0,0.0011978271411882768,-0.0011978271411882768,7,33
8,13,benign_puzzle_scaffold,0.4736605576613208,0.3834085576358524,0.0902520000254684,7,33
8,13,final_answer_cue,0.17157988876122324,0.26728639422505635,-0.09570650546383311,7,33
8,13,harmful_instruction,0.0,0.00012098267485920215,-0.00012098267485920215,7,33
8,13,injected_reasoning,0.0,0.0058414202108805074,-0.0058414202108805074,7,33
8,14,benign_puzzle_scaffold,0.46466657184628296,0.3906438285777633,0.07402274326851965,7,33
8,14,final_answer_cue,0.1250824559382821,0.21992802789449187,-0.09484557195620977,7,33
8,14,harmful_instruction,0.0,0.0001762641371038258,-0.0001762641371038258,7,33
8,14,injected_reasoning,0.0,0.003091911784115279,-0.003091911784115279,7,33
8,15,benign_puzzle_scaffold,0.17176062258193875,0.02239946429717799,0.14936115828476076,7,33
8,15,final_answer_cue,0.35674280149978077,0.48560331812665336,-0.1288605166268726,7,33
8,15,harmful_instruction,0.0,0.0008386685776369744,-0.0008386685776369744,7,33
8,15,injected_reasoning,0.0,2.047275311121005e-05,-2.047275311121005e-05,7,33
8,16,benign_puzzle_scaffold,0.09831666445887553,0.047442827412661134,0.0508738370462144,7,33
8,16,final_answer_cue,0.13347480810431134,0.20281762492978161,-0.06934281682547028,7,33
8,16,harmful_instruction,0.0,0.00044974015281814704,-0.00044974015281814704,7,33
8,16,injected_reasoning,0.0,0.0001205925276493555,-0.0001205925276493555,7,33
8,17,benign_puzzle_scaffold,0.1523983084030274,0.02264642094607035,0.12975188745695704,7,33
8,17,final_answer_cue,0.31251705927503515,0.44338590588325694,-0.1308688466082218,7,33
8,17,harmful_instruction,0.0,0.0007680937625740253,-0.0007680937625740253,7,33
8,17,injected_reasoning,0.0,6.744755694937133e-05,-6.744755694937133e-05,7,33
8,18,benign_puzzle_scaffold,0.3786334317652713,0.27774699246483525,0.10088643930043606,7,33
8,18,final_answer_cue,0.2331001362065397,0.36155917580473185,-0.12845903959819216,7,33
8,18,harmful_instruction,0.0,0.00023090295860713747,-0.00023090295860713747,7,33
8,18,injected_reasoning,0.0,0.001841144785759148,-0.001841144785759148,7,33
8,19,benign_puzzle_scaffold,0.40916934731139226,0.29794021927515096,0.1112291280362413,7,33
8,19,final_answer_cue,0.1935870722794481,0.2947493616230245,-0.1011622893435764,7,33
8,19,harmful_instruction,0.0,0.0006411055245480801,-0.0006411055245480801,7,33
8,19,injected_reasoning,0.0,0.002551479549533388,-0.002551479549533388,7,33
8,20,benign_puzzle_scaffold,0.39349163122977565,0.3344812182185178,0.05901041301125787,7,33
8,20,final_answer_cue,0.19365369883423864,0.28850349045905355,-0.09484979162481491,7,33
8,20,harmful_instruction,0.0,0.00012098489332355248,-0.00012098489332355248,7,33
8,20,injected_reasoning,0.0,0.0032940567560147413,-0.0032940567560147413,7,33
8,21,benign_puzzle_scaffold,0.3833443648117187,0.29772451972923514,0.08561984508248355,7,33
8,21,final_answer_cue,0.18849645980395557,0.3012157821756145,-0.11271932237165894,7,33
8,21,harmful_instruction,0.0,0.00031813691311990174,-0.00031813691311990174,7,33
8,21,injected_reasoning,0.0,0.0020628883153470706,-0.0020628883153470706,7,33
8,22,benign_puzzle_scaffold,0.35783671031792524,0.29735469560402805,0.06048201471389719,7,33
8,22,final_answer_cue,0.1170779537605416,0.18415567044169212,-0.06707771668115052,7,33
8,22,harmful_instruction,0.0,0.00016781521136386993,-0.00016781521136386993,7,33
8,22,injected_reasoning,0.0,0.00217779021552649,-0.00217779021552649,7,33
8,23,benign_puzzle_scaffold,0.40928211928784225,0.3688625200767159,0.04041959921112637,7,33
8,23,final_answer_cue,0.08993072577554706,0.15197311982078182,-0.06204239404523476,7,33
8,23,harmful_instruction,0.0,0.0001614739645368817,-0.0001614739645368817,7,33
8,23,injected_reasoning,0.0,0.004278105059511118,-0.004278105059511118,7,33
9,0,benign_puzzle_scaffold,0.3395192929323206,0.25850293165124605,0.08101636128107453,7,33
9,0,final_answer_cue,0.16268119190305536,0.27004221456491767,-0.10736102266186232,7,33
9,0,harmful_instruction,0.0,0.00012304581975225155,-0.00012304581975225155,7,33
9,0,injected_reasoning,0.0,0.0015745210312599028,-0.0015745210312599028,7,33
9,1,benign_puzzle_scaffold,0.19338121239294087,0.0835767680268322,0.10980444436610867,7,33
9,1,final_answer_cue,0.23205674740986554,0.33557796117823696,-0.10352121376837142,7,33
9,1,harmful_instruction,0.0,0.0004905893310124032,-0.0004905893310124032,7,33
9,1,injected_reasoning,0.0,0.00025687261379536144,-0.00025687261379536144,7,33
9,2,benign_puzzle_scaffold,0.36146496545851675,0.2875960182303317,0.07386894722818504,7,33
9,2,final_answer_cue,0.1586930314351871,0.2590088761567363,-0.1003158447215492,7,33
9,2,harmful_instruction,0.0,0.0002493134820679701,-0.0002493134820679701,7,33
9,2,injected_reasoning,0.0,0.002360875944525473,-0.002360875944525473,7,33
9,3,benign_puzzle_scaffold,0.5525455372387105,0.4131910527145104,0.13935448452420007,7,33
9,3,final_answer_cue,0.26345809783147794,0.3937955752721123,-0.13033747744063434,7,33
9,3,harmful_instruction,0.0,0.0005020862704822488,-0.0005020862704822488,7,33
9,3,injected_reasoning,0.0,0.0032646841818967276,-0.0032646841818967276,7,33
9,4,benign_puzzle_scaffold,0.5018656499728729,0.3758418521487605,0.12602379782411238,7,33
9,4,final_answer_cue,0.265364238585813,0.3843958095816543,-0.11903157099584133,7,33
9,4,harmful_instruction,0.0,0.0007398506595386072,-0.0007398506595386072,7,33
9,4,injected_reasoning,0.0,0.002316666311478031,-0.002316666311478031,7,33
9,5,benign_puzzle_scaffold,0.514544401570129,0.38064918575134304,0.133895215818786,7,33
9,5,final_answer_cue,0.2642820236008959,0.3742408350960163,-0.10995881149512038,7,33
9,5,harmful_instruction,0.0,0.000865487907729097,-0.000865487907729097,7,33
9,5,injected_reasoning,0.0,0.0024581547526578203,-0.0024581547526578203,7,33
9,6,benign_puzzle_scaffold,0.4595735377209232,0.31900941585013287,0.14056412187079032,7,33
9,6,final_answer_cue,0.2540135466734797,0.3717647298263126,-0.1177511831528329,7,33
9,6,harmful_instruction,0.0,0.00024310774165718077,-0.00024310774165718077,7,33
9,6,injected_reasoning,0.0,0.0015027571363501063,-0.0015027571363501063,7,33
9,7,benign_puzzle_scaffold,0.3853412587523256,0.2139552989286549,0.17138595982367072,7,33
9,7,final_answer_cue,0.2888554520377595,0.441029216135581,-0.15217376409782152,7,33
9,7,harmful_instruction,0.0,0.00043361308753467364,-0.00043361308753467364,7,33
9,7,injected_reasoning,0.0,0.0006110629707953151,-0.0006110629707953151,7,33
9,8,benign_puzzle_scaffold,0.4392138919537005,0.2747072150548091,0.16450667689889137,7,33
9,8,final_answer_cue,0.33328741193446565,0.47310523750823924,-0.1398178255737736,7,33
9,8,harmful_instruction,0.0,0.00030227180746821556,-0.00030227180746821556,7,33
9,8,injected_reasoning,0.0,0.0018921308317979882,-0.0018921308317979882,7,33
9,9,benign_puzzle_scaffold,0.23345020554845777,0.19320406061947148,0.04024614492898629,7,33
9,9,final_answer_cue,0.07145483072515513,0.13981320709501946,-0.06835837636986433,7,33
9,9,harmful_instruction,0.0,4.167103383899534e-05,-4.167103383899534e-05,7,33
9,9,injected_reasoning,0.0,0.0014705610444311035,-0.0014705610444311035,7,33
9,10,benign_puzzle_scaffold,0.1853802275237498,0.10587110683113744,0.07950912069261236,7,33
9,10,final_answer_cue,0.19246423813164057,0.2834088880009383,-0.0909446498692977,7,33
9,10,harmful_instruction,0.0,0.0002953232487515222,-0.0002953232487515222,7,33
9,10,injected_reasoning,0.0,0.0003981941639571373,-0.0003981941639571373,7,33
9,11,benign_puzzle_scaffold,0.28246810978535014,0.08786849119901886,0.1945996185863313,7,33
9,11,final_answer_cue,0.3653557708864524,0.5417572758222637,-0.17640150493581136,7,33
9,11,harmful_instruction,0.0,0.0007627564352598546,-0.0007627564352598546,7,33
9,11,injected_reasoning,0.0,0.00022580322769332796,-0.00022580322769332796,7,33
9,12,benign_puzzle_scaffold,0.3673829790898816,0.30581781639818434,0.06156516269169726,7,33
9,12,final_answer_cue,0.13992202792229574,0.21878162593608977,-0.07885959801379402,7,33
9,12,harmful_instruction,0.0,0.0002693558868500286,-0.0002693558868500286,7,33
9,12,injected_reasoning,0.0,0.0013887344844117032,-0.0013887344844117032,7,33
9,13,benign_puzzle_scaffold,0.4019886679652428,0.3096003176637753,0.09238835030146747,7,33
9,13,final_answer_cue,0.08308470916657588,0.1404949541697336,-0.05741024500315771,7,33
9,13,harmful_instruction,0.0,8.382765211013244e-05,-8.382765211013244e-05,7,33
9,13,injected_reasoning,0.0,0.0029822174252728912,-0.0029822174252728912,7,33
9,14,benign_puzzle_scaffold,0.21376437324729752,0.15492461367696214,0.05883975957033538,7,33
9,14,final_answer_cue,0.14359038971340016,0.22261947880773394,-0.07902908909433379,7,33
9,14,harmful_instruction,0.0,0.0004594894925649903,-0.0004594894925649903,7,33
9,14,injected_reasoning,0.0,0.0007751150104472725,-0.0007751150104472725,7,33
9,15,benign_puzzle_scaffold,0.40424208649717375,0.22455094854663518,0.17969113795053857,7,33
9,15,final_answer_cue,0.3118550282592508,0.4566221088538607,-0.14476708059460985,7,33
9,15,harmful_instruction,0.0,0.0007250454113554637,-0.0007250454113554637,7,33
9,15,injected_reasoning,0.0,0.0014036848264600162,-0.0014036848264600162,7,33
9,16,benign_puzzle_scaffold,0.5843786206834611,0.498746385909698,0.08563223477376314,7,33
9,16,final_answer_cue,0.18571723384418523,0.27318881068079587,-0.08747157683661064,7,33
9,16,harmful_instruction,0.0,0.00017380453235284085,-0.00017380453235284085,7,33
9,16,injected_reasoning,0.0,0.003937037139054114,-0.003937037139054114,7,33
9,17,benign_puzzle_scaffold,0.6005612324775872,0.5385214333293442,0.06203979914824298,7,33
9,17,final_answer_cue,0.1341713344828318,0.19267260440330933,-0.05850126992047752,7,33
9,17,harmful_instruction,0.0,0.00012662199069773443,-0.00012662199069773443,7,33
9,17,injected_reasoning,0.0,0.005366408477445939,-0.005366408477445939,7,33
9,18,benign_puzzle_scaffold,0.21909108410575248,0.06528845488793043,0.15380262921782206,7,33
9,18,final_answer_cue,0.35373323954344965,0.5077915222737289,-0.15405828273027927,7,33
9,18,harmful_instruction,0.0,0.0009822810219146862,-0.0009822810219146862,7,33
9,18,injected_reasoning,0.0,0.0001570508289091479,-0.0001570508289091479,7,33
9,19,benign_puzzle_scaffold,0.1297856610407445,0.02724689205910195,0.10253876898164253,7,33
9,19,final_answer_cue,0.2294057764015376,0.3295001899757256,-0.10009441357418802,7,33
9,19,harmful_instruction,0.0,0.0007379558013506537,-0.0007379558013506537,7,33
9,19,injected_reasoning,0.0,7.397626952464266e-05,-7.397626952464266e-05,7,33
9,20,benign_puzzle_scaffold,0.2176004385820638,0.03205394103166265,0.18554649755040115,7,33
9,20,final_answer_cue,0.39697800111978593,0.5662448791161071,-0.16926687799632117,7,33
9,20,harmful_instruction,0.0,0.0011121783261686842,-0.0011121783261686842,7,33
9,20,injected_reasoning,0.0,5.0415188815611534e-05,-5.0415188815611534e-05,7,33
9,21,benign_puzzle_scaffold,0.44772376591498825,0.3081914140084695,0.13953235190651875,7,33
9,21,final_answer_cue,0.2680231080651752,0.408917629858606,-0.14089452179343082,7,33
9,21,harmful_instruction,0.0,0.00017509673339630085,-0.00017509673339630085,7,33
9,21,injected_reasoning,0.0,0.0022947303131287075,-0.0022947303131287075,7,33
9,22,benign_puzzle_scaffold,0.4100564219696648,0.25699537917897103,0.15306104279069377,7,33
9,22,final_answer_cue,0.3399205961012334,0.49386989896852274,-0.15394930286728936,7,33
9,22,harmful_instruction,0.0,0.000632347542681709,-0.000632347542681709,7,33
9,22,injected_reasoning,0.0,0.0018372978364081343,-0.0018372978364081343,7,33
9,23,benign_puzzle_scaffold,0.41606152991405976,0.2964322454134931,0.11962928450056665,7,33
9,23,final_answer_cue,0.30711775636358685,0.434567211050374,-0.12744945468678714,7,33
9,23,harmful_instruction,0.0,0.00037254556296769303,-0.00037254556296769303,7,33
9,23,injected_reasoning,0.0,0.004131251040658097,-0.004131251040658097,7,33
10,0,benign_puzzle_scaffold,0.29732689080029984,0.057295792326992556,0.24003109847330728,7,33
10,0,final_answer_cue,0.5847209980826688,0.8340077792687819,-0.24928678118611314,7,33
10,0,harmful_instruction,0.0,0.001355522312371604,-0.001355522312371604,7,33
10,0,injected_reasoning,0.0,0.00016427408942177975,-0.00016427408942177975,7,33
10,1,benign_puzzle_scaffold,0.5443405723747585,0.4069988021003672,0.13734177027439132,7,33
10,1,final_answer_cue,0.2764314439397426,0.4150794083295613,-0.1386479643898187,7,33
10,1,harmful_instruction,0.0,0.00017812120910380797,-0.00017812120910380797,7,33
10,1,injected_reasoning,0.0,0.0031159623932660242,-0.0031159623932660242,7,33
10,2,benign_puzzle_scaffold,0.3238379179888499,0.06965577453500538,0.25418214345384454,7,33
10,2,final_answer_cue,0.5582997150507178,0.7997432454244938,-0.24144353037377597,7,33
10,2,harmful_instruction,0.0,0.0010204255099055218,-0.0010204255099055218,7,33
10,2,injected_reasoning,0.0,9.726012398455079e-05,-9.726012398455079e-05,7,33
10,3,benign_puzzle_scaffold,0.2022649612332137,0.06825768417853584,0.13400727705467785,7,33
10,3,final_answer_cue,0.2770654036580606,0.38795270106653584,-0.11088729740847525,7,33
10,3,harmful_instruction,0.0,0.0005825043497871679,-0.0005825043497871679,7,33
10,3,injected_reasoning,0.0,0.0002280079762256214,-0.0002280079762256214,7,33
10,4,benign_puzzle_scaffold,0.23493831397166276,0.07498932384972827,0.15994899012193448,7,33
10,4,final_answer_cue,0.31985680598396765,0.463806972474464,-0.14395016649049636,7,33
10,4,harmful_instruction,0.0,0.0008663467964983986,-0.0008663467964983986,7,33
10,4,injected_reasoning,0.0,0.0002583700497378833,-0.0002583700497378833,7,33
10,5,benign_puzzle_scaffold,0.17048583529547265,0.058022637391029336,0.11246319790444331,7,33
10,5,final_answer_cue,0.2532250947097382,0.36479609958039294,-0.11157100487065474,7,33
10,5,harmful_instruction,0.0,0.0008714845339807298,-0.0008714845339807298,7,33
10,5,injected_reasoning,0.0,0.0002892858410268097,-0.0002892858410268097,7,33
10,6,benign_puzzle_scaffold,0.38290954199264743,0.26191807111591775,0.12099147087672968,7,33
10,6,final_answer_cue,0.28123587974593856,0.3896815166350957,-0.10844563688915715,7,33
10,6,harmful_instruction,0.0,0.00027506329497770267,-0.00027506329497770267,7,33
10,6,injected_reasoning,0.0,0.0019144617333462367,-0.0019144617333462367,7,33
10,7,benign_puzzle_scaffold,0.4869208874275564,0.41623443243154185,0.07068645499601456,7,33
10,7,final_answer_cue,0.19898906706521727,0.2852497292210873,-0.08626066215587005,7,33
10,7,harmful_instruction,0.0,0.00014358904625397625,-0.00014358904625397625,7,33
10,7,injected_reasoning,0.0,0.003652356118748007,-0.003652356118748007,7,33
10,8,benign_puzzle_scaffold,0.6235853107804242,0.5386289873560857,0.08495632342433856,7,33
10,8,final_answer_cue,0.20062099874504719,0.2723994761670017,-0.07177847742195453,7,33
10,8,harmful_instruction,0.0,0.00024782236477597925,-0.00024782236477597925,7,33
10,8,injected_reasoning,0.0,0.004294085024210595,-0.004294085024210595,7,33
10,9,benign_puzzle_scaffold,0.36184834746598604,0.31576216719325056,0.04608618027273548,7,33
10,9,final_answer_cue,0.10873096014396075,0.19807553009905032,-0.08934456995508958,7,33
10,9,harmful_instruction,0.0,0.00024624128056549474,-0.00024624128056549474,7,33
10,9,injected_reasoning,0.0,0.002396534229723242,-0.002396534229723242,7,33
10,10,benign_puzzle_scaffold,0.5898310123197336,0.38782639406782154,0.20200461825191202,7,33
10,10,final_answer_cue,0.28831669584366126,0.5014678429969537,-0.21315114715329242,7,33
10,10,harmful_instruction,0.0,0.0005211137837715386,-0.0005211137837715386,7,33
10,10,injected_reasoning,0.0,0.003360996412651579,-0.003360996412651579,7,33
10,11,benign_puzzle_scaffold,0.3065046958621889,0.20091684520486894,0.10558785065731999,7,33
10,11,final_answer_cue,0.15467858024537298,0.2636449045926798,-0.10896632434730683,7,33
10,11,harmful_instruction,0.0,0.0002924895403322059,-0.0002924895403322059,7,33
10,11,injected_reasoning,0.0,0.0012434062129746874,-0.0012434062129746874,7,33
10,12,benign_puzzle_scaffold,0.10317753961429589,0.04797858348406163,0.05519895613023426,7,33
10,12,final_answer_cue,0.18402841086996222,0.2673277072014474,-0.08329929633148517,7,33
10,12,harmful_instruction,0.0,0.0001727712392984371,-0.0001727712392984371,7,33
10,12,injected_reasoning,0.0,0.00018595162610092887,-0.00018595162610092887,7,33
10,13,benign_puzzle_scaffold,0.25029666765990644,0.16309077853678947,0.08720588912311697,7,33
10,13,final_answer_cue,0.07114486144135156,0.15092758528582656,-0.079782723844475,7,33
10,13,harmful_instruction,0.0,6.709074382630138e-05,-6.709074382630138e-05,7,33
10,13,injected_reasoning,0.0,0.0007604251345218693,-0.0007604251345218693,7,33
10,14,benign_puzzle_scaffold,0.18513299322755977,0.061696510268818054,0.12343648295874171,7,33
10,14,final_answer_cue,0.25062426438473057,0.35828443770160534,-0.10766017331687477,7,33
10,14,harmful_instruction,0.0,0.0007850273935724398,-0.0007850273935724398,7,33
10,14,injected_reasoning,0.0,0.0004056442192869289,-0.0004056442192869289,7,33
10,15,benign_puzzle_scaffold,0.37739407662710384,0.3200764039573697,0.05731767266973414,7,33
10,15,final_answer_cue,0.12058007314150275,0.17507119448317407,-0.05449112134167132,7,33
10,15,harmful_instruction,0.0,0.00030340609841751376,-0.00030340609841751376,7,33
10,15,injected_reasoning,0.0,0.0026060768482141588,-0.0026060768482141588,7,33
10,16,benign_puzzle_scaffold,0.3911598165482707,0.30520941505111704,0.08595040149715366,7,33
10,16,final_answer_cue,0.1775228074172821,0.26766979459817575,-0.09014698718089365,7,33
10,16,harmful_instruction,0.0,0.00034019129220538434,-0.00034019129220538434,7,33
10,16,injected_reasoning,0.0,0.0017800649862353202,-0.0017800649862353202,7,33
10,17,benign_puzzle_scaffold,0.5197753639133275,0.4308201299514093,0.08895523396191818,7,33
10,17,final_answer_cue,0.1424638117181707,0.22348643622161019,-0.08102262450343947,7,33
10,17,harmful_instruction,0.0,0.00017900216729734792,-0.00017900216729734792,7,33
10,17,injected_reasoning,0.0,0.003426049083693948,-0.003426049083693948,7,33
10,18,benign_puzzle_scaffold,0.3352494404389483,0.17650364062188303,0.15874579981706524,7,33
10,18,final_answer_cue,0.3310548471765057,0.5065100408599701,-0.1754551936834644,7,33
10,18,harmful_instruction,0.0,0.00019647156983179144,-0.00019647156983179144,7,33
10,18,injected_reasoning,0.0,0.0005714797892839389,-0.0005714797892839389,7,33
10,19,benign_puzzle_scaffold,0.32757394445610855,0.1492654411834563,0.17830850327265224,7,33
10,19,final_answer_cue,0.3662294361810184,0.5539513468973652,-0.18772191071634686,7,33
10,19,harmful_instruction,0.0,0.0006354843281624104,-0.0006354843281624104,7,33
10,19,injected_reasoning,0.0,0.000709281970861757,-0.000709281970861757,7,33
10,20,benign_puzzle_scaffold,0.2635375193610974,0.10695778613978016,0.15657973322131727,7,33
10,20,final_answer_cue,0.26473621956290055,0.4018412377985388,-0.13710501823563825,7,33
10,20,harmful_instruction,0.0,0.0006367498154276595,-0.0006367498154276595,7,33
10,20,injected_reasoning,0.0,0.0006295333041823477,-0.0006295333041823477,7,33
10,21,benign_puzzle_scaffold,0.42486668584913045,0.2962104979779186,0.12865618787121186,7,33
10,21,final_answer_cue,0.2693929652796409,0.39347562290412974,-0.12408265762448883,7,33
10,21,harmful_instruction,0.0,0.0001217270092479392,-0.0001217270092479392,7,33
10,21,injected_reasoning,0.0,0.004286737469221209,-0.004286737469221209,7,33
10,22,benign_puzzle_scaffold,0.5274737990295474,0.393566817403969,0.1339069816255784,7,33
10,22,final_answer_cue,0.28416213614996033,0.41703534408528303,-0.1328732079353227,7,33
10,22,harmful_instruction,0.0,0.00039502125007702534,-0.00039502125007702534,7,33
10,22,injected_reasoning,0.0,0.002016944448136876,-0.002016944448136876,7,33
10,23,benign_puzzle_scaffold,0.5071835760029754,0.35876426661949773,0.14841930938347764,7,33
10,23,final_answer_cue,0.2834910391063613,0.4230800781481184,-0.13958903904175707,7,33
10,23,harmful_instruction,0.0,0.00026490017024256314,-0.00026490017024256314,7,33
10,23,injected_reasoning,0.0,0.0017889495274382755,-0.0017889495274382755,7,33
11,0,benign_puzzle_scaffold,0.2685706120735255,0.08741897650144922,0.18115163557207628,7,33
11,0,final_answer_cue,0.36953302828395124,0.5139528791131781,-0.14441985082922687,7,33
11,0,harmful_instruction,0.0,0.0006023931177882077,-0.0006023931177882077,7,33
11,0,injected_reasoning,0.0,0.00015671099500568758,-0.00015671099500568758,7,33
11,1,benign_puzzle_scaffold,0.26840447319776156,0.09068650004798257,0.177717973149779,7,33
11,1,final_answer_cue,0.3750362125671513,0.5545725612354911,-0.17953634866833984,7,33
11,1,harmful_instruction,0.0,0.0005555025655584271,-0.0005555025655584271,7,33
11,1,injected_reasoning,0.0,0.000261392981821341,-0.000261392981821341,7,33
11,2,benign_puzzle_scaffold,0.2451229349879694,0.10123598462852734,0.14388695035944205,7,33
11,2,final_answer_cue,0.2955154667816012,0.46311487243148786,-0.16759940564988668,7,33
11,2,harmful_instruction,0.0,0.0007647101658240264,-0.0007647101658240264,7,33
11,2,injected_reasoning,0.0,0.000249956041821534,-0.000249956041821534,7,33
11,3,benign_puzzle_scaffold,0.5328679438309954,0.4727423224146676,0.060125621416327824,7,33
11,3,final_answer_cue,0.13085494638702455,0.2020338063608912,-0.07117885997386664,7,33
11,3,harmful_instruction,0.0,0.00023748056606571382,-0.00023748056606571382,7,33
11,3,injected_reasoning,0.0,0.005605912226818929,-0.005605912226818929,7,33
11,4,benign_puzzle_scaffold,0.41218889339885845,0.27999685028462046,0.132192043114238,7,33
11,4,final_answer_cue,0.22131523000097916,0.3473014477483677,-0.12598621774738852,7,33
11,4,harmful_instruction,0.0,0.0003856247513351411,-0.0003856247513351411,7,33
11,4,injected_reasoning,0.0,0.001142270601270401,-0.001142270601270401,7,33
11,5,benign_puzzle_scaffold,0.5415955901612982,0.4644815368391698,0.0771140533221284,7,33
11,5,final_answer_cue,0.14462223515708791,0.24501155848094125,-0.10038932332385334,7,33
11,5,harmful_instruction,0.0,0.00021790696537505894,-0.00021790696537505894,7,33
11,5,injected_reasoning,0.0,0.003079104748651526,-0.003079104748651526,7,33
11,6,benign_puzzle_scaffold,0.4028421551908356,0.21668752191885485,0.18615463327198076,7,33
11,6,final_answer_cue,0.3607131940659345,0.5280830035336717,-0.16736980946773716,7,33
11,6,harmful_instruction,0.0,0.0005302847511073101,-0.0005302847511073101,7,33
11,6,injected_reasoning,0.0,0.0012882980707054996,-0.0012882980707054996,7,33
11,7,benign_puzzle_scaffold,0.2776233595394744,0.12095253594321316,0.15667082359626128,7,33
11,7,final_answer_cue,0.27314104976230535,0.4094698118810656,-0.13632876211876027,7,33
11,7,harmful_instruction,0.0,0.0004882725488086216,-0.0004882725488086216,7,33
11,7,injected_reasoning,0.0,0.0005165128515133413,-0.0005165128515133413,7,33
11,8,benign_puzzle_scaffold,0.3794913731663127,0.24733760483944245,0.13215376832687026,7,33
11,8,final_answer_cue,0.23213498636801536,0.3600326620294343,-0.12789767566141894,7,33
11,8,harmful_instruction,0.0,0.0006078830776580257,-0.0006078830776580257,7,33
11,8,injected_reasoning,0.0,0.0012853967164542389,-0.0012853967164542389,7,33
11,9,benign_puzzle_scaffold,0.53828293640655,0.4788194760524422,0.05946346035410782,7,33
11,9,final_answer_cue,0.13574650572697328,0.20310235223575057,-0.0673558465087773,7,33
11,9,harmful_instruction,0.0,0.00026030425743316506,-0.00026030425743316506,7,33
11,9,injected_reasoning,0.0,0.004326101196203647,-0.004326101196203647,7,33
11,10,benign_puzzle_scaffold,0.46628920609438723,0.4088420902592944,0.05744711583509282,7,33
11,10,final_answer_cue,0.12097761012665001,0.19625174577112267,-0.07527413564447266,7,33
11,10,harmful_instruction,0.0,0.00010546871641823339,-0.00010546871641823339,7,33
11,10,injected_reasoning,0.0,0.0026322730320886547,-0.0026322730320886547,7,33
11,11,benign_puzzle_scaffold,0.5860930093203832,0.5280736885709206,0.05801932074946259,7,33
11,11,final_answer_cue,0.11196857148926553,0.18418281230866537,-0.07221424081939984,7,33
11,11,harmful_instruction,0.0,0.00017215155533594043,-0.00017215155533594043,7,33
11,11,injected_reasoning,0.0,0.003356595084293385,-0.003356595084293385,7,33
11,12,benign_puzzle_scaffold,0.3976918126757954,0.30373226110913026,0.09395955156666513,7,33
11,12,final_answer_cue,0.1491201902671293,0.28116076834585585,-0.13204057807872654,7,33
11,12,harmful_instruction,0.0,0.0001796567426417075,-0.0001796567426417075,7,33
11,12,injected_reasoning,0.0,0.003128884341086333,-0.003128884341086333,7,33
11,13,benign_puzzle_scaffold,0.46486112696896636,0.32458384654838746,0.1402772804205789,7,33
11,13,final_answer_cue,0.22285276594183673,0.36277001229278427,-0.13991724635094754,7,33
11,13,harmful_instruction,0.0,0.00031053449316536223,-0.00031053449316536223,7,33
11,13,injected_reasoning,0.0,0.00427834987642394,-0.00427834987642394,7,33
11,14,benign_puzzle_scaffold,0.25770776356018915,0.10276435723939802,0.15494340632079112,7,33
11,14,final_answer_cue,0.29576829031594415,0.4644301455732413,-0.16866185525729716,7,33
11,14,harmful_instruction,0.0,0.0007869911815130454,-0.0007869911815130454,7,33
11,14,injected_reasoning,0.0,0.000603394602411412,-0.000603394602411412,7,33
11,15,benign_puzzle_scaffold,0.16747368724206874,0.05683972218169321,0.11063396506037552,7,33
11,15,final_answer_cue,0.18392731871605258,0.3061451340689656,-0.12221781535291301,7,33
11,15,harmful_instruction,0.0,0.00026753353612905925,-0.00026753353612905925,7,33
11,15,injected_reasoning,0.0,0.00026932770323265584,-0.00026932770323265584,7,33
11,16,benign_puzzle_scaffold,0.09695515312316426,0.03249387505839399,0.06446127806477027,7,33
11,16,final_answer_cue,0.1653663844096214,0.23752289931806012,-0.07215651490843872,7,33
11,16,harmful_instruction,0.0,0.0004281292968066805,-0.0004281292968066805,7,33
11,16,injected_reasoning,0.0,0.00018931955217138112,-0.00018931955217138112,7,33
11,17,benign_puzzle_scaffold,0.2493262229241707,0.14408008513778295,0.10524613778638775,7,33
11,17,final_answer_cue,0.17057165730054874,0.2867596685980849,-0.11618801129753614,7,33
11,17,harmful_instruction,0.0,0.0004010601729648595,-0.0004010601729648595,7,33
11,17,injected_reasoning,0.0,0.0012350142008309502,-0.0012350142008309502,7,33
11,18,benign_puzzle_scaffold,0.17267003463600214,0.04218207403812904,0.1304879605978731,7,33
11,18,final_answer_cue,0.2968243133030187,0.4172905590741076,-0.12046624577108889,7,33
11,18,harmful_instruction,0.0,0.0008366746594340714,-0.0008366746594340714,7,33
11,18,injected_reasoning,0.0,0.00010186432455679393,-0.00010186432455679393,7,33
11,19,benign_puzzle_scaffold,0.17747448908755462,0.03949503311509946,0.13797945597245515,7,33
11,19,final_answer_cue,0.33793471381834145,0.4700807521148907,-0.13214603829654925,7,33
11,19,harmful_instruction,0.0,0.0006168741380607954,-0.0006168741380607954,7,33
11,19,injected_reasoning,0.0,0.0002829222296159518,-0.0002829222296159518,7,33
11,20,benign_puzzle_scaffold,0.22106334572419545,0.15257742437903485,0.0684859213451606,7,33
11,20,final_answer_cue,0.10315673838057349,0.16175417273893547,-0.05859743435836198,7,33
11,20,harmful_instruction,0.0,0.00013001660980640212,-0.00013001660980640212,7,33
11,20,injected_reasoning,0.0,0.0007937597310444176,-0.0007937597310444176,7,33
11,21,benign_puzzle_scaffold,0.14872024148831173,0.04834318176420509,0.10037705972410664,7,33
11,21,final_answer_cue,0.18802233268029145,0.2729470791486373,-0.08492474646834586,7,33
11,21,harmful_instruction,0.0,0.0005730663667164377,-0.0005730663667164377,7,33
11,21,injected_reasoning,0.0,0.00021706083195027813,-0.00021706083195027813,7,33
11,22,benign_puzzle_scaffold,0.18341938650827574,0.028840908882984236,0.1545784776252915,7,33
11,22,final_answer_cue,0.3031740655199,0.432604045993102,-0.12942998047320198,7,33
11,22,harmful_instruction,0.0,0.0008339872623157779,-0.0008339872623157779,7,33
11,22,injected_reasoning,0.0,6.71922722505244e-05,-6.71922722505244e-05,7,33
11,23,benign_puzzle_scaffold,0.2684692566421009,0.13561312072361958,0.13285613591848133,7,33
11,23,final_answer_cue,0.26490928162296523,0.42002109706316143,-0.1551118154401962,7,33
11,23,harmful_instruction,0.0,0.0006698142139953385,-0.0006698142139953385,7,33
11,23,injected_reasoning,0.0,0.0005457817607193939,-0.0005457817607193939,7,33
12,0,benign_puzzle_scaffold,0.398445833097885,0.27787743630796996,0.12056839678991504,7,33
12,0,final_answer_cue,0.23233575224339972,0.3360096463392695,-0.10367389409586977,7,33
12,0,harmful_instruction,0.0,0.0002684347007902169,-0.0002684347007902169,7,33
12,0,injected_reasoning,0.0,0.00104946978319991,-0.00104946978319991,7,33
12,1,benign_puzzle_scaffold,0.36555764522502443,0.23238455975991085,0.13317308546511358,7,33
12,1,final_answer_cue,0.3080224490784812,0.4499236068829819,-0.1419011578045007,7,33
12,1,harmful_instruction,0.0,0.00023445869887478657,-0.00023445869887478657,7,33
12,1,injected_reasoning,0.0,0.0014013425774168197,-0.0014013425774168197,7,33
12,2,benign_puzzle_scaffold,0.2878991396972321,0.1378632640089396,0.15003587568829246,7,33
12,2,final_answer_cue,0.3105052698136886,0.46477230810798253,-0.15426703829429395,7,33
12,2,harmful_instruction,0.0,0.00087027445830769,-0.00087027445830769,7,33
12,2,injected_reasoning,0.0,0.0004760484405616453,-0.0004760484405616453,7,33
12,3,benign_puzzle_scaffold,0.2215369338247247,0.1309586208304118,0.0905783129943129,7,33
12,3,final_answer_cue,0.2172806885193066,0.36918003041090375,-0.15189934189159715,7,33
12,3,harmful_instruction,0.0,0.0002732049097143249,-0.0002732049097143249,7,33
12,3,injected_reasoning,0.0,0.00036286449556972297,-0.00036286449556972297,7,33
12,4,benign_puzzle_scaffold,0.10720126818808265,0.07147073906529511,0.03573052912278754,7,33
12,4,final_answer_cue,0.11376253131812117,0.1833617395630731,-0.06959920824495194,7,33
12,4,harmful_instruction,0.0,0.0002240604313689626,-0.0002240604313689626,7,33
12,4,injected_reasoning,0.0,0.0002663359497456774,-0.0002663359497456774,7,33
12,5,benign_puzzle_scaffold,0.2656508458514291,0.18470917069201281,0.0809416751594163,7,33
12,5,final_answer_cue,0.12800067972829737,0.20968917431430598,-0.0816884945860086,7,33
12,5,harmful_instruction,0.0,0.0001916412935379267,-0.0001916412935379267,7,33
12,5,injected_reasoning,0.0,0.0007417946092154211,-0.0007417946092154211,7,33
12,6,benign_puzzle_scaffold,0.4596601487095003,0.3905570375689247,0.0691031111405756,7,33
12,6,final_answer_cue,0.2127818656491314,0.3390059097491355,-0.12622404410000412,7,33
12,6,harmful_instruction,0.0,0.00020403583696494094,-0.00020403583696494094,7,33
12,6,injected_reasoning,0.0,0.0033046936593763548,-0.0033046936593763548,7,33
12,7,benign_puzzle_scaffold,0.4839395095263012,0.3581092702516201,0.12583023927468112,7,33
12,7,final_answer_cue,0.28924720612015115,0.4094264719165551,-0.12017926579640398,7,33
12,7,harmful_instruction,0.0,0.00040653358163861736,-0.00040653358163861736,7,33
12,7,injected_reasoning,0.0,0.0020967268059832577,-0.0020967268059832577,7,33
12,8,benign_puzzle_scaffold,0.49805707577775976,0.3726580916694982,0.12539898410826156,7,33
12,8,final_answer_cue,0.2664817429419488,0.40258469750564974,-0.13610295456370092,7,33
12,8,harmful_instruction,0.0,0.00037709973814183643,-0.00037709973814183643,7,33
12,8,injected_reasoning,0.0,0.00204773323067591,-0.00204773323067591,7,33
12,9,benign_puzzle_scaffold,0.23466195678511884,0.1814962657510916,0.05316569103402724,7,33
12,9,final_answer_cue,0.13285570475780564,0.22053658403887957,-0.08768087928107393,7,33
12,9,harmful_instruction,0.0,0.00015354593706764467,-0.00015354593706764467,7,33
12,9,injected_reasoning,0.0,0.001409280149749902,-0.001409280149749902,7,33
12,10,benign_puzzle_scaffold,0.3898680352466371,0.27347672768496895,0.11639130756166816,7,33
12,10,final_answer_cue,0.18770874818221675,0.29971463758428685,-0.1120058894020701,7,33
12,10,harmful_instruction,0.0,0.00023100793819718808,-0.00023100793819718808,7,33
12,10,injected_reasoning,0.0,0.002515222598012326,-0.002515222598012326,7,33
12,11,benign_puzzle_scaffold,0.46375503522890477,0.327437727401426,0.13631730782747875,7,33
12,11,final_answer_cue,0.23691059395593012,0.39416564704661816,-0.15725505309068805,7,33
12,11,harmful_instruction,0.0,0.0003423753575446754,-0.0003423753575446754,7,33
12,11,injected_reasoning,0.0,0.002549442323576467,-0.002549442323576467,7,33
12,12,benign_puzzle_scaffold,0.31360860713406413,0.17993536520661035,0.13367324192745378,7,33
12,12,final_answer_cue,0.29599091955082774,0.45788396368951556,-0.16189304413868782,7,33
12,12,harmful_instruction,0.0,0.0005599494541729278,-0.0005599494541729278,7,33
12,12,injected_reasoning,0.0,0.0008955818939519796,-0.0008955818939519796,7,33
12,13,benign_puzzle_scaffold,0.3957879003776937,0.2238091491556125,0.17197875122208117,7,33
12,13,final_answer_cue,0.2865800629958272,0.4259983988836568,-0.1394183358878296,7,33
12,13,harmful_instruction,0.0,0.0006184944972640964,-0.0006184944972640964,7,33
12,13,injected_reasoning,0.0,0.0012132142663541215,-0.0012132142663541215,7,33
12,14,benign_puzzle_scaffold,0.36179119984213093,0.20613671299678568,0.15565448684534525,7,33
12,14,final_answer_cue,0.2994791948283408,0.43692075218072113,-0.13744155735238034,7,33
12,14,harmful_instruction,0.0,0.0006629095250685666,-0.0006629095250685666,7,33
12,14,injected_reasoning,0.0,0.0010339976816772073,-0.0010339976816772073,7,33
12,15,benign_puzzle_scaffold,0.2953279203784083,0.09319453186348056,0.20213338851492776,7,33
12,15,final_answer_cue,0.41461637376251076,0.5995566815806269,-0.18494030781811616,7,33
12,15,harmful_instruction,0.0,0.0006462728729701678,-0.0006462728729701678,7,33
12,15,injected_reasoning,0.0,0.00027266096700768463,-0.00027266096700768463,7,33
12,16,benign_puzzle_scaffold,0.3776155408068997,0.2501635033506367,0.127452037456263,7,33
12,16,final_answer_cue,0.2352982349901954,0.36978410718430504,-0.13448587219410965,7,33
12,16,harmful_instruction,0.0,0.0001932706070958162,-0.0001932706070958162,7,33
12,16,injected_reasoning,0.0,0.0025587982599764372,-0.0025587982599764372,7,33
12,17,benign_puzzle_scaffold,0.31229239296448014,0.1576711793818459,0.15462121358263423,7,33
12,17,final_answer_cue,0.26855529322249627,0.40436985516145196,-0.1358145619389557,7,33
12,17,harmful_instruction,0.0,0.00039093639476419067,-0.00039093639476419067,7,33
12,17,injected_reasoning,0.0,0.0010290254449168133,-0.0010290254449168133,7,33
12,18,benign_puzzle_scaffold,0.2464662386227205,0.04574860828661767,0.20071763033610282,7,33
12,18,final_answer_cue,0.4284716660285568,0.6242941612500943,-0.1958224952215375,7,33
12,18,harmful_instruction,0.0,0.0013056420402248815,-0.0013056420402248815,7,33
12,18,injected_reasoning,0.0,0.00025597769080802087,-0.00025597769080802087,7,33
12,19,benign_puzzle_scaffold,0.38753601187742487,0.2165424916383523,0.17099352023907258,7,33
12,19,final_answer_cue,0.37691806434578673,0.5606335624463572,-0.18371549810057047,7,33
12,19,harmful_instruction,0.0,0.00045358302521126317,-0.00045358302521126317,7,33
12,19,injected_reasoning,0.0,0.0008426332422477561,-0.0008426332422477561,7,33
12,20,benign_puzzle_scaffold,0.3146571735861991,0.16585098174262783,0.14880619184357127,7,33
12,20,final_answer_cue,0.34847670551838,0.5067239270074734,-0.15824722148909337,7,33
12,20,harmful_instruction,0.0,0.0005971230920110122,-0.0005971230920110122,7,33
12,20,injected_reasoning,0.0,0.0009106496031406299,-0.0009106496031406299,7,33
12,21,benign_puzzle_scaffold,0.2686283768664501,0.1841570457087853,0.08447133115766478,7,33
12,21,final_answer_cue,0.15152802528433632,0.1989813354852692,-0.04745331020093288,7,33
12,21,harmful_instruction,0.0,0.0001220917993765401,-0.0001220917993765401,7,33
12,21,injected_reasoning,0.0,0.000843837562109206,-0.000843837562109206,7,33
12,22,benign_puzzle_scaffold,0.3391058198423749,0.181224598734969,0.15788122110740593,7,33
12,22,final_answer_cue,0.309840065962176,0.44089252658418615,-0.13105246062201015,7,33
12,22,harmful_instruction,0.0,0.00024621168093778666,-0.00024621168093778666,7,33
12,22,injected_reasoning,0.0,0.001106252049897777,-0.001106252049897777,7,33
12,23,benign_puzzle_scaffold,0.41822932858359774,0.28276995153513235,0.1354593770484654,7,33
12,23,final_answer_cue,0.2274239535369035,0.3183815062456601,-0.09095755270875658,7,33
12,23,harmful_instruction,0.0,0.00030785542037436715,-0.00030785542037436715,7,33
12,23,injected_reasoning,0.0,0.0023226937601059125,-0.0023226937601059125,7,33
13,0,benign_puzzle_scaffold,0.2620353138738237,0.06434640314606731,0.1976889107277564,7,33
13,0,final_answer_cue,0.48486292120639557,0.6990824944344516,-0.21421957322805601,7,33
13,0,harmful_instruction,0.0,0.0009861051356086703,-0.0009861051356086703,7,33
13,0,injected_reasoning,0.0,0.00022857895500774935,-0.00022857895500774935,7,33
13,1,benign_puzzle_scaffold,0.5121783268055262,0.4780795470444819,0.03409877976104431,7,33
13,1,final_answer_cue,0.12358361208953314,0.1731806755800089,-0.04959706349047577,7,33
13,1,harmful_instruction,0.0,0.00021402141574355374,-0.00021402141574355374,7,33
13,1,injected_reasoning,0.0,0.0033458308038707696,-0.0033458308038707696,7,33
13,2,benign_puzzle_scaffold,0.44475125150993955,0.2812167488391788,0.16353450267076075,7,33
13,2,final_answer_cue,0.31592327884777677,0.4487692099446318,-0.13284593109685505,7,33
13,2,harmful_instruction,0.0,0.00040445952668811383,-0.00040445952668811383,7,33
13,2,injected_reasoning,0.0,0.001760049817325534,-0.001760049817325534,7,33
13,3,benign_puzzle_scaffold,0.5698497554021692,0.4420113473307437,0.1278384080714255,7,33
13,3,final_answer_cue,0.22246423942762658,0.3459927526566552,-0.12352851322902861,7,33
13,3,harmful_instruction,0.0,0.0003293459963127077,-0.0003293459963127077,7,33
13,3,injected_reasoning,0.0,0.0036104407367808233,-0.0036104407367808233,7,33
13,4,benign_puzzle_scaffold,0.6423735232477787,0.5049437833871949,0.13742973986058382,7,33
13,4,final_answer_cue,0.24164829122494536,0.3585052319217948,-0.11685694069684943,7,33
13,4,harmful_instruction,0.0,0.00031646285619598476,-0.00031646285619598476,7,33
13,4,injected_reasoning,0.0,0.005887717448326869,-0.005887717448326869,7,33
13,5,benign_puzzle_scaffold,0.2637301927000839,0.26634670989342063,-0.0026165171933367204,7,33
13,5,final_answer_cue,0.11273536007660241,0.17940884355628967,-0.06667348347968725,7,33
13,5,harmful_instruction,0.0,0.00011213673867720705,-0.00011213673867720705,7,33
13,5,injected_reasoning,0.0,0.0012584488371275681,-0.0012584488371275681,7,33
13,6,benign_puzzle_scaffold,0.3356094493633774,0.21330784142407877,0.12230160793929862,7,33
13,6,final_answer_cue,0.22410742260835373,0.364376051698426,-0.1402686290900723,7,33
13,6,harmful_instruction,0.0,0.00040853844433002477,-0.00040853844433002477,7,33
13,6,injected_reasoning,0.0,0.0009425292903268338,-0.0009425292903268338,7,33
13,7,benign_puzzle_scaffold,0.3884822584063214,0.34856928199102016,0.03991297641530123,7,33
13,7,final_answer_cue,0.12070561224766421,0.17008773980986536,-0.049382127562201145,7,33
13,7,harmful_instruction,0.0,0.0004375147829014417,-0.0004375147829014417,7,33
13,7,injected_reasoning,0.0,0.002101633796607559,-0.002101633796607559,7,33
13,8,benign_puzzle_scaffold,0.533333969735141,0.436657871856498,0.09667609787864301,7,33
13,8,final_answer_cue,0.1828809382572884,0.2781251668267375,-0.09524422856944909,7,33
13,8,harmful_instruction,0.0,0.00019221130819815815,-0.00019221130819815815,7,33
13,8,injected_reasoning,0.0,0.0031624660133941778,-0.0031624660133941778,7,33
13,9,benign_puzzle_scaffold,0.28301969149707495,0.23151123277565108,0.05150845872142387,7,33
13,9,final_answer_cue,0.11978811272649963,0.17365920669300106,-0.05387109396650143,7,33
13,9,harmful_instruction,0.0,0.00022078848564180468,-0.00022078848564180468,7,33
13,9,injected_reasoning,0.0,0.0025046882897028677,-0.0025046882897028677,7,33
13,10,benign_puzzle_scaffold,0.19359362147777284,0.17700672069929424,0.016586900778478603,7,33
13,10,final_answer_cue,0.06241655502137527,0.10811622600904987,-0.0456996709876746,7,33
13,10,harmful_instruction,0.0,7.11449047842458e-05,-7.11449047842458e-05,7,33
13,10,injected_reasoning,0.0,0.003863852972287837,-0.003863852972287837,7,33
13,11,benign_puzzle_scaffold,0.129729745796336,0.056419108420195596,0.07331063737614041,7,33
13,11,final_answer_cue,0.17414437711326228,0.27003913022940007,-0.0958947531161378,7,33
13,11,harmful_instruction,0.0,0.000337904886045136,-0.000337904886045136,7,33
13,11,injected_reasoning,0.0,0.00029086137892243906,-0.00029086137892243906,7,33
13,12,benign_puzzle_scaffold,0.39234583979484977,0.2893939355944252,0.10295190420042455,7,33
13,12,final_answer_cue,0.2839126157818269,0.379219971703444,-0.0953073559216171,7,33
13,12,harmful_instruction,0.0,0.0004940368133346454,-0.0004940368133346454,7,33
13,12,injected_reasoning,0.0,0.0023447017108994047,-0.0023447017108994047,7,33
13,13,benign_puzzle_scaffold,0.6015015154625271,0.5085778779577473,0.09292363750477972,7,33
13,13,final_answer_cue,0.19632815641726964,0.27087928081152685,-0.0745511243942572,7,33
13,13,harmful_instruction,0.0,0.000330330677419507,-0.000330330677419507,7,33
13,13,injected_reasoning,0.0,0.00246565423897179,-0.00246565423897179,7,33
13,14,benign_puzzle_scaffold,0.4314409998812783,0.31127547644527914,0.12016552343599918,7,33
13,14,final_answer_cue,0.2655140173864721,0.3818104305003021,-0.11629641311382999,7,33
13,14,harmful_instruction,0.0,0.0003188904851285706,-0.0003188904851285706,7,33
13,14,injected_reasoning,0.0,0.002543597277202332,-0.002543597277202332,7,33
13,15,benign_puzzle_scaffold,0.45845829360164947,0.3446919772113486,0.11376631639030088,7,33
13,15,final_answer_cue,0.292540298907351,0.41391347682855195,-0.12137317792120095,7,33
13,15,harmful_instruction,0.0,0.00032967454973723497,-0.00032967454973723497,7,33
13,15,injected_reasoning,0.0,0.0037716157878515083,-0.0037716157878515083,7,33
13,16,benign_puzzle_scaffold,0.4237285007012108,0.3402500936474122,0.08347840705379861,7,33
13,16,final_answer_cue,0.2403360606784747,0.343995243670711,-0.10365918299223628,7,33
13,16,harmful_instruction,0.0,0.00016660008409942814,-0.00016660008409942814,7,33
13,16,injected_reasoning,0.0,0.0029947120655251652,-0.0029947120655251652,7,33
13,17,benign_puzzle_scaffold,0.5286446180556418,0.5101264779984205,0.0185181400572213,7,33
13,17,final_answer_cue,0.16094026792862268,0.20123145807178977,-0.040291190143167094,7,33
13,17,harmful_instruction,0.0,0.0001409636962013755,-0.0001409636962013755,7,33
13,17,injected_reasoning,0.0,0.005589525564792547,-0.005589525564792547,7,33
13,18,benign_puzzle_scaffold,0.5333299535027296,0.5285994044300729,0.004730549072656687,7,33
13,18,final_answer_cue,0.06855085054971534,0.10229056477005662,-0.03373971422034128,7,33
13,18,harmful_instruction,0.0,6.637740750711597e-05,-6.637740750711597e-05,7,33
13,18,injected_reasoning,0.0,0.007010667741509536,-0.007010667741509536,7,33
13,19,benign_puzzle_scaffold,0.4113084491517492,0.324473449968641,0.08683499918310816,7,33
13,19,final_answer_cue,0.23809488858157932,0.32698774432712846,-0.08889285574554914,7,33
13,19,harmful_instruction,0.0,0.00016596158435853962,-0.00016596158435853962,7,33
13,19,injected_reasoning,0.0,0.0014705834839943512,-0.0014705834839943512,7,33
13,20,benign_puzzle_scaffold,0.4136777521977709,0.31032727113081177,0.10335048106695915,7,33
13,20,final_answer_cue,0.3019794698462456,0.3810428886854506,-0.07906341883920504,7,33
13,20,harmful_instruction,0.0,0.00016000470907093881,-0.00016000470907093881,7,33
13,20,injected_reasoning,0.0,0.0014337895892055444,-0.0014337895892055444,7,33
13,21,benign_puzzle_scaffold,0.5565102422363537,0.4700027256850507,0.08650751655130301,7,33
13,21,final_answer_cue,0.1891559334994732,0.26380077865865037,-0.07464484515917716,7,33
13,21,harmful_instruction,0.0,0.0002306826826774592,-0.0002306826826774592,7,33
13,21,injected_reasoning,0.0,0.0039225899558662835,-0.0039225899558662835,7,33
13,22,benign_puzzle_scaffold,0.5710523274341287,0.48766724283459995,0.08338508459952876,7,33
13,22,final_answer_cue,0.16143632944963324,0.23593866684424405,-0.07450233739461082,7,33
13,22,harmful_instruction,0.0,0.00027872608680732985,-0.00027872608680732985,7,33
13,22,injected_reasoning,0.0,0.0030336840910195617,-0.0030336840910195617,7,33
13,23,benign_puzzle_scaffold,0.44995042809633085,0.3831061478650815,0.06684428023124933,7,33
13,23,final_answer_cue,0.22265893266295547,0.3048616206198867,-0.08220268795693123,7,33
13,23,harmful_instruction,0.0,0.0002846367243695657,-0.0002846367243695657,7,33
13,23,injected_reasoning,0.0,0.004043317157165732,-0.004043317157165732,7,33
14,0,benign_puzzle_scaffold,0.3013181723762263,0.315023454622479,-0.01370528224625267,7,33
14,0,final_answer_cue,0.05774152533466032,0.10119056845529081,-0.04344904312063049,7,33
14,0,harmful_instruction,0.0,8.862332263501747e-05,-8.862332263501747e-05,7,33
14,0,injected_reasoning,0.0,0.005114458520546598,-0.005114458520546598,7,33
14,1,benign_puzzle_scaffold,0.31925870798755274,0.2589369672693956,0.06032174071815716,7,33
14,1,final_answer_cue,0.14432345104589744,0.2329425436330449,-0.08861909258714745,7,33
14,1,harmful_instruction,0.0,0.00035868293017828675,-0.00035868293017828675,7,33
14,1,injected_reasoning,0.0,0.002352505183390295,-0.002352505183390295,7,33
14,2,benign_puzzle_scaffold,0.23860823162677164,0.22225144168122787,0.016356789945543765,7,33
14,2,final_answer_cue,0.09590262324000295,0.1633299972368421,-0.06742737399683915,7,33
14,2,harmful_instruction,0.0,0.00013089760749116863,-0.00013089760749116863,7,33
14,2,injected_reasoning,0.0,0.0028254331081778534,-0.0028254331081778534,7,33
14,3,benign_puzzle_scaffold,0.22746858211584953,0.14931535297110746,0.07815322914474207,7,33
14,3,final_answer_cue,0.17226686895004809,0.2582926889094672,-0.08602581995941913,7,33
14,3,harmful_instruction,0.0,0.0003978969157774793,-0.0003978969157774793,7,33
14,3,injected_reasoning,0.0,0.0007799455398780463,-0.0007799455398780463,7,33
14,4,benign_puzzle_scaffold,0.29168243509755115,0.1573485786115527,0.13433385648599847,7,33
14,4,final_answer_cue,0.2951468496741323,0.43392904090607876,-0.13878219123194646,7,33
14,4,harmful_instruction,0.0,0.0009200138573883255,-0.0009200138573883255,7,33
14,4,injected_reasoning,0.0,0.0005385404267033025,-0.0005385404267033025,7,33
14,5,benign_puzzle_scaffold,0.3191220701276637,0.12386126965922593,0.19526080046843775,7,33
14,5,final_answer_cue,0.428413031841841,0.6234042240461708,-0.1949911922043298,7,33
14,5,harmful_instruction,0.0,0.0008361388639235856,-0.0008361388639235856,7,33
14,5,injected_reasoning,0.0,0.0003587539015975226,-0.0003587539015975226,7,33
14,6,benign_puzzle_scaffold,0.3344414587933121,0.12169831097101506,0.21274314782229703,7,33
14,6,final_answer_cue,0.5295700613142166,0.7594867018843535,-0.22991664057013694,7,33
14,6,harmful_instruction,0.0,0.0009411082571808754,-0.0009411082571808754,7,33
14,6,injected_reasoning,0.0,0.00044761459478035516,-0.00044761459478035516,7,33
14,7,benign_puzzle_scaffold,0.2960832611383846,0.0880394507043047,0.20804381043407993,7,33
14,7,final_answer_cue,0.4403684801354822,0.6509282630304009,-0.21055978289491867,7,33
14,7,harmful_instruction,0.0,0.0012049591278531495,-0.0012049591278531495,7,33
14,7,injected_reasoning,0.0,0.00021934084763323755,-0.00021934084763323755,7,33
14,8,benign_puzzle_scaffold,0.3647296080414634,0.16081254707217604,0.20391706096928738,7,33
14,8,final_answer_cue,0.44229388312584267,0.6501069046874638,-0.20781302156162113,7,33
14,8,harmful_instruction,0.0,0.0009002046902597856,-0.0009002046902597856,7,33
14,8,injected_reasoning,0.0,0.0005306996026304324,-0.0005306996026304324,7,33
14,9,benign_puzzle_scaffold,0.3438196264418824,0.2524238722913971,0.09139575415048529,7,33
14,9,final_answer_cue,0.16970607539907467,0.251001454295567,-0.0812953788964923,7,33
14,9,harmful_instruction,0.0,0.00028984941409175916,-0.00028984941409175916,7,33
14,9,injected_reasoning,0.0,0.0022634752056097077,-0.0022634752056097077,7,33
14,10,benign_puzzle_scaffold,0.37310578865634697,0.3283438783576566,0.044761910298690366,7,33
14,10,final_answer_cue,0.10508591344061306,0.177583489526113,-0.07249757608549993,7,33
14,10,harmful_instruction,0.0,0.0002023854677863558,-0.0002023854677863558,7,33
14,10,injected_reasoning,0.0,0.0039051465110221083,-0.0039051465110221083,7,33
14,11,benign_puzzle_scaffold,0.40956926105343444,0.3170823238755861,0.09248693717784834,7,33
14,11,final_answer_cue,0.18091654204452304,0.26724810864284,-0.08633156659831695,7,33
14,11,harmful_instruction,0.0,0.0005630921953010629,-0.0005630921953010629,7,33
14,11,injected_reasoning,0.0,0.001956646146902315,-0.001956646146902315,7,33
14,12,benign_puzzle_scaffold,0.13587393577367438,0.11881102431474078,0.0170629114589336,7,33
14,12,final_answer_cue,0.04804426280567191,0.07553305026871744,-0.027488787463045533,7,33
14,12,harmful_instruction,0.0,9.528462529461985e-05,-9.528462529461985e-05,7,33
14,12,injected_reasoning,0.0,0.0012850949954060385,-0.0012850949954060385,7,33
14,13,benign_puzzle_scaffold,0.19474219931438091,0.15141496723313722,0.0433272320812437,7,33
14,13,final_answer_cue,0.08351833069595481,0.12256456183255492,-0.03904623113660011,7,33
14,13,harmful_instruction,0.0,0.00014198140558672356,-0.00014198140558672356,7,33
14,13,injected_reasoning,0.0,0.0021879866826514873,-0.0021879866826514873,7,33
14,14,benign_puzzle_scaffold,0.07734482627362091,0.07638235242585974,0.0009624738477611722,7,33
14,14,final_answer_cue,0.06638330118028389,0.1050262182391399,-0.038642917058856016,7,33
14,14,harmful_instruction,0.0,0.00020920755791985137,-0.00020920755791985137,7,33
14,14,injected_reasoning,0.0,0.0011961101634653548,-0.0011961101634653548,7,33
14,15,benign_puzzle_scaffold,0.2653906256876853,0.19317658294797813,0.07221404273970716,7,33
14,15,final_answer_cue,0.13597659127899453,0.22826885415003095,-0.09229226287103642,7,33
14,15,harmful_instruction,0.0,0.0003494146900403473,-0.0003494146900403473,7,33
14,15,injected_reasoning,0.0,0.0015338751536411988,-0.0015338751536411988,7,33
14,16,benign_puzzle_scaffold,0.16439381082919227,0.08347001485205682,0.08092379597713545,7,33
14,16,final_answer_cue,0.16507962037245824,0.25789338942704854,-0.0928137690545903,7,33
14,16,harmful_instruction,0.0,0.00039826476952347246,-0.00039826476952347246,7,33
14,16,injected_reasoning,0.0,0.0004756551102093727,-0.0004756551102093727,7,33
14,17,benign_puzzle_scaffold,0.39191040435128893,0.2768150169494656,0.11509538740182335,7,33
14,17,final_answer_cue,0.19145032218735714,0.3226780027432579,-0.13122768055590078,7,33
14,17,harmful_instruction,0.0,0.00043483214576704173,-0.00043483214576704173,7,33
14,17,injected_reasoning,0.0,0.0016633031055933625,-0.0016633031055933625,7,33
14,18,benign_puzzle_scaffold,0.370896811518658,0.3496694819086047,0.021227329610053303,7,33
14,18,final_answer_cue,0.16432032841193842,0.2477600153293713,-0.08343968691743289,7,33
14,18,harmful_instruction,0.0,9.533181424563297e-05,-9.533181424563297e-05,7,33
14,18,injected_reasoning,0.0,0.0027747615436281145,-0.0027747615436281145,7,33
14,19,benign_puzzle_scaffold,0.4573381625514449,0.4199292569025151,0.03740890564892979,7,33
14,19,final_answer_cue,0.18503729955507145,0.2505881089210286,-0.06555080936595717,7,33
14,19,harmful_instruction,0.0,0.0001380826404365956,-0.0001380826404365956,7,33
14,19,injected_reasoning,0.0,0.002931363968620112,-0.002931363968620112,7,33
14,20,benign_puzzle_scaffold,0.3675815594207469,0.3266992953303669,0.04088226409037998,7,33
14,20,final_answer_cue,0.13644136912756913,0.1847973609603917,-0.048355991832822576,7,33
14,20,harmful_instruction,0.0,0.00025973699635062803,-0.00025973699635062803,7,33
14,20,injected_reasoning,0.0,0.0018224148795332824,-0.0018224148795332824,7,33
14,21,benign_puzzle_scaffold,0.5636856739765632,0.5369437553023313,0.026741918674231924,7,33
14,21,final_answer_cue,0.10490055989830624,0.15947577259157283,-0.054575212693266595,7,33
14,21,harmful_instruction,0.0,0.00017637006012422436,-0.00017637006012422436,7,33
14,21,injected_reasoning,0.0,0.0038289558604544453,-0.0038289558604544453,7,33
14,22,benign_puzzle_scaffold,0.5133044103289176,0.40955236730097166,0.10375204302794594,7,33
14,22,final_answer_cue,0.2407605774551652,0.3528226956180244,-0.11206211816285919,7,33
14,22,harmful_instruction,0.0,0.00041725067225664806,-0.00041725067225664806,7,33
14,22,injected_reasoning,0.0,0.004293825189557261,-0.004293825189557261,7,33
14,23,benign_puzzle_scaffold,0.5919498035286305,0.4873644631061105,0.10458534042251999,7,33
14,23,final_answer_cue,0.23193731405464607,0.3310165326824461,-0.0990792186278,7,33
14,23,harmful_instruction,0.0,0.0002448818325181899,-0.0002448818325181899,7,33
14,23,injected_reasoning,0.0,0.0032588656556988365,-0.0032588656556988365,7,33
15,0,benign_puzzle_scaffold,0.029750154263750994,0.02032865987639484,0.009421494387356153,7,33
15,0,final_answer_cue,0.039583804131804665,0.07416052506484987,-0.0345767209330452,7,33
15,0,harmful_instruction,0.0,3.4741636952207515e-05,-3.4741636952207515e-05,7,33
15,0,injected_reasoning,0.0,5.1069541156597664e-05,-5.1069541156597664e-05,7,33
15,1,benign_puzzle_scaffold,0.1404646020538929,0.11017362561062441,0.030290976443268502,7,33
15,1,final_answer_cue,0.055868910298474836,0.08888906365331488,-0.03302015335484004,7,33
15,1,harmful_instruction,0.0,7.464188746773177e-05,-7.464188746773177e-05,7,33
15,1,injected_reasoning,0.0,0.00019983260639749666,-0.00019983260639749666,7,33
15,2,benign_puzzle_scaffold,0.04829085584412375,0.02701676965510351,0.02127408618902024,7,33
15,2,final_answer_cue,0.1100004070496344,0.1824272736758689,-0.07242686662623449,7,33
15,2,harmful_instruction,0.0,4.640373715772066e-05,-4.640373715772066e-05,7,33
15,2,injected_reasoning,0.0,5.078801363383838e-05,-5.078801363383838e-05,7,33
15,3,benign_puzzle_scaffold,0.3463310988162804,0.22734306568970652,0.11898803312657386,7,33
15,3,final_answer_cue,0.2950955334283357,0.3967821999106371,-0.1016866664823014,7,33
15,3,harmful_instruction,0.0,0.00013947912819996618,-0.00013947912819996618,7,33
15,3,injected_reasoning,0.0,0.0018739471838521312,-0.0018739471838521312,7,33
15,4,benign_puzzle_scaffold,0.5009732426317977,0.3979131818597897,0.10306006077200797,7,33
15,4,final_answer_cue,0.2795701543721646,0.370063114519813,-0.0904929601476484,7,33
15,4,harmful_instruction,0.0,0.00033691362301176283,-0.00033691362301176283,7,33
15,4,injected_reasoning,0.0,0.002584865127556688,-0.002584865127556688,7,33
15,5,benign_puzzle_scaffold,0.48084936990660143,0.33015980845100434,0.1506895614555971,7,33
15,5,final_answer_cue,0.31578367598764334,0.44745467495558733,-0.131670998967944,7,33
15,5,harmful_instruction,0.0,0.000575767365803934,-0.000575767365803934,7,33
15,5,injected_reasoning,0.0,0.0017370984163054418,-0.0017370984163054418,7,33
15,6,benign_puzzle_scaffold,0.2978951983648392,0.2640246199989172,0.033870578365922,7,33
15,6,final_answer_cue,0.08485286817070402,0.12931604930301704,-0.044463181132313026,7,33
15,6,harmful_instruction,0.0,0.00012107013980164959,-0.00012107013980164959,7,33
15,6,injected_reasoning,0.0,0.0027739530924682783,-0.0027739530924682783,7,33
15,7,benign_puzzle_scaffold,0.2984309529643211,0.2913283903448059,0.007102562619515196,7,33
15,7,final_answer_cue,0.05415672801079123,0.08129708108504204,-0.027140353074250806,7,33
15,7,harmful_instruction,0.0,3.9225087517533515e-05,-3.9225087517533515e-05,7,33
15,7,injected_reasoning,0.0,0.00462404682502457,-0.00462404682502457,7,33
15,8,benign_puzzle_scaffold,0.10872057875475874,0.12203174519476494,-0.013311166440006197,7,33
15,8,final_answer_cue,0.02326790305009107,0.03283550626212291,-0.009567603212031837,7,33
15,8,harmful_instruction,0.0,3.3970712158653516e-05,-3.3970712158653516e-05,7,33
15,8,injected_reasoning,0.0,0.0013925869670359345,-0.0013925869670359345,7,33
15,9,benign_puzzle_scaffold,0.2796689913070008,0.19943238792211018,0.08023660338489061,7,33
15,9,final_answer_cue,0.21920523501101252,0.33263212082083565,-0.11342688580982313,7,33
15,9,harmful_instruction,0.0,0.00031271664642368004,-0.00031271664642368004,7,33
15,9,injected_reasoning,0.0,0.0006852073221287243,-0.0006852073221287243,7,33
15,10,benign_puzzle_scaffold,0.4384327238784688,0.29615653570756684,0.14227618817090198,7,33
15,10,final_answer_cue,0.348467156037851,0.4969503731366409,-0.14848321709878992,7,33
15,10,harmful_instruction,0.0,0.0006604326555076207,-0.0006604326555076207,7,33
15,10,injected_reasoning,0.0,0.0031742476976849565,-0.0031742476976849565,7,33
15,11,benign_puzzle_scaffold,0.38757534240854863,0.21767947848259575,0.16989586392595288,7,33
15,11,final_answer_cue,0.3629433752839926,0.5258548923436206,-0.16291151705962797,7,33
15,11,harmful_instruction,0.0,0.0006405910853297033,-0.0006405910853297033,7,33
15,11,injected_reasoning,0.0,0.0009925054460805706,-0.0009925054460805706,7,33
15,12,benign_puzzle_scaffold,0.3171706795035646,0.21423251761986223,0.10293816188370236,7,33
15,12,final_answer_cue,0.22306464456766276,0.33035147127345793,-0.10728682670579517,7,33
15,12,harmful_instruction,0.0,0.00014417134860701493,-0.00014417134860701493,7,33
15,12,injected_reasoning,0.0,0.003019515524675439,-0.003019515524675439,7,33
15,13,benign_puzzle_scaffold,0.3215344981802091,0.16767955542642382,0.1538549427537853,7,33
15,13,final_answer_cue,0.2983526082987727,0.4402267241395966,-0.14187411584082393,7,33
15,13,harmful_instruction,0.0,0.0006875605226308145,-0.0006875605226308145,7,33
15,13,injected_reasoning,0.0,0.0021724269395901113,-0.0021724269395901113,7,33
15,14,benign_puzzle_scaffold,0.32260183425580186,0.22986271901296126,0.09273911524284059,7,33
15,14,final_answer_cue,0.21119781493400258,0.2776486457124267,-0.06645083077842412,7,33
15,14,harmful_instruction,0.0,0.00038117578433913003,-0.00038117578433913003,7,33
15,14,injected_reasoning,0.0,0.00200008074291738,-0.00200008074291738,7,33
15,15,benign_puzzle_scaffold,0.22971873708593088,0.1805498353905004,0.04916890169543048,7,33
15,15,final_answer_cue,0.07497816249787474,0.11976641272473286,-0.04478825022685812,7,33
15,15,harmful_instruction,0.0,0.00011714238400488698,-0.00011714238400488698,7,33
15,15,injected_reasoning,0.0,0.0017830927874871803,-0.0017830927874871803,7,33
15,16,benign_puzzle_scaffold,0.18336137908162842,0.1548925744400811,0.02846880464154733,7,33
15,16,final_answer_cue,0.05243337511924519,0.07840826036493692,-0.025974885245691734,7,33
15,16,harmful_instruction,0.0,6.780437481777766e-05,-6.780437481777766e-05,7,33
15,16,injected_reasoning,0.0,0.002873987395221696,-0.002873987395221696,7,33
15,17,benign_puzzle_scaffold,0.0605789453867719,0.0310166379121097,0.0295623074746622,7,33
15,17,final_answer_cue,0.1802030932021827,0.26662623031287075,-0.08642313711068805,7,33
15,17,harmful_instruction,0.0,9.999808395990175e-05,-9.999808395990175e-05,7,33
15,17,injected_reasoning,0.0,7.07973987469106e-05,-7.07973987469106e-05,7,33
15,18,benign_puzzle_scaffold,0.19881116505674792,0.1154323234501003,0.08337884160664763,7,33
15,18,final_answer_cue,0.19936209127164708,0.2901852011902095,-0.09082310991856243,7,33
15,18,harmful_instruction,0.0,0.0004730268788942858,-0.0004730268788942858,7,33
15,18,injected_reasoning,0.0,0.0005940849017778052,-0.0005940849017778052,7,33
15,19,benign_puzzle_scaffold,0.23512223133915935,0.13904386847459546,0.0960783628645639,7,33
15,19,final_answer_cue,0.16102371076161948,0.24138833967828555,-0.08036462891666607,7,33
15,19,harmful_instruction,0.0,0.00013510111346864888,-0.00013510111346864888,7,33
15,19,injected_reasoning,0.0,0.0006340419428360622,-0.0006340419428360622,7,33
15,20,benign_puzzle_scaffold,0.13684523454321335,0.060394404951379814,0.07645082959183352,7,33
15,20,final_answer_cue,0.19454574080626372,0.25810862991877,-0.06356288911250627,7,33
15,20,harmful_instruction,0.0,0.00018476982250157484,-0.00018476982250157484,7,33
15,20,injected_reasoning,0.0,0.00014067426675573922,-0.00014067426675573922,7,33
15,21,benign_puzzle_scaffold,0.1257262221327629,0.05665002177301115,0.06907620035975176,7,33
15,21,final_answer_cue,0.18980422009898554,0.31133920504257595,-0.12153498494359041,7,33
15,21,harmful_instruction,0.0,0.00021619735985044727,-0.00021619735985044727,7,33
15,21,injected_reasoning,0.0,8.951991231377228e-05,-8.951991231377228e-05,7,33
15,22,benign_puzzle_scaffold,0.1661743889825636,0.08712866966276889,0.0790457193197947,7,33
15,22,final_answer_cue,0.1666156589886701,0.25522564862194397,-0.08860998963327388,7,33
15,22,harmful_instruction,0.0,0.0002083992896021079,-0.0002083992896021079,7,33
15,22,injected_reasoning,0.0,0.00015741038339014239,-0.00015741038339014239,7,33
15,23,benign_puzzle_scaffold,0.1553722950802043,0.09373118152168257,0.06164111355852174,7,33
15,23,final_answer_cue,0.20756819660249484,0.32888516811881996,-0.12131697151632512,7,33
15,23,harmful_instruction,0.0,9.158283720915152e-05,-9.158283720915152e-05,7,33
15,23,injected_reasoning,0.0,0.0002524099529662802,-0.0002524099529662802,7,33
16,0,benign_puzzle_scaffold,0.5849124534154547,0.5351839181498033,0.04972853526565146,7,33
16,0,final_answer_cue,0.14215651704133897,0.2090251560922543,-0.06686863905091533,7,33
16,0,harmful_instruction,0.0,0.00029622008884342397,-0.00029622008884342397,7,33
16,0,injected_reasoning,0.0,0.007243453028737203,-0.007243453028737203,7,33
16,1,benign_puzzle_scaffold,0.599858345720211,0.5459289636393304,0.053929382080880606,7,33
16,1,final_answer_cue,0.139805344788622,0.20057731608236737,-0.06077197129374537,7,33
16,1,harmful_instruction,0.0,0.00018775777192653337,-0.00018775777192653337,7,33
16,1,injected_reasoning,0.0,0.007152336587002192,-0.007152336587002192,7,33
16,2,benign_puzzle_scaffold,0.5135521697389439,0.4439079301408497,0.06964423959809418,7,33
16,2,final_answer_cue,0.2415290690173507,0.3328423885102652,-0.09131331949291452,7,33
16,2,harmful_instruction,0.0,0.00032447437879621943,-0.00032447437879621943,7,33
16,2,injected_reasoning,0.0,0.005151343457905609,-0.005151343457905609,7,33
16,3,benign_puzzle_scaffold,0.15303534803240137,0.0620626904603385,0.09097265757206288,7,33
16,3,final_answer_cue,0.22749087610669858,0.3377534318521277,-0.11026255574542912,7,33
16,3,harmful_instruction,0.0,0.0005237528294189958,-0.0005237528294189958,7,33
16,3,injected_reasoning,0.0,0.00012370322217914993,-0.00012370322217914993,7,33
16,4,benign_puzzle_scaffold,0.1487908565926481,0.028855005323333984,0.11993585126931411,7,33
16,4,final_answer_cue,0.2917012412054177,0.3986300301851919,-0.1069287889797742,7,33
16,4,harmful_instruction,0.0,0.0008160117645828637,-0.0008160117645828637,7,33
16,4,injected_reasoning,0.0,3.461745120240566e-05,-3.461745120240566e-05,7,33
16,5,benign_puzzle_scaffold,0.17242489587659096,0.04324503151986918,0.1291798643567218,7,33
16,5,final_answer_cue,0.31795805943076205,0.4442773211042518,-0.12631926167348972,7,33
16,5,harmful_instruction,0.0,0.0007780625961248489,-0.0007780625961248489,7,33
16,5,injected_reasoning,0.0,4.156069469211228e-05,-4.156069469211228e-05,7,33
16,6,benign_puzzle_scaffold,0.18453835340955818,0.06922464887598263,0.11531370453357555,7,33
16,6,final_answer_cue,0.2869230272667977,0.41209750518290433,-0.12517447791610664,7,33
16,6,harmful_instruction,0.0,0.000495002719932744,-0.000495002719932744,7,33
16,6,injected_reasoning,0.0,0.00011335642704070529,-0.00011335642704070529,7,33
16,7,benign_puzzle_scaffold,0.2121587512317224,0.03885419674777202,0.17330455448395038,7,33
16,7,final_answer_cue,0.33956596077226375,0.4824125890200427,-0.14284662824777894,7,33
16,7,harmful_instruction,0.0,0.0009916701617785817,-0.0009916701617785817,7,33
16,7,injected_reasoning,0.0,6.678398603780711e-05,-6.678398603780711e-05,7,33
16,8,benign_puzzle_scaffold,0.1897587802736245,0.041898456427265474,0.14786032384635903,7,33
16,8,final_answer_cue,0.29843967404796773,0.43427986365878596,-0.13584018961081823,7,33
16,8,harmful_instruction,0.0,0.0006443775297626208,-0.0006443775297626208,7,33
16,8,injected_reasoning,0.0,0.0001270911680360886,-0.0001270911680360886,7,33
16,9,benign_puzzle_scaffold,0.5164651081838736,0.3838031299884947,0.1326619781953789,7,33
16,9,final_answer_cue,0.30985340421996116,0.43734218416867665,-0.1274887799487155,7,33
16,9,harmful_instruction,0.0,0.0008906368641975476,-0.0008906368641975476,7,33
16,9,injected_reasoning,0.0,0.0029573666600205693,-0.0029573666600205693,7,33
16,10,benign_puzzle_scaffold,0.4965290815781319,0.3554361455319465,0.1410929360461854,7,33
16,10,final_answer_cue,0.37515154776374676,0.5174471643995601,-0.1422956166358133,7,33
16,10,harmful_instruction,0.0,0.0003824763645840391,-0.0003824763645840391,7,33
16,10,injected_reasoning,0.0,0.004357133795106351,-0.004357133795106351,7,33
16,11,benign_puzzle_scaffold,0.5394484587134718,0.43486069550291334,0.10458776321055846,7,33
16,11,final_answer_cue,0.18213675255685224,0.263915869359646,-0.08177911680279376,7,33
16,11,harmful_instruction,0.0,0.0002617489611518099,-0.0002617489611518099,7,33
16,11,injected_reasoning,0.0,0.002947764988621785,-0.002947764988621785,7,33
16,12,benign_puzzle_scaffold,0.24397702407404573,0.13181246134021202,0.11216456273383371,7,33
16,12,final_answer_cue,0.28765505186192636,0.42122144654351407,-0.1335663946815877,7,33
16,12,harmful_instruction,0.0,0.000780377785691673,-0.000780377785691673,7,33
16,12,injected_reasoning,0.0,0.00024945783741821444,-0.00024945783741821444,7,33
16,13,benign_puzzle_scaffold,0.1559551471635038,0.07582856094533118,0.08012658621817263,7,33
16,13,final_answer_cue,0.1978253527360033,0.27956034759814935,-0.08173499486214605,7,33
16,13,harmful_instruction,0.0,0.0002908342961115212,-0.0002908342961115212,7,33
16,13,injected_reasoning,0.0,0.00016734258619171107,-0.00016734258619171107,7,33
16,14,benign_puzzle_scaffold,0.23906599008075016,0.09527663439264712,0.14378935568810303,7,33
16,14,final_answer_cue,0.25296541883638485,0.3525237197714739,-0.09955830093508905,7,33
16,14,harmful_instruction,0.0,0.0006835497772150399,-0.0006835497772150399,7,33
16,14,injected_reasoning,0.0,0.0002750682123852432,-0.0002750682123852432,7,33
16,15,benign_puzzle_scaffold,0.211406774798137,0.07550824418412606,0.13589853061401092,7,33
16,15,final_answer_cue,0.25771238169884797,0.364275848901299,-0.10656346720245102,7,33
16,15,harmful_instruction,0.0,0.0006055107407139428,-0.0006055107407139428,7,33
16,15,injected_reasoning,0.0,0.0002185558596709664,-0.0002185558596709664,7,33
16,16,benign_puzzle_scaffold,0.26018754516472126,0.09970160038859514,0.1604859447761261,7,33
16,16,final_answer_cue,0.3668362454932944,0.5316830396428693,-0.16484679414957493,7,33
16,16,harmful_instruction,0.0,0.0005206977912731878,-0.0005206977912731878,7,33
16,16,injected_reasoning,0.0,0.00032023703993564037,-0.00032023703993564037,7,33
16,17,benign_puzzle_scaffold,0.2963261223705831,0.10919479011594996,0.18713133225463313,7,33
16,17,final_answer_cue,0.39932151531809457,0.5772813759414244,-0.1779598606233298,7,33
16,17,harmful_instruction,0.0,0.0007871263422516866,-0.0007871263422516866,7,33
16,17,injected_reasoning,0.0,0.000315482478814179,-0.000315482478814179,7,33
16,18,benign_puzzle_scaffold,0.6136515587405672,0.5387321590504243,0.07491939969014294,7,33
16,18,final_answer_cue,0.15668632012036993,0.22570948470761443,-0.0690231645872445,7,33
16,18,harmful_instruction,0.0,0.0002965169669379388,-0.0002965169669379388,7,33
16,18,injected_reasoning,0.0,0.004979723272439749,-0.004979723272439749,7,33
16,19,benign_puzzle_scaffold,0.500788590237754,0.3986985487657355,0.1020900414720185,7,33
16,19,final_answer_cue,0.24765998205341866,0.3629108192864243,-0.11525083723300567,7,33
16,19,harmful_instruction,0.0,0.00015591672925702115,-0.00015591672925702115,7,33
16,19,injected_reasoning,0.0,0.006144443771344549,-0.006144443771344549,7,33
16,20,benign_puzzle_scaffold,0.5550091389380889,0.44892953285585024,0.10607960608223865,7,33
16,20,final_answer_cue,0.20153639017046127,0.3035857517437687,-0.1020493615733074,7,33
16,20,harmful_instruction,0.0,0.00025822408161824297,-0.00025822408161824297,7,33
16,20,injected_reasoning,0.0,0.004188592119597435,-0.004188592119597435,7,33
16,21,benign_puzzle_scaffold,0.3747491376044914,0.3397455226521063,0.03500361495238513,7,33
16,21,final_answer_cue,0.08224208041376237,0.1366431833786472,-0.05440110296488483,7,33
16,21,harmful_instruction,0.0,8.159501773894781e-05,-8.159501773894781e-05,7,33
16,21,injected_reasoning,0.0,0.003797181711807562,-0.003797181711807562,7,33
16,22,benign_puzzle_scaffold,0.20394614977688982,0.13264073173721627,0.07130541803967355,7,33
16,22,final_answer_cue,0.12340009297243178,0.19106542785048722,-0.06766533487805544,7,33
16,22,harmful_instruction,0.0,0.0002428183683733617,-0.0002428183683733617,7,33
16,22,injected_reasoning,0.0,0.00042109675650769897,-0.00042109675650769897,7,33
16,23,benign_puzzle_scaffold,0.41461011019018457,0.30598521809155343,0.10862489209863113,7,33
16,23,final_answer_cue,0.25524731767671,0.37311530920381436,-0.11786799152710437,7,33
16,23,harmful_instruction,0.0,0.0002598303232524317,-0.0002598303232524317,7,33
16,23,injected_reasoning,0.0,0.001274908131330658,-0.001274908131330658,7,33
17,0,benign_puzzle_scaffold,0.21589250608630278,0.1949250563857933,0.020967449700509483,7,33
17,0,final_answer_cue,0.1674897848017917,0.22078542390818764,-0.05329563910639595,7,33
17,0,harmful_instruction,0.0,0.00015112085265534295,-0.00015112085265534295,7,33
17,0,injected_reasoning,0.0,0.0006962501716981554,-0.0006962501716981554,7,33
17,1,benign_puzzle_scaffold,0.19324023399701112,0.1398357983437247,0.053404435653286425,7,33
17,1,final_answer_cue,0.07890564332072396,0.12916698777118266,-0.0502613444504587,7,33
17,1,harmful_instruction,0.0,9.047048277826927e-05,-9.047048277826927e-05,7,33
17,1,injected_reasoning,0.0,0.0007377384419717185,-0.0007377384419717185,7,33
17,2,benign_puzzle_scaffold,0.14534179662777186,0.11914868055427762,0.02619311607349424,7,33
17,2,final_answer_cue,0.046916414955298504,0.07289365942845573,-0.025977244473157225,7,33
17,2,harmful_instruction,0.0,3.453137423843146e-05,-3.453137423843146e-05,7,33
17,2,injected_reasoning,0.0,0.00047369337714140195,-0.00047369337714140195,7,33
17,3,benign_puzzle_scaffold,0.5474604289835537,0.475619971979749,0.07184045700380476,7,33
17,3,final_answer_cue,0.16888106596401226,0.23275998668466272,-0.06387892072065046,7,33
17,3,harmful_instruction,0.0,0.00010310492482744631,-0.00010310492482744631,7,33
17,3,injected_reasoning,0.0,0.0059435879994477435,-0.0059435879994477435,7,33
17,4,benign_puzzle_scaffold,0.48043365742419064,0.3816456216998815,0.09878803572430916,7,33
17,4,final_answer_cue,0.24950219222817507,0.35005294752910665,-0.10055075530093158,7,33
17,4,harmful_instruction,0.0,0.0003585782007411001,-0.0003585782007411001,7,33
17,4,injected_reasoning,0.0,0.005760962503797928,-0.005760962503797928,7,33
17,5,benign_puzzle_scaffold,0.40002743669467355,0.24887667079463419,0.15115076590003937,7,33
17,5,final_answer_cue,0.31795670930005693,0.4584914100444073,-0.14053470074435037,7,33
17,5,harmful_instruction,0.0,0.0007211744914698284,-0.0007211744914698284,7,33
17,5,injected_reasoning,0.0,0.0016553199870681175,-0.0016553199870681175,7,33
17,6,benign_puzzle_scaffold,0.140970462981755,0.06048651427138784,0.08048394871036715,7,33
17,6,final_answer_cue,0.1885817126221407,0.2620874234537418,-0.0735057108316011,7,33
17,6,harmful_instruction,0.0,0.00033416168001803545,-0.00033416168001803545,7,33
17,6,injected_reasoning,0.0,0.00017701483892806845,-0.00017701483892806845,7,33
17,7,benign_puzzle_scaffold,0.23331132870418994,0.09243531852350771,0.14087601018068224,7,33
17,7,final_answer_cue,0.3267273150501468,0.44656569063724966,-0.11983837558710286,7,33
17,7,harmful_instruction,0.0,0.0007023753834598573,-0.0007023753834598573,7,33
17,7,injected_reasoning,0.0,0.0002940423793155597,-0.0002940423793155597,7,33
17,8,benign_puzzle_scaffold,0.2335089127525285,0.054112859715612104,0.1793960530369164,7,33
17,8,final_answer_cue,0.3914308168082627,0.5299668968418306,-0.13853608003356793,7,33
17,8,harmful_instruction,0.0,0.0011029177236562412,-0.0011029177236562412,7,33
17,8,injected_reasoning,0.0,9.531768622015517e-05,-9.531768622015517e-05,7,33
17,9,benign_puzzle_scaffold,0.3320335034160532,0.14789639276327332,0.18413711065277988,7,33
17,9,final_answer_cue,0.44067492748204595,0.6064183810855643,-0.1657434536035184,7,33
17,9,harmful_instruction,0.0,0.0010846847806418578,-0.0010846847806418578,7,33
17,9,injected_reasoning,0.0,0.0008867041968843457,-0.0008867041968843457,7,33
17,10,benign_puzzle_scaffold,0.3479970173357632,0.14819773144830892,0.1997992858874543,7,33
17,10,final_answer_cue,0.4182934400956814,0.5883229332730978,-0.1700294931774164,7,33
17,10,harmful_instruction,0.0,0.0009129365131222244,-0.0009129365131222244,7,33
17,10,injected_reasoning,0.0,0.0004845356590083884,-0.0004845356590083884,7,33
17,11,benign_puzzle_scaffold,0.3250637305583019,0.12392887101780788,0.20113485954049404,7,33
17,11,final_answer_cue,0.4271347166029838,0.6100245901158068,-0.182889873512823,7,33
17,11,harmful_instruction,0.0,0.0007733555097184714,-0.0007733555097184714,7,33
17,11,injected_reasoning,0.0,0.00039660887991980597,-0.00039660887991980597,7,33
17,12,benign_puzzle_scaffold,0.35309999659051833,0.22219488050831693,0.1309051160822014,7,33
17,12,final_answer_cue,0.2660985420968297,0.3702310411232193,-0.1041324990263896,7,33
17,12,harmful_instruction,0.0,0.0006591288447816467,-0.0006591288447816467,7,33
17,12,injected_reasoning,0.0,0.0012975957793626538,-0.0012975957793626538,7,33
17,13,benign_puzzle_scaffold,0.40410391498112636,0.24372635115662536,0.160377563824501,7,33
17,13,final_answer_cue,0.3220719752655504,0.4448385557050213,-0.12276658043947086,7,33
17,13,harmful_instruction,0.0,0.00039030294596471,-0.00039030294596471,7,33
17,13,injected_reasoning,0.0,0.0013545849493340925,-0.0013545849493340925,7,33
17,14,benign_puzzle_scaffold,0.30798095148971566,0.19998721340299216,0.1079937380867235,7,33
17,14,final_answer_cue,0.237183323954449,0.3066869095564254,-0.06950358560197642,7,33
17,14,harmful_instruction,0.0,0.0003100880857393908,-0.0003100880857393908,7,33
17,14,injected_reasoning,0.0,0.0012326932554531708,-0.0012326932554531708,7,33
17,15,benign_puzzle_scaffold,0.454947481260812,0.3381972946296279,0.11675018663118414,7,33
17,15,final_answer_cue,0.16234028473324139,0.25624889722353833,-0.09390861249029694,7,33
17,15,harmful_instruction,0.0,0.0002233904733511973,-0.0002233904733511973,7,33
17,15,injected_reasoning,0.0,0.004797975255941974,-0.004797975255941974,7,33
17,16,benign_puzzle_scaffold,0.16614775866837042,0.02234335245373145,0.14380440621463897,7,33
17,16,final_answer_cue,0.3000767399471414,0.4120076601231181,-0.11193092017597672,7,33
17,16,harmful_instruction,0.0,0.0009950358193421666,-0.0009950358193421666,7,33
17,16,injected_reasoning,0.0,6.811877142265018e-05,-6.811877142265018e-05,7,33
17,17,benign_puzzle_scaffold,0.12353364591152702,0.010643820246738607,0.11288982566478842,7,33
17,17,final_answer_cue,0.276612184300574,0.38534025424663093,-0.10872806994605694,7,33
17,17,harmful_instruction,0.0,0.000707024296699653,-0.000707024296699653,7,33
17,17,injected_reasoning,0.0,3.897974641115918e-05,-3.897974641115918e-05,7,33
17,18,benign_puzzle_scaffold,0.08865155859894565,0.07460823697953095,0.014043321619414698,7,33
17,18,final_answer_cue,0.0743711934817328,0.12863668792299385,-0.05426549444126105,7,33
17,18,harmful_instruction,0.0,5.068890475527055e-05,-5.068890475527055e-05,7,33
17,18,injected_reasoning,0.0,0.0002347137373096774,-0.0002347137373096774,7,33
17,19,benign_puzzle_scaffold,0.32891006214335256,0.2779228065674305,0.05098725557592204,7,33
17,19,final_answer_cue,0.1450246023826646,0.2136495631676267,-0.06862496078496211,7,33
17,19,harmful_instruction,0.0,0.00012307582541241024,-0.00012307582541241024,7,33
17,19,injected_reasoning,0.0,0.0026015917411619763,-0.0026015917411619763,7,33
17,20,benign_puzzle_scaffold,0.4104728392635401,0.3660207134224046,0.044452125841135504,7,33
17,20,final_answer_cue,0.10699413055812393,0.17255725378432377,-0.06556312322619984,7,33
17,20,harmful_instruction,0.0,5.4651986732680775e-05,-5.4651986732680775e-05,7,33
17,20,injected_reasoning,0.0,0.002398013952195281,-0.002398013952195281,7,33
17,21,benign_puzzle_scaffold,0.04107072364401617,0.044305067215390764,-0.003234343571374594,7,33
17,21,final_answer_cue,0.012369606270767903,0.02181523947328638,-0.009445633202518476,7,33
17,21,harmful_instruction,0.0,2.148828689080825e-05,-2.148828689080825e-05,7,33
17,21,injected_reasoning,0.0,0.00035530389898863165,-0.00035530389898863165,7,33
17,22,benign_puzzle_scaffold,0.3993285905214132,0.3243316834968707,0.07499690702454248,7,33
17,22,final_answer_cue,0.19420653293802698,0.260037386887354,-0.06583085394932703,7,33
17,22,harmful_instruction,0.0,0.00020751492979269667,-0.00020751492979269667,7,33
17,22,injected_reasoning,0.0,0.0037915443350281896,-0.0037915443350281896,7,33
17,23,benign_puzzle_scaffold,0.3169122969092916,0.1857241768205969,0.13118812008869474,7,33
17,23,final_answer_cue,0.30643306346446986,0.41054150659199495,-0.1041084431275251,7,33
17,23,harmful_instruction,0.0,0.0005213572770536713,-0.0005213572770536713,7,33
17,23,injected_reasoning,0.0,0.00125332953240524,-0.00125332953240524,7,33
18,0,benign_puzzle_scaffold,0.2815870919684882,0.08891119955859561,0.19267589240989258,7,33
18,0,final_answer_cue,0.3873447896843433,0.5644827904566583,-0.17713800077231495,7,33
18,0,harmful_instruction,0.0,0.0011888927094199319,-0.0011888927094199319,7,33
18,0,injected_reasoning,0.0,0.000283139850776525,-0.000283139850776525,7,33
18,1,benign_puzzle_scaffold,0.272441963267839,0.19225782907339653,0.08018413419444245,7,33
18,1,final_answer_cue,0.17223869491288887,0.25880078312764543,-0.08656208821475656,7,33
18,1,harmful_instruction,0.0,0.00021976480066188407,-0.00021976480066188407,7,33
18,1,injected_reasoning,0.0,0.0011442614204787965,-0.0011442614204787965,7,33
18,2,benign_puzzle_scaffold,0.3135666781086176,0.20694860784623914,0.10661807026237846,7,33
18,2,final_answer_cue,0.30524541799656885,0.47023527046850333,-0.16498985247193448,7,33
18,2,harmful_instruction,0.0,0.0003118103141679005,-0.0003118103141679005,7,33
18,2,injected_reasoning,0.0,0.002889084351737407,-0.002889084351737407,7,33
18,3,benign_puzzle_scaffold,0.2856394698575541,0.06027935972733379,0.22536011013022034,7,33
18,3,final_answer_cue,0.5211780184528465,0.7490800752519956,-0.2279020567991491,7,33
18,3,harmful_instruction,0.0,0.00116929220092359,-0.00116929220092359,7,33
18,3,injected_reasoning,0.0,6.906910850081186e-05,-6.906910850081186e-05,7,33
18,4,benign_puzzle_scaffold,0.35387631057229557,0.14370151271649503,0.21017479785580054,7,33
18,4,final_answer_cue,0.482238394658493,0.6955163400745591,-0.2132779454160661,7,33
18,4,harmful_instruction,0.0,0.0011151017342869085,-0.0011151017342869085,7,33
18,4,injected_reasoning,0.0,0.0007135168641498835,-0.0007135168641498835,7,33
18,5,benign_puzzle_scaffold,0.48665185854078413,0.3478658945707632,0.1387859639700209,7,33
18,5,final_answer_cue,0.2887483468443935,0.416369572899877,-0.12762122605548354,7,33
18,5,harmful_instruction,0.0,0.0003231015176724421,-0.0003231015176724421,7,33
18,5,injected_reasoning,0.0,0.002729619883893433,-0.002729619883893433,7,33
18,6,benign_puzzle_scaffold,0.31625233664118074,0.18563257954381407,0.13061975709736667,7,33
18,6,final_answer_cue,0.27226326065350037,0.39669582259786673,-0.12443256194436636,7,33
18,6,harmful_instruction,0.0,0.00027030665236355765,-0.00027030665236355765,7,33
18,6,injected_reasoning,0.0,0.001424640709909054,-0.001424640709909054,7,33
18,7,benign_puzzle_scaffold,0.2277744448804528,0.09475130262788824,0.13302314225256456,7,33
18,7,final_answer_cue,0.2987178027981175,0.4225735284252915,-0.12385572562717401,7,33
18,7,harmful_instruction,0.0,0.0007135004648859073,-0.0007135004648859073,7,33
18,7,injected_reasoning,0.0,0.0003355711202845246,-0.0003355711202845246,7,33
18,8,benign_puzzle_scaffold,0.298801992040592,0.15739372107517602,0.14140827096541597,7,33
18,8,final_answer_cue,0.2893869165288859,0.4100866226046145,-0.12069970607572861,7,33
18,8,harmful_instruction,0.0,0.0005541607405018792,-0.0005541607405018792,7,33
18,8,injected_reasoning,0.0,0.0006028436752801445,-0.0006028436752801445,7,33
18,9,benign_puzzle_scaffold,0.24577011699943124,0.10949234808209649,0.13627776891733476,7,33
18,9,final_answer_cue,0.24938216896854273,0.3735110587468384,-0.12412888977829564,7,33
18,9,harmful_instruction,0.0,0.0008303108340853723,-0.0008303108340853723,7,33
18,9,injected_reasoning,0.0,0.00035622891230196617,-0.00035622891230196617,7,33
18,10,benign_puzzle_scaffold,0.15159335815470693,0.03263522391860761,0.11895813423609931,7,33
18,10,final_answer_cue,0.28285786177912436,0.4063916144617346,-0.12353375268261024,7,33
18,10,harmful_instruction,0.0,0.0007134627784428642,-0.0007134627784428642,7,33
18,10,injected_reasoning,0.0,0.00010133393894182013,-0.00010133393894182013,7,33
18,11,benign_puzzle_scaffold,0.14909045088292144,0.036134739166456924,0.11295571171646451,7,33
18,11,final_answer_cue,0.2983220290000765,0.4333400314650142,-0.13501800246493773,7,33
18,11,harmful_instruction,0.0,0.0008924810718668724,-0.0008924810718668724,7,33
18,11,injected_reasoning,0.0,6.249168195865218e-05,-6.249168195865218e-05,7,33
18,12,benign_puzzle_scaffold,0.4798718010495229,0.36875945863837245,0.11111234241115042,7,33
18,12,final_answer_cue,0.17464278322458432,0.27478712473574196,-0.10014434151115764,7,33
18,12,harmful_instruction,0.0,0.00012091707553962133,-0.00012091707553962133,7,33
18,12,injected_reasoning,0.0,0.0035992068862894036,-0.0035992068862894036,7,33
18,13,benign_puzzle_scaffold,0.4809015336271174,0.34996821800212435,0.13093331562499305,7,33
18,13,final_answer_cue,0.2530794153438377,0.37531419301150265,-0.12223477766766494,7,33
18,13,harmful_instruction,0.0,0.0001630070094833892,-0.0001630070094833892,7,33
18,13,injected_reasoning,0.0,0.003141296748781351,-0.003141296748781351,7,33
18,14,benign_puzzle_scaffold,0.42267986872216534,0.2681214778813716,0.15455839084079376,7,33
18,14,final_answer_cue,0.30072787876822493,0.4282323589714667,-0.1275044802032418,7,33
18,14,harmful_instruction,0.0,0.00027049588067385344,-0.00027049588067385344,7,33
18,14,injected_reasoning,0.0,0.004137023715200628,-0.004137023715200628,7,33
18,15,benign_puzzle_scaffold,0.09155053388646629,0.018454981723276496,0.0730955521631898,7,33
18,15,final_answer_cue,0.15504575816215974,0.21694457530735758,-0.06189881714519785,7,33
18,15,harmful_instruction,0.0,0.00046959740420924603,-0.00046959740420924603,7,33
18,15,injected_reasoning,0.0,4.0845150601692256e-05,-4.0845150601692256e-05,7,33
18,16,benign_puzzle_scaffold,0.08571370616543302,0.016510799199512528,0.06920290696592049,7,33
18,16,final_answer_cue,0.18907405045347866,0.28110189704394395,-0.09202784659046528,7,33
18,16,harmful_instruction,0.0,0.00036256928282711473,-0.00036256928282711473,7,33
18,16,injected_reasoning,0.0,4.996382887769761e-05,-4.996382887769761e-05,7,33
18,17,benign_puzzle_scaffold,0.1164608161450917,0.03239411372489768,0.08406670242019401,7,33
18,17,final_answer_cue,0.23864047004595454,0.36081919462056056,-0.12217872457460602,7,33
18,17,harmful_instruction,0.0,0.0005663702989017177,-0.0005663702989017177,7,33
18,17,injected_reasoning,0.0,8.357388677488381e-05,-8.357388677488381e-05,7,33
18,18,benign_puzzle_scaffold,0.43946671223217787,0.304309808438498,0.1351569037936799,7,33
18,18,final_answer_cue,0.34849433942636165,0.5013324372313068,-0.15283809780494517,7,33
18,18,harmful_instruction,0.0,0.0009717549175080455,-0.0009717549175080455,7,33
18,18,injected_reasoning,0.0,0.0027313469229670044,-0.0027313469229670044,7,33
18,19,benign_puzzle_scaffold,0.3185652448548453,0.2080064442264693,0.11055880062837597,7,33
18,19,final_answer_cue,0.23130206899713016,0.34924249167794713,-0.11794042268081698,7,33
18,19,harmful_instruction,0.0,0.00033561742140871513,-0.00033561742140871513,7,33
18,19,injected_reasoning,0.0,0.0012964435845137338,-0.0012964435845137338,7,33
18,20,benign_puzzle_scaffold,0.3576859856605209,0.1315184224089034,0.2261675632516175,7,33
18,20,final_answer_cue,0.5299513863250641,0.7608946700033602,-0.23094328367829609,7,33
18,20,harmful_instruction,0.0,0.0012322896313563432,-0.0012322896313563432,7,33
18,20,injected_reasoning,0.0,0.000842711495013906,-0.000842711495013906,7,33
18,21,benign_puzzle_scaffold,0.4496647198443545,0.36448530975716353,0.08517941008719099,7,33
18,21,final_answer_cue,0.18687585020653555,0.22660279126461497,-0.03972694105807942,7,33
18,21,harmful_instruction,0.0,0.0001554740918937723,-0.0001554740918937723,7,33
18,21,injected_reasoning,0.0,0.004814039332059483,-0.004814039332059483,7,33
18,22,benign_puzzle_scaffold,0.4792170486559698,0.352131962470389,0.1270850861855808,7,33
18,22,final_answer_cue,0.2509960365536491,0.3392408203071258,-0.08824478375347672,7,33
18,22,harmful_instruction,0.0,8.135476338084186e-05,-8.135476338084186e-05,7,33
18,22,injected_reasoning,0.0,0.0031663786061760088,-0.0031663786061760088,7,33
18,23,benign_puzzle_scaffold,0.45625516012469547,0.33466080145728666,0.12159435866740881,7,33
18,23,final_answer_cue,0.2892689085117995,0.41030574541697107,-0.12103683690517159,7,33
18,23,harmful_instruction,0.0,0.0005265148841804602,-0.0005265148841804602,7,33
18,23,injected_reasoning,0.0,0.0031748482616776735,-0.0031748482616776735,7,33
19,0,benign_puzzle_scaffold,0.4843825790173058,0.3924234249494138,0.09195915406789201,7,33
19,0,final_answer_cue,0.18111845904558704,0.23292462441327658,-0.05180616536768953,7,33
19,0,harmful_instruction,0.0,0.00034566244832678905,-0.00034566244832678905,7,33
19,0,injected_reasoning,0.0,0.006070409304396306,-0.006070409304396306,7,33
19,1,benign_puzzle_scaffold,0.3641968549064889,0.2605014110359207,0.10369544387056817,7,33
19,1,final_answer_cue,0.17048795754946053,0.23243852154534325,-0.061950563995882724,7,33
19,1,harmful_instruction,0.0,0.00029851076769951023,-0.00029851076769951023,7,33
19,1,injected_reasoning,0.0,0.008101131532303562,-0.008101131532303562,7,33
19,2,benign_puzzle_scaffold,0.4054137579489014,0.2462532791558003,0.15916047879310108,7,33
19,2,final_answer_cue,0.33510365090936034,0.47847741985880526,-0.14337376894944492,7,33
19,2,harmful_instruction,0.0,0.0009335401797013384,-0.0009335401797013384,7,33
19,2,injected_reasoning,0.0,0.0024046202988533137,-0.0024046202988533137,7,33
19,3,benign_puzzle_scaffold,0.19391696203013173,0.17020942711177486,0.023707534918356865,7,33
19,3,final_answer_cue,0.06520764902420814,0.08157085058600977,-0.016363201561801627,7,33
19,3,harmful_instruction,0.0,9.325133843731789e-05,-9.325133843731789e-05,7,33
19,3,injected_reasoning,0.0,0.0028759472363279175,-0.0028759472363279175,7,33
19,4,benign_puzzle_scaffold,0.3061132132596322,0.25096887656114986,0.055144336698482344,7,33
19,4,final_answer_cue,0.14139780210404634,0.1954538249544418,-0.05405602285039546,7,33
19,4,harmful_instruction,0.0,9.56813000758817e-05,-9.56813000758817e-05,7,33
19,4,injected_reasoning,0.0,0.0028393184252988495,-0.0028393184252988495,7,33
19,5,benign_puzzle_scaffold,0.454902236048402,0.3522723322824984,0.10262990376590364,7,33
19,5,final_answer_cue,0.1820415183381987,0.25477079297034355,-0.07272927463214485,7,33
19,5,harmful_instruction,0.0,0.0001622380361806437,-0.0001622380361806437,7,33
19,5,injected_reasoning,0.0,0.0034625444089001305,-0.0034625444089001305,7,33
19,6,benign_puzzle_scaffold,0.21844925948198782,0.05198326809989112,0.1664659913820967,7,33
19,6,final_answer_cue,0.42257973457912046,0.606696540048723,-0.18411680546960252,7,33
19,6,harmful_instruction,0.0,0.0010625070867429618,-0.0010625070867429618,7,33
19,6,injected_reasoning,0.0,0.00018386780140090884,-0.00018386780140090884,7,33
19,7,benign_puzzle_scaffold,0.18181660274830327,0.01902577097811546,0.16279083177018783,7,33
19,7,final_answer_cue,0.41652102178643996,0.5837128002449106,-0.1671917784584706,7,33
19,7,harmful_instruction,0.0,0.0008522964532757161,-0.0008522964532757161,7,33
19,7,injected_reasoning,0.0,3.062352293349087e-05,-3.062352293349087e-05,7,33
19,8,benign_puzzle_scaffold,0.1951733917721307,0.019362254993746327,0.17581113677838436,7,33
19,8,final_answer_cue,0.42292046942517325,0.5860476386011304,-0.16312716917595715,7,33
19,8,harmful_instruction,0.0,0.0011602007907129887,-0.0011602007907129887,7,33
19,8,injected_reasoning,0.0,4.960162008725402e-05,-4.960162008725402e-05,7,33
19,9,benign_puzzle_scaffold,0.22387760467242654,0.18162563699559758,0.042251967676828955,7,33
19,9,final_answer_cue,0.057440078274765764,0.11452073036011691,-0.057080652085351145,7,33
19,9,harmful_instruction,0.0,0.00020818930602582717,-0.00020818930602582717,7,33
19,9,injected_reasoning,0.0,0.0015810677387641178,-0.0015810677387641178,7,33
19,10,benign_puzzle_scaffold,0.44567706501701493,0.3556834596491114,0.08999360536790352,7,33
19,10,final_answer_cue,0.10683381166299487,0.1758162568088259,-0.06898244514583103,7,33
19,10,harmful_instruction,0.0,8.208428459696155e-05,-8.208428459696155e-05,7,33
19,10,injected_reasoning,0.0,0.0017540333051083044,-0.0017540333051083044,7,33
19,11,benign_puzzle_scaffold,0.18181137945980544,0.16241110585783491,0.019400273601970525,7,33
19,11,final_answer_cue,0.06529840203855916,0.10009645547146447,-0.034798053432905304,7,33
19,11,harmful_instruction,0.0,8.592260455783928e-05,-8.592260455783928e-05,7,33
19,11,injected_reasoning,0.0,0.001286757635041347,-0.001286757635041347,7,33
19,12,benign_puzzle_scaffold,0.23927522817094293,0.13587096345982946,0.10340426471111347,7,33
19,12,final_answer_cue,0.14228555167678578,0.23305440136378122,-0.09076884968699545,7,33
19,12,harmful_instruction,0.0,0.0001718467146824937,-0.0001718467146824937,7,33
19,12,injected_reasoning,0.0,0.0012115098552214203,-0.0012115098552214203,7,33
19,13,benign_puzzle_scaffold,0.2827553981379539,0.2135409660594416,0.06921443207851233,7,33
19,13,final_answer_cue,0.10685937969056063,0.1561702417030048,-0.04931086201244418,7,33
19,13,harmful_instruction,0.0,5.342881198058006e-05,-5.342881198058006e-05,7,33
19,13,injected_reasoning,0.0,0.0032031245067365845,-0.0032031245067365845,7,33
19,14,benign_puzzle_scaffold,0.07381944889955974,0.07150959606282835,0.0023098528367313936,7,33
19,14,final_answer_cue,0.04751581290185048,0.06265238869332933,-0.015136575791478847,7,33
19,14,harmful_instruction,0.0,4.1786757228977516e-05,-4.1786757228977516e-05,7,33
19,14,injected_reasoning,0.0,0.0009245587871744509,-0.0009245587871744509,7,33
19,15,benign_puzzle_scaffold,0.28943615593810407,0.15545238930543412,0.13398376663266995,7,33
19,15,final_answer_cue,0.2252805687013972,0.34486318490376305,-0.11958261620236585,7,33
19,15,harmful_instruction,0.0,0.0002892354560384837,-0.0002892354560384837,7,33
19,15,injected_reasoning,0.0,0.0015252289315619456,-0.0015252289315619456,7,33
19,16,benign_puzzle_scaffold,0.29014997798030384,0.24156115904877404,0.048588818931529804,7,33
19,16,final_answer_cue,0.10735133406953609,0.15701568189726212,-0.049664347827726024,7,33
19,16,harmful_instruction,0.0,0.0001256027064628477,-0.0001256027064628477,7,33
19,16,injected_reasoning,0.0,0.002260177924777474,-0.002260177924777474,7,33
19,17,benign_puzzle_scaffold,0.16848748428268498,0.11747495452366928,0.0510125297590157,7,33
19,17,final_answer_cue,0.08431895928334605,0.14611430599484576,-0.06179534671149971,7,33
19,17,harmful_instruction,0.0,0.00019881734653276253,-0.00019881734653276253,7,33
19,17,injected_reasoning,0.0,0.0005205988791559385,-0.0005205988791559385,7,33
19,18,benign_puzzle_scaffold,0.3260606674040649,0.2045140129485177,0.12154665445554722,7,33
19,18,final_answer_cue,0.21385727762045526,0.29027091527702725,-0.076413637656572,7,33
19,18,harmful_instruction,0.0,0.00022221733037426322,-0.00022221733037426322,7,33
19,18,injected_reasoning,0.0,0.0015449037839450808,-0.0015449037839450808,7,33
19,19,benign_puzzle_scaffold,0.3136313772347429,0.21952955598604693,0.09410182124869595,7,33
19,19,final_answer_cue,0.23113969048952496,0.30464657274037876,-0.0735068822508538,7,33
19,19,harmful_instruction,0.0,0.0002847769819859047,-0.0002847769819859047,7,33
19,19,injected_reasoning,0.0,0.0034942112917679033,-0.0034942112917679033,7,33
19,20,benign_puzzle_scaffold,0.4192480313879473,0.33686218886052305,0.08238584252742426,7,33
19,20,final_answer_cue,0.09565794496853564,0.1360871715273615,-0.04042922655882586,7,33
19,20,harmful_instruction,0.0,0.0001355087917809532,-0.0001355087917809532,7,33
19,20,injected_reasoning,0.0,0.006474055037617408,-0.006474055037617408,7,33
19,21,benign_puzzle_scaffold,0.27097896115007186,0.21947707908676933,0.05150188206330253,7,33
19,21,final_answer_cue,0.12902321061626817,0.2603896208328951,-0.1313664102166269,7,33
19,21,harmful_instruction,0.0,0.00014654582663670783,-0.00014654582663670783,7,33
19,21,injected_reasoning,0.0,0.0013613714840801819,-0.0013613714840801819,7,33
19,22,benign_puzzle_scaffold,0.12186896504926457,0.03529744833644242,0.08657151671282215,7,33
19,22,final_answer_cue,0.19813619476895458,0.2831940786922627,-0.08505788392330813,7,33
19,22,harmful_instruction,0.0,0.0005729025114502702,-0.0005729025114502702,7,33
19,22,injected_reasoning,0.0,0.00012353125130781038,-0.00012353125130781038,7,33
19,23,benign_puzzle_scaffold,0.536368776761629,0.37445285733432077,0.1619159194273082,7,33
19,23,final_answer_cue,0.24933412444793007,0.41354226099103597,-0.1642081365431059,7,33
19,23,harmful_instruction,0.0,0.000708387382696151,-0.000708387382696151,7,33
19,23,injected_reasoning,0.0,0.00257021155071396,-0.00257021155071396,7,33
20,0,benign_puzzle_scaffold,0.24102581413906218,0.1139032920042958,0.12712252213476638,7,33
20,0,final_answer_cue,0.2508223047128727,0.3488467208878143,-0.09802441617494162,7,33
20,0,harmful_instruction,0.0,0.00044142934322008985,-0.00044142934322008985,7,33
20,0,injected_reasoning,0.0,0.0006599531205908878,-0.0006599531205908878,7,33
20,1,benign_puzzle_scaffold,0.17360268538188464,0.04491105578640742,0.12869162959547722,7,33
20,1,final_answer_cue,0.32119726036849966,0.45129139994310036,-0.1300941395746007,7,33
20,1,harmful_instruction,0.0,0.0007901965283078508,-0.0007901965283078508,7,33
20,1,injected_reasoning,0.0,0.0004201212503863259,-0.0004201212503863259,7,33
20,2,benign_puzzle_scaffold,0.2692494877030041,0.24237193267268342,0.026877555030320688,7,33
20,2,final_answer_cue,0.10486269719614996,0.1839386386676817,-0.07907594147153174,7,33
20,2,harmful_instruction,0.0,7.353214342671141e-05,-7.353214342671141e-05,7,33
20,2,injected_reasoning,0.0,0.0011338125978812355,-0.0011338125978812355,7,33
20,3,benign_puzzle_scaffold,0.18814711286557984,0.034194655191979326,0.1539524576736005,7,33
20,3,final_answer_cue,0.40616169615428027,0.5962419519475718,-0.19008025579329152,7,33
20,3,harmful_instruction,0.0,0.0013534591984023334,-0.0013534591984023334,7,33
20,3,injected_reasoning,0.0,6.663727907205097e-05,-6.663727907205097e-05,7,33
20,4,benign_puzzle_scaffold,0.5527589417856134,0.4217211246077517,0.13103781717786167,7,33
20,4,final_answer_cue,0.26080510568489046,0.3901133778584423,-0.12930827217355184,7,33
20,4,harmful_instruction,0.0,0.0006191888490415934,-0.0006191888490415934,7,33
20,4,injected_reasoning,0.0,0.006434637610148735,-0.006434637610148735,7,33
20,5,benign_puzzle_scaffold,0.5581493389056783,0.43813649751006883,0.12001284139560947,7,33
20,5,final_answer_cue,0.22367336627047982,0.30675348812472547,-0.08308012185424565,7,33
20,5,harmful_instruction,0.0,0.00020434278946369853,-0.00020434278946369853,7,33
20,5,injected_reasoning,0.0,0.004222916574154546,-0.004222916574154546,7,33
20,6,benign_puzzle_scaffold,0.5459460146740569,0.42909831182916053,0.11684770284489637,7,33
20,6,final_answer_cue,0.14162213743463753,0.24424881404101037,-0.10262667660637284,7,33
20,6,harmful_instruction,0.0,0.00019369674611720595,-0.00019369674611720595,7,33
20,6,injected_reasoning,0.0,0.0031556645100094213,-0.0031556645100094213,7,33
20,7,benign_puzzle_scaffold,0.39159340972479073,0.2897989312819844,0.10179447844280631,7,33
20,7,final_answer_cue,0.1876012159195207,0.313946442097339,-0.12634522617781832,7,33
20,7,harmful_instruction,0.0,0.00018505198450613494,-0.00018505198450613494,7,33
20,7,injected_reasoning,0.0,0.0036532227780992866,-0.0036532227780992866,7,33
20,8,benign_puzzle_scaffold,0.5254067306761253,0.4199774979153113,0.105429232760814,7,33
20,8,final_answer_cue,0.1806971051077238,0.27018372421932624,-0.08948661911160244,7,33
20,8,harmful_instruction,0.0,0.00017167431322691353,-0.00017167431322691353,7,33
20,8,injected_reasoning,0.0,0.0038249248645288144,-0.0038249248645288144,7,33
20,9,benign_puzzle_scaffold,0.20913143457433606,0.08108776391346915,0.12804367066086692,7,33
20,9,final_answer_cue,0.2776888448039158,0.39610514968708693,-0.11841630488317112,7,33
20,9,harmful_instruction,0.0,0.0010376419030562615,-0.0010376419030562615,7,33
20,9,injected_reasoning,0.0,0.0003594960025731652,-0.0003594960025731652,7,33
20,10,benign_puzzle_scaffold,0.4108441244475328,0.2700680813559432,0.14077604309158964,7,33
20,10,final_answer_cue,0.2603822459309427,0.40626111391594255,-0.14587886798499983,7,33
20,10,harmful_instruction,0.0,0.000608676219603548,-0.000608676219603548,7,33
20,10,injected_reasoning,0.0,0.00192497791881924,-0.00192497791881924,7,33
20,11,benign_puzzle_scaffold,0.15114104328765765,0.02143352960652283,0.1297075136811348,7,33
20,11,final_answer_cue,0.28150203636800664,0.38262102681518306,-0.10111899044717643,7,33
20,11,harmful_instruction,0.0,0.0010901197574788902,-0.0010901197574788902,7,33
20,11,injected_reasoning,0.0,5.190263241039645e-05,-5.190263241039645e-05,7,33
20,12,benign_puzzle_scaffold,0.25134156471626673,0.0758566382207018,0.17548492649556494,7,33
20,12,final_answer_cue,0.380346338500029,0.5144320860848556,-0.13408574758482655,7,33
20,12,harmful_instruction,0.0,0.0010900528861367746,-0.0010900528861367746,7,33
20,12,injected_reasoning,0.0,0.0005819375484727614,-0.0005819375484727614,7,33
20,13,benign_puzzle_scaffold,0.4152702069373359,0.3106131480288807,0.10465705890845522,7,33
20,13,final_answer_cue,0.21898031012247074,0.2995060697365105,-0.08052575961403977,7,33
20,13,harmful_instruction,0.0,0.00010513806392552778,-0.00010513806392552778,7,33
20,13,injected_reasoning,0.0,0.0036462845969086085,-0.0036462845969086085,7,33
20,14,benign_puzzle_scaffold,0.4330911280814602,0.34299831868718356,0.09009280939427666,7,33
20,14,final_answer_cue,0.16516296877659054,0.20925568696317162,-0.04409271818658109,7,33
20,14,harmful_instruction,0.0,0.0002253786783919527,-0.0002253786783919527,7,33
20,14,injected_reasoning,0.0,0.0058504701806902145,-0.0058504701806902145,7,33
20,15,benign_puzzle_scaffold,0.42832770329168884,0.36972278801464575,0.05860491527704309,7,33
20,15,final_answer_cue,0.1265582325551501,0.18932530230654576,-0.06276706975139565,7,33
20,15,harmful_instruction,0.0,0.00035011166261888203,-0.00035011166261888203,7,33
20,15,injected_reasoning,0.0,0.0044667553567515166,-0.0044667553567515166,7,33
20,16,benign_puzzle_scaffold,0.13908502133772102,0.021909125919824825,0.11717589541789619,7,33
20,16,final_answer_cue,0.22139689411079802,0.31417554227833433,-0.09277864816753631,7,33
20,16,harmful_instruction,0.0,0.0008637818035462465,-0.0008637818035462465,7,33
20,16,injected_reasoning,0.0,5.6602758085930616e-05,-5.6602758085930616e-05,7,33
20,17,benign_puzzle_scaffold,0.24959493823329013,0.0916404150622518,0.1579545231710383,7,33
20,17,final_answer_cue,0.2879388097764302,0.4220223363881164,-0.1340835266116862,7,33
20,17,harmful_instruction,0.0,0.0003803596133336998,-0.0003803596133336998,7,33
20,17,injected_reasoning,0.0,0.0005219955843410508,-0.0005219955843410508,7,33
20,18,benign_puzzle_scaffold,0.26546264670042613,0.11574052182818453,0.1497221248722416,7,33
20,18,final_answer_cue,0.3217170684600133,0.457465223414869,-0.1357481549548557,7,33
20,18,harmful_instruction,0.0,0.0006775907941357528,-0.0006775907941357528,7,33
20,18,injected_reasoning,0.0,0.0006859110601628845,-0.0006859110601628845,7,33
20,19,benign_puzzle_scaffold,0.4114536389914766,0.2437552022883059,0.16769843670317067,7,33
20,19,final_answer_cue,0.3774458577044935,0.5312065523647305,-0.15376069466023695,7,33
20,19,harmful_instruction,0.0,0.0006598668914865392,-0.0006598668914865392,7,33
20,19,injected_reasoning,0.0,0.0025254033235730636,-0.0025254033235730636,7,33
20,20,benign_puzzle_scaffold,0.47310540553142266,0.35492279454497627,0.11818261098644639,7,33
20,20,final_answer_cue,0.2824830194126333,0.39436437898366844,-0.11188135957103512,7,33
20,20,harmful_instruction,0.0,0.0004063145423840551,-0.0004063145423840551,7,33
20,20,injected_reasoning,0.0,0.0021146838687630546,-0.0021146838687630546,7,33
20,21,benign_puzzle_scaffold,0.425364185008482,0.28775127470834116,0.13761291030014083,7,33
20,21,final_answer_cue,0.260344230926325,0.3703699906871441,-0.11002575976081908,7,33
20,21,harmful_instruction,0.0,0.0008177230488718669,-0.0008177230488718669,7,33
20,21,injected_reasoning,0.0,0.003613431589610576,-0.003613431589610576,7,33
20,22,benign_puzzle_scaffold,0.6031382286239445,0.506600624585294,0.09653760403865053,7,33
20,22,final_answer_cue,0.15768403047615528,0.24591998156564715,-0.08823595108949187,7,33
20,22,harmful_instruction,0.0,0.00034847884413624245,-0.00034847884413624245,7,33
20,22,injected_reasoning,0.0,0.005077291966075474,-0.005077291966075474,7,33
20,23,benign_puzzle_scaffold,0.3153467120130217,0.22076781959163325,0.09457889242138848,7,33
20,23,final_answer_cue,0.20838843650394992,0.2942277432884384,-0.0858393067844885,7,33
20,23,harmful_instruction,0.0,0.0002681952209659189,-0.0002681952209659189,7,33
20,23,injected_reasoning,0.0,0.0039463840968162935,-0.0039463840968162935,7,33
21,0,benign_puzzle_scaffold,0.2721917369895138,0.2432441491893612,0.028947587800152635,7,33
21,0,final_answer_cue,0.037721338382595955,0.06481441405862425,-0.02709307567602829,7,33
21,0,harmful_instruction,0.0,1.7218845517327915e-05,-1.7218845517327915e-05,7,33
21,0,injected_reasoning,0.0,0.00484665309551165,-0.00484665309551165,7,33
21,1,benign_puzzle_scaffold,0.28277996889215284,0.276861942325603,0.005918026566549828,7,33
21,1,final_answer_cue,0.07426669615693401,0.11094758655118056,-0.036680890394246546,7,33
21,1,harmful_instruction,0.0,5.807531308754285e-05,-5.807531308754285e-05,7,33
21,1,injected_reasoning,0.0,0.0032657313212355226,-0.0032657313212355226,7,33
21,2,benign_puzzle_scaffold,0.07211076349137359,0.04723683142297029,0.0248739320684033,7,33
21,2,final_answer_cue,0.05930482526247814,0.08980338539313075,-0.030498560130652608,7,33
21,2,harmful_instruction,0.0,0.000137878304406949,-0.000137878304406949,7,33
21,2,injected_reasoning,0.0,0.0008445456540510471,-0.0008445456540510471,7,33
21,3,benign_puzzle_scaffold,0.18026146059903023,0.03906451417602411,0.14119694642300612,7,33
21,3,final_answer_cue,0.3529580090031415,0.49719777176214985,-0.14423976275900835,7,33
21,3,harmful_instruction,0.0,0.0007457403267492247,-0.0007457403267492247,7,33
21,3,injected_reasoning,0.0,0.00028644969350724684,-0.00028644969350724684,7,33
21,4,benign_puzzle_scaffold,0.30949777291621583,0.11455666143687046,0.19494111147934537,7,33
21,4,final_answer_cue,0.4475379531365207,0.6530470174930094,-0.2055090643564887,7,33
21,4,harmful_instruction,0.0,0.0010747781381894904,-0.0010747781381894904,7,33
21,4,injected_reasoning,0.0,0.0007698214946732352,-0.0007698214946732352,7,33
21,5,benign_puzzle_scaffold,0.3342703035618575,0.2513439803801336,0.08292632318172388,7,33
21,5,final_answer_cue,0.18940193463545582,0.28906450016078333,-0.09966256552532751,7,33
21,5,harmful_instruction,0.0,0.0004367187599681686,-0.0004367187599681686,7,33
21,5,injected_reasoning,0.0,0.005661622556064013,-0.005661622556064013,7,33
21,6,benign_puzzle_scaffold,0.1434871969275539,0.11482417385058505,0.028663023076968858,7,33
21,6,final_answer_cue,0.04655815122258217,0.09045790945183453,-0.043899758229252364,7,33
21,6,harmful_instruction,0.0,1.5147586946881918e-05,-1.5147586946881918e-05,7,33
21,6,injected_reasoning,0.0,0.000615215212234045,-0.000615215212234045,7,33
21,7,benign_puzzle_scaffold,0.08492629480653398,0.022317929658702343,0.06260836514783163,7,33
21,7,final_answer_cue,0.1665379937180422,0.24529483340906932,-0.07875683969102712,7,33
21,7,harmful_instruction,0.0,0.000260154494739643,-0.000260154494739643,7,33
21,7,injected_reasoning,0.0,0.00018104635369609775,-0.00018104635369609775,7,33
21,8,benign_puzzle_scaffold,0.33682800211040675,0.21187152528977635,0.12495647682063041,7,33
21,8,final_answer_cue,0.14051543785288773,0.2448146230546267,-0.10429918520173898,7,33
21,8,harmful_instruction,0.0,0.00025845204418535606,-0.00025845204418535606,7,33
21,8,injected_reasoning,0.0,0.0011783479712199544,-0.0011783479712199544,7,33
21,9,benign_puzzle_scaffold,0.08755807433274244,0.05646214018241174,0.031095934150330705,7,33
21,9,final_answer_cue,0.06433305981352626,0.10061131550027098,-0.036278255686744726,7,33
21,9,harmful_instruction,0.0,8.712274282540896e-05,-8.712274282540896e-05,7,33
21,9,injected_reasoning,0.0,0.00043710038433128105,-0.00043710038433128105,7,33
21,10,benign_puzzle_scaffold,0.3354075281251549,0.1954465047034427,0.13996102342171218,7,33
21,10,final_answer_cue,0.22531629650097654,0.3200869495340646,-0.09477065303308804,7,33
21,10,harmful_instruction,0.0,0.0002631399696773845,-0.0002631399696773845,7,33
21,10,injected_reasoning,0.0,0.00205490590696222,-0.00205490590696222,7,33
21,11,benign_puzzle_scaffold,0.045427691019875725,0.02831230163330125,0.017115389386574476,7,33
21,11,final_answer_cue,0.04437483090154897,0.060998287231854006,-0.016623456330305035,7,33
21,11,harmful_instruction,0.0,3.298259111529576e-05,-3.298259111529576e-05,7,33
21,11,injected_reasoning,0.0,0.00035337200086622307,-0.00035337200086622307,7,33
21,12,benign_puzzle_scaffold,0.13828595991564477,0.07754240349363846,0.06074355642200631,7,33
21,12,final_answer_cue,0.1156158925210989,0.17795220894648123,-0.06233631642538233,7,33
21,12,harmful_instruction,0.0,0.00011275301638735772,-0.00011275301638735772,7,33
21,12,injected_reasoning,0.0,0.0008936208463970905,-0.0008936208463970905,7,33
21,13,benign_puzzle_scaffold,0.12967928375380108,0.09823730815723254,0.03144197559656854,7,33
21,13,final_answer_cue,0.05373021312267622,0.07898947028991157,-0.02525925716723535,7,33
21,13,harmful_instruction,0.0,0.00010007858486142368,-0.00010007858486142368,7,33
21,13,injected_reasoning,0.0,0.0005440189844848635,-0.0005440189844848635,7,33
21,14,benign_puzzle_scaffold,0.09072247871251823,0.0477447167192209,0.042977761993297336,7,33
21,14,final_answer_cue,0.09585803958902499,0.14397207158299036,-0.04811403199396537,7,33
21,14,harmful_instruction,0.0,0.00021199669827924142,-0.00021199669827924142,7,33
21,14,injected_reasoning,0.0,0.00040566037903932197,-0.00040566037903932197,7,33
21,15,benign_puzzle_scaffold,0.4337295433025206,0.34717523706445363,0.08655430623806698,7,33
21,15,final_answer_cue,0.17092033374387774,0.24073268166103173,-0.06981234791715399,7,33
21,15,harmful_instruction,0.0,0.00013606271252936505,-0.00013606271252936505,7,33
21,15,injected_reasoning,0.0,0.005700691743300322,-0.005700691743300322,7,33
21,16,benign_puzzle_scaffold,0.20610391614674148,0.1880803011876391,0.018023614959102374,7,33
21,16,final_answer_cue,0.08224384500515369,0.10047123546913067,-0.018227390463976978,7,33
21,16,harmful_instruction,0.0,8.67336810427471e-05,-8.67336810427471e-05,7,33
21,16,injected_reasoning,0.0,0.002235381675751134,-0.002235381675751134,7,33
21,17,benign_puzzle_scaffold,0.3165431312988042,0.2274309818024313,0.08911214949637289,7,33
21,17,final_answer_cue,0.12593033565097247,0.17087031480502748,-0.04493997915405501,7,33
21,17,harmful_instruction,0.0,0.00018341621878942735,-0.00018341621878942735,7,33
21,17,injected_reasoning,0.0,0.0030060805319626974,-0.0030060805319626974,7,33
21,18,benign_puzzle_scaffold,0.2502825177147679,0.13074701889907892,0.11953549881568898,7,33
21,18,final_answer_cue,0.22959853448653683,0.3246184307248769,-0.09501989623834006,7,33
21,18,harmful_instruction,0.0,0.0001615569571850864,-0.0001615569571850864,7,33
21,18,injected_reasoning,0.0,0.0008776002471632116,-0.0008776002471632116,7,33
21,19,benign_puzzle_scaffold,0.22755874960302389,0.055530452258448874,0.172028297344575,7,33
21,19,final_answer_cue,0.34898920322536053,0.4915755561623542,-0.14258635293699368,7,33
21,19,harmful_instruction,0.0,0.0008260326540420332,-0.0008260326540420332,7,33
21,19,injected_reasoning,0.0,0.0004817890441453409,-0.0004817890441453409,7,33
21,20,benign_puzzle_scaffold,0.4612127312313365,0.36885151203739486,0.09236121919394163,7,33
21,20,final_answer_cue,0.13123218326075745,0.21968703493894123,-0.08845485167818379,7,33
21,20,harmful_instruction,0.0,0.00017021118325286655,-0.00017021118325286655,7,33
21,20,injected_reasoning,0.0,0.004819528609707635,-0.004819528609707635,7,33
21,21,benign_puzzle_scaffold,0.3137430403691967,0.2881000848675882,0.0256429555016085,7,33
21,21,final_answer_cue,0.07279678044591832,0.10794766065740964,-0.03515088021149132,7,33
21,21,harmful_instruction,0.0,7.443160431013036e-05,-7.443160431013036e-05,7,33
21,21,injected_reasoning,0.0,0.0027965362107360706,-0.0027965362107360706,7,33
21,22,benign_puzzle_scaffold,0.3904457753646672,0.3709456040090201,0.019500171355647078,7,33
21,22,final_answer_cue,0.09358523510760067,0.14367748449356835,-0.05009224938596768,7,33
21,22,harmful_instruction,0.0,0.00013676042681633305,-0.00013676042681633305,7,33
21,22,injected_reasoning,0.0,0.005761957257074276,-0.005761957257074276,7,33
21,23,benign_puzzle_scaffold,0.29520399589771557,0.27268891684421,0.022515079053505582,7,33
21,23,final_answer_cue,0.0655337521885685,0.1012922714755134,-0.0357585192869449,7,33
21,23,harmful_instruction,0.0,8.581291335224183e-05,-8.581291335224183e-05,7,33
21,23,injected_reasoning,0.0,0.0073043455002427034,-0.0073043455002427034,7,33
22,0,benign_puzzle_scaffold,0.36354260133217425,0.3052824837738358,0.05826011755833843,7,33
22,0,final_answer_cue,0.09749744081112101,0.15744091759491813,-0.05994347678379712,7,33
22,0,harmful_instruction,0.0,0.00024760798586797797,-0.00024760798586797797,7,33
22,0,injected_reasoning,0.0,0.004850504435410747,-0.004850504435410747,7,33
22,1,benign_puzzle_scaffold,0.3503351173255115,0.3088753113852632,0.041459805940248284,7,33
22,1,final_answer_cue,0.08378365811758333,0.13087808220963773,-0.0470944240920544,7,33
22,1,harmful_instruction,0.0,0.00010931392171258398,-0.00010931392171258398,7,33
22,1,injected_reasoning,0.0,0.0045419534321868085,-0.0045419534321868085,7,33
22,2,benign_puzzle_scaffold,0.39099555563326416,0.2988441667612305,0.09215138887203367,7,33
22,2,final_answer_cue,0.17221647359239786,0.271725846059551,-0.09950937246715316,7,33
22,2,harmful_instruction,0.0,0.00020807041421623193,-0.00020807041421623193,7,33
22,2,injected_reasoning,0.0,0.004572566806944147,-0.004572566806944147,7,33
22,3,benign_puzzle_scaffold,0.17109326122606852,0.12379583670965738,0.04729742451641114,7,33
22,3,final_answer_cue,0.06636919015816481,0.1252685551984396,-0.05889936504027479,7,33
22,3,harmful_instruction,0.0,9.305872713776995e-05,-9.305872713776995e-05,7,33
22,3,injected_reasoning,0.0,0.00035877767807387457,-0.00035877767807387457,7,33
22,4,benign_puzzle_scaffold,0.1062609382289658,0.034491920307153354,0.07176901792181245,7,33
22,4,final_answer_cue,0.13971546367997983,0.20513072609214567,-0.06541526241216583,7,33
22,4,harmful_instruction,0.0,0.00013551370294527206,-0.00013551370294527206,7,33
22,4,injected_reasoning,0.0,5.6420344629920005e-05,-5.6420344629920005e-05,7,33
22,5,benign_puzzle_scaffold,0.12781772450112575,0.014490265434322762,0.11332745906680299,7,33
22,5,final_answer_cue,0.23240658921476473,0.3307426256011925,-0.09833603638642777,7,33
22,5,harmful_instruction,0.0,0.0006706819033684516,-0.0006706819033684516,7,33
22,5,injected_reasoning,0.0,2.3163460588730003e-05,-2.3163460588730003e-05,7,33
22,6,benign_puzzle_scaffold,0.1691606274424155,0.03045790468988608,0.13870272275252943,7,33
22,6,final_answer_cue,0.30925975477877854,0.44056637679299815,-0.1313066220142196,7,33
22,6,harmful_instruction,0.0,0.0010468629215369498,-0.0010468629215369498,7,33
22,6,injected_reasoning,0.0,5.4482976875775534e-05,-5.4482976875775534e-05,7,33
22,7,benign_puzzle_scaffold,0.24950342069039833,0.08364401613987742,0.1658594045505209,7,33
22,7,final_answer_cue,0.4055835351152296,0.587416515964271,-0.18183298084904143,7,33
22,7,harmful_instruction,0.0,0.001124291041125158,-0.001124291041125158,7,33
22,7,injected_reasoning,0.0,0.00017652086535463056,-0.00017652086535463056,7,33
22,8,benign_puzzle_scaffold,0.1133207717317881,0.028549707628026263,0.08477106410376184,7,33
22,8,final_answer_cue,0.189789135401045,0.27073381577992317,-0.08094468037887817,7,33
22,8,harmful_instruction,0.0,0.00045590822457851907,-0.00045590822457851907,7,33
22,8,injected_reasoning,0.0,6.688448157155499e-05,-6.688448157155499e-05,7,33
22,9,benign_puzzle_scaffold,0.27234662361874734,0.2710814152915265,0.0012652083272208237,7,33
22,9,final_answer_cue,0.0762779651518052,0.11545113499336875,-0.03917316984156355,7,33
22,9,harmful_instruction,0.0,5.86001934473291e-05,-5.86001934473291e-05,7,33
22,9,injected_reasoning,0.0,0.009837949571205745,-0.009837949571205745,7,33
22,10,benign_puzzle_scaffold,0.3095041231064462,0.2805876707884292,0.028916452318016983,7,33
22,10,final_answer_cue,0.06309629656124174,0.09228850953740297,-0.02919221297616123,7,33
22,10,harmful_instruction,0.0,0.0001136711673696173,-0.0001136711673696173,7,33
22,10,injected_reasoning,0.0,0.010418263445035776,-0.010418263445035776,7,33
22,11,benign_puzzle_scaffold,0.2800815123369206,0.25043570004227356,0.029645812294647023,7,33
22,11,final_answer_cue,0.0859119367014971,0.1252910364031412,-0.039379099701644105,7,33
22,11,harmful_instruction,0.0,9.975482036267443e-05,-9.975482036267443e-05,7,33
22,11,injected_reasoning,0.0,0.0034831650797713465,-0.0034831650797713465,7,33
22,12,benign_puzzle_scaffold,0.32857472315385367,0.25785722154633606,0.07071750160751761,7,33
22,12,final_answer_cue,0.11738138986270592,0.1796592604605895,-0.062277870597883575,7,33
22,12,harmful_instruction,0.0,0.00011989424059775588,-0.00011989424059775588,7,33
22,12,injected_reasoning,0.0,0.003355591238845656,-0.003355591238845656,7,33
22,13,benign_puzzle_scaffold,0.14490732276497909,0.045293789608236226,0.09961353315674286,7,33
22,13,final_answer_cue,0.2467774224772171,0.33456619316120206,-0.08778877068398497,7,33
22,13,harmful_instruction,0.0,0.0010377503154648678,-0.0010377503154648678,7,33
22,13,injected_reasoning,0.0,0.00015817794870979468,-0.00015817794870979468,7,33
22,14,benign_puzzle_scaffold,0.33344631230813837,0.2404919630404274,0.09295434926771098,7,33
22,14,final_answer_cue,0.10853608632124558,0.17793362456493755,-0.06939753824369198,7,33
22,14,harmful_instruction,0.0,6.483465035571025e-05,-6.483465035571025e-05,7,33
22,14,injected_reasoning,0.0,0.0031775047595072195,-0.0031775047595072195,7,33
22,15,benign_puzzle_scaffold,0.44952135154769496,0.36941566699781136,0.0801056845498836,7,33
22,15,final_answer_cue,0.12508318162366475,0.1916751074894926,-0.06659192586582785,7,33
22,15,harmful_instruction,0.0,0.00011953671541438203,-0.00011953671541438203,7,33
22,15,injected_reasoning,0.0,0.011964346978279888,-0.011964346978279888,7,33
22,16,benign_puzzle_scaffold,0.3705400938723617,0.2811333969480154,0.08940669692434627,7,33
22,16,final_answer_cue,0.14310796814584048,0.2131658369889167,-0.07005786884307622,7,33
22,16,harmful_instruction,0.0,0.00016769011437246318,-0.00016769011437246318,7,33
22,16,injected_reasoning,0.0,0.004704039311753958,-0.004704039311753958,7,33
22,17,benign_puzzle_scaffold,0.3137966501761329,0.2083684036272956,0.10542824654883728,7,33
22,17,final_answer_cue,0.22014155730356988,0.32795602323499756,-0.10781446593142768,7,33
22,17,harmful_instruction,0.0,0.00028110802427693026,-0.00028110802427693026,7,33
22,17,injected_reasoning,0.0,0.002176719405017954,-0.002176719405017954,7,33
22,18,benign_puzzle_scaffold,0.3472608751389458,0.304763856406044,0.04249701873290185,7,33
22,18,final_answer_cue,0.10101242173669266,0.15324110727444232,-0.05222868553774966,7,33
22,18,harmful_instruction,0.0,0.00013717325317688002,-0.00013717325317688002,7,33
22,18,injected_reasoning,0.0,0.005257487906627395,-0.005257487906627395,7,33
22,19,benign_puzzle_scaffold,0.220628260030192,0.10825423252399444,0.11237402750619757,7,33
22,19,final_answer_cue,0.22019517172930378,0.30826461128914073,-0.08806943955983695,7,33
22,19,harmful_instruction,0.0,0.0004425854098913903,-0.0004425854098913903,7,33
22,19,injected_reasoning,0.0,0.0005369659869019119,-0.0005369659869019119,7,33
22,20,benign_puzzle_scaffold,0.342437153598865,0.2369017227473145,0.10553543085155051,7,33
22,20,final_answer_cue,0.12312669616782246,0.180621359144762,-0.05749466297693953,7,33
22,20,harmful_instruction,0.0,0.00023651350077587532,-0.00023651350077587532,7,33
22,20,injected_reasoning,0.0,0.0014635278718872788,-0.0014635278718872788,7,33
22,21,benign_puzzle_scaffold,0.554697653397554,0.36066801506893065,0.1940296383286233,7,33
22,21,final_answer_cue,0.3595049336364563,0.55456279843515,-0.1950578647986937,7,33
22,21,harmful_instruction,0.0,0.0009053071883297347,-0.0009053071883297347,7,33
22,21,injected_reasoning,0.0,0.0024081625264155576,-0.0024081625264155576,7,33
22,22,benign_puzzle_scaffold,0.35076377245639045,0.22958104212086353,0.12118273033552693,7,33
22,22,final_answer_cue,0.2834870991887114,0.41942020828374627,-0.13593310909503487,7,33
22,22,harmful_instruction,0.0,0.0007207704411579837,-0.0007207704411579837,7,33
22,22,injected_reasoning,0.0,0.001138138554605647,-0.001138138554605647,7,33
22,23,benign_puzzle_scaffold,0.21217780694531155,0.17384937426055294,0.03832843268475861,7,33
22,23,final_answer_cue,0.06894663241120101,0.11640546535527758,-0.04745883294407657,7,33
22,23,harmful_instruction,0.0,0.00011276659152218075,-0.00011276659152218075,7,33
22,23,injected_reasoning,0.0,0.0007980508387018748,-0.0007980508387018748,7,33
23,0,benign_puzzle_scaffold,0.09615218636497737,0.05874551900255413,0.03740666736242324,7,33
23,0,final_answer_cue,0.17379081400816723,0.27290485148724347,-0.09911403747907624,7,33
23,0,harmful_instruction,0.0,0.0006600763255542199,-0.0006600763255542199,7,33
23,0,injected_reasoning,0.0,0.00043011626583263566,-0.00043011626583263566,7,33
23,1,benign_puzzle_scaffold,0.053322603808513926,0.04461698730231939,0.008705616506194537,7,33
23,1,final_answer_cue,0.05723618766750744,0.09327183282506299,-0.03603564515755555,7,33
23,1,harmful_instruction,0.0,0.0001329088725202867,-0.0001329088725202867,7,33
23,1,injected_reasoning,0.0,0.00022245775337752935,-0.00022245775337752935,7,33
23,2,benign_puzzle_scaffold,0.0704458865275946,0.0454787891999903,0.024967097327604305,7,33
23,2,final_answer_cue,0.09417891235733501,0.14084198767817552,-0.046663075320840505,7,33
23,2,harmful_instruction,0.0,0.0001606425380631905,-0.0001606425380631905,7,33
23,2,injected_reasoning,0.0,0.00020414924454185295,-0.00020414924454185295,7,33
23,3,benign_puzzle_scaffold,0.20330942485257494,0.136919210292215,0.06639021456035996,7,33
23,3,final_answer_cue,0.15246059273534127,0.19577385734592376,-0.04331326461058249,7,33
23,3,harmful_instruction,0.0,0.00017583651056785415,-0.00017583651056785415,7,33
23,3,injected_reasoning,0.0,0.0011184826217042949,-0.0011184826217042949,7,33
23,4,benign_puzzle_scaffold,0.1464827282391239,0.09353128971779312,0.052951438521330774,7,33
23,4,final_answer_cue,0.0877599586720781,0.1163731200712035,-0.028613161399125397,7,33
23,4,harmful_instruction,0.0,0.00021049307699836975,-0.00021049307699836975,7,33
23,4,injected_reasoning,0.0,0.0008491559977303926,-0.0008491559977303926,7,33
23,5,benign_puzzle_scaffold,0.06077889577475289,0.04433526970109785,0.016443626073655043,7,33
23,5,final_answer_cue,0.05862234153809217,0.10083754796880527,-0.0422152064307131,7,33
23,5,harmful_instruction,0.0,0.00010450296655881226,-0.00010450296655881226,7,33
23,5,injected_reasoning,0.0,0.0003237762890703046,-0.0003237762890703046,7,33
23,6,benign_puzzle_scaffold,0.19496238636112498,0.19775339623191454,-0.0027910098707895625,7,33
23,6,final_answer_cue,0.03438428426108507,0.07103923426200526,-0.036654950000920186,7,33
23,6,harmful_instruction,0.0,1.700670615231888e-05,-1.700670615231888e-05,7,33
23,6,injected_reasoning,0.0,0.000985167944641896,-0.000985167944641896,7,33
23,7,benign_puzzle_scaffold,0.1443466295256139,0.10324417395991572,0.041102455565698165,7,33
23,7,final_answer_cue,0.1266284116568495,0.18220967475552702,-0.05558126309867753,7,33
23,7,harmful_instruction,0.0,0.0002853337943018992,-0.0002853337943018992,7,33
23,7,injected_reasoning,0.0,0.0005115926608485214,-0.0005115926608485214,7,33
23,8,benign_puzzle_scaffold,0.3033937409863657,0.27244895250128043,0.03094478848508525,7,33
23,8,final_answer_cue,0.0767762899452719,0.09525098750008824,-0.018474697554816344,7,33
23,8,harmful_instruction,0.0,1.5283268135438643e-05,-1.5283268135438643e-05,7,33
23,8,injected_reasoning,0.0,0.0029837220821780698,-0.0029837220821780698,7,33
23,9,benign_puzzle_scaffold,0.23042271007594808,0.11961164833790672,0.11081106173804137,7,33
23,9,final_answer_cue,0.19060867354662,0.271744693454082,-0.08113601990746197,7,33
23,9,harmful_instruction,0.0,0.0005005650506391213,-0.0005005650506391213,7,33
23,9,injected_reasoning,0.0,0.0010838481765375295,-0.0010838481765375295,7,33
23,10,benign_puzzle_scaffold,0.14769596290456738,0.07287621427934586,0.07481974862522152,7,33
23,10,final_answer_cue,0.14411378652039125,0.20377828672391807,-0.059664500203526816,7,33
23,10,harmful_instruction,0.0,0.000406066718306454,-0.000406066718306454,7,33
23,10,injected_reasoning,0.0,0.00027971418737266076,-0.00027971418737266076,7,33
23,11,benign_puzzle_scaffold,0.0706890518660344,0.04033299789194793,0.030356053974086472,7,33
23,11,final_answer_cue,0.10514376025781931,0.15127050592812874,-0.04612674567030943,7,33
23,11,harmful_instruction,0.0,0.0002891209686291295,-0.0002891209686291295,7,33
23,11,injected_reasoning,0.0,0.0001521753912456792,-0.0001521753912456792,7,33
23,12,benign_puzzle_scaffold,0.11858681637286639,0.06467804521478039,0.053908771158086,7,33
23,12,final_answer_cue,0.13736221512773159,0.17167048089021308,-0.0343082657624815,7,33
23,12,harmful_instruction,0.0,7.701423641582895e-05,-7.701423641582895e-05,7,33
23,12,injected_reasoning,0.0,0.00024827571143001646,-0.00024827571143001646,7,33
23,13,benign_puzzle_scaffold,0.25066219591661354,0.25290869519458625,-0.0022464992779727133,7,33
23,13,final_answer_cue,0.03794537421622641,0.06496352837459463,-0.027018154158368217,7,33
23,13,harmful_instruction,0.0,1.2976170281198776e-05,-1.2976170281198776e-05,7,33
23,13,injected_reasoning,0.0,0.0043620004451821025,-0.0043620004451821025,7,33
23,14,benign_puzzle_scaffold,0.26766901259755177,0.21363879159042654,0.054030221007125234,7,33
23,14,final_answer_cue,0.08237417918616385,0.10261682521638889,-0.020242646030225034,7,33
23,14,harmful_instruction,0.0,3.281033859176689e-05,-3.281033859176689e-05,7,33
23,14,injected_reasoning,0.0,0.0015911253079019905,-0.0015911253079019905,7,33
23,15,benign_puzzle_scaffold,0.13463977251412876,0.11016378058797195,0.024475991926156807,7,33
23,15,final_answer_cue,0.06965250713550286,0.0937203276394959,-0.024067820503993045,7,33
23,15,harmful_instruction,0.0,8.55174660318947e-05,-8.55174660318947e-05,7,33
23,15,injected_reasoning,0.0,0.0009323144759220947,-0.0009323144759220947,7,33
23,16,benign_puzzle_scaffold,0.046680121236213526,0.04247751465817567,0.004202606578037858,7,33
23,16,final_answer_cue,0.05720430697618071,0.0862351603589563,-0.02903085338277559,7,33
23,16,harmful_instruction,0.0,1.835633485158346e-05,-1.835633485158346e-05,7,33
23,16,injected_reasoning,0.0,0.0002669840982390368,-0.0002669840982390368,7,33
23,17,benign_puzzle_scaffold,0.1567856427843705,0.09498071523429026,0.06180492755008023,7,33
23,17,final_answer_cue,0.08168606888866346,0.10616447545704175,-0.024478406568378283,7,33
23,17,harmful_instruction,0.0,4.237589301607208e-05,-4.237589301607208e-05,7,33
23,17,injected_reasoning,0.0,0.0006983108510912635,-0.0006983108510912635,7,33
23,18,benign_puzzle_scaffold,0.11481382860015012,0.024707357637270447,0.09010647096287967,7,33
23,18,final_answer_cue,0.16970116995481105,0.23922548663323873,-0.06952431667842768,7,33
23,18,harmful_instruction,0.0,0.0006186614012055682,-0.0006186614012055682,7,33
23,18,injected_reasoning,0.0,5.560641212473459e-05,-5.560641212473459e-05,7,33
23,19,benign_puzzle_scaffold,0.18600497160072188,0.034075515666202455,0.15192945593451943,7,33
23,19,final_answer_cue,0.33683455807390555,0.46336841136751694,-0.1265338532936114,7,33
23,19,harmful_instruction,0.0,0.0008760380031365433,-0.0008760380031365433,7,33
23,19,injected_reasoning,0.0,4.64055387183454e-05,-4.64055387183454e-05,7,33
23,20,benign_puzzle_scaffold,0.09048565193560218,0.02337821975642413,0.06710743217917806,7,33
23,20,final_answer_cue,0.14438511051297995,0.21152628435576318,-0.06714117384278323,7,33
23,20,harmful_instruction,0.0,0.00015994686556948805,-0.00015994686556948805,7,33
23,20,injected_reasoning,0.0,3.9845944443163875e-05,-3.9845944443163875e-05,7,33
23,21,benign_puzzle_scaffold,0.19495158899866233,0.1645882111655947,0.03036337783306764,7,33
23,21,final_answer_cue,0.07090076805606514,0.10673073327102053,-0.03582996521495539,7,33
23,21,harmful_instruction,0.0,0.00010374203729299147,-0.00010374203729299147,7,33
23,21,injected_reasoning,0.0,0.0035950923514959793,-0.0035950923514959793,7,33
23,22,benign_puzzle_scaffold,0.2356579355650324,0.24270227970027658,-0.007044344135244185,7,33
23,22,final_answer_cue,0.06056564728939773,0.1041806547993939,-0.04361500750999617,7,33
23,22,harmful_instruction,0.0,0.00018525634935652525,-0.00018525634935652525,7,33
23,22,injected_reasoning,0.0,0.002170267001504603,-0.002170267001504603,7,33
23,23,benign_puzzle_scaffold,0.08858560326775233,0.08107454382798258,0.007511059439769749,7,33
23,23,final_answer_cue,0.05030061473850637,0.07355715158298318,-0.02325653684447681,7,33
23,23,harmful_instruction,0.0,1.6326607520086432e-05,-1.6326607520086432e-05,7,33
23,23,injected_reasoning,0.0,0.00029875923200841064,-0.00029875923200841064,7,33
24,0,benign_puzzle_scaffold,0.05915006580230409,0.023923874577191886,0.03522619122511221,7,33
24,0,final_answer_cue,0.09030660508484009,0.11341356961063982,-0.02310696452579973,7,33
24,0,harmful_instruction,0.0,0.00012186994405389176,-0.00012186994405389176,7,33
24,0,injected_reasoning,0.0,8.075041173806894e-05,-8.075041173806894e-05,7,33
24,1,benign_puzzle_scaffold,0.07979512783511232,0.048004549359287586,0.031790578475824734,7,33
24,1,final_answer_cue,0.08548345001199834,0.11656546595070172,-0.031082015938703383,7,33
24,1,harmful_instruction,0.0,5.951378232866107e-05,-5.951378232866107e-05,7,33
24,1,injected_reasoning,0.0,0.00020875563848931015,-0.00020875563848931015,7,33
24,2,benign_puzzle_scaffold,0.0932311014287371,0.029727316799142308,0.06350378462959479,7,33
24,2,final_answer_cue,0.10959196814406884,0.1525958110543556,-0.04300384291028676,7,33
24,2,harmful_instruction,0.0,0.0002348593498333799,-0.0002348593498333799,7,33
24,2,injected_reasoning,0.0,0.00015215030020427524,-0.00015215030020427524,7,33
24,3,benign_puzzle_scaffold,0.07616406698227718,0.03192217147827748,0.0442418955039997,7,33
24,3,final_answer_cue,0.11949983031994893,0.18184047330345152,-0.06234064298350259,7,33
24,3,harmful_instruction,0.0,0.00015085931752339526,-0.00015085931752339526,7,33
24,3,injected_reasoning,0.0,0.00018195475849546846,-0.00018195475849546846,7,33
24,4,benign_puzzle_scaffold,0.20022654754686522,0.0921168691850086,0.10810967836185663,7,33
24,4,final_answer_cue,0.18622792983117767,0.26814091177412236,-0.08191298194294469,7,33
24,4,harmful_instruction,0.0,0.00030612668148942337,-0.00030612668148942337,7,33
24,4,injected_reasoning,0.0,0.0003787731466294934,-0.0003787731466294934,7,33
24,5,benign_puzzle_scaffold,0.2736245571471464,0.19103232644458726,0.08259223070255914,7,33
24,5,final_answer_cue,0.11033865987895483,0.16978389675302882,-0.05944523687407399,7,33
24,5,harmful_instruction,0.0,0.00014222970483996513,-0.00014222970483996513,7,33
24,5,injected_reasoning,0.0,0.0038615602761266714,-0.0038615602761266714,7,33
24,6,benign_puzzle_scaffold,0.022539722159887116,0.014150892913547007,0.008388829246340108,7,33
24,6,final_answer_cue,0.0396689687973134,0.06502660810891123,-0.025357639311597825,7,33
24,6,harmful_instruction,0.0,6.304442233328172e-05,-6.304442233328172e-05,7,33
24,6,injected_reasoning,0.0,7.45361619090568e-05,-7.45361619090568e-05,7,33
24,7,benign_puzzle_scaffold,0.037131967433569946,0.027665357463097676,0.00946660997047227,7,33
24,7,final_answer_cue,0.047269937367726826,0.06455454446804877,-0.017284607100321946,7,33
24,7,harmful_instruction,0.0,8.866374853804576e-05,-8.866374853804576e-05,7,33
24,7,injected_reasoning,0.0,0.00017805429103643977,-0.00017805429103643977,7,33
24,8,benign_puzzle_scaffold,0.03919464469922668,0.02162317182405754,0.017571472875169136,7,33
24,8,final_answer_cue,0.045077089954284534,0.06800695777951458,-0.02292986782523005,7,33
24,8,harmful_instruction,0.0,9.274094211731054e-05,-9.274094211731054e-05,7,33
24,8,injected_reasoning,0.0,0.00010560758057834142,-0.00010560758057834142,7,33
24,9,benign_puzzle_scaffold,0.1663148292298577,0.12059156697375946,0.045723262256098254,7,33
24,9,final_answer_cue,0.10410997131909168,0.14247030667939145,-0.03836033536029977,7,33
24,9,harmful_instruction,0.0,0.00028253017470607564,-0.00028253017470607564,7,33
24,9,injected_reasoning,0.0,0.0018447273305752605,-0.0018447273305752605,7,33
24,10,benign_puzzle_scaffold,0.042521362369775606,0.033543202294445,0.008978160075330609,7,33
24,10,final_answer_cue,0.05110232852341904,0.0704901421546031,-0.01938781363118406,7,33
24,10,harmful_instruction,0.0,2.6586388292559577e-05,-2.6586388292559577e-05,7,33
24,10,injected_reasoning,0.0,0.0005454592324078051,-0.0005454592324078051,7,33
24,11,benign_puzzle_scaffold,0.10825246720100609,0.0826697542645772,0.025582712936428886,7,33
24,11,final_answer_cue,0.09031793434227763,0.13107869742245534,-0.04076076308017772,7,33
24,11,harmful_instruction,0.0,0.0002443418638268275,-0.0002443418638268275,7,33
24,11,injected_reasoning,0.0,0.0011877395379245768,-0.0011877395379245768,7,33
24,12,benign_puzzle_scaffold,0.1601416044052831,0.05945112459235492,0.10069047981292818,7,33
24,12,final_answer_cue,0.2413385391398317,0.34326023122129024,-0.10192169208145854,7,33
24,12,harmful_instruction,0.0,0.00047667386190995497,-0.00047667386190995497,7,33
24,12,injected_reasoning,0.0,0.0001374868261705768,-0.0001374868261705768,7,33
24,13,benign_puzzle_scaffold,0.11183991115009516,0.03428628628666521,0.07755362486342995,7,33
24,13,final_answer_cue,0.14480179789151124,0.20998766711829558,-0.06518586922678435,7,33
24,13,harmful_instruction,0.0,0.00031691290932597344,-0.00031691290932597344,7,33
24,13,injected_reasoning,0.0,0.00019112417975487066,-0.00019112417975487066,7,33
24,14,benign_puzzle_scaffold,0.08982427598551211,0.03588763282691231,0.0539366431585998,7,33
24,14,final_answer_cue,0.12483067179500476,0.18486683656331462,-0.06003616476830986,7,33
24,14,harmful_instruction,0.0,5.998685401098742e-05,-5.998685401098742e-05,7,33
24,14,injected_reasoning,0.0,7.792579362117247e-05,-7.792579362117247e-05,7,33
24,15,benign_puzzle_scaffold,0.03507935206703316,0.027006141263918725,0.008073210803114433,7,33
24,15,final_answer_cue,0.03013139320071534,0.06372389831642516,-0.033592505115709825,7,33
24,15,harmful_instruction,0.0,0.00011449006187542516,-0.00011449006187542516,7,33
24,15,injected_reasoning,0.0,0.00018157182670712886,-0.00018157182670712886,7,33
24,16,benign_puzzle_scaffold,0.07379027446291835,0.055362924032975214,0.018427350429943132,7,33
24,16,final_answer_cue,0.022218258053155842,0.037412847830686505,-0.015194589777530663,7,33
24,16,harmful_instruction,0.0,1.5129677391157273e-05,-1.5129677391157273e-05,7,33
24,16,injected_reasoning,0.0,0.0003964433974784479,-0.0003964433974784479,7,33
24,17,benign_puzzle_scaffold,0.08663875915258931,0.06388284905628408,0.022755910096305232,7,33
24,17,final_answer_cue,0.06013663303531797,0.08147170939468847,-0.021335076359370493,7,33
24,17,harmful_instruction,0.0,5.290042522107134e-05,-5.290042522107134e-05,7,33
24,17,injected_reasoning,0.0,0.0004070577238455171,-0.0004070577238455171,7,33
24,18,benign_puzzle_scaffold,0.31772183484952726,0.2769740420489897,0.040747792800537586,7,33
24,18,final_answer_cue,0.08856348549893742,0.12279981158405968,-0.03423632608512227,7,33
24,18,harmful_instruction,0.0,0.00014364776729592087,-0.00014364776729592087,7,33
24,18,injected_reasoning,0.0,0.003834877764024248,-0.003834877764024248,7,33
24,19,benign_puzzle_scaffold,0.3345014588911418,0.16144761316023679,0.17305384573090501,7,33
24,19,final_answer_cue,0.26207903051948517,0.38243892503976307,-0.1203598945202779,7,33
24,19,harmful_instruction,0.0,0.00046380267520421115,-0.00046380267520421115,7,33
24,19,injected_reasoning,0.0,0.0029200093413963434,-0.0029200093413963434,7,33
24,20,benign_puzzle_scaffold,0.29303654223360803,0.19147521914178636,0.10156132309182167,7,33
24,20,final_answer_cue,0.15093592985710366,0.22988807086984658,-0.07895214101274292,7,33
24,20,harmful_instruction,0.0,0.00024626741763001704,-0.00024626741763001704,7,33
24,20,injected_reasoning,0.0,0.0012669087278549878,-0.0012669087278549878,7,33
24,21,benign_puzzle_scaffold,0.15740960860960682,0.11111345898573047,0.04629614962387635,7,33
24,21,final_answer_cue,0.17553485848497294,0.24394179977401234,-0.0684069412890394,7,33
24,21,harmful_instruction,0.0,0.00017556991344462112,-0.00017556991344462112,7,33
24,21,injected_reasoning,0.0,0.0009626809843636012,-0.0009626809843636012,7,33
24,22,benign_puzzle_scaffold,0.32168125386120355,0.26471742424745304,0.056963829613750516,7,33
24,22,final_answer_cue,0.10580574350970351,0.14936506950741887,-0.043559325997715365,7,33
24,22,harmful_instruction,0.0,0.00010731339287713815,-0.00010731339287713815,7,33
24,22,injected_reasoning,0.0,0.0031530744053119317,-0.0031530744053119317,7,33
24,23,benign_puzzle_scaffold,0.24763957415673918,0.1429844303831991,0.10465514377354007,7,33
24,23,final_answer_cue,0.17930239758547759,0.24868982590701127,-0.06938742832153369,7,33
24,23,harmful_instruction,0.0,0.0002472458523316155,-0.0002472458523316155,7,33
24,23,injected_reasoning,0.0,0.00095994989594813,-0.00095994989594813,7,33
25,0,benign_puzzle_scaffold,0.23170759569691937,0.24120503327968482,-0.009497437582765444,7,33
25,0,final_answer_cue,0.06178820202108596,0.10117586080057758,-0.03938765877949162,7,33
25,0,harmful_instruction,0.0,3.8413371415186204e-05,-3.8413371415186204e-05,7,33
25,0,injected_reasoning,0.0,0.0018392223662967576,-0.0018392223662967576,7,33
25,1,benign_puzzle_scaffold,0.1293587856242209,0.06097442410255327,0.06838436152166763,7,33
25,1,final_answer_cue,0.15301253936080367,0.2155940815157261,-0.06258154215492243,7,33
25,1,harmful_instruction,0.0,0.0003961923805140758,-0.0003961923805140758,7,33
25,1,injected_reasoning,0.0,0.00016167276880900931,-0.00016167276880900931,7,33
25,2,benign_puzzle_scaffold,0.22622619368377925,0.20574282144630596,0.02048337223747329,7,33
25,2,final_answer_cue,0.09611584641942462,0.1507614453936449,-0.054645598974220264,7,33
25,2,harmful_instruction,0.0,0.0002553324597719768,-0.0002553324597719768,7,33
25,2,injected_reasoning,0.0,0.001194893640069708,-0.001194893640069708,7,33
25,3,benign_puzzle_scaffold,0.07006855762188265,0.005702872460199435,0.06436568516168321,7,33
25,3,final_answer_cue,0.1799596208676009,0.24657244815988444,-0.06661282729228354,7,33
25,3,harmful_instruction,0.0,0.0002539980061429999,-0.0002539980061429999,7,33
25,3,injected_reasoning,0.0,3.4978357328490233e-06,-3.4978357328490233e-06,7,33
25,4,benign_puzzle_scaffold,0.06747532274764693,0.00845188330550603,0.059023439442140904,7,33
25,4,final_answer_cue,0.16724271463767493,0.23502083714461033,-0.0677781225069354,7,33
25,4,harmful_instruction,0.0,0.0003480144887615041,-0.0003480144887615041,7,33
25,4,injected_reasoning,0.0,1.4165005556188223e-05,-1.4165005556188223e-05,7,33
25,5,benign_puzzle_scaffold,0.1482307294761678,0.024476921429008713,0.12375380804715909,7,33
25,5,final_answer_cue,0.29488203830966314,0.4141397882305454,-0.11925774992088228,7,33
25,5,harmful_instruction,0.0,0.0005599279072992005,-0.0005599279072992005,7,33
25,5,injected_reasoning,0.0,4.3496103516716e-05,-4.3496103516716e-05,7,33
25,6,benign_puzzle_scaffold,0.33462259184775167,0.2816853225029216,0.05293726934483006,7,33
25,6,final_answer_cue,0.13281306403973112,0.16586414903173202,-0.033051084992000906,7,33
25,6,harmful_instruction,0.0,8.721462059558338e-05,-8.721462059558338e-05,7,33
25,6,injected_reasoning,0.0,0.006549926317409172,-0.006549926317409172,7,33
25,7,benign_puzzle_scaffold,0.24363847414144496,0.15378512254932153,0.08985335159212343,7,33
25,7,final_answer_cue,0.21265363592486272,0.2724257774961771,-0.05977214157131436,7,33
25,7,harmful_instruction,0.0,0.0002898273737060709,-0.0002898273737060709,7,33
25,7,injected_reasoning,0.0,0.0012756165113110294,-0.0012756165113110294,7,33
25,8,benign_puzzle_scaffold,0.29348825030605685,0.2604120613526593,0.033076188953397534,7,33
25,8,final_answer_cue,0.06789431836301832,0.09991296899531903,-0.03201865063230071,7,33
25,8,harmful_instruction,0.0,0.00013985787650269113,-0.00013985787650269113,7,33
25,8,injected_reasoning,0.0,0.0054814434780185595,-0.0054814434780185595,7,33
25,9,benign_puzzle_scaffold,0.18745967572920388,0.09931618088259392,0.08814349484660997,7,33
25,9,final_answer_cue,0.2394519407105455,0.3123112515838827,-0.07285931087333716,7,33
25,9,harmful_instruction,0.0,0.0006600925529837206,-0.0006600925529837206,7,33
25,9,injected_reasoning,0.0,0.0006801729291009953,-0.0006801729291009953,7,33
25,10,benign_puzzle_scaffold,0.2045802874412483,0.13354315684699436,0.07103713059425393,7,33
25,10,final_answer_cue,0.15721829523260403,0.22092859780640559,-0.06371030257380156,7,33
25,10,harmful_instruction,0.0,0.0005692128342812857,-0.0005692128342812857,7,33
25,10,injected_reasoning,0.0,0.0012554439613092895,-0.0012554439613092895,7,33
25,11,benign_puzzle_scaffold,0.1258042775424101,0.06398879240834218,0.06181548513406793,7,33
25,11,final_answer_cue,0.11581141331776464,0.1614323217714141,-0.04562090845364945,7,33
25,11,harmful_instruction,0.0,0.00041515850955633804,-0.00041515850955633804,7,33
25,11,injected_reasoning,0.0,0.00038494890504322756,-0.00038494890504322756,7,33
25,12,benign_puzzle_scaffold,0.04004597008469362,0.03125979936096041,0.008786170723733208,7,33
25,12,final_answer_cue,0.05040696264520302,0.06582021008292092,-0.015413247437717902,7,33
25,12,harmful_instruction,0.0,0.00012856992397387293,-0.00012856992397387293,7,33
25,12,injected_reasoning,0.0,0.0002071771739979284,-0.0002071771739979284,7,33
25,13,benign_puzzle_scaffold,0.026337581488971553,0.022073850827290804,0.004263730661680749,7,33
25,13,final_answer_cue,0.01670798682445018,0.03420344509655188,-0.017495458272101697,7,33
25,13,harmful_instruction,0.0,3.285614537023927e-05,-3.285614537023927e-05,7,33
25,13,injected_reasoning,0.0,0.00015815853510855175,-0.00015815853510855175,7,33
25,14,benign_puzzle_scaffold,0.02518145847095412,0.014115185248077722,0.011066273222876398,7,33
25,14,final_answer_cue,0.02382214438239968,0.039636588378151386,-0.015814443995751704,7,33
25,14,harmful_instruction,0.0,3.7106238672284525e-05,-3.7106238672284525e-05,7,33
25,14,injected_reasoning,0.0,8.530119522516695e-05,-8.530119522516695e-05,7,33
25,15,benign_puzzle_scaffold,0.2817266643737099,0.23573738625257046,0.045989278121139454,7,33
25,15,final_answer_cue,0.08976087242368598,0.12438691542407398,-0.034626043000388004,7,33
25,15,harmful_instruction,0.0,5.6392095112823174e-05,-5.6392095112823174e-05,7,33
25,15,injected_reasoning,0.0,0.0016570092030305332,-0.0016570092030305332,7,33
25,16,benign_puzzle_scaffold,0.34934414884459725,0.24541001418674002,0.10393413465785722,7,33
25,16,final_answer_cue,0.17585275355662539,0.2708118567159256,-0.09495910315930023,7,33
25,16,harmful_instruction,0.0,0.00032018442345339203,-0.00032018442345339203,7,33
25,16,injected_reasoning,0.0,0.005013729471380352,-0.005013729471380352,7,33
25,17,benign_puzzle_scaffold,0.34625663604130263,0.2772894016673598,0.06896723437394281,7,33
25,17,final_answer_cue,0.14266251217445305,0.2010291590484783,-0.058366646874025235,7,33
25,17,harmful_instruction,0.0,0.00012041277848058433,-0.00012041277848058433,7,33
25,17,injected_reasoning,0.0,0.0036026655044965068,-0.0036026655044965068,7,33
25,18,benign_puzzle_scaffold,0.056826180398665715,0.04624499787598902,0.010581182522676695,7,33
25,18,final_answer_cue,0.0284997110437381,0.0463750884285392,-0.0178753773848011,7,33
25,18,harmful_instruction,0.0,7.910159088440607e-05,-7.910159088440607e-05,7,33
25,18,injected_reasoning,0.0,0.00019134208048512066,-0.00019134208048512066,7,33
25,19,benign_puzzle_scaffold,0.05451665208979683,0.04634161648680534,0.008175035602991487,7,33
25,19,final_answer_cue,0.03505163769136725,0.05571160846174342,-0.020659970770376165,7,33
25,19,harmful_instruction,0.0,4.447585050139447e-05,-4.447585050139447e-05,7,33
25,19,injected_reasoning,0.0,0.00031335910951229044,-0.00031335910951229044,7,33
25,20,benign_puzzle_scaffold,0.03818083902155745,0.02541664343188857,0.012764195589668882,7,33
25,20,final_answer_cue,0.030134677040394454,0.03847774424512057,-0.008343067204726117,7,33
25,20,harmful_instruction,0.0,9.288285843979453e-05,-9.288285843979453e-05,7,33
25,20,injected_reasoning,0.0,0.0001771840809160778,-0.0001771840809160778,7,33
25,21,benign_puzzle_scaffold,0.35250790133359,0.2826024852350884,0.0699054160985016,7,33
25,21,final_answer_cue,0.1484127647785348,0.21755434150537534,-0.06914157672684054,7,33
25,21,harmful_instruction,0.0,0.00017262908557070587,-0.00017262908557070587,7,33
25,21,injected_reasoning,0.0,0.0033690523596949513,-0.0033690523596949513,7,33
25,22,benign_puzzle_scaffold,0.2950886110712588,0.283049224686607,0.012039386384651796,7,33
25,22,final_answer_cue,0.05246406216262389,0.08455362367644394,-0.032089561513820045,7,33
25,22,harmful_instruction,0.0,7.899414393702895e-05,-7.899414393702895e-05,7,33
25,22,injected_reasoning,0.0,0.002063750891408401,-0.002063750891408401,7,33
25,23,benign_puzzle_scaffold,0.22674032439626782,0.15798771718607785,0.06875260721018997,7,33
25,23,final_answer_cue,0.14610926760358142,0.2050813458796842,-0.05897207827610279,7,33
25,23,harmful_instruction,0.0,0.00034554832935996003,-0.00034554832935996003,7,33
25,23,injected_reasoning,0.0,0.0013228452251522677,-0.0013228452251522677,7,33
26,0,benign_puzzle_scaffold,0.3563151142782107,0.2688326790370852,0.08748243524112553,7,33
26,0,final_answer_cue,0.27943061485456816,0.388433245241854,-0.10900263038728586,7,33
26,0,harmful_instruction,0.0,0.0004937665580595587,-0.0004937665580595587,7,33
26,0,injected_reasoning,0.0,0.003014724189516813,-0.003014724189516813,7,33
26,1,benign_puzzle_scaffold,0.3376154512117674,0.18881921812803884,0.14879623308372855,7,33
26,1,final_answer_cue,0.3293679606662666,0.5049760569226301,-0.17560809625636353,7,33
26,1,harmful_instruction,0.0,0.0009320698479965887,-0.0009320698479965887,7,33
26,1,injected_reasoning,0.0,0.0011081465503104116,-0.0011081465503104116,7,33
26,2,benign_puzzle_scaffold,0.11109530122864678,0.02582083046450417,0.0852744707641426,7,33
26,2,final_answer_cue,0.22222495384213442,0.3206918776362489,-0.09846692379411448,7,33
26,2,harmful_instruction,0.0,0.0005697933648221011,-0.0005697933648221011,7,33
26,2,injected_reasoning,0.0,0.0002945911116708746,-0.0002945911116708746,7,33
26,3,benign_puzzle_scaffold,0.11290113864440042,0.012645543655314105,0.10025559498908632,7,33
26,3,final_answer_cue,0.2164464234661311,0.31321788959467683,-0.09677146612854573,7,33
26,3,harmful_instruction,0.0,0.0005060779486211649,-0.0005060779486211649,7,33
26,3,injected_reasoning,0.0,3.945945158807027e-05,-3.945945158807027e-05,7,33
26,4,benign_puzzle_scaffold,0.06807413544393989,0.011856909712554327,0.056217225731385566,7,33
26,4,final_answer_cue,0.12116081006934763,0.15445382405155045,-0.033293013982202815,7,33
26,4,harmful_instruction,0.0,0.000281137001389185,-0.000281137001389185,7,33
26,4,injected_reasoning,0.0,3.265474767650006e-05,-3.265474767650006e-05,7,33
26,5,benign_puzzle_scaffold,0.1907192408224712,0.030735668310307173,0.15998357251216402,7,33
26,5,final_answer_cue,0.3859356048364142,0.5341622016805812,-0.14822659684416695,7,33
26,5,harmful_instruction,0.0,0.0009098566862570136,-0.0009098566862570136,7,33
26,5,injected_reasoning,0.0,9.336382399046128e-05,-9.336382399046128e-05,7,33
26,6,benign_puzzle_scaffold,0.4204180125831697,0.36192689986897164,0.058491112714198046,7,33
26,6,final_answer_cue,0.13958634649320073,0.21373065222805865,-0.07414430573485792,7,33
26,6,harmful_instruction,0.0,0.0001515373635578908,-0.0001515373635578908,7,33
26,6,injected_reasoning,0.0,0.005765469761997946,-0.005765469761997946,7,33
26,7,benign_puzzle_scaffold,0.25842140241737815,0.2723154476899322,-0.013894045272554056,7,33
26,7,final_answer_cue,0.064205367195124,0.086748670223747,-0.022543303028622994,7,33
26,7,harmful_instruction,0.0,6.36526820363843e-05,-6.36526820363843e-05,7,33
26,7,injected_reasoning,0.0,0.01833299960729909,-0.01833299960729909,7,33
26,8,benign_puzzle_scaffold,0.3081736441385461,0.3011995746010915,0.006974069537454608,7,33
26,8,final_answer_cue,0.06904601490883162,0.10817651127168806,-0.03913049636285644,7,33
26,8,harmful_instruction,0.0,9.785220212340937e-05,-9.785220212340937e-05,7,33
26,8,injected_reasoning,0.0,0.0030427949648293897,-0.0030427949648293897,7,33
26,9,benign_puzzle_scaffold,0.2990196558431057,0.2847300045192551,0.014289651323850572,7,33
26,9,final_answer_cue,0.08480798759915253,0.11028090817963496,-0.025472920580482422,7,33
26,9,harmful_instruction,0.0,0.0002435921779956317,-0.0002435921779956317,7,33
26,9,injected_reasoning,0.0,0.008226924836575764,-0.008226924836575764,7,33
26,10,benign_puzzle_scaffold,0.19039783670993676,0.10858895934012057,0.0818088773698162,7,33
26,10,final_answer_cue,0.13294979637532006,0.1796004894472856,-0.04665069307196554,7,33
26,10,harmful_instruction,0.0,0.0002537519924626671,-0.0002537519924626671,7,33
26,10,injected_reasoning,0.0,0.0008588387851766723,-0.0008588387851766723,7,33
26,11,benign_puzzle_scaffold,0.26036305108249475,0.21048780839423964,0.049875242688255106,7,33
26,11,final_answer_cue,0.09625868052865204,0.12704740261767836,-0.03078872208902632,7,33
26,11,harmful_instruction,0.0,0.00018528641732418224,-0.00018528641732418224,7,33
26,11,injected_reasoning,0.0,0.005261214872485613,-0.005261214872485613,7,33
26,12,benign_puzzle_scaffold,0.22929532854259346,0.07477031670281295,0.1545250118397805,7,33
26,12,final_answer_cue,0.3414815165729805,0.4945381567172905,-0.15305664014431003,7,33
26,12,harmful_instruction,0.0,0.0008110669271199839,-0.0008110669271199839,7,33
26,12,injected_reasoning,0.0,0.00026238614045191337,-0.00026238614045191337,7,33
26,13,benign_puzzle_scaffold,0.12404928620269916,0.0235663173382405,0.10048296886445865,7,33
26,13,final_answer_cue,0.2134230721084887,0.29621335441413715,-0.08279028230564844,7,33
26,13,harmful_instruction,0.0,0.000687215243302742,-0.000687215243302742,7,33
26,13,injected_reasoning,0.0,7.855968207108762e-05,-7.855968207108762e-05,7,33
26,14,benign_puzzle_scaffold,0.23284809427879982,0.10275078687354157,0.13009730740525827,7,33
26,14,final_answer_cue,0.364382951884484,0.5000641113266,-0.135681159442116,7,33
26,14,harmful_instruction,0.0,0.000603192768430807,-0.000603192768430807,7,33
26,14,injected_reasoning,0.0,0.00041674096911075743,-0.00041674096911075743,7,33
26,15,benign_puzzle_scaffold,0.2613426168072319,0.14280642529553278,0.11853619151169914,7,33
26,15,final_answer_cue,0.15753516813256202,0.24133021869484284,-0.08379505056228082,7,33
26,15,harmful_instruction,0.0,0.000370025973972561,-0.000370025973972561,7,33
26,15,injected_reasoning,0.0,0.0008008333563664512,-0.0008008333563664512,7,33
26,16,benign_puzzle_scaffold,0.15610659306004496,0.11734317238562998,0.038763420674414975,7,33
26,16,final_answer_cue,0.06340706985585133,0.10659108337712568,-0.04318401352127435,7,33
26,16,harmful_instruction,0.0,5.242977278543097e-05,-5.242977278543097e-05,7,33
26,16,injected_reasoning,0.0,0.0006533164000165756,-0.0006533164000165756,7,33
26,17,benign_puzzle_scaffold,0.13884601622426535,0.025993819974055754,0.11285219625020959,7,33
26,17,final_answer_cue,0.24458040630085756,0.3445359781674439,-0.09995557186658635,7,33
26,17,harmful_instruction,0.0,0.0006976284563384743,-0.0006976284563384743,7,33
26,17,injected_reasoning,0.0,7.213879187052855e-05,-7.213879187052855e-05,7,33
26,18,benign_puzzle_scaffold,0.10348690800252648,0.026519956088161364,0.07696695191436512,7,33
26,18,final_answer_cue,0.14464124503274003,0.2135194769400743,-0.06887823190733428,7,33
26,18,harmful_instruction,0.0,0.0005462580253582733,-0.0005462580253582733,7,33
26,18,injected_reasoning,0.0,0.0001439545330249696,-0.0001439545330249696,7,33
26,19,benign_puzzle_scaffold,0.17150175169209028,0.06338478173170865,0.10811696996038163,7,33
26,19,final_answer_cue,0.2852864273222491,0.37048845733644464,-0.08520203001419552,7,33
26,19,harmful_instruction,0.0,0.0006264536921677294,-0.0006264536921677294,7,33
26,19,injected_reasoning,0.0,0.0002337737278063674,-0.0002337737278063674,7,33
26,20,benign_puzzle_scaffold,0.08430142370914576,0.021137041248507148,0.0631643824606386,7,33
26,20,final_answer_cue,0.1331020279237911,0.17241017225566366,-0.039308144331872547,7,33
26,20,harmful_instruction,0.0,0.0005552262860566899,-0.0005552262860566899,7,33
26,20,injected_reasoning,0.0,0.00013666845509417944,-0.00013666845509417944,7,33
26,21,benign_puzzle_scaffold,0.2574134394506126,0.1843117187794996,0.07310172067111304,7,33
26,21,final_answer_cue,0.11319676318139517,0.16498079508812982,-0.051784031906734654,7,33
26,21,harmful_instruction,0.0,0.0002923345553119248,-0.0002923345553119248,7,33
26,21,injected_reasoning,0.0,0.0029876070155948286,-0.0029876070155948286,7,33
26,22,benign_puzzle_scaffold,0.15264467007442084,0.043630788645592916,0.10901388142882792,7,33
26,22,final_answer_cue,0.16047569336900258,0.21896856199720757,-0.05849286862820499,7,33
26,22,harmful_instruction,0.0,0.00035947308130932333,-0.00035947308130932333,7,33
26,22,injected_reasoning,0.0,0.00021626224642860368,-0.00021626224642860368,7,33
26,23,benign_puzzle_scaffold,0.34314068915939444,0.31508583276181434,0.028054856397580097,7,33
26,23,final_answer_cue,0.06937437656015022,0.0921105221550344,-0.022736145594884183,7,33
26,23,harmful_instruction,0.0,4.6298527758617105e-05,-4.6298527758617105e-05,7,33
26,23,injected_reasoning,0.0,0.025988772958848015,-0.025988772958848015,7,33
27,0,benign_puzzle_scaffold,0.27393268709788104,0.18704160515448245,0.08689108194339859,7,33
27,0,final_answer_cue,0.13419620640700947,0.22098776246386484,-0.08679155605685537,7,33
27,0,harmful_instruction,0.0,0.00013942134448655276,-0.00013942134448655276,7,33
27,0,injected_reasoning,0.0,0.000943553331968457,-0.000943553331968457,7,33
27,1,benign_puzzle_scaffold,0.22699538549160675,0.09691711196588315,0.1300782735257236,7,33
27,1,final_answer_cue,0.3447295598977696,0.4973187409328526,-0.152589181035083,7,33
27,1,harmful_instruction,0.0,0.0008768144263357602,-0.0008768144263357602,7,33
27,1,injected_reasoning,0.0,0.0005403292511633913,-0.0005403292511633913,7,33
27,2,benign_puzzle_scaffold,0.17776846640251207,0.06291347058333065,0.11485499581918142,7,33
27,2,final_answer_cue,0.37164923254598353,0.5284146063779842,-0.15676537383200068,7,33
27,2,harmful_instruction,0.0,0.0010128927151246987,-0.0010128927151246987,7,33
27,2,injected_reasoning,0.0,0.0002735340237629762,-0.0002735340237629762,7,33
27,3,benign_puzzle_scaffold,0.2879717878918791,0.2658460498906294,0.02212573800124973,7,33
27,3,final_answer_cue,0.10479920873519774,0.15623686626387975,-0.05143765752868201,7,33
27,3,harmful_instruction,0.0,0.00011219905963126614,-0.00011219905963126614,7,33
27,3,injected_reasoning,0.0,0.003306283077444387,-0.003306283077444387,7,33
27,4,benign_puzzle_scaffold,0.26035121840039654,0.14983733455169485,0.1105138838487017,7,33
27,4,final_answer_cue,0.14322750918356617,0.23139667470246858,-0.08816916551890241,7,33
27,4,harmful_instruction,0.0,0.00018164149808836584,-0.00018164149808836584,7,33
27,4,injected_reasoning,0.0,0.000859739254406442,-0.000859739254406442,7,33
27,5,benign_puzzle_scaffold,0.39553986893350823,0.33154046346181376,0.06399940547169447,7,33
27,5,final_answer_cue,0.10386111962165435,0.16429226657981597,-0.06043114695816161,7,33
27,5,harmful_instruction,0.0,0.00010645922152724214,-0.00010645922152724214,7,33
27,5,injected_reasoning,0.0,0.002570327657827512,-0.002570327657827512,7,33
27,6,benign_puzzle_scaffold,0.03264654444220726,0.01998648965635029,0.012660054785856974,7,33
27,6,final_answer_cue,0.049468351357380626,0.06986349895449362,-0.020395147597112993,7,33
27,6,harmful_instruction,0.0,6.353531435069895e-05,-6.353531435069895e-05,7,33
27,6,injected_reasoning,0.0,6.725868604933499e-05,-6.725868604933499e-05,7,33
27,7,benign_puzzle_scaffold,0.027460792644924636,0.02021999858281711,0.007240794062107526,7,33
27,7,final_answer_cue,0.04479327317381232,0.050474408509489706,-0.0056811353356773855,7,33
27,7,harmful_instruction,0.0,3.7166964801021325e-05,-3.7166964801021325e-05,7,33
27,7,injected_reasoning,0.0,0.00010294122293941437,-0.00010294122293941437,7,33
27,8,benign_puzzle_scaffold,0.029959053629225706,0.016001582416336372,0.013957471212889334,7,33
27,8,final_answer_cue,0.05400703782286463,0.07401564136015458,-0.02000860353728995,7,33
27,8,harmful_instruction,0.0,7.402719290743281e-05,-7.402719290743281e-05,7,33
27,8,injected_reasoning,0.0,7.454787665821514e-05,-7.454787665821514e-05,7,33
27,9,benign_puzzle_scaffold,0.35476738499725397,0.24261581765953247,0.1121515673377215,7,33
27,9,final_answer_cue,0.3247826387857781,0.4372131892012425,-0.1124305504154644,7,33
27,9,harmful_instruction,0.0,0.0003464326365251418,-0.0003464326365251418,7,33
27,9,injected_reasoning,0.0,0.0038344000157026965,-0.0038344000157026965,7,33
27,10,benign_puzzle_scaffold,0.10049031353424549,0.0763275790889855,0.024162734445259987,7,33
27,10,final_answer_cue,0.12002033390411207,0.1743582476130194,-0.05433791370890734,7,33
27,10,harmful_instruction,0.0,3.32334334225408e-05,-3.32334334225408e-05,7,33
27,10,injected_reasoning,0.0,0.0003359714403010832,-0.0003359714403010832,7,33
27,11,benign_puzzle_scaffold,0.2992237951371858,0.15354332432356788,0.1456804708136179,7,33
27,11,final_answer_cue,0.2652823226390944,0.37171063290236606,-0.10642831026327165,7,33
27,11,harmful_instruction,0.0,0.00034521939822687993,-0.00034521939822687993,7,33
27,11,injected_reasoning,0.0,0.0005620146667537485,-0.0005620146667537485,7,33
27,12,benign_puzzle_scaffold,0.07519657203396617,0.04790274910665965,0.02729382292730652,7,33
27,12,final_answer_cue,0.04867749163910817,0.08420477266210696,-0.03552728102299879,7,33
27,12,harmful_instruction,0.0,7.39577495070154e-05,-7.39577495070154e-05,7,33
27,12,injected_reasoning,0.0,0.00027538348299625104,-0.00027538348299625104,7,33
27,13,benign_puzzle_scaffold,0.03724200820699897,0.025572093910966407,0.01166991429603256,7,33
27,13,final_answer_cue,0.054642843350687934,0.0794361316089185,-0.024793288258230572,7,33
27,13,harmful_instruction,0.0,0.00012976222891969682,-0.00012976222891969682,7,33
27,13,injected_reasoning,0.0,0.00014243227157370114,-0.00014243227157370114,7,33
27,14,benign_puzzle_scaffold,0.04260941391295604,0.025770419919058974,0.01683899399389707,7,33
27,14,final_answer_cue,0.023044928306728902,0.0363637499197696,-0.0133188216130407,7,33
27,14,harmful_instruction,0.0,5.7422206328558344e-05,-5.7422206328558344e-05,7,33
27,14,injected_reasoning,0.0,0.0002509486057955637,-0.0002509486057955637,7,33
27,15,benign_puzzle_scaffold,0.16081144056203817,0.1408439676472897,0.019967472914748458,7,33
27,15,final_answer_cue,0.0514407025602184,0.1014322291769607,-0.0499915266167423,7,33
27,15,harmful_instruction,0.0,6.437279576815081e-05,-6.437279576815081e-05,7,33
27,15,injected_reasoning,0.0,0.000778251283160065,-0.000778251283160065,7,33
27,16,benign_puzzle_scaffold,0.23119928579008756,0.22594275310873854,0.005256532681349013,7,33
27,16,final_answer_cue,0.05204783133035159,0.08012348785057653,-0.028075656520224944,7,33
27,16,harmful_instruction,0.0,3.097422760139466e-05,-3.097422760139466e-05,7,33
27,16,injected_reasoning,0.0,0.0016333577607133007,-0.0016333577607133007,7,33
27,17,benign_puzzle_scaffold,0.30157201158172037,0.22220857020057427,0.0793634413811461,7,33
27,17,final_answer_cue,0.12800474930296066,0.17827758997661405,-0.050272840673653396,7,33
27,17,harmful_instruction,0.0,0.00015005812423107758,-0.00015005812423107758,7,33
27,17,injected_reasoning,0.0,0.002168884801708255,-0.002168884801708255,7,33
27,18,benign_puzzle_scaffold,0.1388947362556184,0.04989509030447481,0.0889996459511436,7,33
27,18,final_answer_cue,0.22396807884717587,0.3186703078105221,-0.09470222896334621,7,33
27,18,harmful_instruction,0.0,0.00048246791173154913,-0.00048246791173154913,7,33
27,18,injected_reasoning,0.0,0.00013273029430567506,-0.00013273029430567506,7,33
27,19,benign_puzzle_scaffold,0.1631065457524217,0.047767682481300484,0.11533886327112122,7,33
27,19,final_answer_cue,0.28400534606233935,0.3932543306290288,-0.10924898456668947,7,33
27,19,harmful_instruction,0.0,0.0007567550757207332,-0.0007567550757207332,7,33
27,19,injected_reasoning,0.0,0.00013503584792246516,-0.00013503584792246516,7,33
27,20,benign_puzzle_scaffold,0.30473898995481025,0.11641324736536782,0.18832574258944243,7,33
27,20,final_answer_cue,0.38764194591063317,0.5628023408919607,-0.17516039498132752,7,33
27,20,harmful_instruction,0.0,0.0010215732322871093,-0.0010215732322871093,7,33
27,20,injected_reasoning,0.0,0.0004448236666539444,-0.0004448236666539444,7,33
27,21,benign_puzzle_scaffold,0.09616238988789039,0.027276560097272296,0.0688858297906181,7,33
27,21,final_answer_cue,0.15716096451171735,0.21953614668379673,-0.06237518217207938,7,33
27,21,harmful_instruction,0.0,0.00019435632108908687,-0.00019435632108908687,7,33
27,21,injected_reasoning,0.0,3.5331986457567295e-05,-3.5331986457567295e-05,7,33
27,22,benign_puzzle_scaffold,0.08877130658783994,0.029353566277068782,0.059417740310771155,7,33
27,22,final_answer_cue,0.13407472757954447,0.20360652530476944,-0.06953179772522497,7,33
27,22,harmful_instruction,0.0,0.0002941875722683568,-0.0002941875722683568,7,33
27,22,injected_reasoning,0.0,6.576698768302949e-05,-6.576698768302949e-05,7,33
27,23,benign_puzzle_scaffold,0.13918812282322432,0.06069568093562935,0.07849244188759497,7,33
27,23,final_answer_cue,0.15540249657485333,0.23368599766585868,-0.07828350109100535,7,33
27,23,harmful_instruction,0.0,0.0002376927157267907,-0.0002376927157267907,7,33
27,23,injected_reasoning,0.0,0.0002123503704469552,-0.0002123503704469552,7,33
28,0,benign_puzzle_scaffold,0.131682183438546,0.06910254018208477,0.06257964325646125,7,33
28,0,final_answer_cue,0.1644173233232806,0.22002303659318945,-0.055605713269908846,7,33
28,0,harmful_instruction,0.0,0.00024170308991355692,-0.00024170308991355692,7,33
28,0,injected_reasoning,0.0,0.00025527188709359867,-0.00025527188709359867,7,33
28,1,benign_puzzle_scaffold,0.05019808217030536,0.03859583441201998,0.011602247758285375,7,33
28,1,final_answer_cue,0.05487836712989036,0.082605685253311,-0.027727318123420636,7,33
28,1,harmful_instruction,0.0,0.00011950360970334967,-0.00011950360970334967,7,33
28,1,injected_reasoning,0.0,0.0002604800238977427,-0.0002604800238977427,7,33
28,2,benign_puzzle_scaffold,0.12332606353347132,0.07762412881559,0.04570193471788132,7,33
28,2,final_answer_cue,0.09672001381113525,0.11714499602859386,-0.020424982217458615,7,33
28,2,harmful_instruction,0.0,0.00014055136976818614,-0.00014055136976818614,7,33
28,2,injected_reasoning,0.0,0.0006169228968702021,-0.0006169228968702021,7,33
28,3,benign_puzzle_scaffold,0.18710969296423513,0.12099803840050147,0.06611165456373366,7,33
28,3,final_answer_cue,0.16974047153556576,0.2440148687288706,-0.07427439719330484,7,33
28,3,harmful_instruction,0.0,0.00030597663149211507,-0.00030597663149211507,7,33
28,3,injected_reasoning,0.0,0.0006355392726942966,-0.0006355392726942966,7,33
28,4,benign_puzzle_scaffold,0.12521318276707366,0.03741048667507198,0.08780269609200168,7,33
28,4,final_answer_cue,0.22788596409162581,0.3144687277895785,-0.0865827636979527,7,33
28,4,harmful_instruction,0.0,0.0004621973547179178,-0.0004621973547179178,7,33
28,4,injected_reasoning,0.0,0.00013156182950159402,-0.00013156182950159402,7,33
28,5,benign_puzzle_scaffold,0.39722816460204563,0.2925255323247564,0.10470263227728921,7,33
28,5,final_answer_cue,0.3632217154426081,0.4627299907236466,-0.0995082752810385,7,33
28,5,harmful_instruction,0.0,0.0007128519157069667,-0.0007128519157069667,7,33
28,5,injected_reasoning,0.0,0.004126532417624962,-0.004126532417624962,7,33
28,6,benign_puzzle_scaffold,0.053274960141551135,0.031453918456888656,0.02182104168466248,7,33
28,6,final_answer_cue,0.05742883630786376,0.08500944046976604,-0.027580604161902278,7,33
28,6,harmful_instruction,0.0,0.00011217002616376806,-0.00011217002616376806,7,33
28,6,injected_reasoning,0.0,0.00020779091107099072,-0.00020779091107099072,7,33
28,7,benign_puzzle_scaffold,0.09038872451873911,0.04818182140034646,0.042206903118392654,7,33
28,7,final_answer_cue,0.09768349918801704,0.12524982595477582,-0.027566326766758784,7,33
28,7,harmful_instruction,0.0,0.0002814110447251327,-0.0002814110447251327,7,33
28,7,injected_reasoning,0.0,0.00035748176650611155,-0.00035748176650611155,7,33
28,8,benign_puzzle_scaffold,0.10516308728240864,0.07673522280656518,0.02842786447584346,7,33
28,8,final_answer_cue,0.06173894752877812,0.09592274857866623,-0.03418380104988811,7,33
28,8,harmful_instruction,0.0,0.00017678914133841976,-0.00017678914133841976,7,33
28,8,injected_reasoning,0.0,0.0004959765842643128,-0.0004959765842643128,7,33
28,9,benign_puzzle_scaffold,0.29501142854999873,0.2539588519300654,0.041052576619933334,7,33
28,9,final_answer_cue,0.09834906152752028,0.15636498394379597,-0.05801592241627569,7,33
28,9,harmful_instruction,0.0,8.640547657259833e-05,-8.640547657259833e-05,7,33
28,9,injected_reasoning,0.0,0.0018931047395477443,-0.0018931047395477443,7,33
28,10,benign_puzzle_scaffold,0.31702916802560593,0.2768169485853788,0.040212219440227126,7,33
28,10,final_answer_cue,0.09000231157252915,0.1472396623075152,-0.05723735073498605,7,33
28,10,harmful_instruction,0.0,7.395252101746927e-05,-7.395252101746927e-05,7,33
28,10,injected_reasoning,0.0,0.015941150472121513,-0.015941150472121513,7,33
28,11,benign_puzzle_scaffold,0.18440521191845982,0.104486962086044,0.07991824983241583,7,33
28,11,final_answer_cue,0.15680895585323856,0.24031579090231617,-0.0835068350490776,7,33
28,11,harmful_instruction,0.0,0.0001599120176080549,-0.0001599120176080549,7,33
28,11,injected_reasoning,0.0,0.0006210599240118854,-0.0006210599240118854,7,33
28,12,benign_puzzle_scaffold,0.2307341635856798,0.19276702876669996,0.03796713481897984,7,33
28,12,final_answer_cue,0.1206686231354285,0.1741586611011217,-0.05349003796569318,7,33
28,12,harmful_instruction,0.0,0.00017437534779261136,-0.00017437534779261136,7,33
28,12,injected_reasoning,0.0,0.0016287842135760526,-0.0016287842135760526,7,33
28,13,benign_puzzle_scaffold,0.08446875776377336,0.07349615718400981,0.010972600579763542,7,33
28,13,final_answer_cue,0.09892556581048398,0.1637386702155725,-0.06481310440508853,7,33
28,13,harmful_instruction,0.0,0.0003120099198350859,-0.0003120099198350859,7,33
28,13,injected_reasoning,0.0,0.0021736071279059572,-0.0021736071279059572,7,33
28,14,benign_puzzle_scaffold,0.246243035546276,0.1602685925003324,0.0859744430459436,7,33
28,14,final_answer_cue,0.16399024331214745,0.21163491112067756,-0.047644667808530106,7,33
28,14,harmful_instruction,0.0,0.0002729356568013992,-0.0002729356568013992,7,33
28,14,injected_reasoning,0.0,0.0013918799750146814,-0.0013918799750146814,7,33
28,15,benign_puzzle_scaffold,0.16327923361395488,0.060637175622632364,0.10264205799132252,7,33
28,15,final_answer_cue,0.19862355810175816,0.30312384530673886,-0.1045002872049807,7,33
28,15,harmful_instruction,0.0,0.0006137075597130053,-0.0006137075597130053,7,33
28,15,injected_reasoning,0.0,0.0002628872565502301,-0.0002628872565502301,7,33
28,16,benign_puzzle_scaffold,0.2643492258997631,0.20433047836568052,0.060018747534082595,7,33
28,16,final_answer_cue,0.10810864771404648,0.1508196814755903,-0.042711033761543823,7,33
28,16,harmful_instruction,0.0,0.00025480526526314596,-0.00025480526526314596,7,33
28,16,injected_reasoning,0.0,0.004371322654223531,-0.004371322654223531,7,33
28,17,benign_puzzle_scaffold,0.17316806978538815,0.1591495506714703,0.014018519113917854,7,33
28,17,final_answer_cue,0.050073389680574606,0.07238026886569086,-0.022306879185116257,7,33
28,17,harmful_instruction,0.0,3.317348277054415e-05,-3.317348277054415e-05,7,33
28,17,injected_reasoning,0.0,0.006360083733251109,-0.006360083733251109,7,33
28,18,benign_puzzle_scaffold,0.26298642406604994,0.16761861283954488,0.09536781122650506,7,33
28,18,final_answer_cue,0.2483033594481676,0.33394324212257553,-0.08563988267440795,7,33
28,18,harmful_instruction,0.0,0.0005566343337554281,-0.0005566343337554281,7,33
28,18,injected_reasoning,0.0,0.0011865821085389912,-0.0011865821085389912,7,33
28,19,benign_puzzle_scaffold,0.27230089838618554,0.10728465662592179,0.16501624176026375,7,33
28,19,final_answer_cue,0.34941856151099465,0.5113254031732444,-0.16190684166224972,7,33
28,19,harmful_instruction,0.0,0.0011089091213551288,-0.0011089091213551288,7,33
28,19,injected_reasoning,0.0,0.0008663750708485505,-0.0008663750708485505,7,33
28,20,benign_puzzle_scaffold,0.41435256094548445,0.291028253192442,0.12332430775304243,7,33
28,20,final_answer_cue,0.39686343444428346,0.5322326835813319,-0.13536924913704845,7,33
28,20,harmful_instruction,0.0,0.0009899250315764747,-0.0009899250315764747,7,33
28,20,injected_reasoning,0.0,0.0027348164723027825,-0.0027348164723027825,7,33
28,21,benign_puzzle_scaffold,0.09753640891998704,0.06245053948246663,0.03508586943752041,7,33
28,21,final_answer_cue,0.11381774811020155,0.16870954619743092,-0.05489179808722937,7,33
28,21,harmful_instruction,0.0,0.0001273395268708204,-0.0001273395268708204,7,33
28,21,injected_reasoning,0.0,0.00033106858789328403,-0.00033106858789328403,7,33
28,22,benign_puzzle_scaffold,0.24238367289678897,0.20712310424586772,0.035260568650921253,7,33
28,22,final_answer_cue,0.09520272656506353,0.14463384835009627,-0.04943112178503274,7,33
28,22,harmful_instruction,0.0,6.298161610914639e-05,-6.298161610914639e-05,7,33
28,22,injected_reasoning,0.0,0.0006689027037209057,-0.0006689027037209057,7,33
28,23,benign_puzzle_scaffold,0.1679875077540419,0.11191016893964956,0.056077338814392336,7,33
28,23,final_answer_cue,0.08322686818306692,0.1486937990734682,-0.06546693089040127,7,33
28,23,harmful_instruction,0.0,0.00016013904205858072,-0.00016013904205858072,7,33
28,23,injected_reasoning,0.0,0.0012624159780355126,-0.0012624159780355126,7,33
29,0,benign_puzzle_scaffold,0.0605561487291258,0.030499238970092456,0.030056909759033343,7,33
29,0,final_answer_cue,0.11157501704634808,0.17986110680692982,-0.06828608976058174,7,33
29,0,harmful_instruction,0.0,0.0003918424008928591,-0.0003918424008928591,7,33
29,0,injected_reasoning,0.0,0.00017304416593179371,-0.00017304416593179371,7,33
29,1,benign_puzzle_scaffold,0.4055866210064191,0.25672370758542495,0.14886291342099417,7,33
29,1,final_answer_cue,0.346849458397665,0.5247593452983228,-0.1779098869006578,7,33
29,1,harmful_instruction,0.0,0.0008056845796784087,-0.0008056845796784087,7,33
29,1,injected_reasoning,0.0,0.0011252111501389105,-0.0011252111501389105,7,33
29,2,benign_puzzle_scaffold,0.21595090594899288,0.11157512321687442,0.10437578273211846,7,33
29,2,final_answer_cue,0.25432431909158965,0.3351407934422098,-0.08081647435062017,7,33
29,2,harmful_instruction,0.0,0.0004965566684266584,-0.0004965566684266584,7,33
29,2,injected_reasoning,0.0,0.0005251123845641025,-0.0005251123845641025,7,33
29,3,benign_puzzle_scaffold,0.13835305241433213,0.07191529737552156,0.06643775503881057,7,33
29,3,final_answer_cue,0.12697268981094784,0.17309588658816724,-0.046123196777219405,7,33
29,3,harmful_instruction,0.0,0.0003772215516484295,-0.0003772215516484295,7,33
29,3,injected_reasoning,0.0,0.00019852254564517547,-0.00019852254564517547,7,33
29,4,benign_puzzle_scaffold,0.5219336628468672,0.3625829926343661,0.15935067021250104,7,33
29,4,final_answer_cue,0.2194748045899941,0.3250185148820246,-0.1055437102920305,7,33
29,4,harmful_instruction,0.0,0.0006127707935152067,-0.0006127707935152067,7,33
29,4,injected_reasoning,0.0,0.0017828414290325578,-0.0017828414290325578,7,33
29,5,benign_puzzle_scaffold,0.209485751373589,0.10652999583238189,0.1029557555412071,7,33
29,5,final_answer_cue,0.20061022512175522,0.28358054954739875,-0.08297032442564353,7,33
29,5,harmful_instruction,0.0,0.000507800807663493,-0.000507800807663493,7,33
29,5,injected_reasoning,0.0,0.0004509044981765849,-0.0004509044981765849,7,33
29,6,benign_puzzle_scaffold,0.3843670887738338,0.2832140248396388,0.10115306393419499,7,33
29,6,final_answer_cue,0.09852316493798488,0.1843364112934584,-0.08581324635547352,7,33
29,6,harmful_instruction,0.0,5.09524158964483e-05,-5.09524158964483e-05,7,33
29,6,injected_reasoning,0.0,0.0006514237486171751,-0.0006514237486171751,7,33
29,7,benign_puzzle_scaffold,0.2776883900766115,0.20899681441578977,0.06869157566082174,7,33
29,7,final_answer_cue,0.09198616085286004,0.15540879969667037,-0.06342263884381033,7,33
29,7,harmful_instruction,0.0,2.4547818213892995e-05,-2.4547818213892995e-05,7,33
29,7,injected_reasoning,0.0,0.0019371964708927557,-0.0019371964708927557,7,33
29,8,benign_puzzle_scaffold,0.34567335117650083,0.2205354683802085,0.12513788279629234,7,33
29,8,final_answer_cue,0.3107161681253988,0.43024836440801195,-0.11953219628261313,7,33
29,8,harmful_instruction,0.0,0.0006536394948170798,-0.0006536394948170798,7,33
29,8,injected_reasoning,0.0,0.0008551500593202794,-0.0008551500593202794,7,33
29,9,benign_puzzle_scaffold,0.3361282677000424,0.25705828801181235,0.07906997968823004,7,33
29,9,final_answer_cue,0.18574869140390518,0.26913871841447035,-0.08339002701056517,7,33
29,9,harmful_instruction,0.0,0.00023329568388426327,-0.00023329568388426327,7,33
29,9,injected_reasoning,0.0,0.0007534248348999414,-0.0007534248348999414,7,33
29,10,benign_puzzle_scaffold,0.3001307436258574,0.12383274540568441,0.176297998220173,7,33
29,10,final_answer_cue,0.448629832310785,0.6166997916884075,-0.16806995937762248,7,33
29,10,harmful_instruction,0.0,0.0007584793028868809,-0.0007584793028868809,7,33
29,10,injected_reasoning,0.0,0.0003928100270467956,-0.0003928100270467956,7,33
29,11,benign_puzzle_scaffold,0.43037743520383503,0.35842342767719737,0.07195400752663766,7,33
29,11,final_answer_cue,0.3070340304063057,0.42313571663259253,-0.1161016862262868,7,33
29,11,harmful_instruction,0.0,0.00040860238825512563,-0.00040860238825512563,7,33
29,11,injected_reasoning,0.0,0.0033816629850424466,-0.0033816629850424466,7,33
29,12,benign_puzzle_scaffold,0.04709027824309942,0.029584536726236992,0.01750574151686243,7,33
29,12,final_answer_cue,0.0959177945999076,0.13062741485314686,-0.03470962025323926,7,33
29,12,harmful_instruction,0.0,0.00013273920510232205,-0.00013273920510232205,7,33
29,12,injected_reasoning,0.0,0.00010846729241344172,-0.00010846729241344172,7,33
29,13,benign_puzzle_scaffold,0.05770543485833211,0.025153257835400625,0.03255217702293148,7,33
29,13,final_answer_cue,0.08815016600071128,0.13166765729351027,-0.043517491292798985,7,33
29,13,harmful_instruction,0.0,0.00010111215790942409,-0.00010111215790942409,7,33
29,13,injected_reasoning,0.0,6.821937057562477e-05,-6.821937057562477e-05,7,33
29,14,benign_puzzle_scaffold,0.03832697132983097,0.016566697389549183,0.021760273940281787,7,33
29,14,final_answer_cue,0.10823935615530589,0.1564900889592104,-0.04825073280390452,7,33
29,14,harmful_instruction,0.0,7.666370001654712e-05,-7.666370001654712e-05,7,33
29,14,injected_reasoning,0.0,4.94048345141163e-05,-4.94048345141163e-05,7,33
29,15,benign_puzzle_scaffold,0.2996323476200344,0.2820738847514958,0.01755846286853857,7,33
29,15,final_answer_cue,0.1289181432212115,0.18512288668943416,-0.05620474346822266,7,33
29,15,harmful_instruction,0.0,0.0001441250435006085,-0.0001441250435006085,7,33
29,15,injected_reasoning,0.0,0.006687675428368099,-0.006687675428368099,7,33
29,16,benign_puzzle_scaffold,0.39382971701762376,0.3894285039832846,0.0044012130343391576,7,33
29,16,final_answer_cue,0.15759976022148994,0.2127323738855106,-0.05513261366402067,7,33
29,16,harmful_instruction,0.0,0.00033333769600832266,-0.00033333769600832266,7,33
29,16,injected_reasoning,0.0,0.0037573415049198225,-0.0037573415049198225,7,33
29,17,benign_puzzle_scaffold,0.27377785443112007,0.2161955204076963,0.057582334023423776,7,33
29,17,final_answer_cue,0.1521789756785791,0.21813255405930887,-0.06595357838072977,7,33
29,17,harmful_instruction,0.0,0.0002780342571138602,-0.0002780342571138602,7,33
29,17,injected_reasoning,0.0,0.0011311929767536877,-0.0011311929767536877,7,33
29,18,benign_puzzle_scaffold,0.35917706171411584,0.22817987410734064,0.1309971876067752,7,33
29,18,final_answer_cue,0.37485803193899664,0.5208816940613348,-0.14602366212233814,7,33
29,18,harmful_instruction,0.0,0.0006747128907371617,-0.0006747128907371617,7,33
29,18,injected_reasoning,0.0,0.0017896904376261092,-0.0017896904376261092,7,33
29,19,benign_puzzle_scaffold,0.3604729528146682,0.2252410021308886,0.13523195068377958,7,33
29,19,final_answer_cue,0.3791849807466449,0.5304168597265057,-0.15123187897986073,7,33
29,19,harmful_instruction,0.0,0.0010791013861812194,-0.0010791013861812194,7,33
29,19,injected_reasoning,0.0,0.002783467434257091,-0.002783467434257091,7,33
29,20,benign_puzzle_scaffold,0.38383245217564615,0.20472397677338208,0.17910847540226407,7,33
29,20,final_answer_cue,0.3836232131613449,0.5875172216487269,-0.20389400848738198,7,33
29,20,harmful_instruction,0.0,0.001066124584420427,-0.001066124584420427,7,33
29,20,injected_reasoning,0.0,0.0012736305051758961,-0.0012736305051758961,7,33
29,21,benign_puzzle_scaffold,0.23730801449050296,0.20697114386341664,0.030336870627086315,7,33
29,21,final_answer_cue,0.10277582408596977,0.14645531863320008,-0.0436794945472303,7,33
29,21,harmful_instruction,0.0,9.837115492613667e-05,-9.837115492613667e-05,7,33
29,21,injected_reasoning,0.0,0.0011475532134712736,-0.0011475532134712736,7,33
29,22,benign_puzzle_scaffold,0.13057389861461582,0.08674694729964491,0.04382695131497091,7,33
29,22,final_answer_cue,0.11182204863299575,0.16527685074601678,-0.05345480211302103,7,33
29,22,harmful_instruction,0.0,0.00015967669834430638,-0.00015967669834430638,7,33
29,22,injected_reasoning,0.0,0.0005864776598673734,-0.0005864776598673734,7,33
29,23,benign_puzzle_scaffold,0.047742188973821924,0.021813471017548356,0.025928717956273568,7,33
29,23,final_answer_cue,0.07208109660708746,0.12377956773992949,-0.051698471132842025,7,33
29,23,harmful_instruction,0.0,0.0003420191492125912,-0.0003420191492125912,7,33
29,23,injected_reasoning,0.0,0.00010381382595410907,-0.00010381382595410907,7,33
30,0,benign_puzzle_scaffold,0.14314821067616174,0.10213860757207152,0.041009603104090214,7,33
30,0,final_answer_cue,0.10750597535221293,0.19114144609394532,-0.08363547074173239,7,33
30,0,harmful_instruction,0.0,0.00017094475660769002,-0.00017094475660769002,7,33
30,0,injected_reasoning,0.0,0.0004976586600611064,-0.0004976586600611064,7,33
30,1,benign_puzzle_scaffold,0.4314767026310662,0.41196698658372327,0.019509716047342918,7,33
30,1,final_answer_cue,0.13757036070010123,0.20417990407005027,-0.06660954336994904,7,33
30,1,harmful_instruction,0.0,0.00029899886144923966,-0.00029899886144923966,7,33
30,1,injected_reasoning,0.0,0.00301907419862145,-0.00301907419862145,7,33
30,2,benign_puzzle_scaffold,0.10335375072850718,0.09439255980134047,0.008961190927166712,7,33
30,2,final_answer_cue,0.07895046756725525,0.10380550061051588,-0.02485503304326063,7,33
30,2,harmful_instruction,0.0,3.25367255443973e-05,-3.25367255443973e-05,7,33
30,2,injected_reasoning,0.0,0.00032244758598248683,-0.00032244758598248683,7,33
30,3,benign_puzzle_scaffold,0.06817026626890439,0.03788208855866669,0.0302881777102377,7,33
30,3,final_answer_cue,0.08088038257425503,0.10921562088274483,-0.028335238308489802,7,33
30,3,harmful_instruction,0.0,0.00010425878317517889,-0.00010425878317517889,7,33
30,3,injected_reasoning,0.0,0.00017718507845880494,-0.00017718507845880494,7,33
30,4,benign_puzzle_scaffold,0.3320877405516938,0.33680852613790974,-0.004720785586215914,7,33
30,4,final_answer_cue,0.0635423641636296,0.1013133882581801,-0.03777102409455051,7,33
30,4,harmful_instruction,0.0,0.00012212447147474267,-0.00012212447147474267,7,33
30,4,injected_reasoning,0.0,0.011167290964374877,-0.011167290964374877,7,33
30,5,benign_puzzle_scaffold,0.09709653808760844,0.05559335423651054,0.041503183851097906,7,33
30,5,final_answer_cue,0.10439604193828662,0.15940466348764773,-0.055008621549361106,7,33
30,5,harmful_instruction,0.0,0.0001694353733849998,-0.0001694353733849998,7,33
30,5,injected_reasoning,0.0,0.001457439558854797,-0.001457439558854797,7,33
30,6,benign_puzzle_scaffold,0.1917622974051191,0.06647735695604463,0.12528494044907446,7,33
30,6,final_answer_cue,0.3535625197104669,0.521355275077039,-0.16779275536657212,7,33
30,6,harmful_instruction,0.0,0.0008411795653366656,-0.0008411795653366656,7,33
30,6,injected_reasoning,0.0,0.0001618464000019213,-0.0001618464000019213,7,33
30,7,benign_puzzle_scaffold,0.20533323688846966,0.15326474483049324,0.05206849205797642,7,33
30,7,final_answer_cue,0.0604184180598916,0.09643152806019073,-0.03601311000029913,7,33
30,7,harmful_instruction,0.0,0.00012119176844236977,-0.00012119176844236977,7,33
30,7,injected_reasoning,0.0,0.0006304980825250718,-0.0006304980825250718,7,33
30,8,benign_puzzle_scaffold,0.20060860636344022,0.08925861038313157,0.11134999598030865,7,33
30,8,final_answer_cue,0.2963327269589543,0.4135147906752401,-0.11718206371628581,7,33
30,8,harmful_instruction,0.0,0.0007405184215856181,-0.0007405184215856181,7,33
30,8,injected_reasoning,0.0,0.00024635741537774815,-0.00024635741537774815,7,33
30,9,benign_puzzle_scaffold,0.3311792708586739,0.15832054882134114,0.17285872203733274,7,33
30,9,final_answer_cue,0.2958972301351071,0.4237508339772255,-0.1278536038421184,7,33
30,9,harmful_instruction,0.0,0.0008077136661125517,-0.0008077136661125517,7,33
30,9,injected_reasoning,0.0,0.0005889784355496147,-0.0005889784355496147,7,33
30,10,benign_puzzle_scaffold,0.4989858596703548,0.3580691813618912,0.1409166783084636,7,33
30,10,final_answer_cue,0.1957655700594057,0.3183327069764641,-0.1225671369170584,7,33
30,10,harmful_instruction,0.0,0.00032860283461423525,-0.00032860283461423525,7,33
30,10,injected_reasoning,0.0,0.001537054300426881,-0.001537054300426881,7,33
30,11,benign_puzzle_scaffold,0.22649729033142144,0.10530741414556427,0.12118987618585716,7,33
30,11,final_answer_cue,0.27344924508599444,0.4052470545293655,-0.13179780944337105,7,33
30,11,harmful_instruction,0.0,0.0008961008680798336,-0.0008961008680798336,7,33
30,11,injected_reasoning,0.0,0.0003372232629419808,-0.0003372232629419808,7,33
30,12,benign_puzzle_scaffold,0.21503886597383137,0.0888472737924706,0.12619159218136078,7,33
30,12,final_answer_cue,0.37051020865421325,0.5176014747662162,-0.14709126611200296,7,33
30,12,harmful_instruction,0.0,0.0005469650173178641,-0.0005469650173178641,7,33
30,12,injected_reasoning,0.0,0.0003779415345746031,-0.0003779415345746031,7,33
30,13,benign_puzzle_scaffold,0.18274966716179059,0.04687910140414528,0.1358705657576453,7,33
30,13,final_answer_cue,0.330645673246915,0.4476832904080282,-0.11703761716111316,7,33
30,13,harmful_instruction,0.0,0.001011519684361821,-0.001011519684361821,7,33
30,13,injected_reasoning,0.0,0.00014658265539362457,-0.00014658265539362457,7,33
30,14,benign_puzzle_scaffold,0.29619037686371125,0.12385209791424652,0.17233827894946474,7,33
30,14,final_answer_cue,0.4382833939381795,0.5829620471366332,-0.14467865319845374,7,33
30,14,harmful_instruction,0.0,0.0010863285271023558,-0.0010863285271023558,7,33
30,14,injected_reasoning,0.0,0.0006368980932497069,-0.0006368980932497069,7,33
30,15,benign_puzzle_scaffold,0.35617508024719713,0.139361137423143,0.21681394282405414,7,33
30,15,final_answer_cue,0.3833163360476209,0.5720466146561333,-0.18873027860851238,7,33
30,15,harmful_instruction,0.0,0.0007597729709841112,-0.0007597729709841112,7,33
30,15,injected_reasoning,0.0,0.0008108618775614705,-0.0008108618775614705,7,33
30,16,benign_puzzle_scaffold,0.3001412731818828,0.12719829423330342,0.17294297894857935,7,33
30,16,final_answer_cue,0.4505811845685403,0.6180693614216951,-0.1674881768531548,7,33
30,16,harmful_instruction,0.0,0.0012212895223853812,-0.0012212895223853812,7,33
30,16,injected_reasoning,0.0,0.00045408667785952527,-0.00045408667785952527,7,33
30,17,benign_puzzle_scaffold,0.4182242617738587,0.2939710107099911,0.12425325106386759,7,33
30,17,final_answer_cue,0.34876190477053176,0.46293843706513005,-0.11417653229459829,7,33
30,17,harmful_instruction,0.0,0.0006431194186194144,-0.0006431194186194144,7,33
30,17,injected_reasoning,0.0,0.001956925583775247,-0.001956925583775247,7,33
30,18,benign_puzzle_scaffold,0.0947318861934645,0.029827753563888712,0.06490413262957578,7,33
30,18,final_answer_cue,0.19107485510894623,0.3034733112088805,-0.11239845609993426,7,33
30,18,harmful_instruction,0.0,0.0008313153520159918,-0.0008313153520159918,7,33
30,18,injected_reasoning,0.0,0.0001228458835187103,-0.0001228458835187103,7,33
30,19,benign_puzzle_scaffold,0.20628735749303742,0.05601606041222362,0.1502712970808138,7,33
30,19,final_answer_cue,0.3874165044487964,0.5400240196077521,-0.15260751515895576,7,33
30,19,harmful_instruction,0.0,0.001120094370528694,-0.001120094370528694,7,33
30,19,injected_reasoning,0.0,0.00015726260666442564,-0.00015726260666442564,7,33
30,20,benign_puzzle_scaffold,0.11730175285380796,0.03821534472421672,0.07908640812959125,7,33
30,20,final_answer_cue,0.22677338155746637,0.31200259551611903,-0.08522921395865266,7,33
30,20,harmful_instruction,0.0,0.0005465356129958978,-0.0005465356129958978,7,33
30,20,injected_reasoning,0.0,0.00019181367663672537,-0.00019181367663672537,7,33
30,21,benign_puzzle_scaffold,0.4258562642216325,0.26540958725646147,0.160446676965171,7,33
30,21,final_answer_cue,0.3581167051839192,0.5198878188284154,-0.1617711136444962,7,33
30,21,harmful_instruction,0.0,0.0005295813628530555,-0.0005295813628530555,7,33
30,21,injected_reasoning,0.0,0.0035049165647474323,-0.0035049165647474323,7,33
30,22,benign_puzzle_scaffold,0.4826152401251202,0.40398779792674916,0.07862744219837103,7,33
30,22,final_answer_cue,0.1979580198877064,0.2681468675854122,-0.07018884769770578,7,33
30,22,harmful_instruction,0.0,0.00020207033762648487,-0.00020207033762648487,7,33
30,22,injected_reasoning,0.0,0.012430462285041483,-0.012430462285041483,7,33
30,23,benign_puzzle_scaffold,0.24887020534940898,0.09260813654179123,0.15626206880761775,7,33
30,23,final_answer_cue,0.33396966294039654,0.4501163333119018,-0.11614667037150528,7,33
30,23,harmful_instruction,0.0,0.0008908382375237415,-0.0008908382375237415,7,33
30,23,injected_reasoning,0.0,0.0002590057356387684,-0.0002590057356387684,7,33
31,0,benign_puzzle_scaffold,0.37220120982088717,0.10972679961223396,0.2624744102086532,7,33
31,0,final_answer_cue,0.614580515259161,0.8875109287203673,-0.2729304134612063,7,33
31,0,harmful_instruction,0.0,0.0016412515140822835,-0.0016412515140822835,7,33
31,0,injected_reasoning,0.0,0.0001002561910114698,-0.0001002561910114698,7,33
31,1,benign_puzzle_scaffold,0.30719780922681267,0.06567360633575212,0.24152420289106055,7,33
31,1,final_answer_cue,0.6366976556898916,0.8896972906931472,-0.2529996350032556,7,33
31,1,harmful_instruction,0.0,0.0018112380239984046,-0.0018112380239984046,7,33
31,1,injected_reasoning,0.0,6.951494081486557e-05,-6.951494081486557e-05,7,33
31,2,benign_puzzle_scaffold,0.2779683123368655,0.010717173683386863,0.2672511386534786,7,33
31,2,final_answer_cue,0.7083003095135377,0.9916802946447271,-0.28337998513118934,7,33
31,2,harmful_instruction,0.0,0.0020367645908906887,-0.0020367645908906887,7,33
31,2,injected_reasoning,0.0,7.705875432231309e-07,-7.705875432231309e-07,7,33
31,3,benign_puzzle_scaffold,0.4377708280744071,0.27582992190796146,0.16194090616644563,7,33
31,3,final_answer_cue,0.4034276488368376,0.5738443331806848,-0.1704166843438472,7,33
31,3,harmful_instruction,0.0,0.0011460230182204116,-0.0011460230182204116,7,33
31,3,injected_reasoning,0.0,0.00047052312933894334,-0.00047052312933894334,7,33
31,4,benign_puzzle_scaffold,0.6083885804649454,0.518809544446569,0.08957903601837636,7,33
31,4,final_answer_cue,0.21526894602463018,0.3114589341127103,-0.09618998808808013,7,33
31,4,harmful_instruction,0.0,0.0005284577830981409,-0.0005284577830981409,7,33
31,4,injected_reasoning,0.0,0.0009422048228602361,-0.0009422048228602361,7,33
31,5,benign_puzzle_scaffold,0.5677386404077571,0.511726737092254,0.0560119033155031,7,33
31,5,final_answer_cue,0.14868380780353666,0.21897289456193367,-0.07028908675839701,7,33
31,5,harmful_instruction,0.0,0.00027703670497600827,-0.00027703670497600827,7,33
31,5,injected_reasoning,0.0,0.00102727940781037,-0.00102727940781037,7,33
31,6,benign_puzzle_scaffold,0.27234203284622704,0.012592752458414264,0.25974928038781275,7,33
31,6,final_answer_cue,0.6798194538340449,0.9520735601865309,-0.27225410635248604,7,33
31,6,harmful_instruction,0.0,0.0019589601816162113,-0.0019589601816162113,7,33
31,6,injected_reasoning,0.0,5.003749795838184e-06,-5.003749795838184e-06,7,33
31,7,benign_puzzle_scaffold,0.2832837357976246,0.02674903009661112,0.2565347057010135,7,33
31,7,final_answer_cue,0.5784908747690215,0.8380159566637491,-0.25952508189472756,7,33
31,7,harmful_instruction,0.0,0.0018248421436990677,-0.0018248421436990677,7,33
31,7,injected_reasoning,0.0,8.024942814711366e-06,-8.024942814711366e-06,7,33
31,8,benign_puzzle_scaffold,0.29607445787793524,0.017023759277807984,0.27905069860012727,7,33
31,8,final_answer_cue,0.7009500586171683,0.9875507525650736,-0.2866006939479053,7,33
31,8,harmful_instruction,0.0,0.0020236248083824594,-0.0020236248083824594,7,33
31,8,injected_reasoning,0.0,1.0184423033476687e-05,-1.0184423033476687e-05,7,33
31,9,benign_puzzle_scaffold,0.6859327965091447,0.46706804285053066,0.21886475365861408,7,33
31,9,final_answer_cue,0.31335122981987473,0.5328149243522234,-0.2194636945323487,7,33
31,9,harmful_instruction,0.0,0.00026405023517669495,-0.00026405023517669495,7,33
31,9,injected_reasoning,0.0,0.0009591975460045707,-0.0009591975460045707,7,33
31,10,benign_puzzle_scaffold,0.4917823158034872,0.2321444217473156,0.2596378940561716,7,33
31,10,final_answer_cue,0.49955829003023855,0.7728479421525105,-0.27328965212227196,7,33
31,10,harmful_instruction,0.0,0.0006918181468481455,-0.0006918181468481455,7,33
31,10,injected_reasoning,0.0,0.0004023761443205798,-0.0004023761443205798,7,33
31,11,benign_puzzle_scaffold,0.34929729546783583,0.0716683416991565,0.27762895376867935,7,33
31,11,final_answer_cue,0.6491461800777084,0.9337380534819568,-0.2845918734042484,7,33
31,11,harmful_instruction,0.0,0.0019979119224213396,-0.0019979119224213396,7,33
31,11,injected_reasoning,0.0,6.0025469384173384e-05,-6.0025469384173384e-05,7,33
31,12,benign_puzzle_scaffold,0.6736438508744963,0.5784287172503881,0.09521513362410816,7,33
31,12,final_answer_cue,0.17114763250102816,0.26181544038171745,-0.09066780788068929,7,33
31,12,harmful_instruction,0.0,0.0002511950362224936,-0.0002511950362224936,7,33
31,12,injected_reasoning,0.0,0.0014284933700051794,-0.0014284933700051794,7,33
31,13,benign_puzzle_scaffold,0.7175694990294336,0.6230238746010617,0.09454562442837189,7,33
31,13,final_answer_cue,0.17268376499607005,0.26994938808067964,-0.09726562308460959,7,33
31,13,harmful_instruction,0.0,0.0002923554821588697,-0.0002923554821588697,7,33
31,13,injected_reasoning,0.0,0.0016100614361517858,-0.0016100614361517858,7,33
31,14,benign_puzzle_scaffold,0.6683936574923565,0.5595457407617338,0.10884791673062266,7,33
31,14,final_answer_cue,0.20019689250067937,0.3088589854764838,-0.10866209297580445,7,33
31,14,harmful_instruction,0.0,0.0003993476619794306,-0.0003993476619794306,7,33
31,14,injected_reasoning,0.0,0.0014135091257793948,-0.0014135091257793948,7,33
31,15,benign_puzzle_scaffold,0.7069797972199466,0.5316830856952315,0.17529671152471515,7,33
31,15,final_answer_cue,0.2870742604958387,0.4644772811300774,-0.17740302063423874,7,33
31,15,harmful_instruction,0.0,0.000497878228388401,-0.000497878228388401,7,33
31,15,injected_reasoning,0.0,0.0013850979168432216,-0.0013850979168432216,7,33
31,16,benign_puzzle_scaffold,0.718577846478058,0.5333312111507171,0.18524663532734087,7,33
31,16,final_answer_cue,0.2783112475790589,0.4638340659958899,-0.185522818416831,7,33
31,16,harmful_instruction,0.0,0.00040381063784338656,-0.00040381063784338656,7,33
31,16,injected_reasoning,0.0,0.0012787601571640408,-0.0012787601571640408,7,33
31,17,benign_puzzle_scaffold,0.8383375532708423,0.7296346175763371,0.10870293569450518,7,33
31,17,final_answer_cue,0.15175469542086864,0.2610408425687915,-0.10928614714792287,7,33
31,17,harmful_instruction,0.0,0.00015684471620255083,-0.00015684471620255083,7,33
31,17,injected_reasoning,0.0,0.002790951835145279,-0.002790951835145279,7,33
31,18,benign_puzzle_scaffold,0.6634061834259019,0.5674627465056371,0.09594343692026475,7,33
31,18,final_answer_cue,0.17862823585810814,0.2616508314044908,-0.08302259554638267,7,33
31,18,harmful_instruction,0.0,0.0003063963141636666,-0.0003063963141636666,7,33
31,18,injected_reasoning,0.0,0.0014426843361569535,-0.0014426843361569535,7,33
31,19,benign_puzzle_scaffold,0.7573759424897482,0.6893231896719467,0.06805275281780143,7,33
31,19,final_answer_cue,0.13967282545595844,0.21118152884306385,-0.07150870338710541,7,33
31,19,harmful_instruction,0.0,0.0001968662478489928,-0.0001968662478489928,7,33
31,19,injected_reasoning,0.0,0.0019910193769862726,-0.0019910193769862726,7,33
31,20,benign_puzzle_scaffold,0.6661972139668279,0.5960878356833007,0.07010937828352715,7,33
31,20,final_answer_cue,0.14118253791052573,0.2049611757285314,-0.06377863781800566,7,33
31,20,harmful_instruction,0.0,0.0002023914375680926,-0.0002023914375680926,7,33
31,20,injected_reasoning,0.0,0.001579866780718765,-0.001579866780718765,7,33
31,21,benign_puzzle_scaffold,0.6840016509844501,0.5923181060499751,0.09168354493447495,7,33
31,21,final_answer_cue,0.16589593220477397,0.2507610563852152,-0.0848651241804412,7,33
31,21,harmful_instruction,0.0,0.00024731277293340507,-0.00024731277293340507,7,33
31,21,injected_reasoning,0.0,0.0015916193404778595,-0.0015916193404778595,7,33
31,22,benign_puzzle_scaffold,0.7664369822987543,0.6820117369947775,0.08442524530397688,7,33
31,22,final_answer_cue,0.15206979371092114,0.23900701704972216,-0.08693722333880102,7,33
31,22,harmful_instruction,0.0,0.00024671193088421155,-0.00024671193088421155,7,33
31,22,injected_reasoning,0.0,0.002097505454834607,-0.002097505454834607,7,33
31,23,benign_puzzle_scaffold,0.7254381782245017,0.6409934988393035,0.08444467938519828,7,33
31,23,final_answer_cue,0.1665140612383205,0.24960540159438316,-0.08309134035606267,7,33
31,23,harmful_instruction,0.0,0.00026698642699970364,-0.00026698642699970364,7,33
31,23,injected_reasoning,0.0,0.0017601452728408821,-0.0017601452728408821,7,33
