bin,normalized_position,layer,subspace_rank,group,n_examples,mean_proj,std_proj
0,0.05,0,0,complied,30735,-0.012006,0.046764
0,0.05,0,0,refused,27821,-0.015318,0.050617
0,0.05,0,1,complied,30735,0.040331,0.071593
0,0.05,0,1,refused,27821,0.048809,0.076387
0,0.05,0,2,complied,30735,0.037401,0.05803
0,0.05,0,2,refused,27821,0.045844,0.061286
0,0.05,0,3,complied,30735,-0.044131,0.069126
0,0.05,0,3,refused,27821,-0.052728,0.073937
0,0.05,0,4,complied,30735,0.020358,0.030414
0,0.05,0,4,refused,27821,0.022923,0.031294
0,0.05,1,0,complied,30735,-0.780785,0.282974
0,0.05,1,0,refused,27821,-0.829834,0.273541
0,0.05,1,1,complied,30735,1.314677,0.426615
0,0.05,1,1,refused,27821,1.373744,0.427112
0,0.05,1,2,complied,30735,1.203513,0.394207
0,0.05,1,2,refused,27821,1.25969,0.398481
0,0.05,1,3,complied,30735,-2.661037,0.50425
0,0.05,1,3,refused,27821,-2.731954,0.48007
0,0.05,1,4,complied,30735,0.698281,0.21756
0,0.05,1,4,refused,27821,0.716641,0.21424
0,0.05,2,0,complied,30735,-1.112965,0.463779
0,0.05,2,0,refused,27821,-1.196901,0.451722
0,0.05,2,1,complied,30735,1.841579,0.613611
0,0.05,2,1,refused,27821,1.900272,0.596279
0,0.05,2,2,complied,30735,1.809842,0.604457
0,0.05,2,2,refused,27821,1.871544,0.590965
0,0.05,2,3,complied,30735,-3.912807,0.855237
0,0.05,2,3,refused,27821,-4.009431,0.810025
0,0.05,2,4,complied,30735,1.018074,0.357654
0,0.05,2,4,refused,27821,1.043397,0.34787
0,0.05,3,0,complied,30735,-1.229833,0.547612
0,0.05,3,0,refused,27821,-1.326835,0.538371
0,0.05,3,1,complied,30735,2.161255,0.706416
0,0.05,3,1,refused,27821,2.228504,0.678419
0,0.05,3,2,complied,30735,2.160627,0.717582
0,0.05,3,2,refused,27821,2.232529,0.694337
0,0.05,3,3,complied,30735,-4.567829,1.0133
0,0.05,3,3,refused,27821,-4.676793,0.943601
0,0.05,3,4,complied,30735,1.174838,0.449838
0,0.05,3,4,refused,27821,1.216982,0.434372
0,0.05,4,0,complied,30735,-1.338286,0.61398
0,0.05,4,0,refused,27821,-1.452548,0.601806
0,0.05,4,1,complied,30735,2.477174,0.728171
0,0.05,4,1,refused,27821,2.54219,0.693662
0,0.05,4,2,complied,30735,2.519192,0.754649
0,0.05,4,2,refused,27821,2.595298,0.724825
0,0.05,4,3,complied,30735,-5.152587,1.068639
0,0.05,4,3,refused,27821,-5.271416,0.984865
0,0.05,4,4,complied,30735,1.295867,0.500395
0,0.05,4,4,refused,27821,1.348998,0.482686
0,0.05,5,0,complied,30735,-1.787788,0.671528
0,0.05,5,0,refused,27821,-1.882047,0.650637
0,0.05,5,1,complied,30735,3.283966,0.737439
0,0.05,5,1,refused,27821,3.353025,0.707111
0,0.05,5,2,complied,30735,3.47529,0.753967
0,0.05,5,2,refused,27821,3.55476,0.722911
0,0.05,5,3,complied,30735,-6.652706,1.105488
0,0.05,5,3,refused,27821,-6.776944,1.017043
0,0.05,5,4,complied,30735,1.692384,0.551078
0,0.05,5,4,refused,27821,1.742182,0.528667
0,0.05,6,0,complied,30735,-2.041922,0.783885
0,0.05,6,0,refused,27821,-2.129826,0.7668
0,0.05,6,1,complied,30735,3.81741,0.732603
0,0.05,6,1,refused,27821,3.88404,0.696553
0,0.05,6,2,complied,30735,4.160288,0.736331
0,0.05,6,2,refused,27821,4.202243,0.697148
0,0.05,6,3,complied,30735,-7.556055,1.141905
0,0.05,6,3,refused,27821,-7.673514,1.033988
0,0.05,6,4,complied,30735,1.902806,0.607391
0,0.05,6,4,refused,27821,1.95195,0.582092
0,0.05,7,0,complied,30735,-2.334243,0.826882
0,0.05,7,0,refused,27821,-2.384847,0.797915
0,0.05,7,1,complied,30735,4.695155,0.679092
0,0.05,7,1,refused,27821,4.71897,0.63808
0,0.05,7,2,complied,30735,5.097077,0.643524
0,0.05,7,2,refused,27821,5.065745,0.593171
0,0.05,7,3,complied,30735,-8.652187,1.024991
0,0.05,7,3,refused,27821,-8.731002,0.922941
0,0.05,7,4,complied,30735,2.24963,0.60466
0,0.05,7,4,refused,27821,2.284894,0.57612
0,0.05,8,0,complied,30735,-2.900475,0.896979
0,0.05,8,0,refused,27821,-2.892704,0.845645
0,0.05,8,1,complied,30735,5.97727,0.702736
0,0.05,8,1,refused,27821,5.994925,0.64902
0,0.05,8,2,complied,30735,6.66091,0.71256
0,0.05,8,2,refused,27821,6.629412,0.623565
0,0.05,8,3,complied,30735,-10.205491,0.985712
0,0.05,8,3,refused,27821,-10.28575,0.893902
0,0.05,8,4,complied,30735,3.233937,0.641036
0,0.05,8,4,refused,27821,3.263819,0.600707
0,0.05,9,0,complied,30735,-3.384501,1.034899
0,0.05,9,0,refused,27821,-3.326099,0.982926
0,0.05,9,1,complied,30735,7.147574,0.747824
0,0.05,9,1,refused,27821,7.163595,0.683986
0,0.05,9,2,complied,30735,8.110288,0.740074
0,0.05,9,2,refused,27821,7.977819,0.654988
0,0.05,9,3,complied,30735,-11.6608,1.128252
0,0.05,9,3,refused,27821,-11.731403,1.047775
0,0.05,9,4,complied,30735,4.083272,0.685185
0,0.05,9,4,refused,27821,4.115834,0.641657
0,0.05,10,0,complied,30735,-4.034308,1.164621
0,0.05,10,0,refused,27821,-4.014941,1.126527
0,0.05,10,1,complied,30735,8.409119,0.888004
0,0.05,10,1,refused,27821,8.352403,0.827782
0,0.05,10,2,complied,30735,9.732235,0.945517
0,0.05,10,2,refused,27821,9.626309,0.819357
0,0.05,10,3,complied,30735,-13.227503,1.267928
0,0.05,10,3,refused,27821,-13.210282,1.215713
0,0.05,10,4,complied,30735,4.812026,0.743006
0,0.05,10,4,refused,27821,4.859394,0.711161
0,0.05,11,0,complied,30735,-4.421786,1.233082
0,0.05,11,0,refused,27821,-4.416674,1.19392
0,0.05,11,1,complied,30735,9.094177,0.979647
0,0.05,11,1,refused,27821,9.020939,0.94828
0,0.05,11,2,complied,30735,10.705348,0.977333
0,0.05,11,2,refused,27821,10.614897,0.87522
0,0.05,11,3,complied,30735,-14.170534,1.38567
0,0.05,11,3,refused,27821,-14.121167,1.344902
0,0.05,11,4,complied,30735,5.288189,0.82755
0,0.05,11,4,refused,27821,5.326759,0.820042
0,0.05,12,0,complied,30735,-4.500242,1.306655
0,0.05,12,0,refused,27821,-4.482573,1.265219
0,0.05,12,1,complied,30735,9.025704,1.113579
0,0.05,12,1,refused,27821,8.994268,1.060207
0,0.05,12,2,complied,30735,10.82215,1.049048
0,0.05,12,2,refused,27821,10.80649,0.973114
0,0.05,12,3,complied,30735,-13.947088,1.450273
0,0.05,12,3,refused,27821,-13.972908,1.407888
0,0.05,12,4,complied,30735,5.357011,0.869962
0,0.05,12,4,refused,27821,5.411994,0.872384
0,0.05,13,0,complied,30735,-4.419281,1.431466
0,0.05,13,0,refused,27821,-4.424073,1.432386
0,0.05,13,1,complied,30735,9.32013,1.17851
0,0.05,13,1,refused,27821,9.287024,1.109936
0,0.05,13,2,complied,30735,11.133098,1.158769
0,0.05,13,2,refused,27821,11.145692,1.095858
0,0.05,13,3,complied,30735,-14.030287,1.481986
0,0.05,13,3,refused,27821,-14.011337,1.43296
0,0.05,13,4,complied,30735,5.542625,0.919221
0,0.05,13,4,refused,27821,5.586024,0.908305
0,0.05,14,0,complied,30735,-4.495649,1.474052
0,0.05,14,0,refused,27821,-4.416793,1.45911
0,0.05,14,1,complied,30735,9.472944,1.247859
0,0.05,14,1,refused,27821,9.47568,1.192423
0,0.05,14,2,complied,30735,11.517992,1.171654
0,0.05,14,2,refused,27821,11.493784,1.089328
0,0.05,14,3,complied,30735,-14.2502,1.712499
0,0.05,14,3,refused,27821,-14.211436,1.646282
0,0.05,14,4,complied,30735,5.618167,0.884186
0,0.05,14,4,refused,27821,5.704292,0.886654
0,0.05,15,0,complied,30735,-4.487241,1.559108
0,0.05,15,0,refused,27821,-4.335736,1.546574
0,0.05,15,1,complied,30735,9.721341,1.350709
0,0.05,15,1,refused,27821,9.758055,1.282292
0,0.05,15,2,complied,30735,11.762972,1.289131
0,0.05,15,2,refused,27821,11.819814,1.207667
0,0.05,15,3,complied,30735,-14.165625,2.209186
0,0.05,15,3,refused,27821,-14.275808,2.040669
0,0.05,15,4,complied,30735,5.579546,0.908663
0,0.05,15,4,refused,27821,5.537198,0.879051
0,0.05,16,0,complied,30735,-4.876363,1.720803
0,0.05,16,0,refused,27821,-4.797194,1.729442
0,0.05,16,1,complied,30735,10.40573,1.471503
0,0.05,16,1,refused,27821,10.396372,1.353628
0,0.05,16,2,complied,30735,12.538647,1.287194
0,0.05,16,2,refused,27821,12.482326,1.228497
0,0.05,16,3,complied,30735,-14.792541,2.35247
0,0.05,16,3,refused,27821,-14.811098,2.115997
0,0.05,16,4,complied,30735,5.902759,0.973752
0,0.05,16,4,refused,27821,5.802881,0.925445
0,0.05,17,0,complied,30735,-5.214086,1.860965
0,0.05,17,0,refused,27821,-5.029002,1.8412
0,0.05,17,1,complied,30735,11.05867,1.51898
0,0.05,17,1,refused,27821,11.018611,1.410648
0,0.05,17,2,complied,30735,13.40516,1.399381
0,0.05,17,2,refused,27821,13.455677,1.333465
0,0.05,17,3,complied,30735,-15.880761,2.352987
0,0.05,17,3,refused,27821,-15.979429,2.119222
0,0.05,17,4,complied,30735,6.400442,1.007428
0,0.05,17,4,refused,27821,6.273294,0.962997
0,0.05,18,0,complied,30735,-5.234716,2.140909
0,0.05,18,0,refused,27821,-5.041325,2.166587
0,0.05,18,1,complied,30735,12.254887,1.635466
0,0.05,18,1,refused,27821,12.164916,1.527809
0,0.05,18,2,complied,30735,14.579734,1.535827
0,0.05,18,2,refused,27821,14.648737,1.470612
0,0.05,18,3,complied,30735,-17.321441,2.624803
0,0.05,18,3,refused,27821,-17.467011,2.344666
0,0.05,18,4,complied,30735,7.14182,1.112514
0,0.05,18,4,refused,27821,7.009954,1.036793
0,0.05,19,0,complied,30735,-5.672937,2.400071
0,0.05,19,0,refused,27821,-5.508448,2.422626
0,0.05,19,1,complied,30735,13.17962,1.849455
0,0.05,19,1,refused,27821,13.10962,1.732228
0,0.05,19,2,complied,30735,15.714311,1.703509
0,0.05,19,2,refused,27821,15.798092,1.647315
0,0.05,19,3,complied,30735,-18.130981,2.710733
0,0.05,19,3,refused,27821,-18.192146,2.490294
0,0.05,19,4,complied,30735,7.456176,1.18644
0,0.05,19,4,refused,27821,7.274745,1.126543
0,0.05,20,0,complied,30735,-5.996852,2.700021
0,0.05,20,0,refused,27821,-5.807947,2.747013
0,0.05,20,1,complied,30735,13.911792,2.059827
0,0.05,20,1,refused,27821,13.845379,1.988428
0,0.05,20,2,complied,30735,16.94321,2.022668
0,0.05,20,2,refused,27821,16.984545,2.003497
0,0.05,20,3,complied,30735,-18.870254,3.156768
0,0.05,20,3,refused,27821,-18.935128,2.936503
0,0.05,20,4,complied,30735,7.933755,1.284478
0,0.05,20,4,refused,27821,7.793803,1.258534
0,0.05,21,0,complied,30735,-6.145695,3.021613
0,0.05,21,0,refused,27821,-5.923192,3.071727
0,0.05,21,1,complied,30735,13.523932,2.293321
0,0.05,21,1,refused,27821,13.485964,2.277332
0,0.05,21,2,complied,30735,16.879739,2.734368
0,0.05,21,2,refused,27821,16.934662,2.745743
0,0.05,21,3,complied,30735,-18.353183,4.228342
0,0.05,21,3,refused,27821,-18.378446,3.881672
0,0.05,21,4,complied,30735,7.83925,1.648608
0,0.05,21,4,refused,27821,7.643726,1.618246
0,0.05,22,0,complied,30735,-7.924721,3.69021
0,0.05,22,0,refused,27821,-7.478417,3.654853
0,0.05,22,1,complied,30735,16.695579,2.807892
0,0.05,22,1,refused,27821,16.460312,2.658863
0,0.05,22,2,complied,30735,21.0012,3.248785
0,0.05,22,2,refused,27821,20.997106,2.985562
0,0.05,22,3,complied,30735,-22.899213,4.508168
0,0.05,22,3,refused,27821,-22.634154,4.153455
0,0.05,22,4,complied,30735,9.812445,1.740631
0,0.05,22,4,refused,27821,9.508507,1.648659
0,0.05,23,0,complied,30735,-9.531345,4.143566
0,0.05,23,0,refused,27821,-8.956703,4.193315
0,0.05,23,1,complied,30735,19.72038,3.292857
0,0.05,23,1,refused,27821,19.485085,3.20561
0,0.05,23,2,complied,30735,25.05705,3.541563
0,0.05,23,2,refused,27821,25.015369,3.390228
0,0.05,23,3,complied,30735,-26.619605,4.673084
0,0.05,23,3,refused,27821,-26.36157,4.495091
0,0.05,23,4,complied,30735,11.376936,1.906989
0,0.05,23,4,refused,27821,11.043875,1.820639
0,0.05,24,0,complied,30735,-8.495839,4.35071
0,0.05,24,0,refused,27821,-7.855263,4.463575
0,0.05,24,1,complied,30735,18.36868,3.656147
0,0.05,24,1,refused,27821,18.107364,3.655032
0,0.05,24,2,complied,30735,23.566781,4.729884
0,0.05,24,2,refused,27821,23.641084,4.550627
0,0.05,24,3,complied,30735,-24.099374,7.304487
0,0.05,24,3,refused,27821,-23.847808,6.925137
0,0.05,24,4,complied,30735,10.358537,2.365037
0,0.05,24,4,refused,27821,9.990131,2.331634
0,0.05,25,0,complied,30735,-11.161706,5.203019
0,0.05,25,0,refused,27821,-10.456477,5.310392
0,0.05,25,1,complied,30735,23.475769,4.429609
0,0.05,25,1,refused,27821,23.203271,4.263641
0,0.05,25,2,complied,30735,30.427664,4.609491
0,0.05,25,2,refused,27821,30.71487,4.28586
0,0.05,25,3,complied,30735,-31.419136,6.305592
0,0.05,25,3,refused,27821,-31.160844,5.884512
0,0.05,25,4,complied,30735,12.974216,2.506188
0,0.05,25,4,refused,27821,12.62721,2.420539
0,0.05,26,0,complied,30735,-12.415766,5.638866
0,0.05,26,0,refused,27821,-11.699106,5.758407
0,0.05,26,1,complied,30735,25.873943,5.23705
0,0.05,26,1,refused,27821,25.623684,5.083279
0,0.05,26,2,complied,30735,34.400165,5.432798
0,0.05,26,2,refused,27821,34.503809,5.146012
0,0.05,26,3,complied,30735,-34.857556,8.076764
0,0.05,26,3,refused,27821,-34.611869,7.82227
0,0.05,26,4,complied,30735,14.336148,2.870736
0,0.05,26,4,refused,27821,13.98211,2.807733
0,0.05,27,0,complied,30735,-15.555214,6.478668
0,0.05,27,0,refused,27821,-14.713731,6.555029
0,0.05,27,1,complied,30735,30.780502,6.630321
0,0.05,27,1,refused,27821,30.598625,6.424381
0,0.05,27,2,complied,30735,41.320459,6.401554
0,0.05,27,2,refused,27821,41.457363,6.084382
0,0.05,27,3,complied,30735,-41.842856,9.595644
0,0.05,27,3,refused,27821,-41.713056,9.199761
0,0.05,27,4,complied,30735,16.824145,3.763076
0,0.05,27,4,refused,27821,16.588666,3.749179
0,0.05,28,0,complied,30735,-16.694775,7.409378
0,0.05,28,0,refused,27821,-16.026356,7.610097
0,0.05,28,1,complied,30735,33.839711,7.846097
0,0.05,28,1,refused,27821,33.836014,7.647629
0,0.05,28,2,complied,30735,45.987043,7.597197
0,0.05,28,2,refused,27821,46.279672,7.418206
0,0.05,28,3,complied,30735,-46.215696,12.345058
0,0.05,28,3,refused,27821,-46.257871,11.963312
0,0.05,28,4,complied,30735,18.335687,4.6842
0,0.05,28,4,refused,27821,18.119513,4.671525
0,0.05,29,0,complied,30735,-20.252326,8.615974
0,0.05,29,0,refused,27821,-19.248922,8.788095
0,0.05,29,1,complied,30735,39.767426,9.597611
0,0.05,29,1,refused,27821,39.680793,9.384907
0,0.05,29,2,complied,30735,53.389497,9.389482
0,0.05,29,2,refused,27821,53.918288,9.190136
0,0.05,29,3,complied,30735,-54.461071,14.389847
0,0.05,29,3,refused,27821,-54.039166,14.19619
0,0.05,29,4,complied,30735,21.112529,5.742327
0,0.05,29,4,refused,27821,20.533275,5.736812
0,0.05,30,0,complied,30735,-24.150235,9.776376
0,0.05,30,0,refused,27821,-23.336675,9.834233
0,0.05,30,1,complied,30735,48.018744,11.805607
0,0.05,30,1,refused,27821,48.409469,11.34762
0,0.05,30,2,complied,30735,64.466096,11.176286
0,0.05,30,2,refused,27821,65.765694,10.794069
0,0.05,30,3,complied,30735,-65.078938,15.881485
0,0.05,30,3,refused,27821,-65.384928,15.374401
0,0.05,30,4,complied,30735,25.548477,6.752693
0,0.05,30,4,refused,27821,25.124598,6.692587
0,0.05,31,0,complied,30735,-29.03648,11.204963
0,0.05,31,0,refused,27821,-27.843168,11.182783
0,0.05,31,1,complied,30735,57.491201,13.988793
0,0.05,31,1,refused,27821,57.775665,13.486766
0,0.05,31,2,complied,30735,76.71857,13.229362
0,0.05,31,2,refused,27821,78.075933,12.919892
0,0.05,31,3,complied,30735,-78.176263,18.258679
0,0.05,31,3,refused,27821,-78.465221,17.859981
0,0.05,31,4,complied,30735,31.354094,8.1479
0,0.05,31,4,refused,27821,30.781427,7.983023
0,0.05,32,0,complied,30735,-32.458952,12.840911
0,0.05,32,0,refused,27821,-31.090337,12.852874
0,0.05,32,1,complied,30735,68.827664,16.138725
0,0.05,32,1,refused,27821,68.420248,15.635042
0,0.05,32,2,complied,30735,90.413273,14.472991
0,0.05,32,2,refused,27821,91.38957,14.372846
0,0.05,32,3,complied,30735,-93.478677,20.843375
0,0.05,32,3,refused,27821,-92.877652,20.91247
0,0.05,32,4,complied,30735,36.85379,9.69345
0,0.05,32,4,refused,27821,35.847848,9.484959
0,0.05,33,0,complied,30735,-40.170364,13.973738
0,0.05,33,0,refused,27821,-38.18256,13.984533
0,0.05,33,1,complied,30735,83.69028,17.85775
0,0.05,33,1,refused,27821,82.611556,17.498081
0,0.05,33,2,complied,30735,109.047887,16.238782
0,0.05,33,2,refused,27821,109.318784,16.576791
0,0.05,33,3,complied,30735,-113.646408,23.10237
0,0.05,33,3,refused,27821,-112.279016,24.082857
0,0.05,33,4,complied,30735,45.515757,10.547203
0,0.05,33,4,refused,27821,44.295385,10.353807
0,0.05,34,0,complied,30735,-47.32891,14.990503
0,0.05,34,0,refused,27821,-44.594647,14.989219
0,0.05,34,1,complied,30735,97.416048,20.044941
0,0.05,34,1,refused,27821,95.631549,20.001039
0,0.05,34,2,complied,30735,125.077905,18.842241
0,0.05,34,2,refused,27821,124.524157,19.577705
0,0.05,34,3,complied,30735,-131.687717,27.105651
0,0.05,34,3,refused,27821,-129.445002,28.95442
0,0.05,34,4,complied,30735,53.355143,11.734078
0,0.05,34,4,refused,27821,51.783947,11.663401
0,0.05,35,0,complied,30735,-55.41092,15.892465
0,0.05,35,0,refused,27821,-52.631709,15.84009
0,0.05,35,1,complied,30735,112.476603,21.651117
0,0.05,35,1,refused,27821,110.382526,21.492959
0,0.05,35,2,complied,30735,143.031867,21.541096
0,0.05,35,2,refused,27821,142.344711,22.39375
0,0.05,35,3,complied,30735,-151.680421,29.580424
0,0.05,35,3,refused,27821,-149.199082,31.421695
0,0.05,35,4,complied,30735,60.715065,13.075321
0,0.05,35,4,refused,27821,59.032824,13.043004
0,0.05,36,0,complied,30735,-70.286508,17.94583
0,0.05,36,0,refused,27821,-66.722869,17.655115
0,0.05,36,1,complied,30735,136.506593,25.869081
0,0.05,36,1,refused,27821,133.324663,25.611457
0,0.05,36,2,complied,30735,169.628335,25.514475
0,0.05,36,2,refused,27821,167.787184,26.505541
0,0.05,36,3,complied,30735,-186.916968,35.857769
0,0.05,36,3,refused,27821,-182.364652,38.221128
0,0.05,36,4,complied,30735,75.433451,15.33387
0,0.05,36,4,refused,27821,72.901179,15.032345
0,0.05,37,0,complied,30735,-82.825086,20.199153
0,0.05,37,0,refused,27821,-78.491957,20.138998
0,0.05,37,1,complied,30735,159.249002,29.896362
0,0.05,37,1,refused,27821,154.639018,29.914689
0,0.05,37,2,complied,30735,194.132946,29.136246
0,0.05,37,2,refused,27821,191.068636,30.517898
0,0.05,37,3,complied,30735,-216.441892,41.604336
0,0.05,37,3,refused,27821,-209.522652,45.22166
0,0.05,37,4,complied,30735,86.812009,16.594042
0,0.05,37,4,refused,27821,84.311432,16.373647
0,0.05,38,0,complied,30735,-102.68898,23.422955
0,0.05,38,0,refused,27821,-97.485386,23.066345
0,0.05,38,1,complied,30735,201.083066,37.678376
0,0.05,38,1,refused,27821,195.098275,37.785679
0,0.05,38,2,complied,30735,237.081501,37.572613
0,0.05,38,2,refused,27821,232.596084,38.899693
0,0.05,38,3,complied,30735,-270.858602,53.078057
0,0.05,38,3,refused,27821,-261.541268,57.07089
0,0.05,38,4,complied,30735,107.561247,21.104927
0,0.05,38,4,refused,27821,103.81655,20.337127
0,0.05,39,0,complied,30735,-145.530959,29.043229
0,0.05,39,0,refused,27821,-140.00766,27.848419
0,0.05,39,1,complied,30735,285.428403,51.722314
0,0.05,39,1,refused,27821,277.57995,52.062851
0,0.05,39,2,complied,30735,318.17892,56.755727
0,0.05,39,2,refused,27821,311.511042,58.322889
0,0.05,39,3,complied,30735,-374.404294,75.028914
0,0.05,39,3,refused,27821,-362.658626,78.703702
0,0.05,39,4,complied,30735,144.040848,28.649422
0,0.05,39,4,refused,27821,139.376884,27.410538
1,0.15,0,0,complied,30634,-0.010634,0.043344
1,0.15,0,0,refused,27730,-0.013866,0.047592
1,0.15,0,1,complied,30634,0.036339,0.065142
1,0.15,0,1,refused,27730,0.044975,0.07112
1,0.15,0,2,complied,30634,0.032602,0.053379
1,0.15,0,2,refused,27730,0.041113,0.057257
1,0.15,0,3,complied,30634,-0.040552,0.063129
1,0.15,0,3,refused,27730,-0.049195,0.068901
1,0.15,0,4,complied,30634,0.017894,0.028806
1,0.15,0,4,refused,27730,0.019912,0.030428
1,0.15,1,0,complied,30634,-0.769562,0.272148
1,0.15,1,0,refused,27730,-0.813445,0.267071
1,0.15,1,1,complied,30634,1.310394,0.399238
1,0.15,1,1,refused,27730,1.372652,0.393127
1,0.15,1,2,complied,30634,1.185429,0.374671
1,0.15,1,2,refused,27730,1.246938,0.371176
1,0.15,1,3,complied,30634,-2.639815,0.48521
1,0.15,1,3,refused,27730,-2.717246,0.449268
1,0.15,1,4,complied,30634,0.693678,0.206719
1,0.15,1,4,refused,27730,0.712645,0.198498
1,0.15,2,0,complied,30634,-1.088802,0.445982
1,0.15,2,0,refused,27730,-1.171355,0.439165
1,0.15,2,1,complied,30634,1.852405,0.576685
1,0.15,2,1,refused,27730,1.919433,0.55649
1,0.15,2,2,complied,30634,1.800508,0.581255
1,0.15,2,2,refused,27730,1.869883,0.565109
1,0.15,2,3,complied,30634,-3.876707,0.822164
1,0.15,2,3,refused,27730,-3.988484,0.770035
1,0.15,2,4,complied,30634,1.024426,0.330357
1,0.15,2,4,refused,27730,1.050287,0.315977
1,0.15,3,0,complied,30634,-1.28814,0.516402
1,0.15,3,0,refused,27730,-1.376691,0.503012
1,0.15,3,1,complied,30634,2.189236,0.661066
1,0.15,3,1,refused,27730,2.264261,0.634371
1,0.15,3,2,complied,30634,2.142418,0.687501
1,0.15,3,2,refused,27730,2.231769,0.670062
1,0.15,3,3,complied,30634,-4.540973,0.971344
1,0.15,3,3,refused,27730,-4.667022,0.900951
1,0.15,3,4,complied,30634,1.208357,0.397187
1,0.15,3,4,refused,27730,1.248903,0.380609
1,0.15,4,0,complied,30634,-1.407703,0.574586
1,0.15,4,0,refused,27730,-1.496923,0.556548
1,0.15,4,1,complied,30634,2.520289,0.684441
1,0.15,4,1,refused,27730,2.59584,0.653757
1,0.15,4,2,complied,30634,2.533059,0.724891
1,0.15,4,2,refused,27730,2.620532,0.703174
1,0.15,4,3,complied,30634,-5.144263,1.031813
1,0.15,4,3,refused,27730,-5.278079,0.941193
1,0.15,4,4,complied,30634,1.349741,0.431513
1,0.15,4,4,refused,27730,1.39874,0.414923
1,0.15,5,0,complied,30634,-1.879593,0.615529
1,0.15,5,0,refused,27730,-1.942447,0.593325
1,0.15,5,1,complied,30634,3.337327,0.688918
1,0.15,5,1,refused,27730,3.406651,0.660064
1,0.15,5,2,complied,30634,3.504396,0.721991
1,0.15,5,2,refused,27730,3.586597,0.703404
1,0.15,5,3,complied,30634,-6.633891,1.057157
1,0.15,5,3,refused,27730,-6.770438,0.971878
1,0.15,5,4,complied,30634,1.780949,0.460241
1,0.15,5,4,refused,27730,1.821645,0.440237
1,0.15,6,0,complied,30634,-2.232908,0.686583
1,0.15,6,0,refused,27730,-2.282247,0.653322
1,0.15,6,1,complied,30634,3.903366,0.691266
1,0.15,6,1,refused,27730,3.958051,0.661136
1,0.15,6,2,complied,30634,4.20323,0.731783
1,0.15,6,2,refused,27730,4.240002,0.711226
1,0.15,6,3,complied,30634,-7.469866,1.080437
1,0.15,6,3,refused,27730,-7.60281,0.98183
1,0.15,6,4,complied,30634,2.014278,0.504883
1,0.15,6,4,refused,27730,2.063243,0.481734
1,0.15,7,0,complied,30634,-2.562475,0.705439
1,0.15,7,0,refused,27730,-2.558601,0.65834
1,0.15,7,1,complied,30634,4.81716,0.648096
1,0.15,7,1,refused,27730,4.821739,0.618039
1,0.15,7,2,complied,30634,5.168005,0.66823
1,0.15,7,2,refused,27730,5.130442,0.626118
1,0.15,7,3,complied,30634,-8.557577,0.932895
1,0.15,7,3,refused,27730,-8.652217,0.839303
1,0.15,7,4,complied,30634,2.372652,0.4909
1,0.15,7,4,refused,27730,2.404031,0.463961
1,0.15,8,0,complied,30634,-3.152069,0.773682
1,0.15,8,0,refused,27730,-3.07777,0.723479
1,0.15,8,1,complied,30634,6.108203,0.669595
1,0.15,8,1,refused,27730,6.074186,0.619321
1,0.15,8,2,complied,30634,6.762546,0.741514
1,0.15,8,2,refused,27730,6.6942,0.664465
1,0.15,8,3,complied,30634,-10.11625,0.906565
1,0.15,8,3,refused,27730,-10.169911,0.810325
1,0.15,8,4,complied,30634,3.348947,0.499852
1,0.15,8,4,refused,27730,3.368624,0.466736
1,0.15,9,0,complied,30634,-3.72095,0.875899
1,0.15,9,0,refused,27730,-3.586207,0.842423
1,0.15,9,1,complied,30634,7.215726,0.709475
1,0.15,9,1,refused,27730,7.166618,0.651522
1,0.15,9,2,complied,30634,8.173744,0.739228
1,0.15,9,2,refused,27730,8.023911,0.658272
1,0.15,9,3,complied,30634,-11.470818,1.016476
1,0.15,9,3,refused,27730,-11.49386,0.922638
1,0.15,9,4,complied,30634,4.169053,0.537104
1,0.15,9,4,refused,27730,4.190628,0.500415
1,0.15,10,0,complied,30634,-4.281659,0.961949
1,0.15,10,0,refused,27730,-4.203795,0.917319
1,0.15,10,1,complied,30634,8.498942,0.813962
1,0.15,10,1,refused,27730,8.390756,0.749963
1,0.15,10,2,complied,30634,9.788039,0.915851
1,0.15,10,2,refused,27730,9.686716,0.79658
1,0.15,10,3,complied,30634,-12.967134,1.164349
1,0.15,10,3,refused,27730,-12.909066,1.055819
1,0.15,10,4,complied,30634,4.905232,0.554106
1,0.15,10,4,refused,27730,4.938547,0.535901
1,0.15,11,0,complied,30634,-4.686971,0.995146
1,0.15,11,0,refused,27730,-4.619849,0.939169
1,0.15,11,1,complied,30634,9.247887,0.889675
1,0.15,11,1,refused,27730,9.125734,0.876774
1,0.15,11,2,complied,30634,10.766478,0.91835
1,0.15,11,2,refused,27730,10.677987,0.830109
1,0.15,11,3,complied,30634,-13.882079,1.242624
1,0.15,11,3,refused,27730,-13.807294,1.162371
1,0.15,11,4,complied,30634,5.442276,0.595591
1,0.15,11,4,refused,27730,5.456091,0.601364
1,0.15,12,0,complied,30634,-4.816135,1.021974
1,0.15,12,0,refused,27730,-4.746933,0.976966
1,0.15,12,1,complied,30634,9.199576,0.991154
1,0.15,12,1,refused,27730,9.139929,0.959209
1,0.15,12,2,complied,30634,10.934951,0.952575
1,0.15,12,2,refused,27730,10.928863,0.887078
1,0.15,12,3,complied,30634,-13.628187,1.248061
1,0.15,12,3,refused,27730,-13.630831,1.173257
1,0.15,12,4,complied,30634,5.534295,0.629454
1,0.15,12,4,refused,27730,5.599566,0.638476
1,0.15,13,0,complied,30634,-4.874169,1.109211
1,0.15,13,0,refused,27730,-4.85679,1.074358
1,0.15,13,1,complied,30634,9.498208,1.054126
1,0.15,13,1,refused,27730,9.414502,1.00243
1,0.15,13,2,complied,30634,11.307292,1.055929
1,0.15,13,2,refused,27730,11.318379,0.973455
1,0.15,13,3,complied,30634,-13.637034,1.235042
1,0.15,13,3,refused,27730,-13.55927,1.163243
1,0.15,13,4,complied,30634,5.66715,0.671969
1,0.15,13,4,refused,27730,5.728695,0.672227
1,0.15,14,0,complied,30634,-4.971013,1.119991
1,0.15,14,0,refused,27730,-4.89437,1.096548
1,0.15,14,1,complied,30634,9.584044,1.063451
1,0.15,14,1,refused,27730,9.546544,1.056608
1,0.15,14,2,complied,30634,11.640337,1.012624
1,0.15,14,2,refused,27730,11.655333,0.948049
1,0.15,14,3,complied,30634,-13.766856,1.344776
1,0.15,14,3,refused,27730,-13.671493,1.24641
1,0.15,14,4,complied,30634,5.691593,0.688997
1,0.15,14,4,refused,27730,5.765033,0.695248
1,0.15,15,0,complied,30634,-4.988587,1.139889
1,0.15,15,0,refused,27730,-4.889265,1.120852
1,0.15,15,1,complied,30634,9.859536,1.158097
1,0.15,15,1,refused,27730,9.847984,1.165359
1,0.15,15,2,complied,30634,11.752409,1.079031
1,0.15,15,2,refused,27730,11.864877,1.043091
1,0.15,15,3,complied,30634,-13.538838,1.772385
1,0.15,15,3,refused,27730,-13.593244,1.597999
1,0.15,15,4,complied,30634,5.63342,0.773846
1,0.15,15,4,refused,27730,5.609683,0.741069
1,0.15,16,0,complied,30634,-5.444473,1.252018
1,0.15,16,0,refused,27730,-5.435164,1.227816
1,0.15,16,1,complied,30634,10.453655,1.259301
1,0.15,16,1,refused,27730,10.43809,1.232149
1,0.15,16,2,complied,30634,12.573927,1.064234
1,0.15,16,2,refused,27730,12.636235,1.05932
1,0.15,16,3,complied,30634,-14.225687,1.931443
1,0.15,16,3,refused,27730,-14.257621,1.731115
1,0.15,16,4,complied,30634,5.937831,0.830646
1,0.15,16,4,refused,27730,5.891831,0.786175
1,0.15,17,0,complied,30634,-5.826761,1.353898
1,0.15,17,0,refused,27730,-5.675383,1.323473
1,0.15,17,1,complied,30634,11.172753,1.26838
1,0.15,17,1,refused,27730,11.144353,1.267059
1,0.15,17,2,complied,30634,13.477227,1.11298
1,0.15,17,2,refused,27730,13.634506,1.086345
1,0.15,17,3,complied,30634,-15.278047,1.833294
1,0.15,17,3,refused,27730,-15.352108,1.673502
1,0.15,17,4,complied,30634,6.35849,0.85223
1,0.15,17,4,refused,27730,6.291872,0.812862
1,0.15,18,0,complied,30634,-6.144973,1.514008
1,0.15,18,0,refused,27730,-6.013805,1.465663
1,0.15,18,1,complied,30634,12.46479,1.32353
1,0.15,18,1,refused,27730,12.356387,1.365895
1,0.15,18,2,complied,30634,14.611043,1.219261
1,0.15,18,2,refused,27730,14.830232,1.226982
1,0.15,18,3,complied,30634,-16.708125,2.164101
1,0.15,18,3,refused,27730,-16.915667,2.01532
1,0.15,18,4,complied,30634,7.06939,0.980817
1,0.15,18,4,refused,27730,6.982509,0.906813
1,0.15,19,0,complied,30634,-6.771336,1.695132
1,0.15,19,0,refused,27730,-6.678893,1.621324
1,0.15,19,1,complied,30634,13.378086,1.422064
1,0.15,19,1,refused,27730,13.273328,1.490202
1,0.15,19,2,complied,30634,15.755891,1.323855
1,0.15,19,2,refused,27730,16.005881,1.349583
1,0.15,19,3,complied,30634,-17.544561,2.219438
1,0.15,19,3,refused,27730,-17.648606,2.156051
1,0.15,19,4,complied,30634,7.381663,1.067894
1,0.15,19,4,refused,27730,7.24464,1.009079
1,0.15,20,0,complied,30634,-7.194984,1.974393
1,0.15,20,0,refused,27730,-7.166447,1.88949
1,0.15,20,1,complied,30634,14.003831,1.604228
1,0.15,20,1,refused,27730,13.979456,1.724
1,0.15,20,2,complied,30634,16.81303,1.667323
1,0.15,20,2,refused,27730,17.080452,1.712571
1,0.15,20,3,complied,30634,-18.140728,2.688339
1,0.15,20,3,refused,27730,-18.307612,2.614694
1,0.15,20,4,complied,30634,7.734765,1.214276
1,0.15,20,4,refused,27730,7.648608,1.157826
1,0.15,21,0,complied,30634,-7.420903,2.290505
1,0.15,21,0,refused,27730,-7.427893,2.220705
1,0.15,21,1,complied,30634,13.447105,1.996277
1,0.15,21,1,refused,27730,13.516203,2.171811
1,0.15,21,2,complied,30634,16.554262,2.373178
1,0.15,21,2,refused,27730,16.959392,2.479855
1,0.15,21,3,complied,30634,-17.166428,3.66523
1,0.15,21,3,refused,27730,-17.414336,3.596985
1,0.15,21,4,complied,30634,7.54428,1.603637
1,0.15,21,4,refused,27730,7.431736,1.584131
1,0.15,22,0,complied,30634,-9.757202,2.813817
1,0.15,22,0,refused,27730,-9.419956,2.79899
1,0.15,22,1,complied,30634,17.210497,2.162222
1,0.15,22,1,refused,27730,16.917671,2.314402
1,0.15,22,2,complied,30634,21.208304,2.454213
1,0.15,22,2,refused,27730,21.294213,2.559193
1,0.15,22,3,complied,30634,-22.292338,3.745356
1,0.15,22,3,refused,27730,-21.930319,3.777075
1,0.15,22,4,complied,30634,9.781322,1.608481
1,0.15,22,4,refused,27730,9.474539,1.537865
1,0.15,23,0,complied,30634,-11.512744,3.145453
1,0.15,23,0,refused,27730,-11.126404,3.17036
1,0.15,23,1,complied,30634,20.278232,2.474909
1,0.15,23,1,refused,27730,20.023788,2.644392
1,0.15,23,2,complied,30634,25.129076,2.740948
1,0.15,23,2,refused,27730,25.295785,2.891528
1,0.15,23,3,complied,30634,-25.905911,3.887928
1,0.15,23,3,refused,27730,-25.645719,3.99754
1,0.15,23,4,complied,30634,11.293579,1.732586
1,0.15,23,4,refused,27730,11.034435,1.682433
1,0.15,24,0,complied,30634,-9.994729,3.52824
1,0.15,24,0,refused,27730,-9.837498,3.597629
1,0.15,24,1,complied,30634,18.064364,3.163847
1,0.15,24,1,refused,27730,18.108895,3.478088
1,0.15,24,2,complied,30634,22.389759,3.867539
1,0.15,24,2,refused,27730,22.983069,4.049913
1,0.15,24,3,complied,30634,-22.083867,6.139073
1,0.15,24,3,refused,27730,-22.343899,6.13488
1,0.15,24,4,complied,30634,9.958152,2.226149
1,0.15,24,4,refused,27730,9.905646,2.257618
1,0.15,25,0,complied,30634,-13.399259,3.910634
1,0.15,25,0,refused,27730,-13.027867,3.874081
1,0.15,25,1,complied,30634,24.339983,3.386482
1,0.15,25,1,refused,27730,23.966495,3.45802
1,0.15,25,2,complied,30634,30.327026,3.749781
1,0.15,25,2,refused,27730,30.605636,3.741893
1,0.15,25,3,complied,30634,-30.693232,5.24503
1,0.15,25,3,refused,27730,-30.358047,5.315421
1,0.15,25,4,complied,30634,13.091342,2.232395
1,0.15,25,4,refused,27730,12.803784,2.204589
1,0.15,26,0,complied,30634,-15.06586,4.392926
1,0.15,26,0,refused,27730,-14.654126,4.434911
1,0.15,26,1,complied,30634,27.04464,4.162685
1,0.15,26,1,refused,27730,26.72941,4.324779
1,0.15,26,2,complied,30634,34.446215,4.81835
1,0.15,26,2,refused,27730,34.643439,4.943729
1,0.15,26,3,complied,30634,-34.183567,7.288269
1,0.15,26,3,refused,27730,-33.942692,7.285768
1,0.15,26,4,complied,30634,14.63571,2.557077
1,0.15,26,4,refused,27730,14.359679,2.561377
1,0.15,27,0,complied,30634,-18.740797,5.186874
1,0.15,27,0,refused,27730,-18.118573,5.212092
1,0.15,27,1,complied,30634,32.675632,5.21943
1,0.15,27,1,refused,27730,32.236205,5.370163
1,0.15,27,2,complied,30634,41.763311,5.801004
1,0.15,27,2,refused,27730,41.950323,5.951652
1,0.15,27,3,complied,30634,-41.684361,8.75974
1,0.15,27,3,refused,27730,-41.438752,8.819298
1,0.15,27,4,complied,30634,17.494187,3.096251
1,0.15,27,4,refused,27730,17.282315,3.097708
1,0.15,28,0,complied,30634,-20.288681,6.199996
1,0.15,28,0,refused,27730,-19.923339,6.285701
1,0.15,28,1,complied,30634,36.218471,6.581073
1,0.15,28,1,refused,27730,36.199479,6.875174
1,0.15,28,2,complied,30634,46.305484,7.411087
1,0.15,28,2,refused,27730,46.945259,7.695781
1,0.15,28,3,complied,30634,-46.018727,11.877756
1,0.15,28,3,refused,27730,-46.272512,11.818614
1,0.15,28,4,complied,30634,19.283727,3.816646
1,0.15,28,4,refused,27730,19.262772,3.791448
1,0.15,29,0,complied,30634,-24.510367,7.337261
1,0.15,29,0,refused,27730,-23.830713,7.50137
1,0.15,29,1,complied,30634,42.996063,7.972127
1,0.15,29,1,refused,27730,42.863766,8.259879
1,0.15,29,2,complied,30634,54.728049,9.266469
1,0.15,29,2,refused,27730,55.433581,9.526787
1,0.15,29,3,complied,30634,-55.205393,13.661961
1,0.15,29,3,refused,27730,-54.694975,13.856773
1,0.15,29,4,complied,30634,22.631398,4.676709
1,0.15,29,4,refused,27730,22.19909,4.693251
1,0.15,30,0,complied,30634,-28.683566,8.29621
1,0.15,30,0,refused,27730,-28.103611,8.297056
1,0.15,30,1,complied,30634,52.010812,9.484682
1,0.15,30,1,refused,27730,52.43275,9.546981
1,0.15,30,2,complied,30634,66.417756,11.440206
1,0.15,30,2,refused,27730,67.797011,11.470826
1,0.15,30,3,complied,30634,-66.728825,15.460708
1,0.15,30,3,refused,27730,-66.6311,15.501961
1,0.15,30,4,complied,30634,27.436686,5.491412
1,0.15,30,4,refused,27730,27.123208,5.419315
1,0.15,31,0,complied,30634,-34.106571,9.643263
1,0.15,31,0,refused,27730,-33.208953,9.660033
1,0.15,31,1,complied,30634,61.66383,11.441509
1,0.15,31,1,refused,27730,62.061644,11.461533
1,0.15,31,2,complied,30634,78.933494,13.472171
1,0.15,31,2,refused,27730,80.63504,13.525655
1,0.15,31,3,complied,30634,-80.100098,17.867896
1,0.15,31,3,refused,27730,-79.882137,17.978505
1,0.15,31,4,complied,30634,33.177404,6.62793
1,0.15,31,4,refused,27730,32.679097,6.435754
1,0.15,32,0,complied,30634,-38.964657,10.683325
1,0.15,32,0,refused,27730,-37.859612,10.71115
1,0.15,32,1,complied,30634,73.931198,13.175356
1,0.15,32,1,refused,27730,73.728127,13.45096
1,0.15,32,2,complied,30634,93.345043,14.884349
1,0.15,32,2,refused,27730,94.762708,15.096377
1,0.15,32,3,complied,30634,-96.284678,20.244004
1,0.15,32,3,refused,27730,-95.020164,20.778474
1,0.15,32,4,complied,30634,39.278592,7.688524
1,0.15,32,4,refused,27730,38.115947,7.498074
1,0.15,33,0,complied,30634,-46.712975,11.818673
1,0.15,33,0,refused,27730,-44.996968,12.050462
1,0.15,33,1,complied,30634,88.464364,14.75866
1,0.15,33,1,refused,27730,87.64939,15.348814
1,0.15,33,2,complied,30634,111.309025,16.389255
1,0.15,33,2,refused,27730,112.035077,17.19086
1,0.15,33,3,complied,30634,-115.762704,22.253322
1,0.15,33,3,refused,27730,-113.786698,23.585753
1,0.15,33,4,complied,30634,47.312751,8.757639
1,0.15,33,4,refused,27730,45.857165,8.580767
1,0.15,34,0,complied,30634,-53.895496,13.155273
1,0.15,34,0,refused,27730,-51.36733,13.645757
1,0.15,34,1,complied,30634,102.051122,17.094953
1,0.15,34,1,refused,27730,100.260399,18.223667
1,0.15,34,2,complied,30634,127.294334,19.197902
1,0.15,34,2,refused,27730,127.038476,20.527938
1,0.15,34,3,complied,30634,-133.80551,26.691024
1,0.15,34,3,refused,27730,-130.81816,28.579281
1,0.15,34,4,complied,30634,55.149675,10.337001
1,0.15,34,4,refused,27730,53.23453,10.257937
1,0.15,35,0,complied,30634,-61.950331,13.956928
1,0.15,35,0,refused,27730,-59.399823,14.365353
1,0.15,35,1,complied,30634,117.042147,18.502953
1,0.15,35,1,refused,27730,115.25738,19.316458
1,0.15,35,2,complied,30634,145.30809,21.394005
1,0.15,35,2,refused,27730,145.079991,22.678989
1,0.15,35,3,complied,30634,-153.955109,29.04799
1,0.15,35,3,refused,27730,-150.966071,30.904239
1,0.15,35,4,complied,30634,62.394553,11.773026
1,0.15,35,4,refused,27730,60.335796,11.444791
1,0.15,36,0,complied,30634,-77.389753,16.172297
1,0.15,36,0,refused,27730,-73.62196,16.489561
1,0.15,36,1,complied,30634,142.418529,22.946944
1,0.15,36,1,refused,27730,139.193502,23.966114
1,0.15,36,2,complied,30634,173.43735,25.578705
1,0.15,36,2,refused,27730,171.388604,27.251624
1,0.15,36,3,complied,30634,-190.752841,34.920517
1,0.15,36,3,refused,27730,-184.80181,37.646951
1,0.15,36,4,complied,30634,77.701971,14.31007
1,0.15,36,4,refused,27730,74.452968,13.910929
1,0.15,37,0,complied,30634,-90.533065,18.481476
1,0.15,37,0,refused,27730,-86.181935,19.036922
1,0.15,37,1,complied,30634,166.101985,27.000506
1,0.15,37,1,refused,27730,161.731144,28.429317
1,0.15,37,2,complied,30634,199.051933,28.790356
1,0.15,37,2,refused,27730,195.811818,30.928746
1,0.15,37,3,complied,30634,-221.655482,40.007636
1,0.15,37,3,refused,27730,-213.698848,44.241234
1,0.15,37,4,complied,30634,89.178696,15.592341
1,0.15,37,4,refused,27730,86.010936,15.541182
1,0.15,38,0,complied,30634,-109.018521,21.871954
1,0.15,38,0,refused,27730,-103.889993,22.004555
1,0.15,38,1,complied,30634,206.838051,34.768041
1,0.15,38,1,refused,27730,201.636933,36.155358
1,0.15,38,2,complied,30634,239.826457,35.593926
1,0.15,38,2,refused,27730,235.846482,37.347448
1,0.15,38,3,complied,30634,-273.700463,49.289193
1,0.15,38,3,refused,27730,-264.029622,53.902027
1,0.15,38,4,complied,30634,107.650775,20.378727
1,0.15,38,4,refused,27730,103.27367,19.748616
1,0.15,39,0,complied,30634,-153.047496,27.235458
1,0.15,39,0,refused,27730,-147.914273,27.238672
1,0.15,39,1,complied,30634,293.017984,49.212987
1,0.15,39,1,refused,27730,287.25575,51.314644
1,0.15,39,2,complied,30634,324.640953,53.810123
1,0.15,39,2,refused,27730,320.093024,56.898248
1,0.15,39,3,complied,30634,-381.40032,69.840887
1,0.15,39,3,refused,27730,-371.543046,75.9653
1,0.15,39,4,complied,30634,145.289856,27.411126
1,0.15,39,4,refused,27730,140.657215,26.733053
2,0.25,0,0,complied,30638,-0.011254,0.043659
2,0.25,0,0,refused,27730,-0.015675,0.048991
2,0.25,0,1,complied,30638,0.037003,0.065198
2,0.25,0,1,refused,27730,0.046812,0.073802
2,0.25,0,2,complied,30638,0.033264,0.053544
2,0.25,0,2,refused,27730,0.043127,0.059252
2,0.25,0,3,complied,30638,-0.041455,0.063564
2,0.25,0,3,refused,27730,-0.051305,0.071937
2,0.25,0,4,complied,30638,0.018183,0.028823
2,0.25,0,4,refused,27730,0.020614,0.031087
2,0.25,1,0,complied,30638,-0.774097,0.269648
2,0.25,1,0,refused,27730,-0.820825,0.265618
2,0.25,1,1,complied,30638,1.315655,0.395439
2,0.25,1,1,refused,27730,1.38116,0.39546
2,0.25,1,2,complied,30638,1.188228,0.370533
2,0.25,1,2,refused,27730,1.251807,0.375015
2,0.25,1,3,complied,30638,-2.639327,0.478606
2,0.25,1,3,refused,27730,-2.718364,0.448458
2,0.25,1,4,complied,30638,0.695234,0.204356
2,0.25,1,4,refused,27730,0.714498,0.199444
2,0.25,2,0,complied,30638,-1.084983,0.441931
2,0.25,2,0,refused,27730,-1.169667,0.435785
2,0.25,2,1,complied,30638,1.865853,0.567482
2,0.25,2,1,refused,27730,1.937791,0.555342
2,0.25,2,2,complied,30638,1.806937,0.569798
2,0.25,2,2,refused,27730,1.874313,0.560614
2,0.25,2,3,complied,30638,-3.869493,0.805444
2,0.25,2,3,refused,27730,-3.982637,0.765837
2,0.25,2,4,complied,30638,1.029586,0.322654
2,0.25,2,4,refused,27730,1.057656,0.311725
2,0.25,3,0,complied,30638,-1.291106,0.509992
2,0.25,3,0,refused,27730,-1.385549,0.497627
2,0.25,3,1,complied,30638,2.215237,0.644169
2,0.25,3,1,refused,27730,2.289541,0.627861
2,0.25,3,2,complied,30638,2.156439,0.669931
2,0.25,3,2,refused,27730,2.234633,0.65942
2,0.25,3,3,complied,30638,-4.545989,0.942398
2,0.25,3,3,refused,27730,-4.66366,0.886618
2,0.25,3,4,complied,30638,1.220487,0.383837
2,0.25,3,4,refused,27730,1.257404,0.370112
2,0.25,4,0,complied,30638,-1.407928,0.561764
2,0.25,4,0,refused,27730,-1.497475,0.542226
2,0.25,4,1,complied,30638,2.548078,0.6655
2,0.25,4,1,refused,27730,2.616204,0.642811
2,0.25,4,2,complied,30638,2.557051,0.705628
2,0.25,4,2,refused,27730,2.626102,0.686444
2,0.25,4,3,complied,30638,-5.151222,1.001526
2,0.25,4,3,refused,27730,-5.267524,0.921173
2,0.25,4,4,complied,30638,1.368874,0.418708
2,0.25,4,4,refused,27730,1.416593,0.401452
2,0.25,5,0,complied,30638,-1.881476,0.600756
2,0.25,5,0,refused,27730,-1.949335,0.574805
2,0.25,5,1,complied,30638,3.362592,0.664506
2,0.25,5,1,refused,27730,3.412853,0.642097
2,0.25,5,2,complied,30638,3.529007,0.698635
2,0.25,5,2,refused,27730,3.574865,0.681832
2,0.25,5,3,complied,30638,-6.633086,1.017275
2,0.25,5,3,refused,27730,-6.734687,0.941212
2,0.25,5,4,complied,30638,1.802363,0.449016
2,0.25,5,4,refused,27730,1.846768,0.424978
2,0.25,6,0,complied,30638,-2.232574,0.663916
2,0.25,6,0,refused,27730,-2.295822,0.622241
2,0.25,6,1,complied,30638,3.938043,0.664673
2,0.25,6,1,refused,27730,3.967728,0.636957
2,0.25,6,2,complied,30638,4.242704,0.711303
2,0.25,6,2,refused,27730,4.236546,0.685233
2,0.25,6,3,complied,30638,-7.470608,1.027415
2,0.25,6,3,refused,27730,-7.542391,0.940961
2,0.25,6,4,complied,30638,2.044344,0.497094
2,0.25,6,4,refused,27730,2.094247,0.465256
2,0.25,7,0,complied,30638,-2.559595,0.679631
2,0.25,7,0,refused,27730,-2.574631,0.621781
2,0.25,7,1,complied,30638,4.851565,0.626641
2,0.25,7,1,refused,27730,4.826058,0.583466
2,0.25,7,2,complied,30638,5.212438,0.651221
2,0.25,7,2,refused,27730,5.142724,0.599543
2,0.25,7,3,complied,30638,-8.572845,0.886344
2,0.25,7,3,refused,27730,-8.607821,0.790997
2,0.25,7,4,complied,30638,2.401312,0.486545
2,0.25,7,4,refused,27730,2.422099,0.442509
2,0.25,8,0,complied,30638,-3.139567,0.741108
2,0.25,8,0,refused,27730,-3.083641,0.681657
2,0.25,8,1,complied,30638,6.123986,0.658169
2,0.25,8,1,refused,27730,6.069524,0.595321
2,0.25,8,2,complied,30638,6.800216,0.729745
2,0.25,8,2,refused,27730,6.706681,0.647062
2,0.25,8,3,complied,30638,-10.113086,0.871188
2,0.25,8,3,refused,27730,-10.114082,0.773945
2,0.25,8,4,complied,30638,3.371201,0.498691
2,0.25,8,4,refused,27730,3.3872,0.449992
2,0.25,9,0,complied,30638,-3.708259,0.835921
2,0.25,9,0,refused,27730,-3.595602,0.775902
2,0.25,9,1,complied,30638,7.209274,0.693796
2,0.25,9,1,refused,27730,7.130271,0.626588
2,0.25,9,2,complied,30638,8.188948,0.716983
2,0.25,9,2,refused,27730,8.021623,0.638987
2,0.25,9,3,complied,30638,-11.430467,0.984796
2,0.25,9,3,refused,27730,-11.388469,0.88242
2,0.25,9,4,complied,30638,4.174208,0.526424
2,0.25,9,4,refused,27730,4.185343,0.472781
2,0.25,10,0,complied,30638,-4.247982,0.921962
2,0.25,10,0,refused,27730,-4.178967,0.847617
2,0.25,10,1,complied,30638,8.49757,0.792753
2,0.25,10,1,refused,27730,8.360046,0.724467
2,0.25,10,2,complied,30638,9.789743,0.893864
2,0.25,10,2,refused,27730,9.666271,0.780966
2,0.25,10,3,complied,30638,-12.909902,1.13785
2,0.25,10,3,refused,27730,-12.790064,1.014671
2,0.25,10,4,complied,30638,4.914385,0.545191
2,0.25,10,4,refused,27730,4.928602,0.498393
2,0.25,11,0,complied,30638,-4.647349,0.957569
2,0.25,11,0,refused,27730,-4.607428,0.878194
2,0.25,11,1,complied,30638,9.238272,0.866443
2,0.25,11,1,refused,27730,9.097946,0.845024
2,0.25,11,2,complied,30638,10.743313,0.903513
2,0.25,11,2,refused,27730,10.625619,0.811094
2,0.25,11,3,complied,30638,-13.816324,1.226516
2,0.25,11,3,refused,27730,-13.689937,1.121175
2,0.25,11,4,complied,30638,5.454116,0.574675
2,0.25,11,4,refused,27730,5.450819,0.550821
2,0.25,12,0,complied,30638,-4.771734,0.989805
2,0.25,12,0,refused,27730,-4.755467,0.913275
2,0.25,12,1,complied,30638,9.208065,0.96187
2,0.25,12,1,refused,27730,9.129614,0.92262
2,0.25,12,2,complied,30638,10.944068,0.934671
2,0.25,12,2,refused,27730,10.926083,0.866982
2,0.25,12,3,complied,30638,-13.612346,1.208581
2,0.25,12,3,refused,27730,-13.571782,1.109276
2,0.25,12,4,complied,30638,5.554517,0.60502
2,0.25,12,4,refused,27730,5.594977,0.589733
2,0.25,13,0,complied,30638,-4.844255,1.078272
2,0.25,13,0,refused,27730,-4.907462,1.003324
2,0.25,13,1,complied,30638,9.506115,1.018054
2,0.25,13,1,refused,27730,9.423065,0.953142
2,0.25,13,2,complied,30638,11.335155,1.024503
2,0.25,13,2,refused,27730,11.346117,0.942126
2,0.25,13,3,complied,30638,-13.654481,1.184724
2,0.25,13,3,refused,27730,-13.554991,1.077057
2,0.25,13,4,complied,30638,5.692887,0.644717
2,0.25,13,4,refused,27730,5.732834,0.618806
2,0.25,14,0,complied,30638,-4.940799,1.084491
2,0.25,14,0,refused,27730,-4.947614,1.024562
2,0.25,14,1,complied,30638,9.540682,1.040549
2,0.25,14,1,refused,27730,9.495438,1.002102
2,0.25,14,2,complied,30638,11.643349,0.993148
2,0.25,14,2,refused,27730,11.659175,0.922916
2,0.25,14,3,complied,30638,-13.762429,1.301808
2,0.25,14,3,refused,27730,-13.66524,1.168753
2,0.25,14,4,complied,30638,5.702003,0.663532
2,0.25,14,4,refused,27730,5.745791,0.639391
2,0.25,15,0,complied,30638,-4.946966,1.10335
2,0.25,15,0,refused,27730,-4.925584,1.0588
2,0.25,15,1,complied,30638,9.805737,1.126446
2,0.25,15,1,refused,27730,9.797997,1.106812
2,0.25,15,2,complied,30638,11.702199,1.053097
2,0.25,15,2,refused,27730,11.785099,1.003268
2,0.25,15,3,complied,30638,-13.458947,1.692069
2,0.25,15,3,refused,27730,-13.495064,1.511625
2,0.25,15,4,complied,30638,5.667056,0.740758
2,0.25,15,4,refused,27730,5.624663,0.708307
2,0.25,16,0,complied,30638,-5.384643,1.219451
2,0.25,16,0,refused,27730,-5.457789,1.152543
2,0.25,16,1,complied,30638,10.362346,1.233396
2,0.25,16,1,refused,27730,10.381044,1.171439
2,0.25,16,2,complied,30638,12.519853,1.056885
2,0.25,16,2,refused,27730,12.610179,1.021621
2,0.25,16,3,complied,30638,-14.146844,1.870588
2,0.25,16,3,refused,27730,-14.192884,1.663063
2,0.25,16,4,complied,30638,5.970154,0.796104
2,0.25,16,4,refused,27730,5.940248,0.744775
2,0.25,17,0,complied,30638,-5.729949,1.294961
2,0.25,17,0,refused,27730,-5.710188,1.216944
2,0.25,17,1,complied,30638,11.025169,1.236509
2,0.25,17,1,refused,27730,11.059652,1.194161
2,0.25,17,2,complied,30638,13.343145,1.078025
2,0.25,17,2,refused,27730,13.532786,1.019005
2,0.25,17,3,complied,30638,-15.136467,1.764994
2,0.25,17,3,refused,27730,-15.235452,1.578792
2,0.25,17,4,complied,30638,6.399906,0.821046
2,0.25,17,4,refused,27730,6.358231,0.774393
2,0.25,18,0,complied,30638,-6.05827,1.458228
2,0.25,18,0,refused,27730,-6.089055,1.335206
2,0.25,18,1,complied,30638,12.261284,1.279351
2,0.25,18,1,refused,27730,12.247439,1.282619
2,0.25,18,2,complied,30638,14.417218,1.152144
2,0.25,18,2,refused,27730,14.688334,1.140726
2,0.25,18,3,complied,30638,-16.578294,2.084087
2,0.25,18,3,refused,27730,-16.806164,1.893054
2,0.25,18,4,complied,30638,7.101997,0.949316
2,0.25,18,4,refused,27730,7.043747,0.859377
2,0.25,19,0,complied,30638,-6.689963,1.635876
2,0.25,19,0,refused,27730,-6.7992,1.485387
2,0.25,19,1,complied,30638,13.134626,1.379382
2,0.25,19,1,refused,27730,13.134719,1.389206
2,0.25,19,2,complied,30638,15.55988,1.281398
2,0.25,19,2,refused,27730,15.877972,1.2678
2,0.25,19,3,complied,30638,-17.354346,2.152145
2,0.25,19,3,refused,27730,-17.519522,1.999911
2,0.25,19,4,complied,30638,7.420845,1.046015
2,0.25,19,4,refused,27730,7.317386,0.971479
2,0.25,20,0,complied,30638,-7.090794,1.933313
2,0.25,20,0,refused,27730,-7.279931,1.77958
2,0.25,20,1,complied,30638,13.736624,1.577478
2,0.25,20,1,refused,27730,13.799208,1.628672
2,0.25,20,2,complied,30638,16.546111,1.630924
2,0.25,20,2,refused,27730,16.874975,1.647033
2,0.25,20,3,complied,30638,-17.947196,2.596263
2,0.25,20,3,refused,27730,-18.109083,2.432873
2,0.25,20,4,complied,30638,7.752275,1.214373
2,0.25,20,4,refused,27730,7.684466,1.136003
2,0.25,21,0,complied,30638,-7.185415,2.221109
2,0.25,21,0,refused,27730,-7.427831,2.10422
2,0.25,21,1,complied,30638,13.02337,1.945847
2,0.25,21,1,refused,27730,13.134022,2.052404
2,0.25,21,2,complied,30638,16.066698,2.291869
2,0.25,21,2,refused,27730,16.496366,2.374255
2,0.25,21,3,complied,30638,-16.689245,3.593014
2,0.25,21,3,refused,27730,-16.890366,3.389954
2,0.25,21,4,complied,30638,7.477915,1.594117
2,0.25,21,4,refused,27730,7.376357,1.534775
2,0.25,22,0,complied,30638,-9.602995,2.735279
2,0.25,22,0,refused,27730,-9.614361,2.567669
2,0.25,22,1,complied,30638,16.935277,2.102498
2,0.25,22,1,refused,27730,16.77308,2.199633
2,0.25,22,2,complied,30638,20.862249,2.494284
2,0.25,22,2,refused,27730,21.052936,2.541179
2,0.25,22,3,complied,30638,-22.031951,3.768965
2,0.25,22,3,refused,27730,-21.773763,3.657662
2,0.25,22,4,complied,30638,9.796643,1.593736
2,0.25,22,4,refused,27730,9.5814,1.506032
2,0.25,23,0,complied,30638,-11.302623,3.079444
2,0.25,23,0,refused,27730,-11.35122,2.901203
2,0.25,23,1,complied,30638,19.94076,2.432102
2,0.25,23,1,refused,27730,19.842267,2.50788
2,0.25,23,2,complied,30638,24.703728,2.784199
2,0.25,23,2,refused,27730,24.98685,2.832823
2,0.25,23,3,complied,30638,-25.670637,3.894729
2,0.25,23,3,refused,27730,-25.503163,3.809279
2,0.25,23,4,complied,30638,11.30693,1.771678
2,0.25,23,4,refused,27730,11.164708,1.658093
2,0.25,24,0,complied,30638,-9.663175,3.472925
2,0.25,24,0,refused,27730,-9.896201,3.404378
2,0.25,24,1,complied,30638,17.527868,3.10414
2,0.25,24,1,refused,27730,17.601788,3.236167
2,0.25,24,2,complied,30638,21.650886,3.801498
2,0.25,24,2,refused,27730,22.173636,3.877921
2,0.25,24,3,complied,30638,-21.611602,6.002953
2,0.25,24,3,refused,27730,-21.7641,5.746321
2,0.25,24,4,complied,30638,9.923514,2.265148
2,0.25,24,4,refused,27730,9.874498,2.231507
2,0.25,25,0,complied,30638,-13.14602,3.832115
2,0.25,25,0,refused,27730,-13.293278,3.621835
2,0.25,25,1,complied,30638,24.019805,3.290409
2,0.25,25,1,refused,27730,23.812861,3.212389
2,0.25,25,2,complied,30638,29.823104,3.726924
2,0.25,25,2,refused,27730,30.190669,3.681218
2,0.25,25,3,complied,30638,-30.555669,5.197492
2,0.25,25,3,refused,27730,-30.314433,5.077165
2,0.25,25,4,complied,30638,13.196684,2.277172
2,0.25,25,4,refused,27730,13.000156,2.187247
2,0.25,26,0,complied,30638,-14.844113,4.330504
2,0.25,26,0,refused,27730,-14.97325,4.159167
2,0.25,26,1,complied,30638,26.749199,4.037599
2,0.25,26,1,refused,27730,26.603867,3.97489
2,0.25,26,2,complied,30638,33.870446,4.778779
2,0.25,26,2,refused,27730,34.178986,4.762344
2,0.25,26,3,complied,30638,-34.038302,7.213397
2,0.25,26,3,refused,27730,-33.864525,6.928115
2,0.25,26,4,complied,30638,14.727075,2.600181
2,0.25,26,4,refused,27730,14.531837,2.529001
2,0.25,27,0,complied,30638,-18.543934,5.095471
2,0.25,27,0,refused,27730,-18.599238,4.84635
2,0.25,27,1,complied,30638,32.477147,5.087751
2,0.25,27,1,refused,27730,32.29204,4.967352
2,0.25,27,2,complied,30638,41.33208,5.746081
2,0.25,27,2,refused,27730,41.746093,5.721025
2,0.25,27,3,complied,30638,-41.716072,8.694936
2,0.25,27,3,refused,27730,-41.62292,8.432318
2,0.25,27,4,complied,30638,17.716211,3.124604
2,0.25,27,4,refused,27730,17.60418,3.057676
2,0.25,28,0,complied,30638,-20.033084,6.146123
2,0.25,28,0,refused,27730,-20.409893,5.908854
2,0.25,28,1,complied,30638,36.026977,6.441693
2,0.25,28,1,refused,27730,36.287441,6.335749
2,0.25,28,2,complied,30638,45.775633,7.262986
2,0.25,28,2,refused,27730,46.755438,7.107724
2,0.25,28,3,complied,30638,-46.135443,11.78825
2,0.25,28,3,refused,27730,-46.583413,11.271415
2,0.25,28,4,complied,30638,19.598478,3.838256
2,0.25,28,4,refused,27730,19.627125,3.725118
2,0.25,29,0,complied,30638,-24.510713,7.267435
2,0.25,29,0,refused,27730,-24.670667,7.046609
2,0.25,29,1,complied,30638,42.98799,7.777996
2,0.25,29,1,refused,27730,43.15821,7.626655
2,0.25,29,2,complied,30638,54.582497,9.119283
2,0.25,29,2,refused,27730,55.645121,8.960355
2,0.25,29,3,complied,30638,-55.631058,13.612037
2,0.25,29,3,refused,27730,-55.51807,13.279681
2,0.25,29,4,complied,30638,23.122478,4.647837
2,0.25,29,4,refused,27730,22.794628,4.584259
2,0.25,30,0,complied,30638,-28.678217,8.278764
2,0.25,30,0,refused,27730,-29.034983,7.926371
2,0.25,30,1,complied,30638,51.989155,9.337272
2,0.25,30,1,refused,27730,52.776621,9.002866
2,0.25,30,2,complied,30638,66.300439,11.418813
2,0.25,30,2,refused,27730,68.223563,11.004394
2,0.25,30,3,complied,30638,-67.180813,15.536035
2,0.25,30,3,refused,27730,-67.731275,15.093977
2,0.25,30,4,complied,30638,27.939097,5.465589
2,0.25,30,4,refused,27730,27.778115,5.345982
2,0.25,31,0,complied,30638,-34.191651,9.581394
2,0.25,31,0,refused,27730,-34.370131,9.233836
2,0.25,31,1,complied,30638,61.604791,11.25156
2,0.25,31,1,refused,27730,62.439885,10.794997
2,0.25,31,2,complied,30638,78.863237,13.399649
2,0.25,31,2,refused,27730,81.250952,12.978545
2,0.25,31,3,complied,30638,-80.513501,17.880739
2,0.25,31,3,refused,27730,-81.137098,17.461454
2,0.25,31,4,complied,30638,33.564193,6.486165
2,0.25,31,4,refused,27730,33.304781,6.342279
2,0.25,32,0,complied,30638,-39.282079,10.63414
2,0.25,32,0,refused,27730,-39.407976,10.294253
2,0.25,32,1,complied,30638,73.737144,12.974694
2,0.25,32,1,refused,27730,74.03953,12.694142
2,0.25,32,2,complied,30638,93.242213,14.86953
2,0.25,32,2,refused,27730,95.512179,14.58831
2,0.25,32,3,complied,30638,-96.683268,20.252475
2,0.25,32,3,refused,27730,-96.484106,20.02403
2,0.25,32,4,complied,30638,39.659654,7.497604
2,0.25,32,4,refused,27730,38.682963,7.400642
2,0.25,33,0,complied,30638,-46.808964,11.726809
2,0.25,33,0,refused,27730,-46.400132,11.541578
2,0.25,33,1,complied,30638,87.966133,14.579217
2,0.25,33,1,refused,27730,87.805351,14.526268
2,0.25,33,2,complied,30638,110.88823,16.460415
2,0.25,33,2,refused,27730,112.616438,16.642528
2,0.25,33,3,complied,30638,-115.811405,22.282148
2,0.25,33,3,refused,27730,-115.102088,22.613483
2,0.25,33,4,complied,30638,47.461871,8.482854
2,0.25,33,4,refused,27730,46.187623,8.436321
2,0.25,34,0,complied,30638,-53.792385,13.082459
2,0.25,34,0,refused,27730,-52.639949,13.075245
2,0.25,34,1,complied,30638,101.265591,17.027176
2,0.25,34,1,refused,27730,100.142894,17.435264
2,0.25,34,2,complied,30638,126.765178,19.450442
2,0.25,34,2,refused,27730,127.704529,19.927457
2,0.25,34,3,complied,30638,-133.708113,26.932088
2,0.25,34,3,refused,27730,-132.162074,27.675204
2,0.25,34,4,complied,30638,55.185877,10.122229
2,0.25,34,4,refused,27730,53.477133,10.200822
2,0.25,35,0,complied,30638,-61.931898,13.869423
2,0.25,35,0,refused,27730,-60.58794,13.813851
2,0.25,35,1,complied,30638,116.263397,18.38481
2,0.25,35,1,refused,27730,114.951835,18.526905
2,0.25,35,2,complied,30638,144.967596,21.444064
2,0.25,35,2,refused,27730,145.897108,21.810023
2,0.25,35,3,complied,30638,-153.960317,29.221755
2,0.25,35,3,refused,27730,-152.331604,29.942106
2,0.25,35,4,complied,30638,62.506746,11.450105
2,0.25,35,4,refused,27730,60.580396,11.316527
2,0.25,36,0,complied,30638,-77.344758,16.104774
2,0.25,36,0,refused,27730,-75.006446,15.856537
2,0.25,36,1,complied,30638,141.766442,22.908101
2,0.25,36,1,refused,27730,139.47515,23.099554
2,0.25,36,2,complied,30638,173.439832,25.719427
2,0.25,36,2,refused,27730,173.023204,26.298432
2,0.25,36,3,complied,30638,-190.764346,35.106008
2,0.25,36,3,refused,27730,-186.873435,36.41067
2,0.25,36,4,complied,30638,77.855202,14.077194
2,0.25,36,4,refused,27730,74.880019,13.895032
2,0.25,37,0,complied,30638,-90.58974,18.187537
2,0.25,37,0,refused,27730,-87.756677,18.302244
2,0.25,37,1,complied,30638,165.561467,26.577024
2,0.25,37,1,refused,27730,162.306043,27.292952
2,0.25,37,2,complied,30638,199.317953,28.57046
2,0.25,37,2,refused,27730,197.76725,29.723113
2,0.25,37,3,complied,30638,-221.739646,39.693962
2,0.25,37,3,refused,27730,-216.17125,42.788903
2,0.25,37,4,complied,30638,89.278047,15.295954
2,0.25,37,4,refused,27730,86.252114,15.631125
2,0.25,38,0,complied,30638,-108.589886,21.210883
2,0.25,38,0,refused,27730,-105.331166,20.605005
2,0.25,38,1,complied,30638,205.557692,33.647302
2,0.25,38,1,refused,27730,202.37846,34.002304
2,0.25,38,2,complied,30638,239.388704,34.682225
2,0.25,38,2,refused,27730,238.263538,34.865169
2,0.25,38,3,complied,30638,-272.888475,47.850193
2,0.25,38,3,refused,27730,-267.021193,50.778828
2,0.25,38,4,complied,30638,107.025456,19.718409
2,0.25,38,4,refused,27730,103.198183,19.487685
2,0.25,39,0,complied,30638,-152.912286,26.667921
2,0.25,39,0,refused,27730,-150.458132,25.218049
2,0.25,39,1,complied,30638,292.30746,47.564877
2,0.25,39,1,refused,27730,290.157471,46.858694
2,0.25,39,2,complied,30638,325.590434,52.767017
2,0.25,39,2,refused,27730,325.917239,51.37867
2,0.25,39,3,complied,30638,-382.208013,67.834167
2,0.25,39,3,refused,27730,-378.830514,68.92587
2,0.25,39,4,complied,30638,145.250878,26.54518
2,0.25,39,4,refused,27730,141.981339,25.325724
3,0.35,0,0,complied,30632,-0.011791,0.044303
3,0.35,0,0,refused,27731,-0.01526,0.048678
3,0.35,0,1,complied,30632,0.037758,0.066537
3,0.35,0,1,refused,27731,0.046167,0.072924
3,0.35,0,2,complied,30632,0.03413,0.054147
3,0.35,0,2,refused,27731,0.042212,0.05859
3,0.35,0,3,complied,30632,-0.04251,0.064754
3,0.35,0,3,refused,27731,-0.051169,0.071062
3,0.35,0,4,complied,30632,0.018424,0.029005
3,0.35,0,4,refused,27731,0.020505,0.030769
3,0.35,1,0,complied,30632,-0.774989,0.269048
3,0.35,1,0,refused,27731,-0.815821,0.263625
3,0.35,1,1,complied,30632,1.320959,0.397797
3,0.35,1,1,refused,27731,1.381189,0.389638
3,0.35,1,2,complied,30632,1.189487,0.37386
3,0.35,1,2,refused,27731,1.248293,0.370719
3,0.35,1,3,complied,30632,-2.642562,0.475404
3,0.35,1,3,refused,27731,-2.71288,0.443515
3,0.35,1,4,complied,30632,0.69801,0.203345
3,0.35,1,4,refused,27731,0.712686,0.197043
3,0.35,2,0,complied,30632,-1.078998,0.443452
3,0.35,2,0,refused,27731,-1.153643,0.433643
3,0.35,2,1,complied,30632,1.875211,0.573318
3,0.35,2,1,refused,27731,1.939837,0.548795
3,0.35,2,2,complied,30632,1.807423,0.575073
3,0.35,2,2,refused,27731,1.867604,0.55458
3,0.35,2,3,complied,30632,-3.867632,0.809054
3,0.35,2,3,refused,27731,-3.966256,0.758673
3,0.35,2,4,complied,30632,1.035139,0.32398
3,0.35,2,4,refused,27731,1.056183,0.30776
3,0.35,3,0,complied,30632,-1.27857,0.512824
3,0.35,3,0,refused,27731,-1.363294,0.49504
3,0.35,3,1,complied,30632,2.235672,0.651439
3,0.35,3,1,refused,27731,2.299889,0.61661
3,0.35,3,2,complied,30632,2.161473,0.678152
3,0.35,3,2,refused,27731,2.230393,0.649098
3,0.35,3,3,complied,30632,-4.552882,0.948497
3,0.35,3,3,refused,27731,-4.654474,0.874119
3,0.35,3,4,complied,30632,1.229766,0.388342
3,0.35,3,4,refused,27731,1.260117,0.362765
3,0.35,4,0,complied,30632,-1.390496,0.563542
3,0.35,4,0,refused,27731,-1.470286,0.536937
3,0.35,4,1,complied,30632,2.563956,0.6717
3,0.35,4,1,refused,27731,2.624649,0.632785
3,0.35,4,2,complied,30632,2.55682,0.710449
3,0.35,4,2,refused,27731,2.621051,0.674229
3,0.35,4,3,complied,30632,-5.15043,1.001573
3,0.35,4,3,refused,27731,-5.257503,0.909416
3,0.35,4,4,complied,30632,1.379069,0.422134
3,0.35,4,4,refused,27731,1.421157,0.393247
3,0.35,5,0,complied,30632,-1.855158,0.601058
3,0.35,5,0,refused,27731,-1.917741,0.568553
3,0.35,5,1,complied,30632,3.37233,0.668849
3,0.35,5,1,refused,27731,3.416975,0.631411
3,0.35,5,2,complied,30632,3.523603,0.702445
3,0.35,5,2,refused,27731,3.570169,0.666112
3,0.35,5,3,complied,30632,-6.631897,1.014436
3,0.35,5,3,refused,27731,-6.726607,0.9265
3,0.35,5,4,complied,30632,1.806948,0.452917
3,0.35,5,4,refused,27731,1.847423,0.41563
3,0.35,6,0,complied,30632,-2.195067,0.666855
3,0.35,6,0,refused,27731,-2.257389,0.614665
3,0.35,6,1,complied,30632,3.949271,0.666254
3,0.35,6,1,refused,27731,3.97374,0.628463
3,0.35,6,2,complied,30632,4.231784,0.715934
3,0.35,6,2,refused,27731,4.233677,0.668749
3,0.35,6,3,complied,30632,-7.471373,1.019004
3,0.35,6,3,refused,27731,-7.541733,0.922427
3,0.35,6,4,complied,30632,2.048848,0.49606
3,0.35,6,4,refused,27731,2.098838,0.453853
3,0.35,7,0,complied,30632,-2.511332,0.679587
3,0.35,7,0,refused,27731,-2.532123,0.613582
3,0.35,7,1,complied,30632,4.858288,0.619177
3,0.35,7,1,refused,27731,4.831288,0.590726
3,0.35,7,2,complied,30632,5.198648,0.645405
3,0.35,7,2,refused,27731,5.144631,0.593724
3,0.35,7,3,complied,30632,-8.579412,0.867476
3,0.35,7,3,refused,27731,-8.628005,0.775773
3,0.35,7,4,complied,30632,2.409096,0.475597
3,0.35,7,4,refused,27731,2.429108,0.431187
3,0.35,8,0,complied,30632,-3.080889,0.736531
3,0.35,8,0,refused,27731,-3.028662,0.667684
3,0.35,8,1,complied,30632,6.118521,0.649766
3,0.35,8,1,refused,27731,6.052515,0.595803
3,0.35,8,2,complied,30632,6.782453,0.726973
3,0.35,8,2,refused,27731,6.692159,0.634655
3,0.35,8,3,complied,30632,-10.106609,0.864676
3,0.35,8,3,refused,27731,-10.108961,0.759537
3,0.35,8,4,complied,30632,3.373147,0.492215
3,0.35,8,4,refused,27731,3.384875,0.440665
3,0.35,9,0,complied,30632,-3.647772,0.82456
3,0.35,9,0,refused,27731,-3.543374,0.764849
3,0.35,9,1,complied,30632,7.195978,0.683811
3,0.35,9,1,refused,27731,7.108344,0.627446
3,0.35,9,2,complied,30632,8.163251,0.709459
3,0.35,9,2,refused,27731,8.00737,0.628896
3,0.35,9,3,complied,30632,-11.411394,0.976886
3,0.35,9,3,refused,27731,-11.375855,0.869578
3,0.35,9,4,complied,30632,4.181869,0.518102
3,0.35,9,4,refused,27731,4.18842,0.46029
3,0.35,10,0,complied,30632,-4.174772,0.919768
3,0.35,10,0,refused,27731,-4.117619,0.840746
3,0.35,10,1,complied,30632,8.484371,0.783876
3,0.35,10,1,refused,27731,8.341538,0.720833
3,0.35,10,2,complied,30632,9.760774,0.889983
3,0.35,10,2,refused,27731,9.649714,0.775755
3,0.35,10,3,complied,30632,-12.879565,1.124059
3,0.35,10,3,refused,27731,-12.774394,1.010671
3,0.35,10,4,complied,30632,4.919166,0.542268
3,0.35,10,4,refused,27731,4.932789,0.488354
3,0.35,11,0,complied,30632,-4.571734,0.961044
3,0.35,11,0,refused,27731,-4.540234,0.870564
3,0.35,11,1,complied,30632,9.231862,0.861786
3,0.35,11,1,refused,27731,9.086558,0.838272
3,0.35,11,2,complied,30632,10.698756,0.902539
3,0.35,11,2,refused,27731,10.590478,0.809325
3,0.35,11,3,complied,30632,-13.786331,1.224114
3,0.35,11,3,refused,27731,-13.675294,1.118396
3,0.35,11,4,complied,30632,5.461258,0.571605
3,0.35,11,4,refused,27731,5.456607,0.539541
3,0.35,12,0,complied,30632,-4.700085,0.993476
3,0.35,12,0,refused,27731,-4.695987,0.900008
3,0.35,12,1,complied,30632,9.214609,0.960068
3,0.35,12,1,refused,27731,9.115673,0.916265
3,0.35,12,2,complied,30632,10.907289,0.933906
3,0.35,12,2,refused,27731,10.90558,0.868996
3,0.35,12,3,complied,30632,-13.607107,1.209846
3,0.35,12,3,refused,27731,-13.576942,1.107078
3,0.35,12,4,complied,30632,5.560962,0.608263
3,0.35,12,4,refused,27731,5.605681,0.581863
3,0.35,13,0,complied,30632,-4.77782,1.0745
3,0.35,13,0,refused,27731,-4.8644,0.986692
3,0.35,13,1,complied,30632,9.502759,1.005827
3,0.35,13,1,refused,27731,9.398329,0.937434
3,0.35,13,2,complied,30632,11.304606,1.021917
3,0.35,13,2,refused,27731,11.327221,0.937096
3,0.35,13,3,complied,30632,-13.635056,1.162975
3,0.35,13,3,refused,27731,-13.553696,1.058664
3,0.35,13,4,complied,30632,5.705056,0.647093
3,0.35,13,4,refused,27731,5.744637,0.607968
3,0.35,14,0,complied,30632,-4.870018,1.081057
3,0.35,14,0,refused,27731,-4.900796,1.01078
3,0.35,14,1,complied,30632,9.536817,1.032468
3,0.35,14,1,refused,27731,9.458886,0.995319
3,0.35,14,2,complied,30632,11.607929,0.993467
3,0.35,14,2,refused,27731,11.623899,0.913019
3,0.35,14,3,complied,30632,-13.752335,1.303782
3,0.35,14,3,refused,27731,-13.672533,1.153528
3,0.35,14,4,complied,30632,5.715575,0.663087
3,0.35,14,4,refused,27731,5.752836,0.638217
3,0.35,15,0,complied,30632,-4.856936,1.100121
3,0.35,15,0,refused,27731,-4.867212,1.041264
3,0.35,15,1,complied,30632,9.821969,1.120694
3,0.35,15,1,refused,27731,9.772088,1.098396
3,0.35,15,2,complied,30632,11.684575,1.052787
3,0.35,15,2,refused,27731,11.743264,0.999397
3,0.35,15,3,complied,30632,-13.460778,1.702146
3,0.35,15,3,refused,27731,-13.470604,1.484217
3,0.35,15,4,complied,30632,5.695268,0.730608
3,0.35,15,4,refused,27731,5.65208,0.696675
3,0.35,16,0,complied,30632,-5.300821,1.207485
3,0.35,16,0,refused,27731,-5.386671,1.137415
3,0.35,16,1,complied,30632,10.362451,1.214563
3,0.35,16,1,refused,27731,10.345298,1.166025
3,0.35,16,2,complied,30632,12.498009,1.060632
3,0.35,16,2,refused,27731,12.567007,1.030362
3,0.35,16,3,complied,30632,-14.159745,1.887532
3,0.35,16,3,refused,27731,-14.195379,1.650219
3,0.35,16,4,complied,30632,6.008228,0.779942
3,0.35,16,4,refused,27731,5.981226,0.728391
3,0.35,17,0,complied,30632,-5.657824,1.284068
3,0.35,17,0,refused,27731,-5.644992,1.192782
3,0.35,17,1,complied,30632,11.016887,1.215989
3,0.35,17,1,refused,27731,10.995973,1.192377
3,0.35,17,2,complied,30632,13.286021,1.051267
3,0.35,17,2,refused,27731,13.436942,1.011341
3,0.35,17,3,complied,30632,-15.103268,1.743764
3,0.35,17,3,refused,27731,-15.201286,1.550463
3,0.35,17,4,complied,30632,6.458965,0.806771
3,0.35,17,4,refused,27731,6.417444,0.753841
3,0.35,18,0,complied,30632,-5.989223,1.438482
3,0.35,18,0,refused,27731,-6.032566,1.31298
3,0.35,18,1,complied,30632,12.245772,1.272995
3,0.35,18,1,refused,27731,12.175204,1.282113
3,0.35,18,2,complied,30632,14.342938,1.129115
3,0.35,18,2,refused,27731,14.568392,1.136249
3,0.35,18,3,complied,30632,-16.592385,2.063262
3,0.35,18,3,refused,27731,-16.815622,1.856436
3,0.35,18,4,complied,30632,7.142963,0.922692
3,0.35,18,4,refused,27731,7.086962,0.828779
3,0.35,19,0,complied,30632,-6.616209,1.6092
3,0.35,19,0,refused,27731,-6.755165,1.451616
3,0.35,19,1,complied,30632,13.069086,1.36386
3,0.35,19,1,refused,27731,13.047747,1.383324
3,0.35,19,2,complied,30632,15.462533,1.252407
3,0.35,19,2,refused,27731,15.769658,1.271768
3,0.35,19,3,complied,30632,-17.337839,2.146381
3,0.35,19,3,refused,27731,-17.545019,1.956763
3,0.35,19,4,complied,30632,7.473565,1.013184
3,0.35,19,4,refused,27731,7.391147,0.941331
3,0.35,20,0,complied,30632,-7.024206,1.910718
3,0.35,20,0,refused,27731,-7.243104,1.751395
3,0.35,20,1,complied,30632,13.690511,1.574061
3,0.35,20,1,refused,27731,13.709644,1.615181
3,0.35,20,2,complied,30632,16.466828,1.607366
3,0.35,20,2,refused,27731,16.756012,1.632019
3,0.35,20,3,complied,30632,-17.994784,2.570391
3,0.35,20,3,refused,27731,-18.174114,2.372804
3,0.35,20,4,complied,30632,7.81159,1.186524
3,0.35,20,4,refused,27731,7.756301,1.116654
3,0.35,21,0,complied,30632,-6.996996,2.174792
3,0.35,21,0,refused,27731,-7.313657,2.073568
3,0.35,21,1,complied,30632,12.827132,1.963605
3,0.35,21,1,refused,27731,12.935726,2.04107
3,0.35,21,2,complied,30632,15.778994,2.281561
3,0.35,21,2,refused,27731,16.210974,2.359376
3,0.35,21,3,complied,30632,-16.513091,3.670894
3,0.35,21,3,refused,27731,-16.771701,3.404216
3,0.35,21,4,complied,30632,7.436038,1.526416
3,0.35,21,4,refused,27731,7.364145,1.482369
3,0.35,22,0,complied,30632,-9.450303,2.629882
3,0.35,22,0,refused,27731,-9.55868,2.50417
3,0.35,22,1,complied,30632,16.881877,2.107138
3,0.35,22,1,refused,27731,16.724895,2.176525
3,0.35,22,2,complied,30632,20.725081,2.396767
3,0.35,22,2,refused,27731,20.882882,2.507115
3,0.35,22,3,complied,30632,-22.075231,3.711303
3,0.35,22,3,refused,27731,-21.838591,3.623983
3,0.35,22,4,complied,30632,9.843365,1.537447
3,0.35,22,4,refused,27731,9.660927,1.485001
3,0.35,23,0,complied,30632,-11.108813,2.991743
3,0.35,23,0,refused,27731,-11.273411,2.844857
3,0.35,23,1,complied,30632,19.83018,2.44244
3,0.35,23,1,refused,27731,19.734435,2.465602
3,0.35,23,2,complied,30632,24.494939,2.691997
3,0.35,23,2,refused,27731,24.747227,2.798905
3,0.35,23,3,complied,30632,-25.697183,3.825436
3,0.35,23,3,refused,27731,-25.567713,3.727665
3,0.35,23,4,complied,30632,11.346051,1.737288
3,0.35,23,4,refused,27731,11.228779,1.641924
3,0.35,24,0,complied,30632,-9.402645,3.398083
3,0.35,24,0,refused,27731,-9.741236,3.37402
3,0.35,24,1,complied,30632,17.253464,3.105926
3,0.35,24,1,refused,27731,17.294854,3.245038
3,0.35,24,2,complied,30632,21.257957,3.735651
3,0.35,24,2,refused,27731,21.669828,3.885527
3,0.35,24,3,complied,30632,-21.533771,6.019006
3,0.35,24,3,refused,27731,-21.666691,5.734406
3,0.35,24,4,complied,30632,9.895293,2.233538
3,0.35,24,4,refused,27731,9.865145,2.219657
3,0.35,25,0,complied,30632,-12.94731,3.738205
3,0.35,25,0,refused,27731,-13.236913,3.615533
3,0.35,25,1,complied,30632,23.887794,3.296285
3,0.35,25,1,refused,27731,23.756985,3.214295
3,0.35,25,2,complied,30632,29.551259,3.651111
3,0.35,25,2,refused,27731,29.897326,3.686602
3,0.35,25,3,complied,30632,-30.712347,5.100329
3,0.35,25,3,refused,27731,-30.543447,5.012493
3,0.35,25,4,complied,30632,13.237584,2.25955
3,0.35,25,4,refused,27731,13.107938,2.223136
3,0.35,26,0,complied,30632,-14.614103,4.214444
3,0.35,26,0,refused,27731,-14.905453,4.111647
3,0.35,26,1,complied,30632,26.641574,4.029363
3,0.35,26,1,refused,27731,26.48346,3.933391
3,0.35,26,2,complied,30632,33.570492,4.741843
3,0.35,26,2,refused,27731,33.838218,4.74649
3,0.35,26,3,complied,30632,-34.247172,7.067688
3,0.35,26,3,refused,27731,-34.040167,6.777666
3,0.35,26,4,complied,30632,14.783275,2.546325
3,0.35,26,4,refused,27731,14.622788,2.561942
3,0.35,27,0,complied,30632,-18.335466,4.929884
3,0.35,27,0,refused,27731,-18.532433,4.766004
3,0.35,27,1,complied,30632,32.450122,5.080646
3,0.35,27,1,refused,27731,32.234188,4.934424
3,0.35,27,2,complied,30632,41.183833,5.674138
3,0.35,27,2,refused,27731,41.519842,5.697862
3,0.35,27,3,complied,30632,-42.109535,8.515323
3,0.35,27,3,refused,27731,-41.974086,8.280552
3,0.35,27,4,complied,30632,17.843804,3.046678
3,0.35,27,4,refused,27731,17.742036,3.050957
3,0.35,28,0,complied,30632,-19.856035,5.986156
3,0.35,28,0,refused,27731,-20.331996,5.81759
3,0.35,28,1,complied,30632,36.147105,6.355198
3,0.35,28,1,refused,27731,36.264621,6.246409
3,0.35,28,2,complied,30632,45.689092,7.168336
3,0.35,28,2,refused,27731,46.54332,7.032974
3,0.35,28,3,complied,30632,-46.763126,11.533694
3,0.35,28,3,refused,27731,-47.018485,10.991454
3,0.35,28,4,complied,30632,19.777484,3.759724
3,0.35,28,4,refused,27731,19.79965,3.721689
3,0.35,29,0,complied,30632,-24.44435,7.070936
3,0.35,29,0,refused,27731,-24.754565,6.927858
3,0.35,29,1,complied,30632,43.228,7.649997
3,0.35,29,1,refused,27731,43.307553,7.487971
3,0.35,29,2,complied,30632,54.708193,8.946758
3,0.35,29,2,refused,27731,55.684913,8.860828
3,0.35,29,3,complied,30632,-56.503694,13.331194
3,0.35,29,3,refused,27731,-56.232298,13.005964
3,0.35,29,4,complied,30632,23.439687,4.553172
3,0.35,29,4,refused,27731,23.039553,4.618415
3,0.35,30,0,complied,30632,-28.585428,8.104931
3,0.35,30,0,refused,27731,-29.111159,7.877645
3,0.35,30,1,complied,30632,52.209086,9.20986
3,0.35,30,1,refused,27731,52.936487,8.84468
3,0.35,30,2,complied,30632,66.434641,11.270545
3,0.35,30,2,refused,27731,68.308031,10.941703
3,0.35,30,3,complied,30632,-68.075772,15.34835
3,0.35,30,3,refused,27731,-68.491567,14.818007
3,0.35,30,4,complied,30632,28.219225,5.373628
3,0.35,30,4,refused,27731,28.060458,5.332138
3,0.35,31,0,complied,30632,-34.122261,9.37148
3,0.35,31,0,refused,27731,-34.519738,9.156626
3,0.35,31,1,complied,30632,61.848442,11.120353
3,0.35,31,1,refused,27731,62.583659,10.621346
3,0.35,31,2,complied,30632,79.048829,13.217176
3,0.35,31,2,refused,27731,81.298549,12.913428
3,0.35,31,3,complied,30632,-81.510199,17.674858
3,0.35,31,3,refused,27731,-81.830262,17.133281
3,0.35,31,4,complied,30632,33.875864,6.362935
3,0.35,31,4,refused,27731,33.517786,6.319663
3,0.35,32,0,complied,30632,-39.243986,10.461565
3,0.35,32,0,refused,27731,-39.617004,10.181266
3,0.35,32,1,complied,30632,73.897875,12.968476
3,0.35,32,1,refused,27731,74.232121,12.481594
3,0.35,32,2,complied,30632,93.397198,14.730695
3,0.35,32,2,refused,27731,95.618924,14.480219
3,0.35,32,3,complied,30632,-97.617624,20.079779
3,0.35,32,3,refused,27731,-97.334615,19.558606
3,0.35,32,4,complied,30632,39.834936,7.341982
3,0.35,32,4,refused,27731,38.920358,7.321366
3,0.35,33,0,complied,30632,-46.65243,11.529518
3,0.35,33,0,refused,27731,-46.446389,11.339297
3,0.35,33,1,complied,30632,88.081005,14.598898
3,0.35,33,1,refused,27731,87.905901,14.312236
3,0.35,33,2,complied,30632,110.947685,16.349638
3,0.35,33,2,refused,27731,112.630835,16.534472
3,0.35,33,3,complied,30632,-116.681693,22.113882
3,0.35,33,3,refused,27731,-115.863741,22.044773
3,0.35,33,4,complied,30632,47.552505,8.263874
3,0.35,33,4,refused,27731,46.301303,8.315296
3,0.35,34,0,complied,30632,-53.614442,12.905064
3,0.35,34,0,refused,27731,-52.669631,12.865629
3,0.35,34,1,complied,30632,101.434083,17.070001
3,0.35,34,1,refused,27731,100.200825,17.223818
3,0.35,34,2,complied,30632,127.012893,19.361332
3,0.35,34,2,refused,27731,127.922305,19.835153
3,0.35,34,3,complied,30632,-134.716457,26.765955
3,0.35,34,3,refused,27731,-133.063422,27.115096
3,0.35,34,4,complied,30632,55.310124,9.89377
3,0.35,34,4,refused,27731,53.677319,10.104894
3,0.35,35,0,complied,30632,-61.808575,13.640988
3,0.35,35,0,refused,27731,-60.750057,13.553688
3,0.35,35,1,complied,30632,116.47866,18.432905
3,0.35,35,1,refused,27731,115.071046,18.275063
3,0.35,35,2,complied,30632,145.402099,21.256376
3,0.35,35,2,refused,27731,146.31583,21.423096
3,0.35,35,3,complied,30632,-155.079859,28.919795
3,0.35,35,3,refused,27731,-153.423887,29.177106
3,0.35,35,4,complied,30632,62.713259,11.136606
3,0.35,35,4,refused,27731,60.84275,11.061655
3,0.35,36,0,complied,30632,-77.168368,15.886107
3,0.35,36,0,refused,27731,-75.221964,15.483705
3,0.35,36,1,complied,30632,142.017806,22.996953
3,0.35,36,1,refused,27731,139.782154,22.848727
3,0.35,36,2,complied,30632,173.962145,25.631497
3,0.35,36,2,refused,27731,173.618669,25.860308
3,0.35,36,3,complied,30632,-191.781591,34.800374
3,0.35,36,3,refused,27731,-188.070226,35.48798
3,0.35,36,4,complied,30632,78.014252,13.829307
3,0.35,36,4,refused,27731,75.256654,13.662777
3,0.35,37,0,complied,30632,-90.628312,17.813313
3,0.35,37,0,refused,27731,-88.197399,17.757616
3,0.35,37,1,complied,30632,165.950709,26.419986
3,0.35,37,1,refused,27731,162.752576,26.788435
3,0.35,37,2,complied,30632,200.150188,28.162622
3,0.35,37,2,refused,27731,198.600041,29.08794
3,0.35,37,3,complied,30632,-223.053871,39.058546
3,0.35,37,3,refused,27731,-217.52691,41.580736
3,0.35,37,4,complied,30632,89.390195,14.918491
3,0.35,37,4,refused,27731,86.708116,15.294505
3,0.35,38,0,complied,30632,-108.430444,20.465821
3,0.35,38,0,refused,27731,-105.752198,19.762999
3,0.35,38,1,complied,30632,205.620149,32.774543
3,0.35,38,1,refused,27731,202.744013,32.648143
3,0.35,38,2,complied,30632,239.771535,33.540145
3,0.35,38,2,refused,27731,239.049561,33.25295
3,0.35,38,3,complied,30632,-273.817186,46.324156
3,0.35,38,3,refused,27731,-268.406296,48.455955
3,0.35,38,4,complied,30632,106.775268,18.877756
3,0.35,38,4,refused,27731,103.522387,18.735829
3,0.35,39,0,complied,30632,-153.069485,25.794815
3,0.35,39,0,refused,27731,-151.520093,24.242199
3,0.35,39,1,complied,30632,293.165402,45.896329
3,0.35,39,1,refused,27731,291.644655,44.461748
3,0.35,39,2,complied,30632,327.379272,50.500013
3,0.35,39,2,refused,27731,328.692794,48.20142
3,0.35,39,3,complied,30632,-384.550647,65.106467
3,0.35,39,3,refused,27731,-382.60604,64.69983
3,0.35,39,4,complied,30632,145.527344,25.365779
3,0.35,39,4,refused,27731,143.195781,24.097491
4,0.45,0,0,complied,30634,-0.0127,0.0452
4,0.45,0,0,refused,27730,-0.015585,0.048441
4,0.45,0,1,complied,30634,0.039544,0.068141
4,0.45,0,1,refused,27730,0.046996,0.072915
4,0.45,0,2,complied,30634,0.035799,0.055479
4,0.45,0,2,refused,27730,0.042461,0.058688
4,0.45,0,3,complied,30634,-0.043891,0.066472
4,0.45,0,3,refused,27730,-0.051387,0.071247
4,0.45,0,4,complied,30634,0.018948,0.02939
4,0.45,0,4,refused,27730,0.020321,0.030862
4,0.45,1,0,complied,30634,-0.781075,0.268375
4,0.45,1,0,refused,27730,-0.817383,0.260392
4,0.45,1,1,complied,30634,1.328355,0.398063
4,0.45,1,1,refused,27730,1.382587,0.388501
4,0.45,1,2,complied,30634,1.1975,0.373068
4,0.45,1,2,refused,27730,1.247426,0.369598
4,0.45,1,3,complied,30634,-2.65433,0.469945
4,0.45,1,3,refused,27730,-2.711841,0.43989
4,0.45,1,4,complied,30634,0.699012,0.202129
4,0.45,1,4,refused,27730,0.711679,0.196384
4,0.45,2,0,complied,30634,-1.081821,0.440156
4,0.45,2,0,refused,27730,-1.150575,0.4279
4,0.45,2,1,complied,30634,1.881565,0.569188
4,0.45,2,1,refused,27730,1.946106,0.547326
4,0.45,2,2,complied,30634,1.812761,0.569623
4,0.45,2,2,refused,27730,1.868128,0.553442
4,0.45,2,3,complied,30634,-3.879417,0.799735
4,0.45,2,3,refused,27730,-3.96502,0.758427
4,0.45,2,4,complied,30634,1.035448,0.320463
4,0.45,2,4,refused,27730,1.054687,0.30627
4,0.45,3,0,complied,30634,-1.284682,0.508372
4,0.45,3,0,refused,27730,-1.365954,0.490994
4,0.45,3,1,complied,30634,2.245235,0.643569
4,0.45,3,1,refused,27730,2.310562,0.615398
4,0.45,3,2,complied,30634,2.17196,0.668364
4,0.45,3,2,refused,27730,2.233894,0.648754
4,0.45,3,3,complied,30634,-4.569538,0.933954
4,0.45,3,3,refused,27730,-4.656063,0.877743
4,0.45,3,4,complied,30634,1.232911,0.38107
4,0.45,3,4,refused,27730,1.259229,0.359898
4,0.45,4,0,complied,30634,-1.395264,0.556064
4,0.45,4,0,refused,27730,-1.465788,0.533621
4,0.45,4,1,complied,30634,2.566718,0.663288
4,0.45,4,1,refused,27730,2.629392,0.630766
4,0.45,4,2,complied,30634,2.565112,0.696674
4,0.45,4,2,refused,27730,2.62291,0.672296
4,0.45,4,3,complied,30634,-5.158957,0.983207
4,0.45,4,3,refused,27730,-5.24832,0.912392
4,0.45,4,4,complied,30634,1.381171,0.413488
4,0.45,4,4,refused,27730,1.420103,0.388431
4,0.45,5,0,complied,30634,-1.862148,0.592591
4,0.45,5,0,refused,27730,-1.913199,0.563982
4,0.45,5,1,complied,30634,3.370958,0.659864
4,0.45,5,1,refused,27730,3.412572,0.629255
4,0.45,5,2,complied,30634,3.533299,0.690746
4,0.45,5,2,refused,27730,3.564759,0.664319
4,0.45,5,3,complied,30634,-6.644161,0.99849
4,0.45,5,3,refused,27730,-6.713312,0.925501
4,0.45,5,4,complied,30634,1.809813,0.444684
4,0.45,5,4,refused,27730,1.848415,0.410128
4,0.45,6,0,complied,30634,-2.200677,0.656978
4,0.45,6,0,refused,27730,-2.253246,0.604272
4,0.45,6,1,complied,30634,3.94259,0.657155
4,0.45,6,1,refused,27730,3.964637,0.623902
4,0.45,6,2,complied,30634,4.240981,0.703133
4,0.45,6,2,refused,27730,4.226118,0.663132
4,0.45,6,3,complied,30634,-7.48266,1.001369
4,0.45,6,3,refused,27730,-7.517299,0.916173
4,0.45,6,4,complied,30634,2.055942,0.491922
4,0.45,6,4,refused,27730,2.108117,0.447625
4,0.45,7,0,complied,30634,-2.506091,0.667733
4,0.45,7,0,refused,27730,-2.523192,0.604192
4,0.45,7,1,complied,30634,4.845407,0.61654
4,0.45,7,1,refused,27730,4.809909,0.576358
4,0.45,7,2,complied,30634,5.199798,0.63058
4,0.45,7,2,refused,27730,5.1368,0.577403
4,0.45,7,3,complied,30634,-8.594774,0.851048
4,0.45,7,3,refused,27730,-8.601922,0.757044
4,0.45,7,4,complied,30634,2.417379,0.47094
4,0.45,7,4,refused,27730,2.435678,0.424071
4,0.45,8,0,complied,30634,-3.065436,0.722125
4,0.45,8,0,refused,27730,-3.017655,0.658276
4,0.45,8,1,complied,30634,6.104084,0.646251
4,0.45,8,1,refused,27730,6.032462,0.576972
4,0.45,8,2,complied,30634,6.781811,0.706645
4,0.45,8,2,refused,27730,6.685734,0.616402
4,0.45,8,3,complied,30634,-10.125484,0.845629
4,0.45,8,3,refused,27730,-10.090083,0.735614
4,0.45,8,4,complied,30634,3.379133,0.492803
4,0.45,8,4,refused,27730,3.393991,0.436264
4,0.45,9,0,complied,30634,-3.621964,0.807241
4,0.45,9,0,refused,27730,-3.524328,0.746318
4,0.45,9,1,complied,30634,7.183222,0.689278
4,0.45,9,1,refused,27730,7.078261,0.606851
4,0.45,9,2,complied,30634,8.162332,0.691785
4,0.45,9,2,refused,27730,7.991915,0.609558
4,0.45,9,3,complied,30634,-11.433217,0.960428
4,0.45,9,3,refused,27730,-11.347522,0.844103
4,0.45,9,4,complied,30634,4.187843,0.51467
4,0.45,9,4,refused,27730,4.190664,0.453583
4,0.45,10,0,complied,30634,-4.151996,0.90583
4,0.45,10,0,refused,27730,-4.085344,0.828232
4,0.45,10,1,complied,30634,8.465726,0.791942
4,0.45,10,1,refused,27730,8.310431,0.699373
4,0.45,10,2,complied,30634,9.750155,0.873192
4,0.45,10,2,refused,27730,9.620625,0.762782
4,0.45,10,3,complied,30634,-12.883666,1.109046
4,0.45,10,3,refused,27730,-12.737408,0.979974
4,0.45,10,4,complied,30634,4.923165,0.541205
4,0.45,10,4,refused,27730,4.931666,0.48542
4,0.45,11,0,complied,30634,-4.551224,0.948482
4,0.45,11,0,refused,27730,-4.510272,0.864726
4,0.45,11,1,complied,30634,9.201451,0.874671
4,0.45,11,1,refused,27730,9.053075,0.81654
4,0.45,11,2,complied,30634,10.675638,0.886746
4,0.45,11,2,refused,27730,10.55496,0.794286
4,0.45,11,3,complied,30634,-13.786185,1.219932
4,0.45,11,3,refused,27730,-13.640555,1.094573
4,0.45,11,4,complied,30634,5.459269,0.565832
4,0.45,11,4,refused,27730,5.456498,0.531606
4,0.45,12,0,complied,30634,-4.684543,0.978308
4,0.45,12,0,refused,27730,-4.676166,0.895633
4,0.45,12,1,complied,30634,9.187691,0.972448
4,0.45,12,1,refused,27730,9.092265,0.893547
4,0.45,12,2,complied,30634,10.896689,0.924196
4,0.45,12,2,refused,27730,10.877023,0.852848
4,0.45,12,3,complied,30634,-13.616335,1.200421
4,0.45,12,3,refused,27730,-13.554746,1.069503
4,0.45,12,4,complied,30634,5.56039,0.602611
4,0.45,12,4,refused,27730,5.61078,0.581214
4,0.45,13,0,complied,30634,-4.776062,1.065668
4,0.45,13,0,refused,27730,-4.851805,0.979509
4,0.45,13,1,complied,30634,9.470956,1.005779
4,0.45,13,1,refused,27730,9.380046,0.912227
4,0.45,13,2,complied,30634,11.312917,1.002021
4,0.45,13,2,refused,27730,11.325604,0.92135
4,0.45,13,3,complied,30634,-13.646086,1.134146
4,0.45,13,3,refused,27730,-13.55416,1.006845
4,0.45,13,4,complied,30634,5.710068,0.638562
4,0.45,13,4,refused,27730,5.752002,0.602862
4,0.45,14,0,complied,30634,-4.867977,1.070908
4,0.45,14,0,refused,27730,-4.897789,0.990806
4,0.45,14,1,complied,30634,9.502253,1.043879
4,0.45,14,1,refused,27730,9.427414,0.973796
4,0.45,14,2,complied,30634,11.595984,0.955963
4,0.45,14,2,refused,27730,11.600276,0.88823
4,0.45,14,3,complied,30634,-13.771364,1.287969
4,0.45,14,3,refused,27730,-13.666103,1.123101
4,0.45,14,4,complied,30634,5.722995,0.650694
4,0.45,14,4,refused,27730,5.764205,0.629185
4,0.45,15,0,complied,30634,-4.832466,1.087343
4,0.45,15,0,refused,27730,-4.840489,1.01912
4,0.45,15,1,complied,30634,9.815576,1.126595
4,0.45,15,1,refused,27730,9.7517,1.080628
4,0.45,15,2,complied,30634,11.6974,1.028782
4,0.45,15,2,refused,27730,11.713239,0.981169
4,0.45,15,3,complied,30634,-13.503622,1.673449
4,0.45,15,3,refused,27730,-13.455946,1.435694
4,0.45,15,4,complied,30634,5.715311,0.70413
4,0.45,15,4,refused,27730,5.68639,0.678007
4,0.45,16,0,complied,30634,-5.285459,1.19421
4,0.45,16,0,refused,27730,-5.347863,1.107727
4,0.45,16,1,complied,30634,10.350513,1.223354
4,0.45,16,1,refused,27730,10.304602,1.141075
4,0.45,16,2,complied,30634,12.48976,1.040369
4,0.45,16,2,refused,27730,12.518333,1.018374
4,0.45,16,3,complied,30634,-14.204725,1.858532
4,0.45,16,3,refused,27730,-14.176141,1.604244
4,0.45,16,4,complied,30634,6.02996,0.752528
4,0.45,16,4,refused,27730,6.015357,0.712052
4,0.45,17,0,complied,30634,-5.638837,1.265289
4,0.45,17,0,refused,27730,-5.604361,1.178656
4,0.45,17,1,complied,30634,10.978744,1.226176
4,0.45,17,1,refused,27730,10.947098,1.157861
4,0.45,17,2,complied,30634,13.240363,1.029913
4,0.45,17,2,refused,27730,13.368103,0.993882
4,0.45,17,3,complied,30634,-15.107099,1.715124
4,0.45,17,3,refused,27730,-15.146566,1.481946
4,0.45,17,4,complied,30634,6.473692,0.786321
4,0.45,17,4,refused,27730,6.455176,0.721857
4,0.45,18,0,complied,30634,-5.974825,1.419192
4,0.45,18,0,refused,27730,-5.98458,1.305517
4,0.45,18,1,complied,30634,12.204597,1.293497
4,0.45,18,1,refused,27730,12.10864,1.247522
4,0.45,18,2,complied,30634,14.291536,1.116765
4,0.45,18,2,refused,27730,14.474507,1.130705
4,0.45,18,3,complied,30634,-16.650196,2.016522
4,0.45,18,3,refused,27730,-16.772668,1.774551
4,0.45,18,4,complied,30634,7.14661,0.890178
4,0.45,18,4,refused,27730,7.115973,0.790164
4,0.45,19,0,complied,30634,-6.606282,1.578012
4,0.45,19,0,refused,27730,-6.692853,1.448754
4,0.45,19,1,complied,30634,12.994928,1.383492
4,0.45,19,1,refused,27730,12.949693,1.348738
4,0.45,19,2,complied,30634,15.399399,1.264886
4,0.45,19,2,refused,27730,15.649234,1.265581
4,0.45,19,3,complied,30634,-17.372,2.101647
4,0.45,19,3,refused,27730,-17.457103,1.884006
4,0.45,19,4,complied,30634,7.489896,0.983776
4,0.45,19,4,refused,27730,7.414334,0.898636
4,0.45,20,0,complied,30634,-7.018126,1.874281
4,0.45,20,0,refused,27730,-7.160293,1.760335
4,0.45,20,1,complied,30634,13.636585,1.568141
4,0.45,20,1,refused,27730,13.574906,1.585704
4,0.45,20,2,complied,30634,16.408638,1.60679
4,0.45,20,2,refused,27730,16.592262,1.622532
4,0.45,20,3,complied,30634,-18.065915,2.480345
4,0.45,20,3,refused,27730,-18.047383,2.284196
4,0.45,20,4,complied,30634,7.846466,1.158848
4,0.45,20,4,refused,27730,7.759674,1.079728
4,0.45,21,0,complied,30634,-6.938353,2.134035
4,0.45,21,0,refused,27730,-7.133985,2.086994
4,0.45,21,1,complied,30634,12.742055,1.951444
4,0.45,21,1,refused,27730,12.707755,2.000656
4,0.45,21,2,complied,30634,15.649105,2.305041
4,0.45,21,2,refused,27730,15.915698,2.33475
4,0.45,21,3,complied,30634,-16.468176,3.650075
4,0.45,21,3,refused,27730,-16.471485,3.323566
4,0.45,21,4,complied,30634,7.436221,1.477129
4,0.45,21,4,refused,27730,7.313085,1.430998
4,0.45,22,0,complied,30634,-9.371312,2.54563
4,0.45,22,0,refused,27730,-9.421086,2.515352
4,0.45,22,1,complied,30634,16.834276,2.078796
4,0.45,22,1,refused,27730,16.612586,2.137964
4,0.45,22,2,complied,30634,20.615417,2.407959
4,0.45,22,2,refused,27730,20.722284,2.533743
4,0.45,22,3,complied,30634,-22.067205,3.66409
4,0.45,22,3,refused,27730,-21.708948,3.535739
4,0.45,22,4,complied,30634,9.853039,1.514069
4,0.45,22,4,refused,27730,9.664419,1.4265
4,0.45,23,0,complied,30634,-11.026756,2.916509
4,0.45,23,0,refused,27730,-11.07817,2.873443
4,0.45,23,1,complied,30634,19.721016,2.386663
4,0.45,23,1,refused,27730,19.51429,2.440025
4,0.45,23,2,complied,30634,24.362762,2.707051
4,0.45,23,2,refused,27730,24.498449,2.82756
4,0.45,23,3,complied,30634,-25.689738,3.80185
4,0.45,23,3,refused,27730,-25.33398,3.648636
4,0.45,23,4,complied,30634,11.36417,1.732314
4,0.45,23,4,refused,27730,11.221414,1.608884
4,0.45,24,0,complied,30634,-9.367974,3.377616
4,0.45,24,0,refused,27730,-9.446424,3.457093
4,0.45,24,1,complied,30634,17.099137,3.080485
4,0.45,24,1,refused,27730,16.850308,3.17858
4,0.45,24,2,complied,30634,21.069367,3.793433
4,0.45,24,2,refused,27730,21.195122,3.839617
4,0.45,24,3,complied,30634,-21.536504,5.987087
4,0.45,24,3,refused,27730,-21.1421,5.575824
4,0.45,24,4,complied,30634,9.929927,2.206287
4,0.45,24,4,refused,27730,9.724648,2.199944
4,0.45,25,0,complied,30634,-12.911942,3.663986
4,0.45,25,0,refused,27730,-13.080227,3.668909
4,0.45,25,1,complied,30634,23.78585,3.207767
4,0.45,25,1,refused,27730,23.501004,3.160554
4,0.45,25,2,complied,30634,29.378804,3.655349
4,0.45,25,2,refused,27730,29.672301,3.667412
4,0.45,25,3,complied,30634,-30.769337,5.094034
4,0.45,25,3,refused,27730,-30.316263,4.899561
4,0.45,25,4,complied,30634,13.3137,2.267834
4,0.45,25,4,refused,27730,13.092583,2.192327
4,0.45,26,0,complied,30634,-14.576398,4.115669
4,0.45,26,0,refused,27730,-14.793384,4.167007
4,0.45,26,1,complied,30634,26.608701,3.970949
4,0.45,26,1,refused,27730,26.268216,3.89122
4,0.45,26,2,complied,30634,33.396273,4.7037
4,0.45,26,2,refused,27730,33.582944,4.685359
4,0.45,26,3,complied,30634,-34.413744,7.031176
4,0.45,26,3,refused,27730,-33.873386,6.61749
4,0.45,26,4,complied,30634,14.887028,2.56791
4,0.45,26,4,refused,27730,14.600462,2.543732
4,0.45,27,0,complied,30634,-18.312413,4.795844
4,0.45,27,0,refused,27730,-18.449733,4.820174
4,0.45,27,1,complied,30634,32.517385,4.979696
4,0.45,27,1,refused,27730,32.063418,4.892164
4,0.45,27,2,complied,30634,41.111676,5.575075
4,0.45,27,2,refused,27730,41.357598,5.621193
4,0.45,27,3,complied,30634,-42.410087,8.428551
4,0.45,27,3,refused,27730,-41.895215,8.093898
4,0.45,27,4,complied,30634,18.045374,3.098941
4,0.45,27,4,refused,27730,17.788783,3.036552
4,0.45,28,0,complied,30634,-19.858073,5.86905
4,0.45,28,0,refused,27730,-20.17525,5.905566
4,0.45,28,1,complied,30634,36.205731,6.272041
4,0.45,28,1,refused,27730,36.045119,6.174833
4,0.45,28,2,complied,30634,45.570441,7.004559
4,0.45,28,2,refused,27730,46.229768,6.929036
4,0.45,28,3,complied,30634,-47.077964,11.378214
4,0.45,28,3,refused,27730,-46.839923,10.74469
4,0.45,28,4,complied,30634,19.994512,3.764373
4,0.45,28,4,refused,27730,19.833648,3.727911
4,0.45,29,0,complied,30634,-24.4633,6.90979
4,0.45,29,0,refused,27730,-24.701312,7.012033
4,0.45,29,1,complied,30634,43.359625,7.508285
4,0.45,29,1,refused,27730,43.168701,7.411187
4,0.45,29,2,complied,30634,54.783055,8.720083
4,0.45,29,2,refused,27730,55.597101,8.732862
4,0.45,29,3,complied,30634,-56.950967,13.183683
4,0.45,29,3,refused,27730,-56.283234,12.777774
4,0.45,29,4,complied,30634,23.696422,4.642983
4,0.45,29,4,refused,27730,23.219849,4.598895
4,0.45,30,0,complied,30634,-28.615353,7.944595
4,0.45,30,0,refused,27730,-29.072956,7.967305
4,0.45,30,1,complied,30634,52.349246,9.015499
4,0.45,30,1,refused,27730,52.732065,8.821047
4,0.45,30,2,complied,30634,66.535483,11.018333
4,0.45,30,2,refused,27730,68.130806,10.860068
4,0.45,30,3,complied,30634,-68.562195,15.179998
4,0.45,30,3,refused,27730,-68.52494,14.683119
4,0.45,30,4,complied,30634,28.538323,5.381245
4,0.45,30,4,refused,27730,28.1724,5.334836
4,0.45,31,0,complied,30634,-34.156654,9.176684
4,0.45,31,0,refused,27730,-34.486483,9.277523
4,0.45,31,1,complied,30634,62.000299,10.856559
4,0.45,31,1,refused,27730,62.238453,10.560896
4,0.45,31,2,complied,30634,79.102328,12.865913
4,0.45,31,2,refused,27730,80.962822,12.747673
4,0.45,31,3,complied,30634,-81.913534,17.480138
4,0.45,31,3,refused,27730,-81.798131,16.95845
4,0.45,31,4,complied,30634,34.166856,6.304039
4,0.45,31,4,refused,27730,33.612058,6.285512
4,0.45,32,0,complied,30634,-39.287196,10.208641
4,0.45,32,0,refused,27730,-39.740443,10.318275
4,0.45,32,1,complied,30634,74.012168,12.677241
4,0.45,32,1,refused,27730,73.75375,12.480833
4,0.45,32,2,complied,30634,93.414579,14.310827
4,0.45,32,2,refused,27730,95.163853,14.348081
4,0.45,32,3,complied,30634,-98.067616,19.754279
4,0.45,32,3,refused,27730,-97.280262,19.44191
4,0.45,32,4,complied,30634,40.119732,7.247055
4,0.45,32,4,refused,27730,39.028481,7.282064
4,0.45,33,0,complied,30634,-46.623941,11.26544
4,0.45,33,0,refused,27730,-46.447297,11.544405
4,0.45,33,1,complied,30634,88.147547,14.303493
4,0.45,33,1,refused,27730,87.381458,14.321938
4,0.45,33,2,complied,30634,110.922316,15.952551
4,0.45,33,2,refused,27730,112.15203,16.382911
4,0.45,33,3,complied,30634,-117.039128,21.787931
4,0.45,33,3,refused,27730,-115.790844,21.959872
4,0.45,33,4,complied,30634,47.788626,8.140319
4,0.45,33,4,refused,27730,46.32349,8.211253
4,0.45,34,0,complied,30634,-53.477739,12.576978
4,0.45,34,0,refused,27730,-52.703248,13.096672
4,0.45,34,1,complied,30634,101.410853,16.810426
4,0.45,34,1,refused,27730,99.768171,17.21587
4,0.45,34,2,complied,30634,126.898043,18.869006
4,0.45,34,2,refused,27730,127.486795,19.584082
4,0.45,34,3,complied,30634,-135.07787,26.388073
4,0.45,34,3,refused,27730,-133.075104,26.996826
4,0.45,34,4,complied,30634,55.428151,9.73886
4,0.45,34,4,refused,27730,53.646104,9.991142
4,0.45,35,0,complied,30634,-61.712486,13.271685
4,0.45,35,0,refused,27730,-60.824082,13.788445
4,0.45,35,1,complied,30634,116.373342,18.19265
4,0.45,35,1,refused,27730,114.531013,18.238168
4,0.45,35,2,complied,30634,145.278831,20.677022
4,0.45,35,2,refused,27730,145.887749,21.160212
4,0.45,35,3,complied,30634,-155.373664,28.363141
4,0.45,35,3,refused,27730,-153.325313,29.050761
4,0.45,35,4,complied,30634,62.832022,10.949068
4,0.45,35,4,refused,27730,60.877714,10.936462
4,0.45,36,0,complied,30634,-76.974122,15.446584
4,0.45,36,0,refused,27730,-75.450657,15.678314
4,0.45,36,1,complied,30634,141.963906,22.773174
4,0.45,36,1,refused,27730,139.54467,22.731201
4,0.45,36,2,complied,30634,173.874541,25.049442
4,0.45,36,2,refused,27730,173.70879,25.535983
4,0.45,36,3,complied,30634,-191.960066,34.246551
4,0.45,36,3,refused,27730,-188.38244,35.26988
4,0.45,36,4,complied,30634,78.071854,13.610676
4,0.45,36,4,refused,27730,75.54421,13.471735
4,0.45,37,0,complied,30634,-90.582046,17.276352
4,0.45,37,0,refused,27730,-88.670713,17.894438
4,0.45,37,1,complied,30634,166.052578,25.995677
4,0.45,37,1,refused,27730,162.726635,26.566165
4,0.45,37,2,complied,30634,200.204777,27.517608
4,0.45,37,2,refused,27730,198.972515,28.716843
4,0.45,37,3,complied,30634,-223.213756,38.345745
4,0.45,37,3,refused,27730,-218.152286,41.267117
4,0.45,37,4,complied,30634,89.402,14.686007
4,0.45,37,4,refused,27730,86.915571,15.037865
4,0.45,38,0,complied,30634,-108.208201,19.802126
4,0.45,38,0,refused,27730,-106.178439,19.835687
4,0.45,38,1,complied,30634,205.455616,31.985718
4,0.45,38,1,refused,27730,202.520847,32.182125
4,0.45,38,2,complied,30634,239.593039,32.500866
4,0.45,38,2,refused,27730,239.219464,32.786272
4,0.45,38,3,complied,30634,-273.770182,45.164567
4,0.45,38,3,refused,27730,-268.928689,47.900025
4,0.45,38,4,complied,30634,106.600866,18.379588
4,0.45,38,4,refused,27730,103.573259,18.43892
4,0.45,39,0,complied,30634,-153.132728,24.770367
4,0.45,39,0,refused,27730,-152.267627,24.070058
4,0.45,39,1,complied,30634,293.50746,44.573557
4,0.45,39,1,refused,27730,291.351835,43.657728
4,0.45,39,2,complied,30634,328.083012,48.668275
4,0.45,39,2,refused,27730,329.025394,47.379872
4,0.45,39,3,complied,30634,-385.684048,62.814897
4,0.45,39,3,refused,27730,-383.200101,63.896317
4,0.45,39,4,complied,30634,145.67888,24.493489
4,0.45,39,4,refused,27730,143.362245,23.716503
5,0.55,0,0,complied,30640,-0.013885,0.045532
5,0.55,0,0,refused,27730,-0.016523,0.048874
5,0.55,0,1,complied,30640,0.040924,0.069191
5,0.55,0,1,refused,27730,0.048078,0.07388
5,0.55,0,2,complied,30640,0.036546,0.056496
5,0.55,0,2,refused,27730,0.043048,0.059616
5,0.55,0,3,complied,30640,-0.045003,0.067615
5,0.55,0,3,refused,27730,-0.052154,0.072139
5,0.55,0,4,complied,30640,0.019321,0.029626
5,0.55,0,4,refused,27730,0.020838,0.031054
5,0.55,1,0,complied,30640,-0.783313,0.266703
5,0.55,1,0,refused,27730,-0.822157,0.25711
5,0.55,1,1,complied,30640,1.337253,0.400656
5,0.55,1,1,refused,27730,1.386371,0.387491
5,0.55,1,2,complied,30640,1.203513,0.376023
5,0.55,1,2,refused,27730,1.252128,0.366138
5,0.55,1,3,complied,30640,-2.655745,0.472647
5,0.55,1,3,refused,27730,-2.713145,0.439493
5,0.55,1,4,complied,30640,0.701478,0.20189
5,0.55,1,4,refused,27730,0.71223,0.194928
5,0.55,2,0,complied,30640,-1.080818,0.439087
5,0.55,2,0,refused,27730,-1.150914,0.425801
5,0.55,2,1,complied,30640,1.894292,0.572443
5,0.55,2,1,refused,27730,1.952262,0.544699
5,0.55,2,2,complied,30640,1.820293,0.572963
5,0.55,2,2,refused,27730,1.873554,0.548968
5,0.55,2,3,complied,30640,-3.881135,0.8042
5,0.55,2,3,refused,27730,-3.966168,0.754338
5,0.55,2,4,complied,30640,1.039823,0.320346
5,0.55,2,4,refused,27730,1.057646,0.303151
5,0.55,3,0,complied,30640,-1.284175,0.506232
5,0.55,3,0,refused,27730,-1.361321,0.488194
5,0.55,3,1,complied,30640,2.261361,0.644828
5,0.55,3,1,refused,27730,2.320346,0.609656
5,0.55,3,2,complied,30640,2.183652,0.671368
5,0.55,3,2,refused,27730,2.244577,0.640732
5,0.55,3,3,complied,30640,-4.573523,0.934949
5,0.55,3,3,refused,27730,-4.659601,0.86766
5,0.55,3,4,complied,30640,1.236703,0.381412
5,0.55,3,4,refused,27730,1.263865,0.356564
5,0.55,4,0,complied,30640,-1.389807,0.556976
5,0.55,4,0,refused,27730,-1.460341,0.530982
5,0.55,4,1,complied,30640,2.577838,0.664913
5,0.55,4,1,refused,27730,2.635892,0.625404
5,0.55,4,2,complied,30640,2.573613,0.700265
5,0.55,4,2,refused,27730,2.630408,0.664357
5,0.55,4,3,complied,30640,-5.155889,0.985166
5,0.55,4,3,refused,27730,-5.247427,0.901745
5,0.55,4,4,complied,30640,1.385658,0.41355
5,0.55,4,4,refused,27730,1.423996,0.386087
5,0.55,5,0,complied,30640,-1.856189,0.592399
5,0.55,5,0,refused,27730,-1.905565,0.564578
5,0.55,5,1,complied,30640,3.373903,0.662726
5,0.55,5,1,refused,27730,3.414332,0.623786
5,0.55,5,2,complied,30640,3.540909,0.689136
5,0.55,5,2,refused,27730,3.571982,0.655282
5,0.55,5,3,complied,30640,-6.63749,0.995316
5,0.55,5,3,refused,27730,-6.710127,0.913456
5,0.55,5,4,complied,30640,1.811379,0.441247
5,0.55,5,4,refused,27730,1.851553,0.40896
5,0.55,6,0,complied,30640,-2.189137,0.65378
5,0.55,6,0,refused,27730,-2.241699,0.609675
5,0.55,6,1,complied,30640,3.940954,0.656993
5,0.55,6,1,refused,27730,3.959871,0.618227
5,0.55,6,2,complied,30640,4.241284,0.694939
5,0.55,6,2,refused,27730,4.231456,0.65578
5,0.55,6,3,complied,30640,-7.478976,0.991689
5,0.55,6,3,refused,27730,-7.512645,0.903604
5,0.55,6,4,complied,30640,2.057297,0.483606
5,0.55,6,4,refused,27730,2.115695,0.448498
5,0.55,7,0,complied,30640,-2.481524,0.664966
5,0.55,7,0,refused,27730,-2.503438,0.606667
5,0.55,7,1,complied,30640,4.836035,0.611266
5,0.55,7,1,refused,27730,4.805914,0.575253
5,0.55,7,2,complied,30640,5.191944,0.616267
5,0.55,7,2,refused,27730,5.140936,0.569472
5,0.55,7,3,complied,30640,-8.590436,0.840787
5,0.55,7,3,refused,27730,-8.606564,0.755083
5,0.55,7,4,complied,30640,2.421056,0.460814
5,0.55,7,4,refused,27730,2.451981,0.426344
5,0.55,8,0,complied,30640,-3.03577,0.71547
5,0.55,8,0,refused,27730,-2.995256,0.655158
5,0.55,8,1,complied,30640,6.088073,0.64064
5,0.55,8,1,refused,27730,6.025265,0.583438
5,0.55,8,2,complied,30640,6.761592,0.697986
5,0.55,8,2,refused,27730,6.688539,0.61454
5,0.55,8,3,complied,30640,-10.111987,0.834298
5,0.55,8,3,refused,27730,-10.098509,0.744188
5,0.55,8,4,complied,30640,3.377262,0.483447
5,0.55,8,4,refused,27730,3.411083,0.441126
5,0.55,9,0,complied,30640,-3.589278,0.797238
5,0.55,9,0,refused,27730,-3.503315,0.740294
5,0.55,9,1,complied,30640,7.168553,0.681617
5,0.55,9,1,refused,27730,7.070437,0.616897
5,0.55,9,2,complied,30640,8.14808,0.681937
5,0.55,9,2,refused,27730,8.002776,0.608213
5,0.55,9,3,complied,30640,-11.421656,0.93953
5,0.55,9,3,refused,27730,-11.353486,0.84614
5,0.55,9,4,complied,30640,4.188485,0.507861
5,0.55,9,4,refused,27730,4.213354,0.459949
5,0.55,10,0,complied,30640,-4.106866,0.895274
5,0.55,10,0,refused,27730,-4.05592,0.82157
5,0.55,10,1,complied,30640,8.460214,0.778792
5,0.55,10,1,refused,27730,8.311043,0.70229
5,0.55,10,2,complied,30640,9.732817,0.865039
5,0.55,10,2,refused,27730,9.623719,0.766467
5,0.55,10,3,complied,30640,-12.874,1.08395
5,0.55,10,3,refused,27730,-12.750673,0.981801
5,0.55,10,4,complied,30640,4.925876,0.538357
5,0.55,10,4,refused,27730,4.954509,0.491465
5,0.55,11,0,complied,30640,-4.501815,0.935322
5,0.55,11,0,refused,27730,-4.468501,0.857418
5,0.55,11,1,complied,30640,9.200838,0.857868
5,0.55,11,1,refused,27730,9.05768,0.818783
5,0.55,11,2,complied,30640,10.659757,0.879465
5,0.55,11,2,refused,27730,10.547568,0.800133
5,0.55,11,3,complied,30640,-13.788949,1.184157
5,0.55,11,3,refused,27730,-13.654825,1.096349
5,0.55,11,4,complied,30640,5.453279,0.555437
5,0.55,11,4,refused,27730,5.467288,0.535253
5,0.55,12,0,complied,30640,-4.641249,0.97088
5,0.55,12,0,refused,27730,-4.640627,0.89067
5,0.55,12,1,complied,30640,9.191516,0.951579
5,0.55,12,1,refused,27730,9.100016,0.894402
5,0.55,12,2,complied,30640,10.884316,0.910001
5,0.55,12,2,refused,27730,10.876883,0.852766
5,0.55,12,3,complied,30640,-13.628219,1.163467
5,0.55,12,3,refused,27730,-13.568972,1.074477
5,0.55,12,4,complied,30640,5.556038,0.594761
5,0.55,12,4,refused,27730,5.623073,0.580201
5,0.55,13,0,complied,30640,-4.738592,1.0506
5,0.55,13,0,refused,27730,-4.817715,0.978503
5,0.55,13,1,complied,30640,9.478353,0.975824
5,0.55,13,1,refused,27730,9.387287,0.894475
5,0.55,13,2,complied,30640,11.318531,0.996374
5,0.55,13,2,refused,27730,11.32584,0.920606
5,0.55,13,3,complied,30640,-13.669913,1.083395
5,0.55,13,3,refused,27730,-13.567941,1.000983
5,0.55,13,4,complied,30640,5.705509,0.6337
5,0.55,13,4,refused,27730,5.76992,0.605945
5,0.55,14,0,complied,30640,-4.833244,1.056443
5,0.55,14,0,refused,27730,-4.857893,0.995528
5,0.55,14,1,complied,30640,9.498681,1.023797
5,0.55,14,1,refused,27730,9.439905,0.965094
5,0.55,14,2,complied,30640,11.605583,0.942651
5,0.55,14,2,refused,27730,11.587868,0.883651
5,0.55,14,3,complied,30640,-13.796343,1.255725
5,0.55,14,3,refused,27730,-13.678445,1.134228
5,0.55,14,4,complied,30640,5.726512,0.650654
5,0.55,14,4,refused,27730,5.789791,0.63666
5,0.55,15,0,complied,30640,-4.788477,1.069768
5,0.55,15,0,refused,27730,-4.80609,1.021898
5,0.55,15,1,complied,30640,9.814054,1.10645
5,0.55,15,1,refused,27730,9.760935,1.069217
5,0.55,15,2,complied,30640,11.708852,1.021806
5,0.55,15,2,refused,27730,11.710063,0.991117
5,0.55,15,3,complied,30640,-13.524306,1.649816
5,0.55,15,3,refused,27730,-13.468865,1.47709
5,0.55,15,4,complied,30640,5.724226,0.712482
5,0.55,15,4,refused,27730,5.71587,0.686105
5,0.55,16,0,complied,30640,-5.217878,1.172965
5,0.55,16,0,refused,27730,-5.320865,1.121944
5,0.55,16,1,complied,30640,10.328292,1.200572
5,0.55,16,1,refused,27730,10.314178,1.134811
5,0.55,16,2,complied,30640,12.488108,1.044403
5,0.55,16,2,refused,27730,12.514375,1.029567
5,0.55,16,3,complied,30640,-14.215685,1.838803
5,0.55,16,3,refused,27730,-14.207912,1.653369
5,0.55,16,4,complied,30640,6.036856,0.758086
5,0.55,16,4,refused,27730,6.062721,0.716603
5,0.55,17,0,complied,30640,-5.583332,1.253478
5,0.55,17,0,refused,27730,-5.595468,1.180701
5,0.55,17,1,complied,30640,10.942022,1.196979
5,0.55,17,1,refused,27730,10.941677,1.147681
5,0.55,17,2,complied,30640,13.218816,1.028298
5,0.55,17,2,refused,27730,13.341137,0.999337
5,0.55,17,3,complied,30640,-15.097857,1.677043
5,0.55,17,3,refused,27730,-15.160108,1.522657
5,0.55,17,4,complied,30640,6.483963,0.772822
5,0.55,17,4,refused,27730,6.495359,0.723632
5,0.55,18,0,complied,30640,-5.915581,1.400361
5,0.55,18,0,refused,27730,-5.995837,1.326106
5,0.55,18,1,complied,30640,12.150663,1.260791
5,0.55,18,1,refused,27730,12.106761,1.232604
5,0.55,18,2,complied,30640,14.259946,1.117826
5,0.55,18,2,refused,27730,14.450123,1.133199
5,0.55,18,3,complied,30640,-16.640642,1.961987
5,0.55,18,3,refused,27730,-16.818074,1.81258
5,0.55,18,4,complied,30640,7.130603,0.879754
5,0.55,18,4,refused,27730,7.149853,0.797153
5,0.55,19,0,complied,30640,-6.527857,1.564205
5,0.55,19,0,refused,27730,-6.681305,1.484018
5,0.55,19,1,complied,30640,12.911305,1.37275
5,0.55,19,1,refused,27730,12.897669,1.34457
5,0.55,19,2,complied,30640,15.344852,1.269059
5,0.55,19,2,refused,27730,15.609632,1.273724
5,0.55,19,3,complied,30640,-17.343133,2.05852
5,0.55,19,3,refused,27730,-17.467029,1.950544
5,0.55,19,4,complied,30640,7.462848,0.981615
5,0.55,19,4,refused,27730,7.44288,0.909784
5,0.55,20,0,complied,30640,-6.928988,1.864428
5,0.55,20,0,refused,27730,-7.161509,1.789018
5,0.55,20,1,complied,30640,13.516947,1.569153
5,0.55,20,1,refused,27730,13.489306,1.582608
5,0.55,20,2,complied,30640,16.298744,1.606615
5,0.55,20,2,refused,27730,16.501606,1.633231
5,0.55,20,3,complied,30640,-18.007042,2.447723
5,0.55,20,3,refused,27730,-18.031425,2.335122
5,0.55,20,4,complied,30640,7.819043,1.158187
5,0.55,20,4,refused,27730,7.802588,1.093385
5,0.55,21,0,complied,30640,-6.796046,2.121472
5,0.55,21,0,refused,27730,-7.101422,2.110442
5,0.55,21,1,complied,30640,12.600127,1.955987
5,0.55,21,1,refused,27730,12.632285,2.009191
5,0.55,21,2,complied,30640,15.48616,2.300972
5,0.55,21,2,refused,27730,15.824592,2.388603
5,0.55,21,3,complied,30640,-16.371079,3.610503
5,0.55,21,3,refused,27730,-16.432062,3.445831
5,0.55,21,4,complied,30640,7.374152,1.46301
5,0.55,21,4,refused,27730,7.334735,1.430696
5,0.55,22,0,complied,30640,-9.195032,2.545797
5,0.55,22,0,refused,27730,-9.396224,2.525843
5,0.55,22,1,complied,30640,16.72893,2.093973
5,0.55,22,1,refused,27730,16.557097,2.113784
5,0.55,22,2,complied,30640,20.50043,2.479662
5,0.55,22,2,refused,27730,20.645661,2.540189
5,0.55,22,3,complied,30640,-22.022806,3.640011
5,0.55,22,3,refused,27730,-21.680552,3.613442
5,0.55,22,4,complied,30640,9.811924,1.503721
5,0.55,22,4,refused,27730,9.70786,1.463801
5,0.55,23,0,complied,30640,-10.778957,2.913855
5,0.55,23,0,refused,27730,-11.074094,2.867315
5,0.55,23,1,complied,30640,19.57302,2.423849
5,0.55,23,1,refused,27730,19.420005,2.424972
5,0.55,23,2,complied,30640,24.154182,2.747342
5,0.55,23,2,refused,27730,24.402532,2.813731
5,0.55,23,3,complied,30640,-25.604592,3.789928
5,0.55,23,3,refused,27730,-25.307529,3.722925
5,0.55,23,4,complied,30640,11.314157,1.73196
5,0.55,23,4,refused,27730,11.262813,1.665467
5,0.55,24,0,complied,30640,-9.038299,3.340463
5,0.55,24,0,refused,27730,-9.445707,3.463256
5,0.55,24,1,complied,30640,16.811957,3.118409
5,0.55,24,1,refused,27730,16.720353,3.212644
5,0.55,24,2,complied,30640,20.759535,3.806316
5,0.55,24,2,refused,27730,21.087934,3.92022
5,0.55,24,3,complied,30640,-21.335742,5.927855
5,0.55,24,3,refused,27730,-21.066707,5.786271
5,0.55,24,4,complied,30640,9.821428,2.236054
5,0.55,24,4,refused,27730,9.784724,2.224897
5,0.55,25,0,complied,30640,-12.639554,3.653724
5,0.55,25,0,refused,27730,-13.104323,3.72869
5,0.55,25,1,complied,30640,23.563289,3.253246
5,0.55,25,1,refused,27730,23.466976,3.127823
5,0.55,25,2,complied,30640,29.152678,3.636952
5,0.55,25,2,refused,27730,29.59203,3.665164
5,0.55,25,3,complied,30640,-30.662522,5.085282
5,0.55,25,3,refused,27730,-30.298565,5.021358
5,0.55,25,4,complied,30640,13.213021,2.299344
5,0.55,25,4,refused,27730,13.158959,2.271516
5,0.55,26,0,complied,30640,-14.359549,4.080073
5,0.55,26,0,refused,27730,-14.805295,4.188177
5,0.55,26,1,complied,30640,26.387583,4.019747
5,0.55,26,1,refused,27730,26.180299,3.876708
5,0.55,26,2,complied,30640,33.188812,4.699064
5,0.55,26,2,refused,27730,33.438483,4.686639
5,0.55,26,3,complied,30640,-34.377626,6.982082
5,0.55,26,3,refused,27730,-33.745767,6.740048
5,0.55,26,4,complied,30640,14.80757,2.616837
5,0.55,26,4,refused,27730,14.69115,2.629849
5,0.55,27,0,complied,30640,-18.076111,4.765235
5,0.55,27,0,refused,27730,-18.51229,4.879106
5,0.55,27,1,complied,30640,32.293405,5.0513
5,0.55,27,1,refused,27730,32.041306,4.906759
5,0.55,27,2,complied,30640,40.960694,5.560445
5,0.55,27,2,refused,27730,41.323834,5.640097
5,0.55,27,3,complied,30640,-42.404014,8.348054
5,0.55,27,3,refused,27730,-41.813302,8.217022
5,0.55,27,4,complied,30640,17.973163,3.152648
5,0.55,27,4,refused,27730,17.914418,3.179097
5,0.55,28,0,complied,30640,-19.595383,5.753594
5,0.55,28,0,refused,27730,-20.226037,5.858099
5,0.55,28,1,complied,30640,35.953981,6.350325
5,0.55,28,1,refused,27730,35.963758,6.202477
5,0.55,28,2,complied,30640,45.409286,6.961345
5,0.55,28,2,refused,27730,46.128517,6.87199
5,0.55,28,3,complied,30640,-47.110883,11.231277
5,0.55,28,3,refused,27730,-46.641571,10.813864
5,0.55,28,4,complied,30640,19.934128,3.840972
5,0.55,28,4,refused,27730,19.909962,3.871668
5,0.55,29,0,complied,30640,-24.257016,6.7929
5,0.55,29,0,refused,27730,-24.79836,6.997823
5,0.55,29,1,complied,30640,43.193911,7.599032
5,0.55,29,1,refused,27730,43.166698,7.435714
5,0.55,29,2,complied,30640,54.772297,8.650901
5,0.55,29,2,refused,27730,55.680324,8.616803
5,0.55,29,3,complied,30640,-57.099193,13.084592
5,0.55,29,3,refused,27730,-56.188281,12.849829
5,0.55,29,4,complied,30640,23.665015,4.749722
5,0.55,29,4,refused,27730,23.292043,4.818097
5,0.55,30,0,complied,30640,-28.455011,7.834183
5,0.55,30,0,refused,27730,-29.249482,7.986894
5,0.55,30,1,complied,30640,52.129456,9.123391
5,0.55,30,1,refused,27730,52.723375,8.841633
5,0.55,30,2,complied,30640,66.494886,10.986759
5,0.55,30,2,refused,27730,68.202731,10.72929
5,0.55,30,3,complied,30640,-68.663668,15.094324
5,0.55,30,3,refused,27730,-68.391489,14.682148
5,0.55,30,4,complied,30640,28.426236,5.476737
5,0.55,30,4,refused,27730,28.27126,5.534226
5,0.55,31,0,complied,30640,-34.006356,9.11393
5,0.55,31,0,refused,27730,-34.590154,9.261889
5,0.55,31,1,complied,30640,61.668085,10.951259
5,0.55,31,1,refused,27730,62.201473,10.603804
5,0.55,31,2,complied,30640,78.939096,12.834869
5,0.55,31,2,refused,27730,81.004576,12.588242
5,0.55,31,3,complied,30640,-81.860281,17.379091
5,0.55,31,3,refused,27730,-81.480664,16.954472
5,0.55,31,4,complied,30640,33.950756,6.409054
5,0.55,31,4,refused,27730,33.705885,6.431863
5,0.55,32,0,complied,30640,-39.181075,10.150652
5,0.55,32,0,refused,27730,-39.804933,10.338131
5,0.55,32,1,complied,30640,73.544028,12.78593
5,0.55,32,1,refused,27730,73.588759,12.538239
5,0.55,32,2,complied,30640,93.218136,14.296056
5,0.55,32,2,refused,27730,95.10222,14.200405
5,0.55,32,3,complied,30640,-97.938403,19.653875
5,0.55,32,3,refused,27730,-96.745547,19.481982
5,0.55,32,4,complied,30640,39.869189,7.392217
5,0.55,32,4,refused,27730,39.085282,7.466757
5,0.55,33,0,complied,30640,-46.356937,11.219575
5,0.55,33,0,refused,27730,-46.479079,11.525865
5,0.55,33,1,complied,30640,87.582011,14.410435
5,0.55,33,1,refused,27730,87.113959,14.352687
5,0.55,33,2,complied,30640,110.638727,15.957081
5,0.55,33,2,refused,27730,112.00695,16.239875
5,0.55,33,3,complied,30640,-116.790413,21.765861
5,0.55,33,3,refused,27730,-115.060302,22.02366
5,0.55,33,4,complied,30640,47.461997,8.278759
5,0.55,33,4,refused,27730,46.377598,8.388057
5,0.55,34,0,complied,30640,-53.212078,12.527826
5,0.55,34,0,refused,27730,-52.666274,12.943197
5,0.55,34,1,complied,30640,100.7672,16.99848
5,0.55,34,1,refused,27730,99.334034,17.303415
5,0.55,34,2,complied,30640,126.734631,18.885536
5,0.55,34,2,refused,27730,127.285387,19.450389
5,0.55,34,3,complied,30640,-134.826837,26.384131
5,0.55,34,3,refused,27730,-132.176304,27.047552
5,0.55,34,4,complied,30640,55.074961,9.929676
5,0.55,34,4,refused,27730,53.649169,10.093065
5,0.55,35,0,complied,30640,-61.533709,13.244065
5,0.55,35,0,refused,27730,-60.872343,13.597259
5,0.55,35,1,complied,30640,115.76098,18.270979
5,0.55,35,1,refused,27730,114.082161,18.286491
5,0.55,35,2,complied,30640,145.273106,20.617158
5,0.55,35,2,refused,27730,145.74303,21.027285
5,0.55,35,3,complied,30640,-155.103856,28.342089
5,0.55,35,3,refused,27730,-152.505576,28.983947
5,0.55,35,4,complied,30640,62.627952,11.046403
5,0.55,35,4,refused,27730,61.008469,10.989851
5,0.55,36,0,complied,30640,-76.756357,15.430989
5,0.55,36,0,refused,27730,-75.382584,15.616896
5,0.55,36,1,complied,30640,141.221812,22.933261
5,0.55,36,1,refused,27730,138.892196,22.893016
5,0.55,36,2,complied,30640,173.734012,25.044119
5,0.55,36,2,refused,27730,173.250552,25.573996
5,0.55,36,3,complied,30640,-191.45547,34.379746
5,0.55,36,3,refused,27730,-187.253388,35.379362
5,0.55,36,4,complied,30640,77.816467,13.791492
5,0.55,36,4,refused,27730,75.457538,13.582786
5,0.55,37,0,complied,30640,-90.470704,17.373761
5,0.55,37,0,refused,27730,-88.669155,17.835937
5,0.55,37,1,complied,30640,165.261491,26.236335
5,0.55,37,1,refused,27730,162.129435,26.655921
5,0.55,37,2,complied,30640,200.031352,27.684911
5,0.55,37,2,refused,27730,198.550766,28.630744
5,0.55,37,3,complied,30640,-222.592037,38.746749
5,0.55,37,3,refused,27730,-216.833692,41.20722
5,0.55,37,4,complied,30640,89.142565,14.907827
5,0.55,37,4,refused,27730,86.828926,15.048378
5,0.55,38,0,complied,30640,-107.983955,19.899577
5,0.55,38,0,refused,27730,-105.980953,19.85156
5,0.55,38,1,complied,30640,204.299435,32.130102
5,0.55,38,1,refused,27730,201.577596,32.296674
5,0.55,38,2,complied,30640,239.103035,32.648194
5,0.55,38,2,refused,27730,238.468162,32.5812
5,0.55,38,3,complied,30640,-272.831904,45.663516
5,0.55,38,3,refused,27730,-267.280505,47.981203
5,0.55,38,4,complied,30640,106.039139,18.619422
5,0.55,38,4,refused,27730,103.411395,18.35759
5,0.55,39,0,complied,30640,-152.974965,24.958751
5,0.55,39,0,refused,27730,-151.701511,24.575785
5,0.55,39,1,complied,30640,292.040874,44.600055
5,0.55,39,1,refused,27730,289.928049,44.285383
5,0.55,39,2,complied,30640,327.69134,48.958932
5,0.55,39,2,refused,27730,327.569674,47.91639
5,0.55,39,3,complied,30640,-384.632251,63.223253
5,0.55,39,3,refused,27730,-381.050068,64.891079
5,0.55,39,4,complied,30640,145.309466,24.689807
5,0.55,39,4,refused,27730,143.019876,23.863656
6,0.65,0,0,complied,30634,-0.013339,0.045296
6,0.65,0,0,refused,27731,-0.016303,0.049221
6,0.65,0,1,complied,30634,0.041021,0.068633
6,0.65,0,1,refused,27731,0.047899,0.074252
6,0.65,0,2,complied,30634,0.036778,0.055917
6,0.65,0,2,refused,27731,0.042977,0.059779
6,0.65,0,3,complied,30634,-0.044752,0.067127
6,0.65,0,3,refused,27731,-0.052206,0.072512
6,0.65,0,4,complied,30634,0.018909,0.029692
6,0.65,0,4,refused,27731,0.020875,0.031118
6,0.65,1,0,complied,30634,-0.77925,0.264835
6,0.65,1,0,refused,27731,-0.818525,0.25804
6,0.65,1,1,complied,30634,1.334873,0.394708
6,0.65,1,1,refused,27731,1.383764,0.387263
6,0.65,1,2,complied,30634,1.202242,0.369036
6,0.65,1,2,refused,27731,1.248336,0.366533
6,0.65,1,3,complied,30634,-2.651317,0.462551
6,0.65,1,3,refused,27731,-2.708255,0.436787
6,0.65,1,4,complied,30634,0.697193,0.199981
6,0.65,1,4,refused,27731,0.711897,0.195287
6,0.65,2,0,complied,30634,-1.071984,0.439018
6,0.65,2,0,refused,27731,-1.13835,0.425298
6,0.65,2,1,complied,30634,1.896683,0.561651
6,0.65,2,1,refused,27731,1.952681,0.542518
6,0.65,2,2,complied,30634,1.822236,0.563386
6,0.65,2,2,refused,27731,1.868559,0.546818
6,0.65,2,3,complied,30634,-3.879904,0.791603
6,0.65,2,3,refused,27731,-3.957139,0.747507
6,0.65,2,4,complied,30634,1.036021,0.317516
6,0.65,2,4,refused,27731,1.05686,0.301859
6,0.65,3,0,complied,30634,-1.276607,0.506223
6,0.65,3,0,refused,27731,-1.345052,0.48768
6,0.65,3,1,complied,30634,2.264437,0.630129
6,0.65,3,1,refused,27731,2.319079,0.605765
6,0.65,3,2,complied,30634,2.188473,0.660127
6,0.65,3,2,refused,27731,2.237841,0.635185
6,0.65,3,3,complied,30634,-4.570913,0.919645
6,0.65,3,3,refused,27731,-4.64544,0.858918
6,0.65,3,4,complied,30634,1.23504,0.376626
6,0.65,3,4,refused,27731,1.260781,0.353279
6,0.65,4,0,complied,30634,-1.378069,0.556887
6,0.65,4,0,refused,27731,-1.44245,0.528506
6,0.65,4,1,complied,30634,2.58014,0.649742
6,0.65,4,1,refused,27731,2.638911,0.621575
6,0.65,4,2,complied,30634,2.577308,0.688295
6,0.65,4,2,refused,27731,2.625015,0.656172
6,0.65,4,3,complied,30634,-5.152465,0.970618
6,0.65,4,3,refused,27731,-5.231827,0.893827
6,0.65,4,4,complied,30634,1.386012,0.411569
6,0.65,4,4,refused,27731,1.421647,0.382922
6,0.65,5,0,complied,30634,-1.841077,0.593634
6,0.65,5,0,refused,27731,-1.888832,0.560754
6,0.65,5,1,complied,30634,3.372367,0.648481
6,0.65,5,1,refused,27731,3.416602,0.618773
6,0.65,5,2,complied,30634,3.54076,0.677732
6,0.65,5,2,refused,27731,3.569287,0.648154
6,0.65,5,3,complied,30634,-6.632825,0.98016
6,0.65,5,3,refused,27731,-6.697979,0.901322
6,0.65,5,4,complied,30634,1.810585,0.440754
6,0.65,5,4,refused,27731,1.847569,0.406891
6,0.65,6,0,complied,30634,-2.176493,0.657764
6,0.65,6,0,refused,27731,-2.226229,0.602691
6,0.65,6,1,complied,30634,3.939686,0.648823
6,0.65,6,1,refused,27731,3.967228,0.612617
6,0.65,6,2,complied,30634,4.243092,0.688447
6,0.65,6,2,refused,27731,4.230433,0.650102
6,0.65,6,3,complied,30634,-7.46842,0.983824
6,0.65,6,3,refused,27731,-7.501081,0.890347
6,0.65,6,4,complied,30634,2.05928,0.485882
6,0.65,6,4,refused,27731,2.11473,0.446799
6,0.65,7,0,complied,30634,-2.46957,0.670036
6,0.65,7,0,refused,27731,-2.483615,0.598687
6,0.65,7,1,complied,30634,4.843409,0.611022
6,0.65,7,1,refused,27731,4.8201,0.571907
6,0.65,7,2,complied,30634,5.199497,0.623735
6,0.65,7,2,refused,27731,5.142027,0.570755
6,0.65,7,3,complied,30634,-8.592512,0.844309
6,0.65,7,3,refused,27731,-8.606618,0.743147
6,0.65,7,4,complied,30634,2.430173,0.469412
6,0.65,7,4,refused,27731,2.455041,0.428472
6,0.65,8,0,complied,30634,-3.021903,0.720705
6,0.65,8,0,refused,27731,-2.96861,0.646759
6,0.65,8,1,complied,30634,6.090313,0.635849
6,0.65,8,1,refused,27731,6.039991,0.579542
6,0.65,8,2,complied,30634,6.76648,0.710602
6,0.65,8,2,refused,27731,6.687968,0.621386
6,0.65,8,3,complied,30634,-10.109482,0.835942
6,0.65,8,3,refused,27731,-10.099449,0.72928
6,0.65,8,4,complied,30634,3.383579,0.49788
6,0.65,8,4,refused,27731,3.411354,0.447519
6,0.65,9,0,complied,30634,-3.570411,0.803673
6,0.65,9,0,refused,27731,-3.476378,0.733876
6,0.65,9,1,complied,30634,7.164112,0.67927
6,0.65,9,1,refused,27731,7.087904,0.613495
6,0.65,9,2,complied,30634,8.145228,0.690916
6,0.65,9,2,refused,27731,8.001928,0.612157
6,0.65,9,3,complied,30634,-11.40936,0.946017
6,0.65,9,3,refused,27731,-11.360778,0.831397
6,0.65,9,4,complied,30634,4.196708,0.522548
6,0.65,9,4,refused,27731,4.217771,0.466058
6,0.65,10,0,complied,30634,-4.081422,0.906158
6,0.65,10,0,refused,27731,-4.023178,0.813789
6,0.65,10,1,complied,30634,8.457101,0.781893
6,0.65,10,1,refused,27731,8.338207,0.702893
6,0.65,10,2,complied,30634,9.734638,0.879694
6,0.65,10,2,refused,27731,9.62823,0.766388
6,0.65,10,3,complied,30634,-12.865465,1.094116
6,0.65,10,3,refused,27731,-12.764346,0.970147
6,0.65,10,4,complied,30634,4.929387,0.549092
6,0.65,10,4,refused,27731,4.965199,0.494588
6,0.65,11,0,complied,30634,-4.468491,0.949572
6,0.65,11,0,refused,27731,-4.440014,0.848181
6,0.65,11,1,complied,30634,9.17571,0.869721
6,0.65,11,1,refused,27731,9.090329,0.817917
6,0.65,11,2,complied,30634,10.645013,0.900213
6,0.65,11,2,refused,27731,10.554209,0.797906
6,0.65,11,3,complied,30634,-13.760199,1.213867
6,0.65,11,3,refused,27731,-13.676529,1.076518
6,0.65,11,4,complied,30634,5.444384,0.573115
6,0.65,11,4,refused,27731,5.475692,0.528324
6,0.65,12,0,complied,30634,-4.61676,0.988302
6,0.65,12,0,refused,27731,-4.617559,0.889557
6,0.65,12,1,complied,30634,9.171607,0.96497
6,0.65,12,1,refused,27731,9.135416,0.895326
6,0.65,12,2,complied,30634,10.874351,0.9322
6,0.65,12,2,refused,27731,10.879766,0.856794
6,0.65,12,3,complied,30634,-13.605648,1.186896
6,0.65,12,3,refused,27731,-13.59666,1.059699
6,0.65,12,4,complied,30634,5.552625,0.604192
6,0.65,12,4,refused,27731,5.635377,0.579423
6,0.65,13,0,complied,30634,-4.716778,1.067851
6,0.65,13,0,refused,27731,-4.798648,0.979409
6,0.65,13,1,complied,30634,9.445341,0.990149
6,0.65,13,1,refused,27731,9.419522,0.90578
6,0.65,13,2,complied,30634,11.313056,1.005388
6,0.65,13,2,refused,27731,11.342806,0.931188
6,0.65,13,3,complied,30634,-13.647914,1.097852
6,0.65,13,3,refused,27731,-13.61479,0.99504
6,0.65,13,4,complied,30634,5.689151,0.634612
6,0.65,13,4,refused,27731,5.778089,0.610906
6,0.65,14,0,complied,30634,-4.797639,1.069852
6,0.65,14,0,refused,27731,-4.847559,0.990225
6,0.65,14,1,complied,30634,9.457652,1.047571
6,0.65,14,1,refused,27731,9.484107,0.967223
6,0.65,14,2,complied,30634,11.589078,0.960606
6,0.65,14,2,refused,27731,11.604888,0.894562
6,0.65,14,3,complied,30634,-13.76401,1.26531
6,0.65,14,3,refused,27731,-13.732538,1.118386
6,0.65,14,4,complied,30634,5.697775,0.655047
6,0.65,14,4,refused,27731,5.809631,0.635069
6,0.65,15,0,complied,30634,-4.755784,1.087323
6,0.65,15,0,refused,27731,-4.795848,1.022202
6,0.65,15,1,complied,30634,9.77096,1.140228
6,0.65,15,1,refused,27731,9.7878,1.066011
6,0.65,15,2,complied,30634,11.690892,1.04629
6,0.65,15,2,refused,27731,11.705567,0.987633
6,0.65,15,3,complied,30634,-13.497049,1.656951
6,0.65,15,3,refused,27731,-13.496311,1.439536
6,0.65,15,4,complied,30634,5.708862,0.713262
6,0.65,15,4,refused,27731,5.734424,0.678908
6,0.65,16,0,complied,30634,-5.170148,1.20302
6,0.65,16,0,refused,27731,-5.30584,1.120294
6,0.65,16,1,complied,30634,10.274495,1.24307
6,0.65,16,1,refused,27731,10.338917,1.130011
6,0.65,16,2,complied,30634,12.454177,1.064966
6,0.65,16,2,refused,27731,12.501877,1.027797
6,0.65,16,3,complied,30634,-14.179649,1.859062
6,0.65,16,3,refused,27731,-14.245563,1.60472
6,0.65,16,4,complied,30634,6.011671,0.756071
6,0.65,16,4,refused,27731,6.090668,0.715871
6,0.65,17,0,complied,30634,-5.518445,1.263226
6,0.65,17,0,refused,27731,-5.571803,1.179021
6,0.65,17,1,complied,30634,10.882082,1.235592
6,0.65,17,1,refused,27731,10.946443,1.148898
6,0.65,17,2,complied,30634,13.177728,1.033705
6,0.65,17,2,refused,27731,13.322256,1.003122
6,0.65,17,3,complied,30634,-15.026961,1.697914
6,0.65,17,3,refused,27731,-15.152075,1.486793
6,0.65,17,4,complied,30634,6.443847,0.77674
6,0.65,17,4,refused,27731,6.503265,0.725037
6,0.65,18,0,complied,30634,-5.853497,1.423828
6,0.65,18,0,refused,27731,-5.995053,1.32962
6,0.65,18,1,complied,30634,12.064115,1.300426
6,0.65,18,1,refused,27731,12.132226,1.227392
6,0.65,18,2,complied,30634,14.187248,1.123432
6,0.65,18,2,refused,27731,14.437978,1.137516
6,0.65,18,3,complied,30634,-16.586034,1.995862
6,0.65,18,3,refused,27731,-16.811231,1.76297
6,0.65,18,4,complied,30634,7.098512,0.882069
6,0.65,18,4,refused,27731,7.172479,0.8039
6,0.65,19,0,complied,30634,-6.444488,1.581888
6,0.65,19,0,refused,27731,-6.68492,1.491085
6,0.65,19,1,complied,30634,12.822641,1.40537
6,0.65,19,1,refused,27731,12.912053,1.345995
6,0.65,19,2,complied,30634,15.294193,1.27143
6,0.65,19,2,refused,27731,15.60558,1.287558
6,0.65,19,3,complied,30634,-17.276228,2.085574
6,0.65,19,3,refused,27731,-17.455243,1.900993
6,0.65,19,4,complied,30634,7.429019,0.974072
6,0.65,19,4,refused,27731,7.475285,0.913554
6,0.65,20,0,complied,30634,-6.864879,4.79777
6,0.65,20,0,refused,27731,-7.160302,1.819461
6,0.65,20,1,complied,30634,13.47422,9.235984
6,0.65,20,1,refused,27731,13.489401,1.576405
6,0.65,20,2,complied,30634,16.278503,10.396881
6,0.65,20,2,refused,27731,16.461464,1.646356
6,0.65,20,3,complied,30634,-18.002107,12.898979
6,0.65,20,3,refused,27731,-18.004784,2.301742
6,0.65,20,4,complied,30634,7.815228,5.188297
6,0.65,20,4,refused,27731,7.820776,1.109711
6,0.65,21,0,complied,30634,-6.697438,4.961518
6,0.65,21,0,refused,27731,-7.102233,2.13863
6,0.65,21,1,complied,30634,12.505159,9.420978
6,0.65,21,1,refused,27731,12.623412,2.003667
6,0.65,21,2,complied,30634,15.399374,10.670468
6,0.65,21,2,refused,27731,15.778403,2.378743
6,0.65,21,3,complied,30634,-16.275492,13.366163
6,0.65,21,3,refused,27731,-16.417465,3.355092
6,0.65,21,4,complied,30634,7.326201,5.318402
6,0.65,21,4,refused,27731,7.359457,1.440993
6,0.65,22,0,complied,30634,-9.065688,5.173235
6,0.65,22,0,refused,27731,-9.419932,2.580824
6,0.65,22,1,complied,30634,16.652098,9.492469
6,0.65,22,1,refused,27731,16.537241,2.134794
6,0.65,22,2,complied,30634,20.424184,10.756184
6,0.65,22,2,refused,27731,20.599949,2.614975
6,0.65,22,3,complied,30634,-21.953958,13.444811
6,0.65,22,3,refused,27731,-21.68319,3.579184
6,0.65,22,4,complied,30634,9.788683,5.358774
6,0.65,22,4,refused,27731,9.723337,1.44836
6,0.65,23,0,complied,30634,-10.631822,5.37863
6,0.65,23,0,refused,27731,-11.109486,2.930756
6,0.65,23,1,complied,30634,19.462838,9.612529
6,0.65,23,1,refused,27731,19.375006,2.468285
6,0.65,23,2,complied,30634,24.059401,10.868987
6,0.65,23,2,refused,27731,24.346945,2.885074
6,0.65,23,3,complied,30634,-25.503743,13.553015
6,0.65,23,3,refused,27731,-25.303099,3.708285
6,0.65,23,4,complied,30634,11.30807,5.447977
6,0.65,23,4,refused,27731,11.275678,1.67088
6,0.65,24,0,complied,30634,-8.857798,5.680138
6,0.65,24,0,refused,27731,-9.493003,3.491913
6,0.65,24,1,complied,30634,16.61292,9.829833
6,0.65,24,1,refused,27731,16.611068,3.214532
6,0.65,24,2,complied,30634,20.578974,11.26013
6,0.65,24,2,refused,27731,20.98308,3.943977
6,0.65,24,3,complied,30634,-21.097907,14.395966
6,0.65,24,3,refused,27731,-21.038194,5.675704
6,0.65,24,4,complied,30634,9.774842,5.630371
6,0.65,24,4,refused,27731,9.777426,2.227545
6,0.65,25,0,complied,30634,-12.486839,5.840546
6,0.65,25,0,refused,27731,-13.197685,3.777881
6,0.65,25,1,complied,30634,23.41884,9.828835
6,0.65,25,1,refused,27731,23.399803,3.209042
6,0.65,25,2,complied,30634,29.084629,11.108121
6,0.65,25,2,refused,27731,29.550845,3.724252
6,0.65,25,3,complied,30634,-30.518437,13.969479
6,0.65,25,3,refused,27731,-30.330041,4.979456
6,0.65,25,4,complied,30634,13.211279,5.635736
6,0.65,25,4,refused,27731,13.150098,2.287559
6,0.65,26,0,complied,30634,-14.249005,6.09014
6,0.65,26,0,refused,27731,-14.897995,4.210584
6,0.65,26,1,complied,30634,26.291028,10.097563
6,0.65,26,1,refused,27731,26.074543,3.943865
6,0.65,26,2,complied,30634,33.124187,11.481402
6,0.65,26,2,refused,27731,33.391178,4.701577
6,0.65,26,3,complied,30634,-34.277211,14.766351
6,0.65,26,3,refused,27731,-33.750033,6.697758
6,0.65,26,4,complied,30634,14.850017,5.780271
6,0.65,26,4,refused,27731,14.67771,2.628736
6,0.65,27,0,complied,30634,-17.904392,6.560699
6,0.65,27,0,refused,27731,-18.611225,4.92776
6,0.65,27,1,complied,30634,32.079707,10.546571
6,0.65,27,1,refused,27731,31.880705,4.990203
6,0.65,27,2,complied,30634,40.855593,11.837391
6,0.65,27,2,refused,27731,41.306825,5.675015
6,0.65,27,3,complied,30634,-42.186983,15.479285
6,0.65,27,3,refused,27731,-41.843225,8.214288
6,0.65,27,4,complied,30634,17.99646,6.04675
6,0.65,27,4,refused,27731,17.936696,3.19664
6,0.65,28,0,complied,30634,-19.392822,7.289791
6,0.65,28,0,refused,27731,-20.322618,5.867923
6,0.65,28,1,complied,30634,35.65099,11.217765
6,0.65,28,1,refused,27731,35.695079,6.279359
6,0.65,28,2,complied,30634,45.219703,12.522962
6,0.65,28,2,refused,27731,45.987606,6.854975
6,0.65,28,3,complied,30634,-46.803234,17.243529
6,0.65,28,3,refused,27731,-46.577518,10.824324
6,0.65,28,4,complied,30634,19.929622,6.464561
6,0.65,28,4,refused,27731,19.910906,3.88656
6,0.65,29,0,complied,30634,-24.00127,8.125195
6,0.65,29,0,refused,27731,-24.998153,7.019612
6,0.65,29,1,complied,30634,42.854862,11.978385
6,0.65,29,1,refused,27731,42.990968,7.520652
6,0.65,29,2,complied,30634,54.626898,13.520086
6,0.65,29,2,refused,27731,55.637429,8.551346
6,0.65,29,3,complied,30634,-56.77478,18.549665
6,0.65,29,3,refused,27731,-56.225069,12.935898
6,0.65,29,4,complied,30634,23.650225,7.072898
6,0.65,29,4,refused,27731,23.348095,4.856787
6,0.65,30,0,complied,30634,-28.191676,9.016139
6,0.65,30,0,refused,27731,-29.539326,8.029492
6,0.65,30,1,complied,30634,51.67791,13.003331
6,0.65,30,1,refused,27731,52.501283,8.900295
6,0.65,30,2,complied,30634,66.240829,15.096535
6,0.65,30,2,refused,27731,68.092926,10.727456
6,0.65,30,3,complied,30634,-68.202988,20.001469
6,0.65,30,3,refused,27731,-68.40145,14.815353
6,0.65,30,4,complied,30634,28.399594,7.611251
6,0.65,30,4,refused,27731,28.326987,5.599281
6,0.65,31,0,complied,30634,-33.616643,10.167316
6,0.65,31,0,refused,27731,-34.927829,9.317715
6,0.65,31,1,complied,30634,61.044588,14.353856
6,0.65,31,1,refused,27731,61.925899,10.587634
6,0.65,31,2,complied,30634,78.575171,16.48616
6,0.65,31,2,refused,27731,80.776723,12.542979
6,0.65,31,3,complied,30634,-81.228065,21.83644
6,0.65,31,3,refused,27731,-81.47382,17.072496
6,0.65,31,4,complied,30634,33.893447,8.302113
6,0.65,31,4,refused,27731,33.761109,6.51285
6,0.65,32,0,complied,30634,-38.806185,11.149045
6,0.65,32,0,refused,27731,-40.240515,10.395968
6,0.65,32,1,complied,30634,72.686318,15.792606
6,0.65,32,1,refused,27731,73.212573,12.494289
6,0.65,32,2,complied,30634,92.697405,17.672788
6,0.65,32,2,refused,27731,94.868287,14.131312
6,0.65,32,3,complied,30634,-97.076332,23.795431
6,0.65,32,3,refused,27731,-96.696063,19.651956
6,0.65,32,4,complied,30634,39.725253,9.146109
6,0.65,32,4,refused,27731,39.245663,7.554354
6,0.65,33,0,complied,30634,-45.953929,12.160528
6,0.65,33,0,refused,27731,-47.026163,11.561009
6,0.65,33,1,complied,30634,86.705346,17.124481
6,0.65,33,1,refused,27731,86.813469,14.253711
6,0.65,33,2,complied,30634,110.134569,18.983668
6,0.65,33,2,refused,27731,111.823268,16.100863
6,0.65,33,3,complied,30634,-115.938417,25.549241
6,0.65,33,3,refused,27731,-115.114381,22.124557
6,0.65,33,4,complied,30634,47.325507,9.866185
6,0.65,33,4,refused,27731,46.523058,8.392133
6,0.65,34,0,complied,30634,-52.764029,13.304383
6,0.65,34,0,refused,27731,-53.257553,13.012511
6,0.65,34,1,complied,30634,99.881175,19.306075
6,0.65,34,1,refused,27731,99.045158,17.129405
6,0.65,34,2,complied,30634,126.128627,21.471063
6,0.65,34,2,refused,27731,127.153014,19.319605
6,0.65,34,3,complied,30634,-133.917874,29.591926
6,0.65,34,3,refused,27731,-132.270841,27.155452
6,0.65,34,4,complied,30634,54.886697,11.197755
6,0.65,34,4,refused,27731,53.827127,10.066871
6,0.65,35,0,complied,30634,-61.093943,13.957435
6,0.65,35,0,refused,27731,-61.475845,13.673357
6,0.65,35,1,complied,30634,114.895214,20.369685
6,0.65,35,1,refused,27731,113.789872,18.038128
6,0.65,35,2,complied,30634,144.592306,22.987509
6,0.65,35,2,refused,27731,145.642942,20.826572
6,0.65,35,3,complied,30634,-154.132878,31.254277
6,0.65,35,3,refused,27731,-152.605046,29.019592
6,0.65,35,4,complied,30634,62.406674,12.215667
6,0.65,35,4,refused,27731,61.339441,10.933813
6,0.65,36,0,complied,30634,-76.218753,15.939944
6,0.65,36,0,refused,27731,-76.077566,15.703311
6,0.65,36,1,complied,30634,140.219301,24.558091
6,0.65,36,1,refused,27731,138.836414,22.731023
6,0.65,36,2,complied,30634,172.920418,26.94484
6,0.65,36,2,refused,27731,173.388776,25.336026
6,0.65,36,3,complied,30634,-190.305665,36.714468
6,0.65,36,3,refused,27731,-187.635373,35.463177
6,0.65,36,4,complied,30634,77.509577,14.644085
6,0.65,36,4,refused,27731,75.855446,13.560497
6,0.65,37,0,complied,30634,-89.980909,17.781363
6,0.65,37,0,refused,27731,-89.435685,17.971258
6,0.65,37,1,complied,30634,164.22174,27.582579
6,0.65,37,1,refused,27731,162.18943,26.417214
6,0.65,37,2,complied,30634,199.165604,29.273348
6,0.65,37,2,refused,27731,198.802849,28.323703
6,0.65,37,3,complied,30634,-221.414622,40.780864
6,0.65,37,3,refused,27731,-217.458179,41.223597
6,0.65,37,4,complied,30634,88.86732,15.594149
6,0.65,37,4,refused,27731,87.289996,14.982708
6,0.65,38,0,complied,30634,-107.359003,20.167024
6,0.65,38,0,refused,27731,-106.821494,20.106691
6,0.65,38,1,complied,30634,203.002945,33.212721
6,0.65,38,1,refused,27731,201.521129,32.176035
6,0.65,38,2,complied,30634,238.006735,33.89851
6,0.65,38,2,refused,27731,238.581757,32.664549
6,0.65,38,3,complied,30634,-271.310486,47.135113
6,0.65,38,3,refused,27731,-267.862989,48.10186
6,0.65,38,4,complied,30634,105.836368,18.919385
6,0.65,38,4,refused,27731,103.887804,18.331388
6,0.65,39,0,complied,30634,-152.23667,25.005349
6,0.65,39,0,refused,27731,-152.499263,25.193873
6,0.65,39,1,complied,30634,290.315899,44.795058
6,0.65,39,1,refused,27731,289.411548,44.97316
6,0.65,39,2,complied,30634,325.902288,49.343945
6,0.65,39,2,refused,27731,326.921335,49.255719
6,0.65,39,3,complied,30634,-382.335513,64.102557
6,0.65,39,3,refused,27731,-380.890221,66.437388
6,0.65,39,4,complied,30634,144.832743,24.716299
6,0.65,39,4,refused,27731,143.233912,24.323035
7,0.75,0,0,complied,30636,-0.013083,0.045107
7,0.75,0,0,refused,27730,-0.01583,0.049509
7,0.75,0,1,complied,30636,0.041129,0.068392
7,0.75,0,1,refused,27730,0.048204,0.07447
7,0.75,0,2,complied,30636,0.036765,0.055637
7,0.75,0,2,refused,27730,0.043561,0.059918
7,0.75,0,3,complied,30636,-0.044456,0.066862
7,0.75,0,3,refused,27730,-0.051945,0.072837
7,0.75,0,4,complied,30636,0.01875,0.029605
7,0.75,0,4,refused,27730,0.021079,0.031149
7,0.75,1,0,complied,30636,-0.77853,0.263909
7,0.75,1,0,refused,27730,-0.81567,0.258737
7,0.75,1,1,complied,30636,1.336431,0.392522
7,0.75,1,1,refused,27730,1.387385,0.384711
7,0.75,1,2,complied,30636,1.200964,0.366255
7,0.75,1,2,refused,27730,1.249795,0.364433
7,0.75,1,3,complied,30636,-2.648196,0.458636
7,0.75,1,3,refused,27730,-2.707609,0.431131
7,0.75,1,4,complied,30636,0.696767,0.198464
7,0.75,1,4,refused,27730,0.713872,0.194413
7,0.75,2,0,complied,30636,-1.063935,0.434645
7,0.75,2,0,refused,27730,-1.128761,0.426177
7,0.75,2,1,complied,30636,1.898596,0.555109
7,0.75,2,1,refused,27730,1.963296,0.536162
7,0.75,2,2,complied,30636,1.816939,0.555444
7,0.75,2,2,refused,27730,1.873925,0.540937
7,0.75,2,3,complied,30636,-3.872263,0.777878
7,0.75,2,3,refused,27730,-3.956759,0.737672
7,0.75,2,4,complied,30636,1.034764,0.312717
7,0.75,2,4,refused,27730,1.060695,0.299678
7,0.75,3,0,complied,30636,-1.253312,0.501594
7,0.75,3,0,refused,27730,-1.329518,0.487577
7,0.75,3,1,complied,30636,2.266424,0.619134
7,0.75,3,1,refused,27730,2.332304,0.598734
7,0.75,3,2,complied,30636,2.182591,0.64535
7,0.75,3,2,refused,27730,2.242175,0.630083
7,0.75,3,3,complied,30636,-4.55637,0.899172
7,0.75,3,3,refused,27730,-4.644689,0.849745
7,0.75,3,4,complied,30636,1.231338,0.369153
7,0.75,3,4,refused,27730,1.263218,0.350936
7,0.75,4,0,complied,30636,-1.351328,0.553042
7,0.75,4,0,refused,27730,-1.422216,0.527849
7,0.75,4,1,complied,30636,2.582834,0.639895
7,0.75,4,1,refused,27730,2.65463,0.614406
7,0.75,4,2,complied,30636,2.571607,0.673318
7,0.75,4,2,refused,27730,2.632111,0.651292
7,0.75,4,3,complied,30636,-5.138361,0.951171
7,0.75,4,3,refused,27730,-5.234383,0.883485
7,0.75,4,4,complied,30636,1.381049,0.401558
7,0.75,4,4,refused,27730,1.426493,0.381168
7,0.75,5,0,complied,30636,-1.810915,0.590686
7,0.75,5,0,refused,27730,-1.865957,0.562016
7,0.75,5,1,complied,30636,3.372788,0.639444
7,0.75,5,1,refused,27730,3.433124,0.610703
7,0.75,5,2,complied,30636,3.52775,0.66593
7,0.75,5,2,refused,27730,3.574524,0.643169
7,0.75,5,3,complied,30636,-6.621272,0.961005
7,0.75,5,3,refused,27730,-6.701855,0.889361
7,0.75,5,4,complied,30636,1.79934,0.431652
7,0.75,5,4,refused,27730,1.84837,0.402775
7,0.75,6,0,complied,30636,-2.133872,0.658481
7,0.75,6,0,refused,27730,-2.198323,0.606243
7,0.75,6,1,complied,30636,3.940798,0.641265
7,0.75,6,1,refused,27730,3.986291,0.604398
7,0.75,6,2,complied,30636,4.227329,0.681877
7,0.75,6,2,refused,27730,4.23697,0.64335
7,0.75,6,3,complied,30636,-7.470218,0.965145
7,0.75,6,3,refused,27730,-7.504592,0.8796
7,0.75,6,4,complied,30636,2.04644,0.479912
7,0.75,6,4,refused,27730,2.114549,0.437617
7,0.75,7,0,complied,30636,-2.41678,0.675135
7,0.75,7,0,refused,27730,-2.451525,0.603532
7,0.75,7,1,complied,30636,4.852156,0.620447
7,0.75,7,1,refused,27730,4.845479,0.571961
7,0.75,7,2,complied,30636,5.187619,0.627294
7,0.75,7,2,refused,27730,5.155555,0.570099
7,0.75,7,3,complied,30636,-8.606434,0.841101
7,0.75,7,3,refused,27730,-8.612957,0.733618
7,0.75,7,4,complied,30636,2.422991,0.467243
7,0.75,7,4,refused,27730,2.458008,0.418312
7,0.75,8,0,complied,30636,-2.969858,0.722475
7,0.75,8,0,refused,27730,-2.939713,0.647081
7,0.75,8,1,complied,30636,6.100553,0.643969
7,0.75,8,1,refused,27730,6.074425,0.595043
7,0.75,8,2,complied,30636,6.755896,0.709347
7,0.75,8,2,refused,27730,6.716806,0.630099
7,0.75,8,3,complied,30636,-10.126986,0.817592
7,0.75,8,3,refused,27730,-10.115872,0.715855
7,0.75,8,4,complied,30636,3.376676,0.4986
7,0.75,8,4,refused,27730,3.4185,0.441602
7,0.75,9,0,complied,30636,-3.513684,0.803602
7,0.75,9,0,refused,27730,-3.440358,0.729195
7,0.75,9,1,complied,30636,7.177393,0.688901
7,0.75,9,1,refused,27730,7.121254,0.624875
7,0.75,9,2,complied,30636,8.142191,0.696969
7,0.75,9,2,refused,27730,8.028852,0.620542
7,0.75,9,3,complied,30636,-11.433207,0.937373
7,0.75,9,3,refused,27730,-11.368299,0.811564
7,0.75,9,4,complied,30636,4.186907,0.522464
7,0.75,9,4,refused,27730,4.218245,0.461071
7,0.75,10,0,complied,30636,-4.03265,0.909188
7,0.75,10,0,refused,27730,-3.985881,0.803451
7,0.75,10,1,complied,30636,8.475695,0.790172
7,0.75,10,1,refused,27730,8.383233,0.713713
7,0.75,10,2,complied,30636,9.737827,0.880811
7,0.75,10,2,refused,27730,9.662152,0.7692
7,0.75,10,3,complied,30636,-12.889004,1.088554
7,0.75,10,3,refused,27730,-12.780489,0.948988
7,0.75,10,4,complied,30636,4.927883,0.548848
7,0.75,10,4,refused,27730,4.970979,0.488347
7,0.75,11,0,complied,30636,-4.421703,0.955419
7,0.75,11,0,refused,27730,-4.395375,0.838136
7,0.75,11,1,complied,30636,9.206008,0.871301
7,0.75,11,1,refused,27730,9.132442,0.817859
7,0.75,11,2,complied,30636,10.656128,0.89628
7,0.75,11,2,refused,27730,10.586569,0.790889
7,0.75,11,3,complied,30636,-13.800212,1.201759
7,0.75,11,3,refused,27730,-13.696258,1.053852
7,0.75,11,4,complied,30636,5.439839,0.563986
7,0.75,11,4,refused,27730,5.473266,0.525326
7,0.75,12,0,complied,30636,-4.552346,1.001429
7,0.75,12,0,refused,27730,-4.564528,0.878272
7,0.75,12,1,complied,30636,9.198652,0.96357
7,0.75,12,1,refused,27730,9.174852,0.89322
7,0.75,12,2,complied,30636,10.879269,0.923773
7,0.75,12,2,refused,27730,10.913232,0.842006
7,0.75,12,3,complied,30636,-13.62679,1.172576
7,0.75,12,3,refused,27730,-13.606645,1.037994
7,0.75,12,4,complied,30636,5.542029,0.597554
7,0.75,12,4,refused,27730,5.625541,0.572631
7,0.75,13,0,complied,30636,-4.655522,1.093985
7,0.75,13,0,refused,27730,-4.744185,0.972651
7,0.75,13,1,complied,30636,9.483237,0.979663
7,0.75,13,1,refused,27730,9.472522,0.905485
7,0.75,13,2,complied,30636,11.335029,1.006865
7,0.75,13,2,refused,27730,11.384313,0.917617
7,0.75,13,3,complied,30636,-13.679828,1.09112
7,0.75,13,3,refused,27730,-13.647399,0.967014
7,0.75,13,4,complied,30636,5.685003,0.630293
7,0.75,13,4,refused,27730,5.770945,0.594448
7,0.75,14,0,complied,30636,-4.744172,1.090066
7,0.75,14,0,refused,27730,-4.799711,0.988324
7,0.75,14,1,complied,30636,9.499955,1.031954
7,0.75,14,1,refused,27730,9.518946,0.966256
7,0.75,14,2,complied,30636,11.613057,0.955032
7,0.75,14,2,refused,27730,11.640051,0.878774
7,0.75,14,3,complied,30636,-13.807008,1.261343
7,0.75,14,3,refused,27730,-13.760716,1.094241
7,0.75,14,4,complied,30636,5.705073,0.64604
7,0.75,14,4,refused,27730,5.795195,0.627352
7,0.75,15,0,complied,30636,-4.685524,1.106927
7,0.75,15,0,refused,27730,-4.738817,1.022831
7,0.75,15,1,complied,30636,9.815599,1.127849
7,0.75,15,1,refused,27730,9.823952,1.064689
7,0.75,15,2,complied,30636,11.713104,1.048347
7,0.75,15,2,refused,27730,11.720836,0.975234
7,0.75,15,3,complied,30636,-13.532432,1.64449
7,0.75,15,3,refused,27730,-13.498923,1.403633
7,0.75,15,4,complied,30636,5.711609,0.705897
7,0.75,15,4,refused,27730,5.71426,0.674236
7,0.75,16,0,complied,30636,-5.098405,1.225777
7,0.75,16,0,refused,27730,-5.231117,1.124502
7,0.75,16,1,complied,30636,10.322252,1.217319
7,0.75,16,1,refused,27730,10.394,1.128264
7,0.75,16,2,complied,30636,12.480355,1.06451
7,0.75,16,2,refused,27730,12.523255,1.020017
7,0.75,16,3,complied,30636,-14.230628,1.840864
7,0.75,16,3,refused,27730,-14.243511,1.573374
7,0.75,16,4,complied,30636,6.008714,0.754758
7,0.75,16,4,refused,27730,6.074061,0.712957
7,0.75,17,0,complied,30636,-5.447654,1.289682
7,0.75,17,0,refused,27730,-5.539046,1.173388
7,0.75,17,1,complied,30636,10.918461,1.21337
7,0.75,17,1,refused,27730,10.995601,1.151233
7,0.75,17,2,complied,30636,13.206044,1.033284
7,0.75,17,2,refused,27730,13.339156,0.995648
7,0.75,17,3,complied,30636,-15.066326,1.683943
7,0.75,17,3,refused,27730,-15.150985,1.455254
7,0.75,17,4,complied,30636,6.447191,0.776078
7,0.75,17,4,refused,27730,6.502984,0.730606
7,0.75,18,0,complied,30636,-5.758153,1.462004
7,0.75,18,0,refused,27730,-5.962912,1.32506
7,0.75,18,1,complied,30636,12.120285,1.281655
7,0.75,18,1,refused,27730,12.201607,1.238486
7,0.75,18,2,complied,30636,14.21084,1.13474
7,0.75,18,2,refused,27730,14.430466,1.142933
7,0.75,18,3,complied,30636,-16.63813,1.963571
7,0.75,18,3,refused,27730,-16.80822,1.725858
7,0.75,18,4,complied,30636,7.084845,0.883992
7,0.75,18,4,refused,27730,7.182913,0.811744
7,0.75,19,0,complied,30636,-6.349927,1.64729
7,0.75,19,0,refused,27730,-6.655648,1.492229
7,0.75,19,1,complied,30636,12.871757,1.390683
7,0.75,19,1,refused,27730,12.980575,1.355336
7,0.75,19,2,complied,30636,15.313723,1.279704
7,0.75,19,2,refused,27730,15.617128,1.286896
7,0.75,19,3,complied,30636,-17.319379,2.067477
7,0.75,19,3,refused,27730,-17.448796,1.851136
7,0.75,19,4,complied,30636,7.417218,0.981714
7,0.75,19,4,refused,27730,7.480095,0.921033
7,0.75,20,0,complied,30636,-6.771958,3.907039
7,0.75,20,0,refused,27730,-7.129508,1.804971
7,0.75,20,1,complied,30636,13.530631,7.205172
7,0.75,20,1,refused,27730,13.559385,1.583623
7,0.75,20,2,complied,30636,16.306902,8.07605
7,0.75,20,2,refused,27730,16.472509,1.627345
7,0.75,20,3,complied,30636,-18.061707,10.067736
7,0.75,20,3,refused,27730,-17.979623,2.236307
7,0.75,20,4,complied,30636,7.809923,4.058368
7,0.75,20,4,refused,27730,7.856178,1.111006
7,0.75,21,0,complied,30636,-6.564599,4.112313
7,0.75,21,0,refused,27730,-7.05782,2.134092
7,0.75,21,1,complied,30636,12.541261,7.45712
7,0.75,21,1,refused,27730,12.638583,2.012305
7,0.75,21,2,complied,30636,15.363605,8.449469
7,0.75,21,2,refused,27730,15.703727,2.389204
7,0.75,21,3,complied,30636,-16.267502,10.684576
7,0.75,21,3,refused,27730,-16.282127,3.307499
7,0.75,21,4,complied,30636,7.287351,4.229886
7,0.75,21,4,refused,27730,7.377343,1.449491
7,0.75,22,0,complied,30636,-8.900634,4.334958
7,0.75,22,0,refused,27730,-9.380785,2.494463
7,0.75,22,1,complied,30636,16.722896,7.501498
7,0.75,22,1,refused,27730,16.616199,2.113374
7,0.75,22,2,complied,30636,20.417318,8.497404
7,0.75,22,2,refused,27730,20.573317,2.448902
7,0.75,22,3,complied,30636,-21.993117,10.695982
7,0.75,22,3,refused,27730,-21.601791,3.414897
7,0.75,22,4,complied,30636,9.746683,4.254268
7,0.75,22,4,refused,27730,9.777522,1.481942
7,0.75,23,0,complied,30636,-10.418206,4.58342
7,0.75,23,0,refused,27730,-11.059639,2.845662
7,0.75,23,1,complied,30636,19.531778,7.618691
7,0.75,23,1,refused,27730,19.475712,2.446877
7,0.75,23,2,complied,30636,24.044438,8.597373
7,0.75,23,2,refused,27730,24.309643,2.730065
7,0.75,23,3,complied,30636,-25.549154,10.772055
7,0.75,23,3,refused,27730,-25.197439,3.541762
7,0.75,23,4,complied,30636,11.260518,4.342345
7,0.75,23,4,refused,27730,11.365922,1.693999
7,0.75,24,0,complied,30636,-8.647109,4.9469
7,0.75,24,0,refused,27730,-9.349397,3.428636
7,0.75,24,1,complied,30636,16.69084,7.936499
7,0.75,24,1,refused,27730,16.585973,3.237053
7,0.75,24,2,complied,30636,20.568823,9.144394
7,0.75,24,2,refused,27730,20.791603,3.87291
7,0.75,24,3,complied,30636,-21.165333,11.859866
7,0.75,24,3,refused,27730,-20.722109,5.581524
7,0.75,24,4,complied,30636,9.698723,4.594795
7,0.75,24,4,refused,27730,9.782541,2.276561
7,0.75,25,0,complied,30636,-12.282778,5.153876
7,0.75,25,0,refused,27730,-13.139324,3.715891
7,0.75,25,1,complied,30636,23.537495,7.91591
7,0.75,25,1,refused,27730,23.540529,3.158589
7,0.75,25,2,complied,30636,29.103856,8.941197
7,0.75,25,2,refused,27730,29.564487,3.574894
7,0.75,25,3,complied,30636,-30.636901,11.318682
7,0.75,25,3,refused,27730,-30.219399,4.793049
7,0.75,25,4,complied,30636,13.159641,4.600869
7,0.75,25,4,refused,27730,13.258636,2.322538
7,0.75,26,0,complied,30636,-14.044272,5.430614
7,0.75,26,0,refused,27730,-14.824112,4.120884
7,0.75,26,1,complied,30636,26.390806,8.292659
7,0.75,26,1,refused,27730,26.164376,3.883708
7,0.75,26,2,complied,30636,33.093491,9.44648
7,0.75,26,2,refused,27730,33.340164,4.584368
7,0.75,26,3,complied,30636,-34.386229,12.284114
7,0.75,26,3,refused,27730,-33.570216,6.483265
7,0.75,26,4,complied,30636,14.809076,4.796247
7,0.75,26,4,refused,27730,14.782727,2.634136
7,0.75,27,0,complied,30636,-17.727833,5.948953
7,0.75,27,0,refused,27730,-18.589903,4.826547
7,0.75,27,1,complied,30636,32.297232,8.80996
7,0.75,27,1,refused,27730,32.016812,4.90916
7,0.75,27,2,complied,30636,40.922362,9.855264
7,0.75,27,2,refused,27730,41.357893,5.5109
7,0.75,27,3,complied,30636,-42.43456,13.086448
7,0.75,27,3,refused,27730,-41.711725,7.980057
7,0.75,27,4,complied,30636,17.971856,5.116545
7,0.75,27,4,refused,27730,18.117141,3.17608
7,0.75,28,0,complied,30636,-19.178814,6.734527
7,0.75,28,0,refused,27730,-20.259207,5.791671
7,0.75,28,1,complied,30636,35.855809,9.597363
7,0.75,28,1,refused,27730,35.752315,6.186224
7,0.75,28,2,complied,30636,45.26694,10.708919
7,0.75,28,2,refused,27730,45.910405,6.794462
7,0.75,28,3,complied,30636,-47.045534,15.052151
7,0.75,28,3,refused,27730,-46.238251,10.59951
7,0.75,28,4,complied,30636,19.906165,5.575262
7,0.75,28,4,refused,27730,20.07489,3.862047
7,0.75,29,0,complied,30636,-23.804278,7.621159
7,0.75,29,0,refused,27730,-24.955122,6.907027
7,0.75,29,1,complied,30636,43.155047,10.463238
7,0.75,29,1,refused,27730,43.060071,7.409674
7,0.75,29,2,complied,30636,54.780228,11.876593
7,0.75,29,2,refused,27730,55.640677,8.479775
7,0.75,29,3,complied,30636,-57.124707,16.470318
7,0.75,29,3,refused,27730,-55.998429,12.665879
7,0.75,29,4,complied,30636,23.701383,6.245993
7,0.75,29,4,refused,27730,23.572712,4.804297
7,0.75,30,0,complied,30636,-27.979639,8.579131
7,0.75,30,0,refused,27730,-29.513163,7.912411
7,0.75,30,1,complied,30636,51.98571,11.605525
7,0.75,30,1,refused,27730,52.594215,8.757941
7,0.75,30,2,complied,30636,66.35698,13.645811
7,0.75,30,2,refused,27730,68.06752,10.553654
7,0.75,30,3,complied,30636,-68.560491,18.032202
7,0.75,30,3,refused,27730,-68.227273,14.476997
7,0.75,30,4,complied,30636,28.4197,6.809482
7,0.75,30,4,refused,27730,28.618204,5.515881
7,0.75,31,0,complied,30636,-33.401337,9.743823
7,0.75,31,0,refused,27730,-34.817887,9.166828
7,0.75,31,1,complied,30636,61.34044,13.059833
7,0.75,31,1,refused,27730,61.971767,10.350815
7,0.75,31,2,complied,30636,78.675451,15.153439
7,0.75,31,2,refused,27730,80.692007,12.247462
7,0.75,31,3,complied,30636,-81.534004,19.976181
7,0.75,31,3,refused,27730,-81.230929,16.665086
7,0.75,31,4,complied,30636,33.856875,7.543345
7,0.75,31,4,refused,27730,34.028096,6.395894
7,0.75,32,0,complied,30636,-38.540389,10.721788
7,0.75,32,0,refused,27730,-40.19658,10.181505
7,0.75,32,1,complied,30636,72.981834,14.530532
7,0.75,32,1,refused,27730,73.199182,12.152039
7,0.75,32,2,complied,30636,92.864773,16.343435
7,0.75,32,2,refused,27730,94.716086,13.728506
7,0.75,32,3,complied,30636,-97.445339,21.930752
7,0.75,32,3,refused,27730,-96.451588,19.00924
7,0.75,32,4,complied,30636,39.750608,8.388891
7,0.75,32,4,refused,27730,39.617464,7.411626
7,0.75,33,0,complied,30636,-45.616392,11.658533
7,0.75,33,0,refused,27730,-47.011375,11.343811
7,0.75,33,1,complied,30636,87.021356,15.838135
7,0.75,33,1,refused,27730,86.8341,13.812674
7,0.75,33,2,complied,30636,110.304813,17.681722
7,0.75,33,2,refused,27730,111.631718,15.588102
7,0.75,33,3,complied,30636,-116.3522,23.686516
7,0.75,33,3,refused,27730,-114.752726,21.410379
7,0.75,33,4,complied,30636,47.35972,9.117651
7,0.75,33,4,refused,27730,46.860951,8.216413
7,0.75,34,0,complied,30636,-52.499906,12.736871
7,0.75,34,0,refused,27730,-53.207722,12.649198
7,0.75,34,1,complied,30636,100.277592,18.051782
7,0.75,34,1,refused,27730,98.986319,16.662742
7,0.75,34,2,complied,30636,126.3905,20.23741
7,0.75,34,2,refused,27730,126.903713,18.774683
7,0.75,34,3,complied,30636,-134.454924,27.817065
7,0.75,34,3,refused,27730,-131.741302,26.320909
7,0.75,34,4,complied,30636,54.966018,10.525805
7,0.75,34,4,refused,27730,54.12975,9.90771
7,0.75,35,0,complied,30636,-60.906159,13.447007
7,0.75,35,0,refused,27730,-61.438743,13.344353
7,0.75,35,1,complied,30636,115.23407,19.130373
7,0.75,35,1,refused,27730,113.719066,17.57
7,0.75,35,2,complied,30636,144.950453,21.737363
7,0.75,35,2,refused,27730,145.44395,20.289959
7,0.75,35,3,complied,30636,-154.712862,29.588756
7,0.75,35,3,refused,27730,-152.068846,28.24958
7,0.75,35,4,complied,30636,62.544895,11.53482
7,0.75,35,4,refused,27730,61.715576,10.8214
7,0.75,36,0,complied,30636,-76.081386,15.376365
7,0.75,36,0,refused,27730,-76.114321,15.283044
7,0.75,36,1,complied,30636,140.683868,23.44914
7,0.75,36,1,refused,27730,138.937672,22.321688
7,0.75,36,2,complied,30636,173.333737,25.747201
7,0.75,36,2,refused,27730,173.34347,24.780453
7,0.75,36,3,complied,30636,-190.912958,35.068439
7,0.75,36,3,refused,27730,-187.354374,34.660133
7,0.75,36,4,complied,30636,77.672993,13.996667
7,0.75,36,4,refused,27730,76.371855,13.537155
7,0.75,37,0,complied,30636,-89.87106,17.190673
7,0.75,37,0,refused,27730,-89.60834,17.500595
7,0.75,37,1,complied,30636,164.826343,26.597992
7,0.75,37,1,refused,27730,162.596963,26.053808
7,0.75,37,2,complied,30636,199.72612,28.120889
7,0.75,37,2,refused,27730,198.980665,27.80394
7,0.75,37,3,complied,30636,-222.216126,39.07817
7,0.75,37,3,refused,27730,-217.476438,40.568238
7,0.75,37,4,complied,30636,89.142049,15.032833
7,0.75,37,4,refused,27730,87.955993,15.01597
7,0.75,38,0,complied,30636,-107.282333,19.534545
7,0.75,38,0,refused,27730,-107.163139,19.563884
7,0.75,38,1,complied,30636,203.402528,32.12751
7,0.75,38,1,refused,27730,202.31602,31.641091
7,0.75,38,2,complied,30636,238.519022,32.611068
7,0.75,38,2,refused,27730,239.212138,32.061214
7,0.75,38,3,complied,30636,-272.077966,45.394229
7,0.75,38,3,refused,27730,-268.540881,47.48943
7,0.75,38,4,complied,30636,106.18454,18.402946
7,0.75,38,4,refused,27730,104.933067,18.406668
7,0.75,39,0,complied,30636,-152.363038,24.689902
7,0.75,39,0,refused,27730,-153.422377,24.479278
7,0.75,39,1,complied,30636,290.546359,44.014403
7,0.75,39,1,refused,27730,290.796917,43.530746
7,0.75,39,2,complied,30636,326.618637,48.290006
7,0.75,39,2,refused,27730,328.40562,47.309106
7,0.75,39,3,complied,30636,-383.27831,62.521807
7,0.75,39,3,refused,27730,-382.570145,64.100628
7,0.75,39,4,complied,30636,145.326024,24.34686
7,0.75,39,4,refused,27730,144.757696,23.990774
8,0.85,0,0,complied,30636,-0.013271,0.045459
8,0.85,0,0,refused,27730,-0.017158,0.050033
8,0.85,0,1,complied,30636,0.041146,0.068898
8,0.85,0,1,refused,27730,0.04917,0.075937
8,0.85,0,2,complied,30636,0.036811,0.056141
8,0.85,0,2,refused,27730,0.044554,0.061037
8,0.85,0,3,complied,30636,-0.044784,0.067438
8,0.85,0,3,refused,27730,-0.053249,0.074006
8,0.85,0,4,complied,30636,0.019156,0.029711
8,0.85,0,4,refused,27730,0.021479,0.031531
8,0.85,1,0,complied,30636,-0.775875,0.265158
8,0.85,1,0,refused,27730,-0.815386,0.25769
8,0.85,1,1,complied,30636,1.334021,0.393088
8,0.85,1,1,refused,27730,1.388427,0.387996
8,0.85,1,2,complied,30636,1.200625,0.3666
8,0.85,1,2,refused,27730,1.250192,0.368288
8,0.85,1,3,complied,30636,-2.644721,0.458748
8,0.85,1,3,refused,27730,-2.702311,0.439249
8,0.85,1,4,complied,30636,0.698188,0.197783
8,0.85,1,4,refused,27730,0.712431,0.196093
8,0.85,2,0,complied,30636,-1.058506,0.437214
8,0.85,2,0,refused,27730,-1.122676,0.428443
8,0.85,2,1,complied,30636,1.901339,0.556927
8,0.85,2,1,refused,27730,1.962567,0.548941
8,0.85,2,2,complied,30636,1.819185,0.558026
8,0.85,2,2,refused,27730,1.86873,0.553657
8,0.85,2,3,complied,30636,-3.869907,0.780972
8,0.85,2,3,refused,27730,-3.948031,0.759508
8,0.85,2,4,complied,30636,1.038342,0.313873
8,0.85,2,4,refused,27730,1.057293,0.306876
8,0.85,3,0,complied,30636,-1.244984,0.505668
8,0.85,3,0,refused,27730,-1.317179,0.492122
8,0.85,3,1,complied,30636,2.270125,0.625794
8,0.85,3,1,refused,27730,2.335556,0.615378
8,0.85,3,2,complied,30636,2.183876,0.651847
8,0.85,3,2,refused,27730,2.238225,0.64808
8,0.85,3,3,complied,30636,-4.556101,0.908276
8,0.85,3,3,refused,27730,-4.639781,0.877278
8,0.85,3,4,complied,30636,1.23576,0.372444
8,0.85,3,4,refused,27730,1.26073,0.361001
8,0.85,4,0,complied,30636,-1.341047,0.555554
8,0.85,4,0,refused,27730,-1.406689,0.533026
8,0.85,4,1,complied,30636,2.589307,0.647418
8,0.85,4,1,refused,27730,2.654263,0.630654
8,0.85,4,2,complied,30636,2.573264,0.679291
8,0.85,4,2,refused,27730,2.623684,0.669035
8,0.85,4,3,complied,30636,-5.13609,0.959054
8,0.85,4,3,refused,27730,-5.222678,0.909316
8,0.85,4,4,complied,30636,1.385993,0.405099
8,0.85,4,4,refused,27730,1.422567,0.391824
8,0.85,5,0,complied,30636,-1.798651,0.593847
8,0.85,5,0,refused,27730,-1.84927,0.565236
8,0.85,5,1,complied,30636,3.377875,0.643994
8,0.85,5,1,refused,27730,3.427273,0.622836
8,0.85,5,2,complied,30636,3.531926,0.672492
8,0.85,5,2,refused,27730,3.564638,0.657549
8,0.85,5,3,complied,30636,-6.615469,0.966647
8,0.85,5,3,refused,27730,-6.686074,0.913766
8,0.85,5,4,complied,30636,1.805284,0.4359
8,0.85,5,4,refused,27730,1.844688,0.413869
8,0.85,6,0,complied,30636,-2.118005,0.658986
8,0.85,6,0,refused,27730,-2.176684,0.605065
8,0.85,6,1,complied,30636,3.94984,0.644687
8,0.85,6,1,refused,27730,3.978995,0.61513
8,0.85,6,2,complied,30636,4.226093,0.686568
8,0.85,6,2,refused,27730,4.220885,0.654244
8,0.85,6,3,complied,30636,-7.460472,0.971295
8,0.85,6,3,refused,27730,-7.493705,0.893418
8,0.85,6,4,complied,30636,2.054271,0.481954
8,0.85,6,4,refused,27730,2.112188,0.449238
8,0.85,7,0,complied,30636,-2.391544,0.670157
8,0.85,7,0,refused,27730,-2.423284,0.592918
8,0.85,7,1,complied,30636,4.867188,0.616435
8,0.85,7,1,refused,27730,4.844413,0.561633
8,0.85,7,2,complied,30636,5.190768,0.631235
8,0.85,7,2,refused,27730,5.136162,0.563849
8,0.85,7,3,complied,30636,-8.598097,0.845078
8,0.85,7,3,refused,27730,-8.611485,0.73276
8,0.85,7,4,complied,30636,2.433957,0.471122
8,0.85,7,4,refused,27730,2.465888,0.423718
8,0.85,8,0,complied,30636,-2.942541,0.718155
8,0.85,8,0,refused,27730,-2.912314,0.633672
8,0.85,8,1,complied,30636,6.115521,0.652232
8,0.85,8,1,refused,27730,6.06319,0.581309
8,0.85,8,2,complied,30636,6.758165,0.727499
8,0.85,8,2,refused,27730,6.688616,0.627904
8,0.85,8,3,complied,30636,-10.117597,0.829163
8,0.85,8,3,refused,27730,-10.103677,0.721322
8,0.85,8,4,complied,30636,3.388932,0.501413
8,0.85,8,4,refused,27730,3.421397,0.445827
8,0.85,9,0,complied,30636,-3.47471,0.79811
8,0.85,9,0,refused,27730,-3.405643,0.709632
8,0.85,9,1,complied,30636,7.198654,0.696434
8,0.85,9,1,refused,27730,7.114409,0.609807
8,0.85,9,2,complied,30636,8.146119,0.703058
8,0.85,9,2,refused,27730,8.002616,0.612092
8,0.85,9,3,complied,30636,-11.425268,0.945744
8,0.85,9,3,refused,27730,-11.361588,0.82025
8,0.85,9,4,complied,30636,4.191827,0.523248
8,0.85,9,4,refused,27730,4.219896,0.463735
8,0.85,10,0,complied,30636,-3.987795,0.894026
8,0.85,10,0,refused,27730,-3.943802,0.792055
8,0.85,10,1,complied,30636,8.494806,0.79899
8,0.85,10,1,refused,27730,8.37143,0.700139
8,0.85,10,2,complied,30636,9.739385,0.888625
8,0.85,10,2,refused,27730,9.630589,0.767814
8,0.85,10,3,complied,30636,-12.884127,1.103328
8,0.85,10,3,refused,27730,-12.766123,0.961827
8,0.85,10,4,complied,30636,4.927513,0.548565
8,0.85,10,4,refused,27730,4.973855,0.493067
8,0.85,11,0,complied,30636,-4.371648,0.939116
8,0.85,11,0,refused,27730,-4.353275,0.83011
8,0.85,11,1,complied,30636,9.221377,0.878337
8,0.85,11,1,refused,27730,9.12777,0.812066
8,0.85,11,2,complied,30636,10.64845,0.901646
8,0.85,11,2,refused,27730,10.552956,0.792937
8,0.85,11,3,complied,30636,-13.794135,1.215453
8,0.85,11,3,refused,27730,-13.690824,1.068501
8,0.85,11,4,complied,30636,5.43843,0.566291
8,0.85,11,4,refused,27730,5.481619,0.529025
8,0.85,12,0,complied,30636,-4.496209,0.990152
8,0.85,12,0,refused,27730,-4.510916,0.876099
8,0.85,12,1,complied,30636,9.216693,0.974232
8,0.85,12,1,refused,27730,9.171429,0.885365
8,0.85,12,2,complied,30636,10.86365,0.941476
8,0.85,12,2,refused,27730,10.880518,0.846518
8,0.85,12,3,complied,30636,-13.619006,1.183348
8,0.85,12,3,refused,27730,-13.606583,1.043383
8,0.85,12,4,complied,30636,5.536359,0.597566
8,0.85,12,4,refused,27730,5.635148,0.577206
8,0.85,13,0,complied,30636,-4.595399,1.087667
8,0.85,13,0,refused,27730,-4.69413,0.982161
8,0.85,13,1,complied,30636,9.496575,1.004584
8,0.85,13,1,refused,27730,9.470306,0.896673
8,0.85,13,2,complied,30636,11.305696,1.036454
8,0.85,13,2,refused,27730,11.363742,0.914421
8,0.85,13,3,complied,30636,-13.680703,1.099546
8,0.85,13,3,refused,27730,-13.658744,0.971254
8,0.85,13,4,complied,30636,5.682906,0.633575
8,0.85,13,4,refused,27730,5.78986,0.59823
8,0.85,14,0,complied,30636,-4.687161,1.08356
8,0.85,14,0,refused,27730,-4.750582,0.998184
8,0.85,14,1,complied,30636,9.514985,1.054619
8,0.85,14,1,refused,27730,9.530693,0.96147
8,0.85,14,2,complied,30636,11.590119,0.974457
8,0.85,14,2,refused,27730,11.636506,0.874783
8,0.85,14,3,complied,30636,-13.799744,1.275656
8,0.85,14,3,refused,27730,-13.7924,1.095147
8,0.85,14,4,complied,30636,5.707177,0.65337
8,0.85,14,4,refused,27730,5.837504,0.62461
8,0.85,15,0,complied,30636,-4.63067,1.103113
8,0.85,15,0,refused,27730,-4.685299,1.028044
8,0.85,15,1,complied,30636,9.831849,1.131143
8,0.85,15,1,refused,27730,9.846628,1.056387
8,0.85,15,2,complied,30636,11.688605,1.048999
8,0.85,15,2,refused,27730,11.736283,0.985726
8,0.85,15,3,complied,30636,-13.538398,1.643637
8,0.85,15,3,refused,27730,-13.539351,1.403757
8,0.85,15,4,complied,30636,5.724169,0.703974
8,0.85,15,4,refused,27730,5.772003,0.679348
8,0.85,16,0,complied,30636,-5.047943,1.227959
8,0.85,16,0,refused,27730,-5.171951,1.132521
8,0.85,16,1,complied,30636,10.327125,1.225105
8,0.85,16,1,refused,27730,10.394277,1.116101
8,0.85,16,2,complied,30636,12.437073,1.07847
8,0.85,16,2,refused,27730,12.51378,1.028861
8,0.85,16,3,complied,30636,-14.246952,1.8452
8,0.85,16,3,refused,27730,-14.276541,1.566099
8,0.85,16,4,complied,30636,6.022189,0.754265
8,0.85,16,4,refused,27730,6.123239,0.710739
8,0.85,17,0,complied,30636,-5.393863,1.305625
8,0.85,17,0,refused,27730,-5.469206,1.18257
8,0.85,17,1,complied,30636,10.897387,1.228765
8,0.85,17,1,refused,27730,10.98041,1.139201
8,0.85,17,2,complied,30636,13.125403,1.05719
8,0.85,17,2,refused,27730,13.324459,1.003721
8,0.85,17,3,complied,30636,-15.073354,1.691153
8,0.85,17,3,refused,27730,-15.168342,1.447592
8,0.85,17,4,complied,30636,6.453172,0.774275
8,0.85,17,4,refused,27730,6.548988,0.725114
8,0.85,18,0,complied,30636,-5.720207,1.499884
8,0.85,18,0,refused,27730,-5.889511,1.341844
8,0.85,18,1,complied,30636,12.110296,1.294534
8,0.85,18,1,refused,27730,12.176475,1.217473
8,0.85,18,2,complied,30636,14.124036,1.153142
8,0.85,18,2,refused,27730,14.382674,1.14377
8,0.85,18,3,complied,30636,-16.645072,1.972665
8,0.85,18,3,refused,27730,-16.823796,1.704052
8,0.85,18,4,complied,30636,7.098667,0.896949
8,0.85,18,4,refused,27730,7.23673,0.803462
8,0.85,19,0,complied,30636,-6.290731,1.678842
8,0.85,19,0,refused,27730,-6.553963,1.517942
8,0.85,19,1,complied,30636,12.822895,1.409004
8,0.85,19,1,refused,27730,12.92841,1.336838
8,0.85,19,2,complied,30636,15.207161,1.283418
8,0.85,19,2,refused,27730,15.546208,1.292601
8,0.85,19,3,complied,30636,-17.309301,2.090558
8,0.85,19,3,refused,27730,-17.436994,1.834234
8,0.85,19,4,complied,30636,7.415798,0.999082
8,0.85,19,4,refused,27730,7.517078,0.925509
8,0.85,20,0,complied,30636,-6.791638,10.043278
8,0.85,20,0,refused,27730,-7.128429,9.905208
8,0.85,20,1,complied,30636,13.655308,20.436876
8,0.85,20,1,refused,27730,13.726393,20.185278
8,0.85,20,2,complied,30636,16.367841,23.064018
8,0.85,20,2,refused,27730,16.663731,22.779377
8,0.85,20,3,complied,30636,-18.259395,28.443199
8,0.85,20,3,refused,27730,-18.293314,28.083473
8,0.85,20,4,complied,30636,7.921814,11.413425
8,0.85,20,4,refused,27730,8.031458,11.262727
8,0.85,21,0,complied,30636,-6.592925,10.246013
8,0.85,21,0,refused,27730,-7.044264,10.125637
8,0.85,21,1,complied,30636,12.684617,20.789729
8,0.85,21,1,refused,27730,12.831157,20.56006
8,0.85,21,2,complied,30636,15.453968,23.514388
8,0.85,21,2,refused,27730,15.911781,23.251533
8,0.85,21,3,complied,30636,-16.482454,29.081216
8,0.85,21,3,refused,27730,-16.618248,28.720046
8,0.85,21,4,complied,30636,7.419224,11.619461
8,0.85,21,4,refused,27730,7.594748,11.483531
8,0.85,22,0,complied,30636,-8.92344,10.373557
8,0.85,22,0,refused,27730,-9.357976,10.244087
8,0.85,22,1,complied,30636,16.864575,20.880008
8,0.85,22,1,refused,27730,16.820394,20.637147
8,0.85,22,2,complied,30636,20.501011,23.609577
8,0.85,22,2,refused,27730,20.824592,23.332931
8,0.85,22,3,complied,30636,-22.223283,29.198111
8,0.85,22,3,refused,27730,-22.008846,28.843004
8,0.85,22,4,complied,30636,9.891399,11.665629
8,0.85,22,4,refused,27730,10.014614,11.520038
8,0.85,23,0,complied,30636,-10.432601,10.518165
8,0.85,23,0,refused,27730,-10.980725,10.379944
8,0.85,23,1,complied,30636,19.628777,20.999119
8,0.85,23,1,refused,27730,19.637345,20.743563
8,0.85,23,2,complied,30636,24.06922,23.747036
8,0.85,23,2,refused,27730,24.489911,23.458299
8,0.85,23,3,complied,30636,-25.757169,29.35913
8,0.85,23,3,refused,27730,-25.558645,28.987702
8,0.85,23,4,complied,30636,11.398545,11.738881
8,0.85,23,4,refused,27730,11.599248,11.583597
8,0.85,24,0,complied,30636,-8.698755,10.676103
8,0.85,24,0,refused,27730,-9.299587,10.569978
8,0.85,24,1,complied,30636,16.838078,21.112819
8,0.85,24,1,refused,27730,16.793527,20.880331
8,0.85,24,2,complied,30636,20.641986,23.950725
8,0.85,24,2,refused,27730,21.00942,23.674165
8,0.85,24,3,complied,30636,-21.443965,29.775856
8,0.85,24,3,refused,27730,-21.138302,29.361056
8,0.85,24,4,complied,30636,9.870814,11.834516
8,0.85,24,4,refused,27730,10.079471,11.697253
8,0.85,25,0,complied,30636,-12.360469,10.756248
8,0.85,25,0,refused,27730,-13.061902,10.657649
8,0.85,25,1,complied,30636,23.693926,21.058731
8,0.85,25,1,refused,27730,23.720835,20.787054
8,0.85,25,2,complied,30636,29.141485,23.799382
8,0.85,25,2,refused,27730,29.732088,23.510288
8,0.85,25,3,complied,30636,-30.863207,29.502621
8,0.85,25,3,refused,27730,-30.581537,29.124233
8,0.85,25,4,complied,30636,13.339284,11.818716
8,0.85,25,4,refused,27730,13.555332,11.670071
8,0.85,26,0,complied,30636,-14.072412,10.910908
8,0.85,26,0,refused,27730,-14.743565,10.810954
8,0.85,26,1,complied,30636,26.484432,21.224014
8,0.85,26,1,refused,27730,26.362772,20.923085
8,0.85,26,2,complied,30636,33.096037,24.014581
8,0.85,26,2,refused,27730,33.577253,23.710591
8,0.85,26,3,complied,30636,-34.526279,29.924028
8,0.85,26,3,refused,27730,-33.977966,29.489218
8,0.85,26,4,complied,30636,14.969301,11.902026
8,0.85,26,4,refused,27730,15.108941,11.742145
8,0.85,27,0,complied,30636,-17.783885,11.163876
8,0.85,27,0,refused,27730,-18.489298,11.063006
8,0.85,27,1,complied,30636,32.358805,21.395638
8,0.85,27,1,refused,27730,32.193584,21.066161
8,0.85,27,2,complied,30636,40.919107,24.117252
8,0.85,27,2,refused,27730,41.586735,23.808582
8,0.85,27,3,complied,30636,-42.537762,30.20322
8,0.85,27,3,refused,27730,-42.075813,29.75962
8,0.85,27,4,complied,30636,18.177766,12.01758
8,0.85,27,4,refused,27730,18.410695,11.847918
8,0.85,28,0,complied,30636,-19.305177,11.59048
8,0.85,28,0,refused,27730,-20.214581,11.484978
8,0.85,28,1,complied,30636,35.855975,21.700297
8,0.85,28,1,refused,27730,35.923677,21.362139
8,0.85,28,2,complied,30636,45.214114,24.43599
8,0.85,28,2,refused,27730,46.166881,24.083822
8,0.85,28,3,complied,30636,-47.052612,31.061784
8,0.85,28,3,refused,27730,-46.654364,30.527173
8,0.85,28,4,complied,30636,20.083973,12.215541
8,0.85,28,4,refused,27730,20.437827,12.028229
8,0.85,29,0,complied,30636,-23.931945,12.126729
8,0.85,29,0,refused,27730,-24.925925,12.07074
8,0.85,29,1,complied,30636,43.135509,22.060669
8,0.85,29,1,refused,27730,43.299231,21.667982
8,0.85,29,2,complied,30636,54.71405,24.901271
8,0.85,29,2,refused,27730,56.019706,24.507554
8,0.85,29,3,complied,30636,-57.110982,31.726541
8,0.85,29,3,refused,27730,-56.513596,31.202472
8,0.85,29,4,complied,30636,23.87309,12.54954
8,0.85,29,4,refused,27730,24.022194,12.338145
8,0.85,30,0,complied,30636,-28.164053,12.743582
8,0.85,30,0,refused,27730,-29.555269,12.656762
8,0.85,30,1,complied,30636,51.921358,22.57031
8,0.85,30,1,refused,27730,52.814966,22.060331
8,0.85,30,2,complied,30636,66.207198,25.701435
8,0.85,30,2,refused,27730,68.413085,25.157555
8,0.85,30,3,complied,30636,-68.48586,32.474456
8,0.85,30,3,refused,27730,-68.667542,31.842194
8,0.85,30,4,complied,30636,28.606834,12.798757
8,0.85,30,4,refused,27730,29.012239,12.5827
8,0.85,31,0,complied,30636,-33.560631,13.533036
8,0.85,31,0,refused,27730,-34.909466,13.451268
8,0.85,31,1,complied,30636,61.220008,23.294861
8,0.85,31,1,refused,27730,62.1159,22.635886
8,0.85,31,2,complied,30636,78.46993,26.439624
8,0.85,31,2,refused,27730,81.02731,25.776639
8,0.85,31,3,complied,30636,-81.331762,33.495075
8,0.85,31,3,refused,27730,-81.621156,32.767341
8,0.85,31,4,complied,30636,34.012921,13.174802
8,0.85,31,4,refused,27730,34.390327,12.919375
8,0.85,32,0,complied,30636,-38.684372,14.248566
8,0.85,32,0,refused,27730,-40.198248,14.141272
8,0.85,32,1,complied,30636,72.796087,24.100566
8,0.85,32,1,refused,27730,73.240506,23.432476
8,0.85,32,2,complied,30636,92.535674,27.062156
8,0.85,32,2,refused,27730,94.974617,26.403253
8,0.85,32,3,complied,30636,-97.151471,34.579918
8,0.85,32,3,refused,27730,-96.763278,33.89448
8,0.85,32,4,complied,30636,39.952428,13.668299
8,0.85,32,4,refused,27730,39.911597,13.409003
8,0.85,33,0,complied,30636,-45.84715,14.986818
8,0.85,33,0,refused,27730,-47.034954,14.951316
8,0.85,33,1,complied,30636,86.736653,24.856147
8,0.85,33,1,refused,27730,86.87355,24.205655
8,0.85,33,2,complied,30636,109.8312,27.792856
8,0.85,33,2,refused,27730,111.91606,27.254868
8,0.85,33,3,complied,30636,-115.912382,35.668399
8,0.85,33,3,refused,27730,-115.213507,35.139571
8,0.85,33,4,complied,30636,47.474321,14.092325
8,0.85,33,4,refused,27730,47.21405,13.784061
8,0.85,34,0,complied,30636,-52.820094,15.851692
8,0.85,34,0,refused,27730,-53.349941,15.891091
8,0.85,34,1,complied,30636,100.016889,26.259857
8,0.85,34,1,refused,27730,99.211536,25.833761
8,0.85,34,2,complied,30636,125.995853,29.387738
8,0.85,34,2,refused,27730,127.453712,29.081551
8,0.85,34,3,complied,30636,-134.075723,38.424167
8,0.85,34,3,refused,27730,-132.530548,38.252915
8,0.85,34,4,complied,30636,55.122022,14.998934
8,0.85,34,4,refused,27730,54.556326,14.779717
8,0.85,35,0,complied,30636,-61.231065,16.405362
8,0.85,35,0,refused,27730,-61.59502,16.371662
8,0.85,35,1,complied,30636,115.002937,26.951629
8,0.85,35,1,refused,27730,113.931483,26.281377
8,0.85,35,2,complied,30636,144.569027,30.393835
8,0.85,35,2,refused,27730,146.160171,29.907247
8,0.85,35,3,complied,30636,-154.384074,39.636267
8,0.85,35,3,refused,27730,-152.924889,39.422467
8,0.85,35,4,complied,30636,62.869778,15.682571
8,0.85,35,4,refused,27730,62.306118,15.307931
8,0.85,36,0,complied,30636,-76.540921,18.146394
8,0.85,36,0,refused,27730,-76.384202,17.924968
8,0.85,36,1,complied,30636,140.477544,30.183805
8,0.85,36,1,refused,27730,139.289961,29.397463
8,0.85,36,2,complied,30636,172.973227,33.321748
8,0.85,36,2,refused,27730,174.1998,32.854384
8,0.85,36,3,complied,30636,-190.668466,43.918157
8,0.85,36,3,refused,27730,-188.364354,43.91892
8,0.85,36,4,complied,30636,77.985696,17.624573
8,0.85,36,4,refused,27730,77.02682,17.192442
8,0.85,37,0,complied,30636,-90.318803,19.672255
8,0.85,37,0,refused,27730,-89.950439,19.677425
8,0.85,37,1,complied,30636,164.69716,32.599578
8,0.85,37,1,refused,27730,163.027037,31.967057
8,0.85,37,2,complied,30636,199.26961,35.001594
8,0.85,37,2,refused,27730,199.878402,34.770129
8,0.85,37,3,complied,30636,-221.889031,47.074797
8,0.85,37,3,refused,27730,-218.546855,48.241692
8,0.85,37,4,complied,30636,89.445035,18.422759
8,0.85,37,4,refused,27730,88.569432,18.196186
8,0.85,38,0,complied,30636,-107.671204,21.773572
8,0.85,38,0,refused,27730,-107.489169,21.215801
8,0.85,38,1,complied,30636,203.136689,37.041496
8,0.85,38,1,refused,27730,202.503498,35.924115
8,0.85,38,2,complied,30636,237.780467,38.539832
8,0.85,38,2,refused,27730,239.935997,37.350759
8,0.85,38,3,complied,30636,-271.653233,52.264475
8,0.85,38,3,refused,27730,-269.537942,53.113813
8,0.85,38,4,complied,30636,106.625578,21.336526
8,0.85,38,4,refused,27730,105.629902,20.768198
8,0.85,39,0,complied,30636,-152.445978,25.363807
8,0.85,39,0,refused,27730,-153.397879,24.006459
8,0.85,39,1,complied,30636,289.660379,45.10333
8,0.85,39,1,refused,27730,290.26084,42.483756
8,0.85,39,2,complied,30636,324.722928,49.587747
8,0.85,39,2,refused,27730,328.361816,45.781615
8,0.85,39,3,complied,30636,-381.624115,64.230095
8,0.85,39,3,refused,27730,-382.445758,62.289517
8,0.85,39,4,complied,30636,145.401391,25.263301
8,0.85,39,4,refused,27730,145.021857,23.510263
9,0.95,0,0,complied,30627,-0.013732,0.045999
9,0.95,0,0,refused,27730,-0.016616,0.049578
9,0.95,0,1,complied,30627,0.042334,0.069992
9,0.95,0,1,refused,27730,0.049374,0.074695
9,0.95,0,2,complied,30627,0.037746,0.057067
9,0.95,0,2,refused,27730,0.044511,0.060073
9,0.95,0,3,complied,30627,-0.045837,0.068407
9,0.95,0,3,refused,27730,-0.053027,0.073054
9,0.95,0,4,complied,30627,0.019479,0.029918
9,0.95,0,4,refused,27730,0.020784,0.031357
9,0.95,1,0,complied,30627,-0.77836,0.263183
9,0.95,1,0,refused,27730,-0.816832,0.256169
9,0.95,1,1,complied,30627,1.339295,0.393689
9,0.95,1,1,refused,27730,1.389914,0.381941
9,0.95,1,2,complied,30627,1.203563,0.369829
9,0.95,1,2,refused,27730,1.253151,0.362202
9,0.95,1,3,complied,30627,-2.644832,0.457978
9,0.95,1,3,refused,27730,-2.707316,0.427799
9,0.95,1,4,complied,30627,0.699387,0.197828
9,0.95,1,4,refused,27730,0.710535,0.193117
9,0.95,2,0,complied,30627,-1.057091,0.435452
9,0.95,2,0,refused,27730,-1.126873,0.42272
9,0.95,2,1,complied,30627,1.905499,0.559608
9,0.95,2,1,refused,27730,1.968974,0.530282
9,0.95,2,2,complied,30627,1.818321,0.562695
9,0.95,2,2,refused,27730,1.876651,0.535724
9,0.95,2,3,complied,30627,-3.866405,0.781517
9,0.95,2,3,refused,27730,-3.960998,0.725274
9,0.95,2,4,complied,30627,1.040511,0.314786
9,0.95,2,4,refused,27730,1.060421,0.2975
9,0.95,3,0,complied,30627,-1.23783,0.503059
9,0.95,3,0,refused,27730,-1.319028,0.482423
9,0.95,3,1,complied,30627,2.274909,0.626547
9,0.95,3,1,refused,27730,2.341974,0.587535
9,0.95,3,2,complied,30627,2.184039,0.653994
9,0.95,3,2,refused,27730,2.249797,0.619453
9,0.95,3,3,complied,30627,-4.55127,0.904722
9,0.95,3,3,refused,27730,-4.650565,0.825376
9,0.95,3,4,complied,30627,1.239214,0.372859
9,0.95,3,4,refused,27730,1.267522,0.347314
9,0.95,4,0,complied,30627,-1.331745,0.551622
9,0.95,4,0,refused,27730,-1.41428,0.524278
9,0.95,4,1,complied,30627,2.593557,0.645503
9,0.95,4,1,refused,27730,2.66395,0.603494
9,0.95,4,2,complied,30627,2.572084,0.681055
9,0.95,4,2,refused,27730,2.638844,0.641438
9,0.95,4,3,complied,30627,-5.128524,0.952447
9,0.95,4,3,refused,27730,-5.240067,0.860237
9,0.95,4,4,complied,30627,1.390683,0.404318
9,0.95,4,4,refused,27730,1.430109,0.377353
9,0.95,5,0,complied,30627,-1.790433,0.585186
9,0.95,5,0,refused,27730,-1.85739,0.556933
9,0.95,5,1,complied,30627,3.384323,0.638028
9,0.95,5,1,refused,27730,3.434771,0.596754
9,0.95,5,2,complied,30627,3.5334,0.671332
9,0.95,5,2,refused,27730,3.58118,0.630651
9,0.95,5,3,complied,30627,-6.614515,0.955459
9,0.95,5,3,refused,27730,-6.704241,0.862626
9,0.95,5,4,complied,30627,1.810931,0.431654
9,0.95,5,4,refused,27730,1.851633,0.397643
9,0.95,6,0,complied,30627,-2.105505,0.646652
9,0.95,6,0,refused,27730,-2.187328,0.603532
9,0.95,6,1,complied,30627,3.963591,0.634796
9,0.95,6,1,refused,27730,3.988962,0.592113
9,0.95,6,2,complied,30627,4.229105,0.680986
9,0.95,6,2,refused,27730,4.240303,0.636407
9,0.95,6,3,complied,30627,-7.463287,0.950412
9,0.95,6,3,refused,27730,-7.510805,0.8514
9,0.95,6,4,complied,30627,2.06331,0.478339
9,0.95,6,4,refused,27730,2.123088,0.436295
9,0.95,7,0,complied,30627,-2.36591,0.658619
9,0.95,7,0,refused,27730,-2.424919,0.597385
9,0.95,7,1,complied,30627,4.882752,0.604172
9,0.95,7,1,refused,27730,4.855133,0.568579
9,0.95,7,2,complied,30627,5.191777,0.613777
9,0.95,7,2,refused,27730,5.146563,0.570472
9,0.95,7,3,complied,30627,-8.604511,0.815126
9,0.95,7,3,refused,27730,-8.625683,0.724163
9,0.95,7,4,complied,30627,2.444776,0.464191
9,0.95,7,4,refused,27730,2.474976,0.42145
9,0.95,8,0,complied,30627,-2.906521,0.707939
9,0.95,8,0,refused,27730,-2.912765,0.638071
9,0.95,8,1,complied,30627,6.123465,0.627946
9,0.95,8,1,refused,27730,6.078078,0.585206
9,0.95,8,2,complied,30627,6.751659,0.706372
9,0.95,8,2,refused,27730,6.698288,0.633926
9,0.95,8,3,complied,30627,-10.11515,0.800268
9,0.95,8,3,refused,27730,-10.120113,0.711749
9,0.95,8,4,complied,30627,3.395404,0.49584
9,0.95,8,4,refused,27730,3.436924,0.444191
9,0.95,9,0,complied,30627,-3.434212,0.78339
9,0.95,9,0,refused,27730,-3.409072,0.720167
9,0.95,9,1,complied,30627,7.207334,0.669849
9,0.95,9,1,refused,27730,7.125403,0.614961
9,0.95,9,2,complied,30627,8.139418,0.687472
9,0.95,9,2,refused,27730,8.007976,0.612473
9,0.95,9,3,complied,30627,-11.425795,0.918072
9,0.95,9,3,refused,27730,-11.367936,0.805249
9,0.95,9,4,complied,30627,4.201955,0.5248
9,0.95,9,4,refused,27730,4.231491,0.466496
9,0.95,10,0,complied,30627,-3.94797,0.881453
9,0.95,10,0,refused,27730,-3.956883,0.807931
9,0.95,10,1,complied,30627,8.509092,0.775683
9,0.95,10,1,refused,27730,8.386608,0.703753
9,0.95,10,2,complied,30627,9.735668,0.877048
9,0.95,10,2,refused,27730,9.639239,0.766851
9,0.95,10,3,complied,30627,-12.889096,1.08822
9,0.95,10,3,refused,27730,-12.774743,0.94624
9,0.95,10,4,complied,30627,4.945475,0.553914
9,0.95,10,4,refused,27730,4.987166,0.497153
9,0.95,11,0,complied,30627,-4.327198,0.931659
9,0.95,11,0,refused,27730,-4.36014,0.847189
9,0.95,11,1,complied,30627,9.245172,0.862071
9,0.95,11,1,refused,27730,9.135697,0.819497
9,0.95,11,2,complied,30627,10.64965,0.888551
9,0.95,11,2,refused,27730,10.561273,0.793816
9,0.95,11,3,complied,30627,-13.802132,1.198664
9,0.95,11,3,refused,27730,-13.683328,1.056061
9,0.95,11,4,complied,30627,5.45451,0.572529
9,0.95,11,4,refused,27730,5.492621,0.533409
9,0.95,12,0,complied,30627,-4.44326,0.987482
9,0.95,12,0,refused,27730,-4.513106,0.888516
9,0.95,12,1,complied,30627,9.254056,0.952953
9,0.95,12,1,refused,27730,9.183005,0.88861
9,0.95,12,2,complied,30627,10.874152,0.922014
9,0.95,12,2,refused,27730,10.881542,0.849687
9,0.95,12,3,complied,30627,-13.649644,1.156519
9,0.95,12,3,refused,27730,-13.587686,1.039388
9,0.95,12,4,complied,30627,5.546603,0.60822
9,0.95,12,4,refused,27730,5.634273,0.586637
9,0.95,13,0,complied,30627,-4.539997,1.093631
9,0.95,13,0,refused,27730,-4.699691,0.995481
9,0.95,13,1,complied,30627,9.544011,0.976649
9,0.95,13,1,refused,27730,9.48837,0.887977
9,0.95,13,2,complied,30627,11.33973,1.004123
9,0.95,13,2,refused,27730,11.364094,0.9182
9,0.95,13,3,complied,30627,-13.72884,1.065028
9,0.95,13,3,refused,27730,-13.649833,0.965731
9,0.95,13,4,complied,30627,5.704383,0.636962
9,0.95,13,4,refused,27730,5.79713,0.607604
9,0.95,14,0,complied,30627,-4.635793,1.08031
9,0.95,14,0,refused,27730,-4.74595,1.008589
9,0.95,14,1,complied,30627,9.566894,1.033918
9,0.95,14,1,refused,27730,9.547411,0.952659
9,0.95,14,2,complied,30627,11.621246,0.930247
9,0.95,14,2,refused,27730,11.622838,0.881693
9,0.95,14,3,complied,30627,-13.856287,1.250022
9,0.95,14,3,refused,27730,-13.770864,1.093489
9,0.95,14,4,complied,30627,5.738405,0.652851
9,0.95,14,4,refused,27730,5.847229,0.63585
9,0.95,15,0,complied,30627,-4.554184,1.100103
9,0.95,15,0,refused,27730,-4.671712,1.033819
9,0.95,15,1,complied,30627,9.882916,1.114056
9,0.95,15,1,refused,27730,9.853959,1.049754
9,0.95,15,2,complied,30627,11.712324,1.012505
9,0.95,15,2,refused,27730,11.700609,0.979114
9,0.95,15,3,complied,30627,-13.569075,1.608157
9,0.95,15,3,refused,27730,-13.492185,1.396792
9,0.95,15,4,complied,30627,5.760963,0.708498
9,0.95,15,4,refused,27730,5.76155,0.672068
9,0.95,16,0,complied,30627,-4.952297,1.228005
9,0.95,16,0,refused,27730,-5.151092,1.135716
9,0.95,16,1,complied,30627,10.381297,1.20425
9,0.95,16,1,refused,27730,10.398287,1.111392
9,0.95,16,2,complied,30627,12.458409,1.046623
9,0.95,16,2,refused,27730,12.483955,1.023988
9,0.95,16,3,complied,30627,-14.268197,1.806366
9,0.95,16,3,refused,27730,-14.237244,1.55959
9,0.95,16,4,complied,30627,6.043581,0.759406
9,0.95,16,4,refused,27730,6.113763,0.708149
9,0.95,17,0,complied,30627,-5.301686,1.303118
9,0.95,17,0,refused,27730,-5.44908,1.182898
9,0.95,17,1,complied,30627,10.948825,1.208796
9,0.95,17,1,refused,27730,10.988749,1.132226
9,0.95,17,2,complied,30627,13.157434,1.027868
9,0.95,17,2,refused,27730,13.2996,0.997552
9,0.95,17,3,complied,30627,-15.109598,1.656154
9,0.95,17,3,refused,27730,-15.153044,1.435137
9,0.95,17,4,complied,30627,6.498662,0.777036
9,0.95,17,4,refused,27730,6.55175,0.71835
9,0.95,18,0,complied,30627,-5.607952,1.508277
9,0.95,18,0,refused,27730,-5.846709,1.343312
9,0.95,18,1,complied,30627,12.160687,1.274277
9,0.95,18,1,refused,27730,12.175529,1.217201
9,0.95,18,2,complied,30627,14.145592,1.130262
9,0.95,18,2,refused,27730,14.35958,1.134046
9,0.95,18,3,complied,30627,-16.667246,1.898058
9,0.95,18,3,refused,27730,-16.785017,1.681596
9,0.95,18,4,complied,30627,7.139075,0.887116
9,0.95,18,4,refused,27730,7.226184,0.802224
9,0.95,19,0,complied,30627,-6.16407,1.704366
9,0.95,19,0,refused,27730,-6.52148,1.523552
9,0.95,19,1,complied,30627,12.872464,1.394334
9,0.95,19,1,refused,27730,12.926954,1.351671
9,0.95,19,2,complied,30627,15.228934,1.273078
9,0.95,19,2,refused,27730,15.516201,1.294573
9,0.95,19,3,complied,30627,-17.337385,2.017914
9,0.95,19,3,refused,27730,-17.399308,1.834116
9,0.95,19,4,complied,30627,7.47742,0.984771
9,0.95,19,4,refused,27730,7.513996,0.925296
9,0.95,20,0,complied,30627,-6.62258,8.659837
9,0.95,20,0,refused,27730,-7.11369,10.398882
9,0.95,20,1,complied,30627,13.652922,17.518503
9,0.95,20,1,refused,27730,13.748234,21.247431
9,0.95,20,2,complied,30627,16.351962,19.752707
9,0.95,20,2,refused,27730,16.621612,23.960966
9,0.95,20,3,complied,30627,-18.234826,24.367449
9,0.95,20,3,refused,27730,-18.28874,29.551269
9,0.95,20,4,complied,30627,7.956286,9.785198
9,0.95,20,4,refused,27730,8.044271,11.851206
9,0.95,21,0,complied,30627,-6.362671,8.862292
9,0.95,21,0,refused,27730,-7.034378,10.615731
9,0.95,21,1,complied,30627,12.688023,17.859279
9,0.95,21,1,refused,27730,12.875011,21.619194
9,0.95,21,2,complied,30627,15.432341,20.187318
9,0.95,21,2,refused,27730,15.897908,24.425169
9,0.95,21,3,complied,30627,-16.442926,24.987691
9,0.95,21,3,refused,27730,-16.659485,30.179881
9,0.95,21,4,complied,30627,7.461464,9.986749
9,0.95,21,4,refused,27730,7.585793,12.072863
9,0.95,22,0,complied,30627,-8.670458,8.996818
9,0.95,22,0,refused,27730,-9.286256,10.732508
9,0.95,22,1,complied,30627,16.894632,17.938064
9,0.95,22,1,refused,27730,16.786702,21.710927
9,0.95,22,2,complied,30627,20.529662,20.268038
9,0.95,22,2,refused,27730,20.714881,24.515868
9,0.95,22,3,complied,30627,-22.230133,25.091431
9,0.95,22,3,refused,27730,-21.936396,30.324342
9,0.95,22,4,complied,30627,9.955943,10.028083
9,0.95,22,4,refused,27730,9.956802,12.116593
9,0.95,23,0,complied,30627,-10.113596,9.157687
9,0.95,23,0,refused,27730,-10.883616,10.86983
9,0.95,23,1,complied,30627,19.651566,18.053905
9,0.95,23,1,refused,27730,19.586037,21.82876
9,0.95,23,2,complied,30627,24.086415,20.397593
9,0.95,23,2,refused,27730,24.365869,24.656982
9,0.95,23,3,complied,30627,-25.71947,25.234734
9,0.95,23,3,refused,27730,-25.483668,30.48992
9,0.95,23,4,complied,30627,11.469367,10.102916
9,0.95,23,4,refused,27730,11.528712,12.184199
9,0.95,24,0,complied,30627,-8.331283,9.321195
9,0.95,24,0,refused,27730,-9.202358,11.055327
9,0.95,24,1,complied,30627,16.805614,18.180405
9,0.95,24,1,refused,27730,16.73979,21.952669
9,0.95,24,2,complied,30627,20.632081,20.619273
9,0.95,24,2,refused,27730,20.888597,24.856708
9,0.95,24,3,complied,30627,-21.356165,25.693395
9,0.95,24,3,refused,27730,-21.056525,30.837012
9,0.95,24,4,complied,30627,9.931823,10.204644
9,0.95,24,4,refused,27730,10.007696,12.287309
9,0.95,25,0,complied,30627,-11.985472,9.443813
9,0.95,25,0,refused,27730,-12.974571,11.12405
9,0.95,25,1,complied,30627,23.716559,18.133727
9,0.95,25,1,refused,27730,23.684434,21.864209
9,0.95,25,2,complied,30627,29.189198,20.477935
9,0.95,25,2,refused,27730,29.583602,24.687581
9,0.95,25,3,complied,30627,-30.839034,25.412841
9,0.95,25,3,refused,27730,-30.495954,30.606785
9,0.95,25,4,complied,30627,13.418112,10.198674
9,0.95,25,4,refused,27730,13.483457,12.260621
9,0.95,26,0,complied,30627,-13.697356,9.577083
9,0.95,26,0,refused,27730,-14.626147,11.27457
9,0.95,26,1,complied,30627,26.483429,18.260534
9,0.95,26,1,refused,27730,26.217257,21.980191
9,0.95,26,2,complied,30627,33.130669,20.651681
9,0.95,26,2,refused,27730,33.227827,24.861077
9,0.95,26,3,complied,30627,-34.480378,25.811163
9,0.95,26,3,refused,27730,-33.677406,30.93184
9,0.95,26,4,complied,30627,15.034868,10.262694
9,0.95,26,4,refused,27730,14.97391,12.31279
9,0.95,27,0,complied,30627,-17.363477,9.857115
9,0.95,27,0,refused,27730,-18.326436,11.521198
9,0.95,27,1,complied,30627,32.347882,18.467527
9,0.95,27,1,refused,27730,32.040196,22.120921
9,0.95,27,2,complied,30627,40.998671,20.783371
9,0.95,27,2,refused,27730,41.198247,24.955694
9,0.95,27,3,complied,30627,-42.527307,26.142152
9,0.95,27,3,refused,27730,-41.75042,31.188563
9,0.95,27,4,complied,30627,18.266997,10.400859
9,0.95,27,4,refused,27730,18.29197,12.420332
9,0.95,28,0,complied,30627,-18.804836,10.328662
9,0.95,28,0,refused,27730,-19.902822,11.941314
9,0.95,28,1,complied,30627,35.795883,18.817335
9,0.95,28,1,refused,27730,35.58341,22.393203
9,0.95,28,2,complied,30627,45.267538,21.144307
9,0.95,28,2,refused,27730,45.570787,25.222316
9,0.95,28,3,complied,30627,-47.046344,27.127826
9,0.95,28,3,refused,27730,-46.079418,31.888992
9,0.95,28,4,complied,30627,20.199494,10.639154
9,0.95,28,4,refused,27730,20.231839,12.588159
9,0.95,29,0,complied,30627,-23.401064,10.916053
9,0.95,29,0,refused,27730,-24.613008,12.52041
9,0.95,29,1,complied,30627,43.079552,19.246547
9,0.95,29,1,refused,27730,42.973296,22.681318
9,0.95,29,2,complied,30627,54.886828,21.687568
9,0.95,29,2,refused,27730,55.430885,25.621863
9,0.95,29,3,complied,30627,-57.204011,27.882483
9,0.95,29,3,refused,27730,-55.826027,32.531575
9,0.95,29,4,complied,30627,24.028296,11.023716
9,0.95,29,4,refused,27730,23.76307,12.884181
9,0.95,30,0,complied,30627,-27.640296,11.594856
9,0.95,30,0,refused,27730,-29.183033,13.092061
9,0.95,30,1,complied,30627,51.936246,19.837775
9,0.95,30,1,refused,27730,52.471612,23.064937
9,0.95,30,2,complied,30627,66.42181,22.587343
9,0.95,30,2,refused,27730,67.735156,26.260062
9,0.95,30,3,complied,30627,-68.601168,28.704591
9,0.95,30,3,refused,27730,-67.818501,33.137151
9,0.95,30,4,complied,30627,28.795799,11.321895
9,0.95,30,4,refused,27730,28.736773,13.116271
9,0.95,31,0,complied,30627,-33.034404,12.462629
9,0.95,31,0,refused,27730,-34.42815,13.847289
9,0.95,31,1,complied,30627,61.136593,20.672192
9,0.95,31,1,refused,27730,61.699632,23.626786
9,0.95,31,2,complied,30627,78.682377,23.412366
9,0.95,31,2,refused,27730,80.292989,26.859338
9,0.95,31,3,complied,30627,-81.426299,29.853965
9,0.95,31,3,refused,27730,-80.641028,33.984599
9,0.95,31,4,complied,30627,34.170453,11.759137
9,0.95,31,4,refused,27730,34.091342,13.407257
9,0.95,32,0,complied,30627,-38.128971,13.21208
9,0.95,32,0,refused,27730,-39.617885,14.548039
9,0.95,32,1,complied,30627,72.642607,21.576211
9,0.95,32,1,refused,27730,72.699235,24.37772
9,0.95,32,2,complied,30627,92.816566,24.106677
9,0.95,32,2,refused,27730,94.14614,27.458025
9,0.95,32,3,complied,30627,-97.233388,31.102044
9,0.95,32,3,refused,27730,-95.497317,35.094738
9,0.95,32,4,complied,30627,40.102657,12.36027
9,0.95,32,4,refused,27730,39.605828,13.852367
9,0.95,33,0,complied,30627,-45.159015,13.996943
9,0.95,33,0,refused,27730,-46.213986,15.318214
9,0.95,33,1,complied,30627,86.598278,22.43709
9,0.95,33,1,refused,27730,86.118879,25.099581
9,0.95,33,2,complied,30627,110.179311,24.946564
9,0.95,33,2,refused,27730,110.845576,28.300843
9,0.95,33,3,complied,30627,-115.975806,32.310776
9,0.95,33,3,refused,27730,-113.596893,36.304658
9,0.95,33,4,complied,30627,47.670609,12.827805
9,0.95,33,4,refused,27730,46.826065,14.200061
9,0.95,34,0,complied,30627,-52.126466,14.895935
9,0.95,34,0,refused,27730,-52.44466,16.254602
9,0.95,34,1,complied,30627,99.807097,23.993101
9,0.95,34,1,refused,27730,98.173518,26.623448
9,0.95,34,2,complied,30627,126.321598,26.755038
9,0.95,34,2,refused,27730,126.049243,30.085637
9,0.95,34,3,complied,30627,-134.130913,35.400352
9,0.95,34,3,refused,27730,-130.493328,39.319791
9,0.95,34,4,complied,30627,55.353371,13.839081
9,0.95,34,4,refused,27730,54.031902,15.146462
9,0.95,35,0,complied,30627,-60.577193,15.508314
9,0.95,35,0,refused,27730,-60.807435,16.717937
9,0.95,35,1,complied,30627,114.772838,24.735124
9,0.95,35,1,refused,27730,112.947923,27.051996
9,0.95,35,2,complied,30627,145.128191,27.845517
9,0.95,35,2,refused,27730,144.885885,30.95054
9,0.95,35,3,complied,30627,-154.646137,36.687051
9,0.95,35,3,refused,27730,-150.984535,40.484881
9,0.95,35,4,complied,30627,63.264441,14.566678
9,0.95,35,4,refused,27730,61.953737,15.658594
9,0.95,36,0,complied,30627,-75.884863,17.310089
9,0.95,36,0,refused,27730,-75.43665,18.288661
9,0.95,36,1,complied,30627,140.3532,28.147212
9,0.95,36,1,refused,27730,138.032775,30.23354
9,0.95,36,2,complied,30627,173.612108,30.934522
9,0.95,36,2,refused,27730,172.55313,33.998408
9,0.95,36,3,complied,30627,-191.119682,41.281319
9,0.95,36,3,refused,27730,-186.001896,45.095155
9,0.95,36,4,complied,30627,78.483591,16.654155
9,0.95,36,4,refused,27730,76.444042,17.520686
9,0.95,37,0,complied,30627,-89.749026,18.958925
9,0.95,37,0,refused,27730,-88.983622,20.103621
9,0.95,37,1,complied,30627,164.598149,30.667539
9,0.95,37,1,refused,27730,161.820919,32.796161
9,0.95,37,2,complied,30627,199.974151,32.827296
9,0.95,37,2,refused,27730,198.443632,35.906307
9,0.95,37,3,complied,30627,-222.455361,44.653477
9,0.95,37,3,refused,27730,-216.219616,49.288332
9,0.95,37,4,complied,30627,90.076057,17.461018
9,0.95,37,4,refused,27730,88.125667,18.514935
9,0.95,38,0,complied,30627,-107.216653,21.026397
9,0.95,38,0,refused,27730,-106.232724,21.792621
9,0.95,38,1,complied,30627,203.267306,35.143753
9,0.95,38,1,refused,27730,200.749846,36.953985
9,0.95,38,2,complied,30627,238.784011,36.246337
9,0.95,38,2,refused,27730,237.918174,38.781917
9,0.95,38,3,complied,30627,-272.731742,49.809453
9,0.95,38,3,refused,27730,-266.486839,54.598811
9,0.95,38,4,complied,30627,107.518088,20.339632
9,0.95,38,4,refused,27730,105.11941,21.0361
9,0.95,39,0,complied,30627,-152.352279,24.883447
9,0.95,39,0,refused,27730,-152.134754,25.079571
9,0.95,39,1,complied,30627,289.628904,43.810246
9,0.95,39,1,refused,27730,287.708872,44.378025
9,0.95,39,2,complied,30627,325.811068,47.860927
9,0.95,39,2,refused,27730,325.465183,48.630604
9,0.95,39,3,complied,30627,-382.737114,62.368146
9,0.95,39,3,refused,27730,-378.460728,65.75026
9,0.95,39,4,complied,30627,146.542019,24.539155
9,0.95,39,4,refused,27730,144.503063,24.188499
